<?xml version="1.0" encoding="utf-8"?>
<COLLADA xmlns="http://www.collada.org/2005/11/COLLADASchema" version="1.4.1">
  <asset>
    <contributor>
      <authoring_tool>Fusion URDF/XACRO Exporter</authoring_tool>
    </contributor>
    <created>2026-07-28T12:55:12Z</created>
    <modified>2026-07-28T12:55:12Z</modified>
    <unit name="meter" meter="1.0"/>
    <up_axis>Z_UP</up_axis>
  </asset>
  <library_effects>
    <effect id="ABS__White_-effect">
      <profile_COMMON>
        <technique sid="common">
          <lambert>
            <emission><color>0 0 0 1</color></emission>
            <ambient><color>0.0000 0.0000 0.0000 1</color></ambient>
            <diffuse><color>0.9647 0.9647 0.9529 1</color></diffuse>
            <reflective><color>0 0 0 1</color></reflective>
            <transparent opaque="A_ONE"><color>1 1 1 1</color></transparent>
            <transparency><float>1</float></transparency>
          </lambert>
        </technique>
      </profile_COMMON>
    </effect>
  </library_effects>
  <library_materials>
    <material id="ABS__White_" name="ABS_(White)">
      <instance_effect url="#ABS__White_-effect"/>
    </material>
  </library_materials>
  <library_geometries>
    <geometry id="JAW-mesh" name="JAW">
      <mesh>
        <source id="JAW-mesh-positions">
          <float_array id="JAW-mesh-positions-array" count="10893">0.583682 1.048702 0.224715 0.583427 1.045945 0.224715 0.582669 1.043283 0.224715 0.581436 1.040805 0.224715 0.579767 1.038596 0.224715 0.577722 1.036731 0.224715 0.575368 1.035274 0.224715 0.572787 1.034274 0.224715 0.570066 1.033766 0.224715 0.567298 1.033766 0.224715 0.564577 1.034274 0.224715 0.561996 1.035274 0.224715 0.559643 1.036731 0.224715 0.557597 1.038596 0.224715 0.555929 1.040805 0.224715 0.554695 1.043283 0.224715 0.553938 1.045945 0.224715 0.553682 1.048702 0.224715 0.553938 1.051458 0.224715 0.554695 1.054120 0.224715 0.555929 1.056598 0.224715 0.557597 1.058807 0.224715 0.559643 1.060672 0.224715 0.561996 1.062129 0.224715 0.564577 1.063129 0.224715 0.567298 1.063638 0.224715 0.570066 1.063638 0.224715 0.572787 1.063129 0.224715 0.575368 1.062129 0.224715 0.577722 1.060672 0.224715 0.579767 1.058807 0.224715 0.581436 1.056598 0.224715 0.582669 1.054120 0.224715 0.583427 1.051458 0.224715 0.583682 1.048702 0.244715 0.583427 1.051458 0.244715 0.582669 1.054120 0.244715 0.581436 1.056598 0.244715 0.579767 1.058807 0.244715 0.577722 1.060672 0.244715 0.575368 1.062129 0.244715 0.572787 1.063129 0.244715 0.570066 1.063638 0.244715 0.567298 1.063638 0.244715 0.564577 1.063129 0.244715 0.561996 1.062129 0.244715 0.559643 1.060672 0.244715 0.557597 1.058807 0.244715 0.555929 1.056598 0.244715 0.554695 1.054120 0.244715 0.553938 1.051458 0.244715 0.553682 1.048702 0.244715 0.553938 1.045945 0.244715 0.554695 1.043283 0.244715 0.555929 1.040805 0.244715 0.557597 1.038596 0.244715 0.559643 1.036731 0.244715 0.561996 1.035274 0.244715 0.564577 1.034274 0.244715 0.567298 1.033766 0.244715 0.570066 1.033766 0.244715 0.572787 1.034274 0.244715 0.575368 1.035274 0.244715 0.577722 1.036731 0.244715 0.579767 1.038596 0.244715 0.581436 1.040805 0.244715 0.582669 1.043283 0.244715 0.583427 1.045945 0.244715 0.492182 0.936519 0.204715 0.492572 0.936505 0.204734 0.492956 0.936438 0.204791 0.493326 0.936322 0.204882 0.493676 0.936161 0.205005 0.494292 0.935742 0.205317 0.494784 0.935250 0.205677 0.495291 0.935693 0.206198 0.495693 0.936111 0.206797 0.495896 0.936357 0.207229 0.496052 0.936545 0.207702 0.496149 0.936662 0.208203 0.496182 0.936702 0.208715 0.496182 0.925702 0.208715 0.496046 0.925702 0.207680 0.495646 0.925702 0.206715 0.495011 0.925702 0.205887 0.494182 0.925702 0.205251 0.493218 0.925702 0.204851 0.492182 0.925702 0.204715 0.345182 0.925702 0.204715 0.345182 0.971702 0.204715 0.390742 0.971702 0.204715 0.397353 0.966446 0.204715 0.404249 0.961571 0.204715 0.411408 0.957091 0.204715 0.418809 0.953022 0.204715 0.426426 0.949375 0.204715 0.434237 0.946163 0.204715 0.442216 0.943396 0.204715 0.450338 0.941082 0.204715 0.458577 0.939229 0.204715 0.466908 0.937842 0.204715 0.475303 0.936927 0.204715 0.483737 0.936486 0.204715 0.345182 0.975702 0.208715 0.345182 0.975565 0.207680 0.345182 0.975166 0.206715 0.345182 0.974530 0.205887 0.345182 0.973702 0.205251 0.345182 0.972737 0.204851 0.344147 0.971702 0.204851 0.343182 0.971702 0.205251 0.342354 0.971702 0.205887 0.341718 0.971702 0.206715 0.341319 0.971702 0.207680 0.341182 0.971702 0.208715 0.341319 0.972737 0.208715 0.341718 0.973702 0.208715 0.342354 0.974530 0.208715 0.343182 0.975166 0.208715 0.344147 0.975565 0.208715 0.344567 0.975583 0.207972 0.343628 0.975372 0.208377 0.344301 0.975263 0.207121 0.343346 0.975031 0.207474 0.342516 0.974573 0.207911 0.341868 0.973919 0.208403 0.344164 0.974751 0.206335 0.343201 0.974488 0.206640 0.342372 0.974035 0.207085 0.341735 0.973423 0.207642 0.341333 0.972694 0.208272 0.344164 0.974081 0.205665 0.343201 0.973777 0.205928 0.342372 0.973331 0.206381 0.341735 0.972775 0.206993 0.341333 0.972145 0.207723 0.344301 0.973296 0.205154 0.343346 0.972943 0.205385 0.342516 0.972506 0.205844 0.341868 0.972014 0.206498 0.344567 0.972445 0.204833 0.343628 0.972040 0.205045 0.344147 0.925702 0.204851 0.343182 0.925702 0.205251 0.342354 0.925702 0.205887 0.341718 0.925702 0.206715 0.341319 0.925702 0.207680 0.341182 0.925702 0.208715 0.344147 0.948702 0.204851 0.343182 0.948702 0.205251 0.342354 0.948702 0.205887 0.341718 0.948702 0.206715 0.341319 0.948702 0.207680 0.345182 0.975702 0.240715 0.344147 0.975565 0.240715 0.343182 0.975166 0.240715 0.342354 0.974530 0.240715 0.341718 0.973702 0.240715 0.341319 0.972737 0.240715 0.341182 0.971702 0.240715 0.341319 0.971702 0.241750 0.341718 0.971702 0.242715 0.342354 0.971702 0.243544 0.343182 0.971702 0.244179 0.344147 0.971702 0.244579 0.345182 0.971702 0.244715 0.345182 0.972737 0.244579 0.345182 0.973702 0.244179 0.345182 0.974530 0.243544 0.345182 0.975166 0.242715 0.345182 0.975565 0.241750 0.343628 0.975372 0.241053 0.344567 0.975583 0.241458 0.341868 0.973919 0.241028 0.342516 0.974573 0.241520 0.343346 0.975031 0.241957 0.344301 0.975263 0.242309 0.341333 0.972694 0.241158 0.341735 0.973423 0.241788 0.342372 0.974035 0.242345 0.343201 0.974488 0.242791 0.344164 0.974751 0.243095 0.341333 0.972145 0.241708 0.341735 0.972775 0.242437 0.342372 0.973331 0.243049 0.343201 0.973777 0.243502 0.344164 0.974081 0.243765 0.341868 0.972014 0.242932 0.342516 0.972506 0.243586 0.343346 0.972943 0.244045 0.344301 0.973296 0.244276 0.343628 0.972040 0.244385 0.344567 0.972445 0.244597 0.341182 0.925702 0.240715 0.341319 0.925702 0.241750 0.341718 0.925702 0.242715 0.342354 0.925702 0.243544 0.343182 0.925702 0.244179 0.344147 0.925702 0.244579 0.345182 0.925702 0.244715 0.341319 0.948702 0.241750 0.341718 0.948702 0.242715 0.342354 0.948702 0.243544 0.343182 0.948702 0.244179 0.344147 0.948702 0.244579 0.386182 0.975702 0.240715 0.387272 0.971702 0.244715 0.387270 0.971711 0.244715 0.387061 0.972478 0.244639 0.386860 0.973219 0.244416 0.386673 0.973905 0.244053 0.386507 0.974511 0.243563 0.386370 0.975013 0.242959 0.386268 0.975389 0.242265 0.386204 0.975623 0.241507 0.366227 0.975565 0.241750 0.366227 0.975166 0.242715 0.366227 0.974530 0.243544 0.366227 0.973702 0.244179 0.366227 0.972737 0.244579 0.341319 0.972737 0.224715 0.341718 0.973702 0.224715 0.342354 0.974530 0.224715 0.343182 0.975166 0.224715 0.344147 0.975565 0.224715 0.496182 0.936702 0.240715 0.501399 0.942570 0.240715 0.506973 0.948100 0.240715 0.512884 0.953268 0.240715 0.519107 0.958055 0.240715 0.525619 0.962442 0.240715 0.532393 0.966412 0.240715 0.539403 0.969949 0.240715 0.546622 0.973038 0.240715 0.554020 0.975668 0.240715 0.561568 0.977828 0.240715 0.569238 0.979511 0.240715 0.576998 0.980708 0.240715 0.576981 0.980843 0.241750 0.576933 0.981240 0.242715 0.576855 0.981871 0.243544 0.576755 0.982693 0.244179 0.576638 0.983651 0.244579 0.576512 0.984679 0.244715 0.568384 0.983420 0.244715 0.560353 0.981647 0.244715 0.552452 0.979365 0.244715 0.544712 0.976585 0.244715 0.537164 0.973317 0.244715 0.529841 0.969574 0.244715 0.522770 0.965373 0.244715 0.515982 0.960729 0.244715 0.509503 0.955663 0.244715 0.503361 0.950193 0.244715 0.497579 0.944344 0.244715 0.492182 0.938138 0.244715 0.492191 0.938135 0.244715 0.492951 0.937864 0.244641 0.493686 0.937601 0.244422 0.494369 0.937356 0.244065 0.494975 0.937138 0.243579 0.495482 0.936955 0.242977 0.495863 0.936817 0.242281 0.496101 0.936731 0.241516 0.500413 0.941717 0.241750 0.500120 0.941989 0.242715 0.499653 0.942421 0.243544 0.499046 0.942984 0.244179 0.498339 0.943640 0.244579 0.506021 0.947391 0.241750 0.505746 0.947681 0.242715 0.505308 0.948142 0.243544 0.504738 0.948743 0.244179 0.504074 0.949443 0.244579 0.511979 0.952697 0.241750 0.511723 0.953003 0.242715 0.511316 0.953491 0.243544 0.510785 0.954127 0.244179 0.510167 0.954868 0.244579 0.518264 0.957611 0.241750 0.518028 0.957934 0.242715 0.517652 0.958447 0.243544 0.517163 0.959115 0.244179 0.516593 0.959894 0.244579 0.524849 0.962116 0.241750 0.524634 0.962453 0.242715 0.524292 0.962989 0.243544 0.523846 0.963687 0.244179 0.523327 0.964500 0.244579 0.531707 0.966192 0.241750 0.531514 0.966541 0.242715 0.531207 0.967098 0.243544 0.530807 0.967823 0.244179 0.530341 0.968668 0.244579 0.538812 0.969822 0.241750 0.538641 0.970183 0.242715 0.538370 0.970758 0.243544 0.538017 0.971508 0.244179 0.537606 0.972380 0.244579 0.546133 0.972992 0.241750 0.545986 0.973364 0.242715 0.545752 0.973955 0.243544 0.545447 0.974725 0.244179 0.545092 0.975622 0.244579 0.553641 0.975689 0.241750 0.553518 0.976070 0.242715 0.553323 0.976674 0.243544 0.553068 0.977463 0.244179 0.552771 0.978380 0.244579 0.561306 0.977903 0.241750 0.561208 0.978290 0.242715 0.561051 0.978906 0.243544 0.560847 0.979709 0.244179 0.560609 0.980644 0.244579 0.569097 0.979623 0.241750 0.569023 0.980016 0.242715 0.568906 0.980641 0.243544 0.568753 0.981455 0.244179 0.568575 0.982403 0.244579 0.513962 1.089907 0.240715 0.514071 1.089825 0.241750 0.514390 1.089585 0.242715 0.514898 1.089203 0.243544 0.515560 1.088704 0.244179 0.516330 1.088124 0.244579 0.517157 1.087501 0.244715 0.520838 1.091959 0.244715 0.524904 1.096070 0.244715 0.529322 1.099799 0.244715 0.534055 1.103119 0.244715 0.539067 1.106001 0.244715 0.544317 1.108422 0.244715 0.549763 1.110364 0.244715 0.555360 1.111811 0.244715 0.561065 1.112750 0.244715 0.566831 1.113175 0.244715 0.572611 1.113082 0.244715 0.578360 1.112471 0.244715 0.584032 1.111349 0.244715 0.589580 1.109722 0.244715 0.594960 1.107606 0.244715 0.600129 1.105016 0.244715 0.605045 1.101974 0.244715 0.609670 1.098504 0.244715 0.613965 1.094634 0.244715 0.617896 1.090394 0.244715 0.621431 1.085820 0.244715 0.624543 1.080948 0.244715 0.627206 1.075816 0.244715 0.629399 1.070467 0.244715 0.631104 1.064942 0.244715 0.632308 1.059287 0.244715 0.633000 1.053548 0.244715 0.633176 1.047769 0.244715 0.632833 1.041997 0.244715 0.631975 1.036280 0.244715 0.630608 1.030662 0.244715 0.628744 1.025190 0.244715 0.626398 1.019906 0.244715 0.623587 1.014853 0.244715 0.620336 1.010073 0.244715 0.616669 1.005603 0.244715 0.612617 1.001479 0.244715 0.608212 0.997735 0.244715 0.603490 0.994400 0.244715 0.598487 0.991501 0.244715 0.593246 0.989062 0.244715 0.587806 0.987102 0.244715 0.582214 0.985637 0.244715 0.582919 0.981697 0.240715 0.588732 0.983201 0.240715 0.594390 0.985208 0.240715 0.599850 0.987703 0.240715 0.605072 0.990667 0.240715 0.610014 0.994076 0.240715 0.614638 0.997905 0.240715 0.618909 1.002124 0.240715 0.622795 1.006700 0.240715 0.626264 1.011600 0.240715 0.629292 1.016784 0.240715 0.631854 1.022214 0.240715 0.633931 1.027847 0.240715 0.635506 1.033640 0.240715 0.636568 1.039549 0.240715 0.637109 1.045528 0.240715 0.637124 1.051532 0.240715 0.636613 1.057514 0.240715 0.635581 1.063428 0.240715 0.634034 1.069229 0.240715 0.631986 1.074872 0.240715 0.629451 1.080315 0.240715 0.626450 1.085514 0.240715 0.623005 1.090431 0.240715 0.619142 1.095027 0.240715 0.614892 1.099268 0.240715 0.610287 1.103119 0.240715 0.605362 1.106553 0.240715 0.600156 1.109543 0.240715 0.594708 1.112065 0.240715 0.589060 1.114100 0.240715 0.583255 1.115634 0.240715 0.577339 1.116652 0.240715 0.571356 1.117149 0.240715 0.565352 1.117121 0.240715 0.559374 1.116566 0.240715 0.553467 1.115490 0.240715 0.547678 1.113902 0.240715 0.542050 1.111812 0.240715 0.536626 1.109238 0.240715 0.531448 1.106198 0.240715 0.526557 1.102717 0.240715 0.521989 1.098821 0.240715 0.517780 1.094540 0.240715 0.519983 1.092556 0.244579 0.519266 1.093202 0.244179 0.518651 1.093756 0.243544 0.518178 1.094182 0.242715 0.517881 1.094449 0.241750 0.524010 1.096652 0.244579 0.523352 1.097358 0.244179 0.522788 1.097964 0.243544 0.522354 1.098429 0.242715 0.522082 1.098722 0.241750 0.528380 1.100380 0.244579 0.527787 1.101140 0.244179 0.527277 1.101794 0.243544 0.526887 1.102295 0.242715 0.526641 1.102610 0.241750 0.533060 1.103710 0.244579 0.532536 1.104520 0.244179 0.532085 1.105215 0.243544 0.531740 1.105749 0.242715 0.531523 1.106084 0.241750 0.538013 1.106618 0.244579 0.537562 1.107470 0.244179 0.537174 1.108202 0.243544 0.536877 1.108764 0.242715 0.536690 1.109117 0.241750 0.543202 1.109081 0.244579 0.542827 1.109970 0.244179 0.542505 1.110733 0.243544 0.542258 1.111318 0.242715 0.542103 1.111687 0.241750 0.548587 1.111080 0.244579 0.548291 1.111998 0.244179 0.548037 1.112787 0.243544 0.547842 1.113392 0.242715 0.547720 1.113772 0.241750 0.554126 1.112600 0.244579 0.553912 1.113540 0.244179 0.553728 1.114348 0.243544 0.553586 1.114968 0.242715 0.553498 1.115358 0.241750 0.559777 1.113629 0.244579 0.559646 1.114585 0.244179 0.559533 1.115405 0.243544 0.559447 1.116035 0.242715 0.559392 1.116431 0.241750 0.565496 1.114159 0.244579 0.565449 1.115123 0.244179 0.565409 1.115950 0.243544 0.565378 1.116585 0.242715 0.565359 1.116984 0.241750 0.571240 1.114187 0.244579 0.571277 1.115151 0.244179 0.571310 1.115979 0.243544 0.571335 1.116614 0.242715 0.571350 1.117013 0.241750 0.576964 1.113712 0.244579 0.577086 1.114669 0.244179 0.577190 1.115490 0.243544 0.577271 1.116121 0.242715 0.577321 1.116517 0.241750 0.582624 1.112737 0.244579 0.582830 1.113679 0.244179 0.583006 1.114489 0.243544 0.583141 1.115110 0.242715 0.583226 1.115500 0.241750 0.588178 1.111270 0.244579 0.588465 1.112191 0.244179 0.588711 1.112982 0.243544 0.588900 1.113589 0.242715 0.589019 1.113970 0.241750 0.593581 1.109323 0.244579 0.593948 1.110215 0.244179 0.594263 1.110981 0.243544 0.594504 1.111569 0.242715 0.594656 1.111939 0.241750 0.598794 1.106910 0.244579 0.599237 1.107767 0.244179 0.599618 1.108502 0.243544 0.599910 1.109067 0.242715 0.600093 1.109422 0.241750 0.603775 1.104050 0.244579 0.604291 1.104864 0.244179 0.604735 1.105564 0.243544 0.605075 1.106101 0.242715 0.605289 1.106438 0.241750 0.608486 1.100764 0.244579 0.609072 1.101531 0.244179 0.609575 1.102189 0.243544 0.609962 1.102694 0.242715 0.610204 1.103011 0.241750 0.612892 1.097079 0.244579 0.613543 1.097791 0.244179 0.614102 1.098403 0.243544 0.614531 1.098872 0.242715 0.614800 1.099167 0.241750 0.616958 1.093022 0.244579 0.617669 1.093675 0.244179 0.618279 1.094235 0.243544 0.618747 1.094665 0.242715 0.619042 1.094935 0.241750 0.620654 1.088625 0.244579 0.621419 1.089213 0.244179 0.622076 1.089717 0.243544 0.622580 1.090105 0.242715 0.622897 1.090348 0.241750 0.623950 1.083921 0.244579 0.624763 1.084439 0.244179 0.625462 1.084885 0.243544 0.625998 1.085226 0.242715 0.626335 1.085441 0.241750 0.626821 1.078947 0.244579 0.627677 1.079392 0.244179 0.628412 1.079774 0.243544 0.628976 1.080067 0.242715 0.629330 1.080252 0.241750 0.629246 1.073740 0.244579 0.630138 1.074108 0.244179 0.630903 1.074425 0.243544 0.631491 1.074668 0.242715 0.631860 1.074820 0.241750 0.631206 1.068341 0.244579 0.632126 1.068630 0.244179 0.632917 1.068878 0.243544 0.633523 1.069068 0.242715 0.633904 1.069188 0.241750 0.632685 1.062791 0.244579 0.633627 1.062998 0.244179 0.634437 1.063176 0.243544 0.635057 1.063313 0.242715 0.635448 1.063399 0.241750 0.633673 1.057132 0.244579 0.634630 1.057256 0.244179 0.635451 1.057363 0.243544 0.636082 1.057445 0.242715 0.636478 1.057496 0.241750 0.634162 1.051409 0.244579 0.635126 1.051449 0.244179 0.635953 1.051483 0.243544 0.636588 1.051510 0.242715 0.636988 1.051526 0.241750 0.634147 1.045666 0.244579 0.635111 1.045621 0.244179 0.635939 1.045582 0.243544 0.636574 1.045553 0.242715 0.636973 1.045535 0.241750 0.633630 1.039945 0.244579 0.634586 1.039816 0.244179 0.635407 1.039705 0.243544 0.636037 1.039621 0.242715 0.636433 1.039567 0.241750 0.632614 1.034292 0.244579 0.633555 1.034080 0.244179 0.634363 1.033898 0.243544 0.634983 1.033758 0.242715 0.635373 1.033670 0.241750 0.631107 1.028749 0.244579 0.632026 1.028456 0.244179 0.632815 1.028203 0.243544 0.633420 1.028010 0.242715 0.633801 1.027888 0.241750 0.629120 1.023360 0.244579 0.630009 1.022987 0.244179 0.630773 1.022667 0.243544 0.631360 1.022421 0.242715 0.631728 1.022266 0.241750 0.626669 1.018166 0.244579 0.627522 1.017716 0.244179 0.628255 1.017330 0.243544 0.628818 1.017034 0.242715 0.629171 1.016848 0.241750 0.623772 1.013206 0.244579 0.624583 1.012683 0.244179 0.625280 1.012234 0.243544 0.625814 1.011890 0.242715 0.626150 1.011674 0.241750 0.620453 1.008518 0.244579 0.621215 1.007927 0.244179 0.621869 1.007419 0.243544 0.622371 1.007029 0.242715 0.622687 1.006784 0.241750 0.616735 1.004139 0.244579 0.617443 1.003483 0.244179 0.618050 1.002920 0.243544 0.618516 1.002488 0.242715 0.618809 1.002216 0.241750 0.612649 1.000103 0.244579 0.613296 0.999388 0.244179 0.613852 0.998773 0.243544 0.614278 0.998302 0.242715 0.614546 0.998006 0.241750 0.608225 0.996440 0.244579 0.608807 0.995671 0.244179 0.609307 0.995010 0.243544 0.609690 0.994503 0.242715 0.609931 0.994184 0.241750 0.603497 0.993178 0.244579 0.604009 0.992361 0.244179 0.604449 0.991659 0.243544 0.604787 0.991121 0.242715 0.604999 0.990782 0.241750 0.598502 0.990343 0.244579 0.598940 0.989484 0.244179 0.599317 0.988747 0.243544 0.599607 0.988180 0.242715 0.599788 0.987825 0.241750 0.593277 0.987956 0.244579 0.593639 0.987062 0.244179 0.593950 0.986294 0.243544 0.594189 0.985705 0.242715 0.594339 0.985335 0.241750 0.587864 0.986036 0.244579 0.588146 0.985114 0.244179 0.588389 0.984322 0.243544 0.588575 0.983714 0.242715 0.588692 0.983332 0.241750 0.582303 0.984597 0.244579 0.582504 0.983654 0.244179 0.582676 0.982843 0.243544 0.582808 0.982222 0.242715 0.582891 0.981831 0.241750 0.399735 0.979297 0.244715 0.411941 0.987298 0.244715 0.423878 0.995695 0.244715 0.435532 1.004480 0.244715 0.446891 1.013644 0.244715 0.457943 1.023176 0.244715 0.468676 1.033066 0.244715 0.479078 1.043304 0.244715 0.489137 1.053878 0.244715 0.498844 1.064776 0.244715 0.508187 1.075988 0.244715 0.505130 1.078569 0.240715 0.495932 1.067524 0.240715 0.486378 1.056786 0.240715 0.476479 1.046366 0.240715 0.466245 1.036275 0.240715 0.455686 1.026523 0.240715 0.444815 1.017122 0.240715 0.433642 1.008080 0.240715 0.422180 0.999408 0.240715 0.410441 0.991115 0.240715 0.398438 0.983210 0.240715 0.399182 0.980172 0.244579 0.398666 0.980987 0.244179 0.398224 0.981688 0.243544 0.397884 0.982225 0.242715 0.397670 0.982563 0.241750 0.411360 0.988154 0.244579 0.410818 0.988952 0.244179 0.410352 0.989637 0.243544 0.409995 0.990163 0.242715 0.409770 0.990494 0.241750 0.423268 0.996532 0.244579 0.422700 0.997312 0.244179 0.422213 0.997981 0.243544 0.421838 0.998495 0.242715 0.421603 0.998818 0.241750 0.434896 1.005297 0.244579 0.434302 1.006058 0.244179 0.433793 1.006711 0.243544 0.433402 1.007212 0.242715 0.433156 1.007527 0.241750 0.446228 1.014439 0.244579 0.445610 1.015180 0.244179 0.445080 1.015816 0.243544 0.444672 1.016304 0.242715 0.444416 1.016611 0.241750 0.457254 1.023949 0.244579 0.456612 1.024669 0.244179 0.456061 1.025287 0.243544 0.455638 1.025762 0.242715 0.455372 1.026060 0.241750 0.467962 1.033816 0.244579 0.467297 1.034515 0.244179 0.466725 1.035114 0.243544 0.466287 1.035575 0.242715 0.466011 1.035864 0.241750 0.478339 1.044030 0.244579 0.477652 1.044706 0.244179 0.477061 1.045287 0.243544 0.476608 1.045732 0.242715 0.476323 1.046013 0.241750 0.488376 1.054579 0.244579 0.487666 1.055232 0.244179 0.487056 1.055793 0.243544 0.486589 1.056224 0.242715 0.486295 1.056494 0.241750 0.498060 1.065452 0.244579 0.497329 1.066082 0.244179 0.496701 1.066623 0.243544 0.496220 1.067037 0.242715 0.495917 1.067298 0.241750 0.507391 1.076650 0.244579 0.506649 1.077267 0.244179 0.506014 1.077798 0.243544 0.505528 1.078209 0.242715 0.505226 1.078471 0.241750 0.386182 0.975702 0.208715 0.386122 0.975666 0.208181 0.385950 0.975564 0.207676 0.385685 0.975408 0.207212 0.385351 0.975212 0.206797 0.384558 0.974659 0.206022 0.386136 0.974142 0.205546 0.387765 0.973480 0.205132 0.389338 0.972675 0.204834 0.367962 0.975565 0.207678 0.367962 0.975166 0.206715 0.367962 0.974530 0.205887 0.367962 0.973702 0.205251 0.367962 0.972737 0.204851 0.492182 0.925702 0.244715 0.493218 0.925702 0.244579 0.494182 0.925702 0.244179 0.495011 0.925702 0.243544 0.495646 0.925702 0.242715 0.496046 0.925702 0.241750 0.496182 0.925702 0.240715 0.513962 1.089907 0.206797 0.505079 1.078506 0.206797 0.495827 1.067402 0.206797 0.486215 1.056609 0.206797 0.476254 1.046137 0.206797 0.465954 1.035997 0.206797 0.455326 1.026202 0.206797 0.444383 1.016761 0.206797 0.433135 1.007684 0.206797 0.421596 0.998981 0.206797 0.409777 0.990663 0.206797 0.397691 0.982737 0.206797 0.576998 0.980708 0.206797 0.582919 0.981697 0.206797 0.588732 0.983201 0.206797 0.594390 0.985208 0.206797 0.599850 0.987703 0.206797 0.605072 0.990667 0.206797 0.610014 0.994076 0.206797 0.614638 0.997905 0.206797 0.618909 1.002124 0.206797 0.622795 1.006700 0.206797 0.626264 1.011600 0.206797 0.629292 1.016784 0.206797 0.631854 1.022214 0.206797 0.633931 1.027847 0.206797 0.635506 1.033640 0.206797 0.636568 1.039549 0.206797 0.637109 1.045528 0.206797 0.637124 1.051532 0.206797 0.636613 1.057514 0.206797 0.635581 1.063428 0.206797 0.634034 1.069229 0.206797 0.631986 1.074872 0.206797 0.629451 1.080315 0.206797 0.626450 1.085514 0.206797 0.623005 1.090431 0.206797 0.619142 1.095027 0.206797 0.614892 1.099268 0.206797 0.610287 1.103119 0.206797 0.605362 1.106553 0.206797 0.600156 1.109543 0.206797 0.594708 1.112065 0.206797 0.589060 1.114100 0.206797 0.583255 1.115634 0.206797 0.577339 1.116652 0.206797 0.571356 1.117149 0.206797 0.565352 1.117121 0.206797 0.559374 1.116566 0.206797 0.553467 1.115490 0.206797 0.547678 1.113902 0.206797 0.542050 1.111812 0.206797 0.536626 1.109238 0.206797 0.531448 1.106198 0.206797 0.526557 1.102717 0.206797 0.521989 1.098821 0.206797 0.517780 1.094540 0.206797 0.500917 0.942058 0.206797 0.506506 0.947663 0.206797 0.512440 0.952902 0.206797 0.518693 0.957755 0.206797 0.525240 0.962203 0.206797 0.532057 0.966228 0.206797 0.539114 0.969813 0.206797 0.546384 0.972944 0.206797 0.553837 0.975609 0.206797 0.561445 0.977797 0.206797 0.569175 0.979499 0.206797 0.514053 1.089838 0.205847 0.514323 1.089635 0.204950 0.514755 1.089310 0.204160 0.515324 1.088881 0.203521 0.506579 1.077649 0.203521 0.497477 1.066705 0.203521 0.488027 1.056060 0.203521 0.478238 1.045724 0.203521 0.468122 1.035710 0.203521 0.457688 1.026027 0.203521 0.446947 1.016684 0.203521 0.435911 1.007693 0.203521 0.424592 0.999062 0.203521 0.412999 0.990801 0.203521 0.401147 0.982917 0.203521 0.389047 0.975419 0.203521 0.387871 0.975440 0.204058 0.386635 0.975290 0.204715 0.397473 0.981425 0.204160 0.397005 0.982168 0.205847 0.397184 0.981883 0.204950 0.409176 0.990117 0.205847 0.409365 0.989838 0.204950 0.409668 0.989390 0.204160 0.421079 0.998463 0.205847 0.421277 0.998191 0.204950 0.421595 0.997753 0.204160 0.432699 1.007199 0.205847 0.432906 1.006932 0.204950 0.433238 1.006505 0.204160 0.444024 1.016313 0.205847 0.444240 1.016053 0.204950 0.444586 1.015638 0.204160 0.455043 1.025796 0.205847 0.455267 1.025544 0.204950 0.455626 1.025140 0.204160 0.465742 1.035637 0.205847 0.465974 1.035393 0.204950 0.466347 1.035001 0.204160 0.476110 1.045827 0.205847 0.476350 1.045591 0.204950 0.476736 1.045211 0.204160 0.486136 1.056354 0.205847 0.486384 1.056125 0.204950 0.486782 1.055759 0.204160 0.495809 1.067206 0.205847 0.496064 1.066986 0.204950 0.496474 1.066633 0.204160 0.505156 1.078418 0.205847 0.505406 1.078191 0.204950 0.505814 1.077836 0.204160 0.576984 0.980822 0.205847 0.576943 0.981157 0.204950 0.576877 0.981693 0.204160 0.576791 0.982401 0.203521 0.582695 0.983394 0.203521 0.588487 0.984911 0.203521 0.594119 0.986940 0.203521 0.599547 0.989466 0.203521 0.604728 0.992468 0.203521 0.609618 0.995922 0.203521 0.614180 0.999799 0.203521 0.618376 1.004070 0.203521 0.622173 1.008699 0.203521 0.625540 1.013649 0.203521 0.628451 1.018882 0.203521 0.630881 1.024353 0.203521 0.632811 1.030021 0.203521 0.634226 1.035838 0.203521 0.635115 1.041759 0.203521 0.635470 1.047736 0.203521 0.635288 1.053720 0.203521 0.634571 1.059664 0.203521 0.633325 1.065520 0.203521 0.631559 1.071241 0.203521 0.629288 1.076781 0.203521 0.626530 1.082095 0.203521 0.623308 1.087141 0.203521 0.619646 1.091878 0.203521 0.615575 1.096268 0.203521 0.611128 1.100276 0.203521 0.606339 1.103869 0.203521 0.601248 1.107020 0.203521 0.595895 1.109701 0.203521 0.590323 1.111893 0.203521 0.584578 1.113577 0.203521 0.578705 1.114740 0.203521 0.572751 1.115372 0.203521 0.566765 1.115468 0.203521 0.560794 1.115028 0.203521 0.554886 1.114056 0.203521 0.549090 1.112558 0.203521 0.543450 1.110547 0.203521 0.538014 1.108039 0.203521 0.532824 1.105054 0.203521 0.527922 1.101617 0.203521 0.523347 1.097754 0.203521 0.519137 1.093498 0.203521 0.517865 1.094464 0.205847 0.518116 1.094238 0.204950 0.518518 1.093876 0.204160 0.522067 1.098738 0.205847 0.522297 1.098491 0.204950 0.522666 1.098095 0.204160 0.526627 1.102627 0.205847 0.526835 1.102361 0.204950 0.527167 1.101935 0.204160 0.531511 1.106102 0.205847 0.531694 1.105819 0.204950 0.531988 1.105365 0.204160 0.536680 1.109136 0.205847 0.536837 1.108838 0.204950 0.537090 1.108361 0.204160 0.542094 1.111707 0.205847 0.542225 1.111396 0.204950 0.542435 1.110898 0.204160 0.547713 1.113793 0.205847 0.547816 1.113472 0.204950 0.547982 1.112957 0.204160 0.553493 1.115379 0.205847 0.553568 1.115050 0.204950 0.553688 1.114523 0.204160 0.559389 1.116453 0.205847 0.559435 1.116118 0.204950 0.559509 1.115583 0.204160 0.565358 1.117006 0.205847 0.565374 1.116669 0.204950 0.565400 1.116129 0.204160 0.571351 1.117035 0.205847 0.571338 1.116698 0.204950 0.571317 1.116158 0.204160 0.577324 1.116539 0.205847 0.577281 1.116204 0.204950 0.577213 1.115668 0.204160 0.583231 1.115522 0.205847 0.583159 1.115192 0.204950 0.583044 1.114664 0.204160 0.589026 1.113991 0.205847 0.588925 1.113669 0.204950 0.588764 1.113153 0.204160 0.594664 1.111959 0.205847 0.594536 1.111647 0.204950 0.594331 1.111147 0.204160 0.600103 1.109441 0.205847 0.599948 1.109141 0.204950 0.599700 1.108661 0.204160 0.605301 1.106457 0.205847 0.605120 1.106172 0.204950 0.604831 1.105715 0.204160 0.610217 1.103028 0.205847 0.610012 1.102760 0.204950 0.609684 1.102331 0.204160 0.614815 1.099183 0.205847 0.614587 1.098934 0.204950 0.614222 1.098535 0.204160 0.619058 1.094950 0.205847 0.618809 1.094722 0.204950 0.618411 1.094356 0.204160 0.622914 1.090361 0.205847 0.622646 1.090156 0.204950 0.622217 1.089826 0.204160 0.626353 1.085453 0.205847 0.626069 1.085271 0.204950 0.625613 1.084981 0.204160 0.629350 1.080262 0.205847 0.629050 1.080106 0.204950 0.628571 1.079857 0.204160 0.631880 1.074829 0.205847 0.631568 1.074700 0.204950 0.631069 1.074493 0.204160 0.633925 1.069195 0.205847 0.633603 1.069094 0.204950 0.633087 1.068932 0.204160 0.635469 1.063403 0.205847 0.635139 1.063331 0.204950 0.634611 1.063215 0.204160 0.636500 1.057499 0.205847 0.636165 1.057456 0.204950 0.635629 1.057386 0.204160 0.637009 1.051527 0.205847 0.636672 1.051513 0.204950 0.636132 1.051491 0.204160 0.636994 1.045534 0.205847 0.636657 1.045549 0.204950 0.636117 1.045574 0.204160 0.636455 1.039564 0.205847 0.636120 1.039609 0.204950 0.635584 1.039682 0.204160 0.635394 1.033665 0.205847 0.635065 1.033739 0.204950 0.634538 1.033858 0.204160 0.633821 1.027882 0.205847 0.633500 1.027984 0.204950 0.632985 1.028149 0.204160 0.631748 1.022258 0.205847 0.631437 1.022388 0.204950 0.630938 1.022598 0.204160 0.629191 1.016838 0.205847 0.628892 1.016995 0.204950 0.628414 1.017247 0.204160 0.626168 1.011662 0.205847 0.625885 1.011845 0.204950 0.625430 1.012137 0.204160 0.622704 1.006771 0.205847 0.622438 1.006977 0.204950 0.622011 1.007309 0.204160 0.618825 1.002201 0.205847 0.618578 1.002431 0.204950 0.618181 1.002799 0.204160 0.614561 0.997990 0.205847 0.614335 0.998240 0.204950 0.613972 0.998641 0.204160 0.609944 0.994167 0.205847 0.609741 0.994436 0.204950 0.609415 0.994867 0.204160 0.605011 0.990764 0.205847 0.604832 0.991050 0.204950 0.604544 0.991508 0.204160 0.599798 0.987805 0.205847 0.599645 0.988106 0.204950 0.599399 0.988587 0.204160 0.594347 0.985315 0.205847 0.594220 0.985627 0.204950 0.594017 0.986129 0.204160 0.588698 0.983311 0.205847 0.588599 0.983634 0.204950 0.588441 0.984151 0.204160 0.582895 0.981810 0.205847 0.582825 0.982140 0.204950 0.582713 0.982668 0.204160 0.495385 0.936657 0.204715 0.495523 0.937523 0.204114 0.495487 0.937951 0.203814 0.495350 0.938363 0.203521 0.500629 0.944236 0.203521 0.506264 0.949768 0.203521 0.512233 0.954939 0.203521 0.518512 0.959728 0.203521 0.525078 0.964116 0.203521 0.531904 0.968087 0.203521 0.538964 0.971625 0.203521 0.546231 0.974716 0.203521 0.553676 0.977349 0.203521 0.561271 0.979513 0.203521 0.568986 0.981199 0.203521 0.498993 0.941437 0.204160 0.499393 0.941073 0.204950 0.499642 0.940846 0.205847 0.504176 0.946804 0.204160 0.504554 0.946417 0.204950 0.504789 0.946176 0.205847 0.509668 0.951855 0.204160 0.510022 0.951446 0.204950 0.510243 0.951191 0.205847 0.515449 0.956571 0.204160 0.515778 0.956142 0.204950 0.515984 0.955875 0.205847 0.521499 0.960937 0.204160 0.521802 0.960490 0.204950 0.521991 0.960211 0.205847 0.527797 0.964938 0.204160 0.528073 0.964473 0.204950 0.528246 0.964183 0.205847 0.534321 0.968558 0.204160 0.534569 0.968078 0.204950 0.534724 0.967778 0.205847 0.541047 0.971787 0.204160 0.541267 0.971292 0.204950 0.541403 0.970984 0.205847 0.547953 0.974611 0.204160 0.548143 0.974104 0.204950 0.548261 0.973789 0.205847 0.555014 0.977021 0.204160 0.555173 0.976505 0.204950 0.555273 0.976182 0.205847 0.562205 0.979010 0.204160 0.562334 0.978485 0.204950 0.562414 0.978157 0.205847 0.569501 0.980569 0.204160 0.569599 0.980037 0.204950 0.569659 0.979705 0.205847 0.396794 0.974807 0.200339 0.404577 0.974421 0.197215 0.411478 0.969636 0.197215 0.418656 0.965275 0.197215 0.426083 0.961355 0.197215 0.433732 0.957890 0.197215 0.441577 0.954892 0.197215 0.449588 0.952372 0.197215 0.457736 0.950339 0.197215 0.465992 0.948801 0.197215 0.474326 0.947764 0.197215 0.482707 0.947231 0.197215 0.491105 0.947203 0.197215 0.493232 0.942695 0.200421 0.403682 0.908702 0.224715 0.403938 0.908702 0.227471 0.404695 0.908702 0.230134 0.405929 0.908702 0.232612 0.407597 0.908702 0.234821 0.409643 0.908702 0.236685 0.411996 0.908702 0.238143 0.414577 0.908702 0.239143 0.417298 0.908702 0.239651 0.420066 0.908702 0.239651 0.422787 0.908702 0.239143 0.425368 0.908702 0.238143 0.427722 0.908702 0.236685 0.429768 0.908702 0.234821 0.431436 0.908702 0.232612 0.432669 0.908702 0.230134 0.433427 0.908702 0.227471 0.433682 0.908702 0.224715 0.433427 0.908702 0.221959 0.432669 0.908702 0.219297 0.431436 0.908702 0.216819 0.429768 0.908702 0.214610 0.427722 0.908702 0.212745 0.425368 0.908702 0.211288 0.422787 0.908702 0.210288 0.420066 0.908702 0.209779 0.417298 0.908702 0.209779 0.414577 0.908702 0.210288 0.411996 0.908702 0.211288 0.409643 0.908702 0.212745 0.407597 0.908702 0.214610 0.405929 0.908702 0.216819 0.404695 0.908702 0.219297 0.403938 0.908702 0.221959 0.403682 0.888702 0.224715 0.403938 0.888702 0.221959 0.404695 0.888702 0.219297 0.405929 0.888702 0.216819 0.407597 0.888702 0.214610 0.409643 0.888702 0.212745 0.411996 0.888702 0.211288 0.414577 0.888702 0.210288 0.417298 0.888702 0.209779 0.420066 0.888702 0.209779 0.422787 0.888702 0.210288 0.425368 0.888702 0.211288 0.427722 0.888702 0.212745 0.429768 0.888702 0.214610 0.431436 0.888702 0.216819 0.432669 0.888702 0.219297 0.433427 0.888702 0.221959 0.433682 0.888702 0.224715 0.433427 0.888702 0.227471 0.432669 0.888702 0.230134 0.431436 0.888702 0.232612 0.429768 0.888702 0.234821 0.427722 0.888702 0.236685 0.425368 0.888702 0.238143 0.422787 0.888702 0.239143 0.420066 0.888702 0.239651 0.417298 0.888702 0.239651 0.414577 0.888702 0.239143 0.411996 0.888702 0.238143 0.409643 0.888702 0.236685 0.407597 0.888702 0.234821 0.405929 0.888702 0.232612 0.404695 0.888702 0.230134 0.403938 0.888702 0.227471 0.429621 0.975151 0.198115 0.429882 0.978130 0.198115 0.430655 0.981018 0.198115 0.431919 0.983728 0.198115 0.433634 0.986177 0.198115 0.435748 0.988291 0.198115 0.438198 0.990006 0.198115 0.440908 0.991270 0.198115 0.443796 0.992044 0.198115 0.446774 0.992305 0.198115 0.449753 0.992044 0.198115 0.452641 0.991270 0.198115 0.455351 0.990006 0.198115 0.457800 0.988291 0.198115 0.459915 0.986177 0.198115 0.461630 0.983728 0.198115 0.462893 0.981018 0.198115 0.463667 0.978130 0.198115 0.463928 0.975151 0.198115 0.463667 0.972173 0.198115 0.462893 0.969284 0.198115 0.461630 0.966574 0.198115 0.459915 0.964125 0.198115 0.457800 0.962011 0.198115 0.455351 0.960296 0.198115 0.452641 0.959032 0.198115 0.449753 0.958258 0.198115 0.446774 0.957998 0.198115 0.443796 0.958258 0.198115 0.440908 0.959032 0.198115 0.438198 0.960296 0.198115 0.435748 0.962011 0.198115 0.433634 0.964125 0.198115 0.431919 0.966574 0.198115 0.430655 0.969284 0.198115 0.429882 0.972173 0.198115 0.429621 0.975151 0.197215 0.429882 0.972173 0.197215 0.430655 0.969284 0.197215 0.431919 0.966574 0.197215 0.433634 0.964125 0.197215 0.435748 0.962011 0.197215 0.438198 0.960296 0.197215 0.440908 0.959032 0.197215 0.443796 0.958258 0.197215 0.446774 0.957998 0.197215 0.449753 0.958258 0.197215 0.452641 0.959032 0.197215 0.455351 0.960296 0.197215 0.457800 0.962011 0.197215 0.459915 0.964125 0.197215 0.461630 0.966574 0.197215 0.462893 0.969284 0.197215 0.463667 0.972173 0.197215 0.463928 0.975151 0.197215 0.463667 0.978130 0.197215 0.462893 0.981018 0.197215 0.461630 0.983728 0.197215 0.459915 0.986177 0.197215 0.457800 0.988291 0.197215 0.455351 0.990006 0.197215 0.452641 0.991270 0.197215 0.449753 0.992044 0.197215 0.446774 0.992305 0.197215 0.443796 0.992044 0.197215 0.440908 0.991270 0.197215 0.438198 0.990006 0.197215 0.435748 0.988291 0.197215 0.433634 0.986177 0.197215 0.431919 0.983728 0.197215 0.430655 0.981018 0.197215 0.429882 0.978130 0.197215 0.428677 0.975151 0.198115 0.428937 0.972093 0.198115 0.429711 0.969122 0.198115 0.430975 0.966325 0.198115 0.432694 0.963782 0.198115 0.434818 0.961566 0.198115 0.437286 0.959741 0.198115 0.440027 0.958359 0.198115 0.442962 0.957460 0.198115 0.446006 0.957070 0.198115 0.449073 0.957200 0.198115 0.452074 0.957847 0.198115 0.454922 0.958991 0.198115 0.457536 0.960601 0.198115 0.459840 0.962629 0.198115 0.461768 0.965017 0.198115 0.463265 0.967697 0.198115 0.464288 0.970591 0.198115 0.464807 0.973616 0.198115 0.464807 0.976686 0.198115 0.464288 0.979711 0.198115 0.463265 0.982606 0.198115 0.461768 0.985285 0.198115 0.459840 0.987674 0.198115 0.457536 0.989702 0.198115 0.454922 0.991311 0.198115 0.452074 0.992455 0.198115 0.449073 0.993102 0.198115 0.446006 0.993232 0.198115 0.442962 0.992843 0.198115 0.440027 0.991944 0.198115 0.437286 0.990562 0.198115 0.434818 0.988737 0.198115 0.432694 0.986520 0.198115 0.430975 0.983977 0.198115 0.429711 0.981180 0.198115 0.428937 0.978210 0.198115 0.428677 0.975151 0.197215 0.428937 0.978210 0.197215 0.429711 0.981180 0.197215 0.430975 0.983977 0.197215 0.432694 0.986520 0.197215 0.434818 0.988737 0.197215 0.437286 0.990562 0.197215 0.440027 0.991944 0.197215 0.442962 0.992843 0.197215 0.446006 0.993232 0.197215 0.449073 0.993102 0.197215 0.452074 0.992455 0.197215 0.454922 0.991311 0.197215 0.457536 0.989702 0.197215 0.459840 0.987674 0.197215 0.461768 0.985285 0.197215 0.463265 0.982606 0.197215 0.464288 0.979711 0.197215 0.464807 0.976686 0.197215 0.464807 0.973616 0.197215 0.464288 0.970591 0.197215 0.463265 0.967697 0.197215 0.461768 0.965017 0.197215 0.459840 0.962629 0.197215 0.457536 0.960601 0.197215 0.454922 0.958991 0.197215 0.452074 0.957847 0.197215 0.449073 0.957200 0.197215 0.446006 0.957070 0.197215 0.442962 0.957460 0.197215 0.440027 0.958359 0.197215 0.437286 0.959741 0.197215 0.434818 0.961566 0.197215 0.432694 0.963782 0.197215 0.430975 0.966325 0.197215 0.429711 0.969122 0.197215 0.428937 0.972093 0.197215 0.481490 0.975151 0.198115 0.481609 0.976057 0.198115 0.481959 0.976901 0.198115 0.482515 0.977626 0.198115 0.483240 0.978182 0.198115 0.484084 0.978532 0.198115 0.484990 0.978651 0.198115 0.485895 0.978532 0.198115 0.486740 0.978182 0.198115 0.487464 0.977626 0.198115 0.488021 0.976901 0.198115 0.488370 0.976057 0.198115 0.488490 0.975151 0.198115 0.488370 0.974245 0.198115 0.488021 0.973401 0.198115 0.487464 0.972676 0.198115 0.486740 0.972120 0.198115 0.485895 0.971770 0.198115 0.484990 0.971651 0.198115 0.484084 0.971770 0.198115 0.483240 0.972120 0.198115 0.482515 0.972676 0.198115 0.481959 0.973401 0.198115 0.481609 0.974245 0.198115 0.481490 0.975151 0.197215 0.481609 0.974245 0.197215 0.481959 0.973401 0.197215 0.482515 0.972676 0.197215 0.483240 0.972120 0.197215 0.484084 0.971770 0.197215 0.484990 0.971651 0.197215 0.485895 0.971770 0.197215 0.486740 0.972120 0.197215 0.487464 0.972676 0.197215 0.488021 0.973401 0.197215 0.488370 0.974245 0.197215 0.488490 0.975151 0.197215 0.488370 0.976057 0.197215 0.488021 0.976901 0.197215 0.487464 0.977626 0.197215 0.486740 0.978182 0.197215 0.485895 0.978532 0.197215 0.484990 0.978651 0.197215 0.484084 0.978532 0.197215 0.483240 0.978182 0.197215 0.482515 0.977626 0.197215 0.481959 0.976901 0.197215 0.481609 0.976057 0.197215 0.478490 0.975151 0.198115 0.478711 0.973469 0.198115 0.479360 0.971901 0.198115 0.480393 0.970555 0.198115 0.481740 0.969522 0.198115 0.483307 0.968873 0.198115 0.484990 0.968651 0.198115 0.486672 0.968873 0.198115 0.488240 0.969522 0.198115 0.489586 0.970555 0.198115 0.490619 0.971901 0.198115 0.491268 0.973469 0.198115 0.491490 0.975151 0.198115 0.491268 0.976834 0.198115 0.490619 0.978401 0.198115 0.489586 0.979747 0.198115 0.488240 0.980780 0.198115 0.486672 0.981430 0.198115 0.484990 0.981651 0.198115 0.483307 0.981430 0.198115 0.481740 0.980780 0.198115 0.480393 0.979747 0.198115 0.479360 0.978401 0.198115 0.478711 0.976834 0.198115 0.478490 0.975151 0.197215 0.478711 0.976834 0.197215 0.479360 0.978401 0.197215 0.480393 0.979747 0.197215 0.481740 0.980780 0.197215 0.483307 0.981430 0.197215 0.484990 0.981651 0.197215 0.486672 0.981430 0.197215 0.488240 0.980780 0.197215 0.489586 0.979747 0.197215 0.490619 0.978401 0.197215 0.491268 0.976834 0.197215 0.491490 0.975151 0.197215 0.491268 0.973469 0.197215 0.490619 0.971901 0.197215 0.489586 0.970555 0.197215 0.488240 0.969522 0.197215 0.486672 0.968873 0.197215 0.484990 0.968651 0.197215 0.483307 0.968873 0.197215 0.481740 0.969522 0.197215 0.480393 0.970555 0.197215 0.479360 0.971901 0.197215 0.478711 0.973469 0.197215 0.606593 1.074053 0.197215 0.605971 1.073576 0.197215 0.605495 1.072955 0.197215 0.605195 1.072232 0.197215 0.605093 1.071455 0.197215 0.605195 1.070679 0.197215 0.605495 1.069955 0.197215 0.605971 1.069334 0.197215 0.606593 1.068857 0.197215 0.607316 1.068557 0.197215 0.608093 1.068455 0.197215 0.608869 1.068557 0.197215 0.609593 1.068857 0.197215 0.610214 1.069334 0.197215 0.610691 1.069955 0.197215 0.610990 1.070679 0.197215 0.611093 1.071455 0.197215 0.610990 1.072232 0.197215 0.610691 1.072955 0.197215 0.610214 1.073576 0.197215 0.609593 1.074053 0.197215 0.608869 1.074353 0.197215 0.608093 1.074455 0.197215 0.607316 1.074353 0.197215 0.609593 1.028546 0.197215 0.608869 1.028846 0.197215 0.608093 1.028948 0.197215 0.607316 1.028846 0.197215 0.606593 1.028546 0.197215 0.605971 1.028069 0.197215 0.605494 1.027448 0.197215 0.605195 1.026725 0.197215 0.605093 1.025948 0.197215 0.605195 1.025172 0.197215 0.605494 1.024448 0.197215 0.605971 1.023827 0.197215 0.606593 1.023350 0.197215 0.607316 1.023050 0.197215 0.608093 1.022948 0.197215 0.608869 1.023050 0.197215 0.609593 1.023350 0.197215 0.610214 1.023827 0.197215 0.610691 1.024448 0.197215 0.610990 1.025172 0.197215 0.611093 1.025948 0.197215 0.610990 1.026725 0.197215 0.610691 1.027448 0.197215 0.610214 1.028069 0.197215 0.571682 1.003195 0.197215 0.571580 1.003971 0.197215 0.571280 1.004695 0.197215 0.570804 1.005316 0.197215 0.570182 1.005793 0.197215 0.569459 1.006092 0.197215 0.568682 1.006195 0.197215 0.567906 1.006092 0.197215 0.567182 1.005793 0.197215 0.566561 1.005316 0.197215 0.566084 1.004695 0.197215 0.565785 1.003971 0.197215 0.565682 1.003195 0.197215 0.565785 1.002418 0.197215 0.566084 1.001695 0.197215 0.566561 1.001073 0.197215 0.567182 1.000597 0.197215 0.567906 1.000297 0.197215 0.568682 1.000195 0.197215 0.569459 1.000297 0.197215 0.570182 1.000597 0.197215 0.570804 1.001073 0.197215 0.571280 1.001695 0.197215 0.571580 1.002418 0.197215 0.530772 1.023350 0.197215 0.531393 1.023827 0.197215 0.531870 1.024448 0.197215 0.532170 1.025172 0.197215 0.532272 1.025948 0.197215 0.532170 1.026725 0.197215 0.531870 1.027448 0.197215 0.531393 1.028069 0.197215 0.530772 1.028546 0.197215 0.530049 1.028846 0.197215 0.529272 1.028948 0.197215 0.528496 1.028846 0.197215 0.527772 1.028546 0.197215 0.527151 1.028069 0.197215 0.526674 1.027448 0.197215 0.526374 1.026725 0.197215 0.526272 1.025948 0.197215 0.526374 1.025172 0.197215 0.526674 1.024448 0.197215 0.527151 1.023827 0.197215 0.527772 1.023350 0.197215 0.528496 1.023050 0.197215 0.529272 1.022948 0.197215 0.530049 1.023050 0.197215 0.527772 1.068857 0.197215 0.528496 1.068557 0.197215 0.529272 1.068455 0.197215 0.530049 1.068557 0.197215 0.530772 1.068857 0.197215 0.531393 1.069334 0.197215 0.531870 1.069955 0.197215 0.532170 1.070679 0.197215 0.532272 1.071455 0.197215 0.532170 1.072232 0.197215 0.531870 1.072955 0.197215 0.531393 1.073576 0.197215 0.530772 1.074053 0.197215 0.530049 1.074353 0.197215 0.529272 1.074455 0.197215 0.528496 1.074353 0.197215 0.527772 1.074053 0.197215 0.527151 1.073576 0.197215 0.526674 1.072955 0.197215 0.526374 1.072232 0.197215 0.526272 1.071455 0.197215 0.526374 1.070679 0.197215 0.526674 1.069955 0.197215 0.527151 1.069334 0.197215 0.565682 1.094209 0.197215 0.565785 1.093432 0.197215 0.566084 1.092709 0.197215 0.566561 1.092087 0.197215 0.567182 1.091611 0.197215 0.567906 1.091311 0.197215 0.568682 1.091209 0.197215 0.569459 1.091311 0.197215 0.570182 1.091611 0.197215 0.570804 1.092087 0.197215 0.571280 1.092709 0.197215 0.571580 1.093432 0.197215 0.571682 1.094209 0.197215 0.571580 1.094985 0.197215 0.571280 1.095709 0.197215 0.570804 1.096330 0.197215 0.570182 1.096807 0.197215 0.569459 1.097106 0.197215 0.568682 1.097209 0.197215 0.567906 1.097106 0.197215 0.567182 1.096807 0.197215 0.566561 1.096330 0.197215 0.566084 1.095709 0.197215 0.565785 1.094985 0.197215 0.560265 1.097988 0.197215 0.557239 1.097374 0.197215 0.554256 1.096575 0.197215 0.551329 1.095594 0.197215 0.552017 1.093565 0.197215 0.552206 1.091431 0.197215 0.551885 1.089313 0.197215 0.551072 1.087330 0.197215 0.549814 1.085596 0.197215 0.548182 1.084209 0.197215 0.546165 1.083489 0.197215 0.544034 1.083267 0.197215 0.541911 1.083554 0.197215 0.539916 1.084336 0.197215 0.538163 1.085566 0.197215 0.536749 1.087176 0.197215 0.534436 1.085132 0.197215 0.532252 1.082948 0.197215 0.530208 1.080635 0.197215 0.531818 1.079221 0.197215 0.533048 1.077468 0.197215 0.533830 1.075473 0.197215 0.534117 1.073350 0.197215 0.533895 1.071219 0.197215 0.533175 1.069202 0.197215 0.531788 1.067570 0.197215 0.530054 1.066312 0.197215 0.528071 1.065499 0.197215 0.525953 1.065178 0.197215 0.523819 1.065367 0.197215 0.521790 1.066055 0.197215 0.520809 1.063128 0.197215 0.520010 1.060145 0.197215 0.519396 1.057119 0.197215 0.521497 1.056700 0.197215 0.523439 1.055797 0.197215 0.525113 1.054460 0.197215 0.526424 1.052765 0.197215 0.527297 1.050809 0.197215 0.527682 1.048702 0.197215 0.527297 1.046594 0.197215 0.526424 1.044638 0.197215 0.525113 1.042943 0.197215 0.523439 1.041606 0.197215 0.521497 1.040703 0.197215 0.519396 1.040284 0.197215 0.520010 1.037258 0.197215 0.520809 1.034276 0.197215 0.521790 1.031348 0.197215 0.523819 1.032036 0.197215 0.525953 1.032225 0.197215 0.528071 1.031904 0.197215 0.530054 1.031092 0.197215 0.531788 1.029834 0.197215 0.533175 1.028202 0.197215 0.533895 1.026184 0.197215 0.534117 1.024053 0.197215 0.533830 1.021930 0.197215 0.533048 1.019935 0.197215 0.531818 1.018182 0.197215 0.530208 1.016769 0.197215 0.532252 1.014455 0.197215 0.534436 1.012271 0.197215 0.536749 1.010227 0.197215 0.538163 1.011837 0.197215 0.539916 1.013068 0.197215 0.541911 1.013849 0.197215 0.544034 1.014136 0.197215 0.546165 1.013914 0.197215 0.548182 1.013195 0.197215 0.549814 1.011807 0.197215 0.551072 1.010073 0.197215 0.551885 1.008090 0.197215 0.552206 1.005972 0.197215 0.552017 1.003838 0.197215 0.551329 1.001810 0.197215 0.554256 1.000828 0.197215 0.557239 1.000029 0.197215 0.560265 0.999415 0.197215 0.560684 1.001516 0.197215 0.561587 1.003459 0.197215 0.562924 1.005132 0.197215 0.564619 1.006443 0.197215 0.566575 1.007316 0.197215 0.568682 1.007702 0.197215 0.570790 1.007316 0.197215 0.572746 1.006443 0.197215 0.574441 1.005132 0.197215 0.575778 1.003459 0.197215 0.576681 1.001516 0.197215 0.577100 0.999415 0.197215 0.580126 1.000029 0.197215 0.583108 1.000828 0.197215 0.586036 1.001810 0.197215 0.585348 1.003838 0.197215 0.585159 1.005972 0.197215 0.585480 1.008090 0.197215 0.586292 1.010073 0.197215 0.587550 1.011807 0.197215 0.589182 1.013195 0.197215 0.591200 1.013914 0.197215 0.593331 1.014136 0.197215 0.595454 1.013849 0.197215 0.597449 1.013068 0.197215 0.599202 1.011837 0.197215 0.600615 1.010227 0.197215 0.602929 1.012271 0.197215 0.605112 1.014455 0.197215 0.607157 1.016769 0.197215 0.605547 1.018182 0.197215 0.604316 1.019935 0.197215 0.603535 1.021930 0.197215 0.603248 1.024053 0.197215 0.603470 1.026184 0.197215 0.604189 1.028202 0.197215 0.605577 1.029834 0.197215 0.607311 1.031092 0.197215 0.609293 1.031904 0.197215 0.611412 1.032225 0.197215 0.613546 1.032036 0.197215 0.615574 1.031348 0.197215 0.616556 1.034276 0.197215 0.617355 1.037258 0.197215 0.617969 1.040284 0.197215 0.615868 1.040703 0.197215 0.613925 1.041606 0.197215 0.612251 1.042943 0.197215 0.610941 1.044638 0.197215 0.610068 1.046594 0.197215 0.609682 1.048702 0.197215 0.610068 1.050809 0.197215 0.610941 1.052765 0.197215 0.612251 1.054460 0.197215 0.613925 1.055797 0.197215 0.615868 1.056700 0.197215 0.617969 1.057119 0.197215 0.617355 1.060145 0.197215 0.616556 1.063128 0.197215 0.615574 1.066055 0.197215 0.613546 1.065367 0.197215 0.611412 1.065178 0.197215 0.609293 1.065499 0.197215 0.607311 1.066312 0.197215 0.605577 1.067570 0.197215 0.604189 1.069202 0.197215 0.603470 1.071219 0.197215 0.603248 1.073350 0.197215 0.603535 1.075473 0.197215 0.604316 1.077468 0.197215 0.605547 1.079221 0.197215 0.607157 1.080635 0.197215 0.605112 1.082948 0.197215 0.602929 1.085132 0.197215 0.600615 1.087176 0.197215 0.599202 1.085566 0.197215 0.597449 1.084336 0.197215 0.595454 1.083554 0.197215 0.593331 1.083267 0.197215 0.591200 1.083489 0.197215 0.589182 1.084209 0.197215 0.587550 1.085596 0.197215 0.586292 1.087330 0.197215 0.585480 1.089313 0.197215 0.585159 1.091431 0.197215 0.585348 1.093565 0.197215 0.586036 1.095594 0.197215 0.583108 1.096575 0.197215 0.580126 1.097374 0.197215 0.577100 1.097988 0.197215 0.576681 1.095887 0.197215 0.575778 1.093945 0.197215 0.574441 1.092271 0.197215 0.572746 1.090960 0.197215 0.570790 1.090087 0.197215 0.568682 1.089702 0.197215 0.566575 1.090087 0.197215 0.564619 1.090960 0.197215 0.562924 1.092271 0.197215 0.561587 1.093945 0.197215 0.560684 1.095887 0.197215 0.416829 0.982507 0.197215 0.428812 0.990988 0.197215 0.440512 0.999855 0.197215 0.451917 1.009098 0.197215 0.463014 1.018707 0.197215 0.473793 1.028673 0.197215 0.484242 1.038985 0.197215 0.494350 1.049631 0.197215 0.504105 1.060601 0.197215 0.513498 1.071882 0.197215 0.522518 1.083464 0.197215 0.526072 1.087739 0.197215 0.530019 1.091652 0.197215 0.534325 1.095168 0.197215 0.538948 1.098254 0.197215 0.543847 1.100882 0.197215 0.548975 1.103026 0.197215 0.554285 1.104668 0.197215 0.559729 1.105793 0.197215 0.565256 1.106389 0.197215 0.570814 1.106451 0.197215 0.576353 1.105979 0.197215 0.581820 1.104977 0.197215 0.587166 1.103455 0.197215 0.592341 1.101426 0.197215 0.597297 1.098909 0.197215 0.601989 1.095927 0.197215 0.606372 1.092509 0.197215 0.610407 1.088685 0.197215 0.614055 1.084491 0.197215 0.617284 1.079966 0.197215 0.620063 1.075152 0.197215 0.622366 1.070093 0.197215 0.624173 1.064836 0.197215 0.625467 1.059430 0.197215 0.626235 1.053925 0.197215 0.626470 1.048371 0.197215 0.626171 1.042821 0.197215 0.625340 1.037325 0.197215 0.623985 1.031934 0.197215 0.622118 1.026698 0.197215 0.619757 1.021666 0.197215 0.616923 1.016884 0.197215 0.613643 1.012396 0.197215 0.609947 1.008244 0.197215 0.605869 1.004467 0.197215 0.601447 1.001099 0.197215 0.596722 0.998171 0.197215 0.591737 0.995711 0.197215 0.586539 0.993741 0.197215 0.581176 0.992279 0.197215 0.575697 0.991340 0.197215 0.567667 0.990113 0.197215 0.559725 0.988408 0.197215 0.551898 0.986230 0.197215 0.544216 0.983588 0.197215 0.536706 0.980492 0.197215 0.529395 0.976951 0.197215 0.522308 0.972979 0.197215 0.515472 0.968591 0.197215 0.508911 0.963801 0.197215 0.502648 0.958627 0.197215 0.496705 0.953088 0.197215 0.543331 1.086612 0.197215 0.543808 1.085990 0.197215 0.544429 1.085514 0.197215 0.545152 1.085214 0.197215 0.545929 1.085112 0.197215 0.546705 1.085214 0.197215 0.547429 1.085514 0.197215 0.548050 1.085990 0.197215 0.548527 1.086612 0.197215 0.548827 1.087335 0.197215 0.548929 1.088112 0.197215 0.548827 1.088888 0.197215 0.548527 1.089612 0.197215 0.548050 1.090233 0.197215 0.547429 1.090710 0.197215 0.546705 1.091010 0.197215 0.545929 1.091112 0.197215 0.545152 1.091010 0.197215 0.544429 1.090710 0.197215 0.543808 1.090233 0.197215 0.543331 1.089612 0.197215 0.543031 1.088888 0.197215 0.542929 1.088112 0.197215 0.543031 1.087335 0.197215 0.523175 1.045702 0.197215 0.523952 1.045804 0.197215 0.524675 1.046104 0.197215 0.525297 1.046580 0.197215 0.525773 1.047202 0.197215 0.526073 1.047925 0.197215 0.526175 1.048702 0.197215 0.526073 1.049478 0.197215 0.525773 1.050202 0.197215 0.525297 1.050823 0.197215 0.524675 1.051300 0.197215 0.523952 1.051599 0.197215 0.523175 1.051702 0.197215 0.522399 1.051599 0.197215 0.521675 1.051300 0.197215 0.521054 1.050823 0.197215 0.520577 1.050202 0.197215 0.520278 1.049478 0.197215 0.520175 1.048702 0.197215 0.520278 1.047925 0.197215 0.520577 1.047202 0.197215 0.521054 1.046580 0.197215 0.521675 1.046104 0.197215 0.522399 1.045804 0.197215 0.548527 1.007791 0.197215 0.548827 1.008515 0.197215 0.548929 1.009291 0.197215 0.548827 1.010068 0.197215 0.548527 1.010791 0.197215 0.548050 1.011413 0.197215 0.547429 1.011889 0.197215 0.546705 1.012189 0.197215 0.545929 1.012291 0.197215 0.545152 1.012189 0.197215 0.544429 1.011889 0.197215 0.543808 1.011413 0.197215 0.543331 1.010791 0.197215 0.543031 1.010068 0.197215 0.542929 1.009291 0.197215 0.543031 1.008515 0.197215 0.543331 1.007791 0.197215 0.543808 1.007170 0.197215 0.544429 1.006693 0.197215 0.545152 1.006394 0.197215 0.545929 1.006291 0.197215 0.546705 1.006394 0.197215 0.547429 1.006693 0.197215 0.548050 1.007170 0.197215 0.594034 1.010791 0.197215 0.593557 1.011413 0.197215 0.592936 1.011889 0.197215 0.592212 1.012189 0.197215 0.591436 1.012291 0.197215 0.590659 1.012189 0.197215 0.589936 1.011889 0.197215 0.589315 1.011413 0.197215 0.588838 1.010791 0.197215 0.588538 1.010068 0.197215 0.588436 1.009291 0.197215 0.588538 1.008515 0.197215 0.588838 1.007791 0.197215 0.589315 1.007170 0.197215 0.589936 1.006693 0.197215 0.590659 1.006394 0.197215 0.591436 1.006291 0.197215 0.592212 1.006394 0.197215 0.592936 1.006693 0.197215 0.593557 1.007170 0.197215 0.594034 1.007791 0.197215 0.594334 1.008515 0.197215 0.594436 1.009291 0.197215 0.594334 1.010068 0.197215 0.614189 1.051702 0.197215 0.613413 1.051599 0.197215 0.612689 1.051300 0.197215 0.612068 1.050823 0.197215 0.611591 1.050202 0.197215 0.611292 1.049478 0.197215 0.611189 1.048702 0.197215 0.611292 1.047925 0.197215 0.611591 1.047202 0.197215 0.612068 1.046580 0.197215 0.612689 1.046104 0.197215 0.613413 1.045804 0.197215 0.614189 1.045702 0.197215 0.614966 1.045804 0.197215 0.615689 1.046104 0.197215 0.616311 1.046580 0.197215 0.616787 1.047202 0.197215 0.617087 1.047925 0.197215 0.617189 1.048702 0.197215 0.617087 1.049478 0.197215 0.616787 1.050202 0.197215 0.616311 1.050823 0.197215 0.615689 1.051300 0.197215 0.614966 1.051599 0.197215 0.588838 1.089612 0.197215 0.588538 1.088888 0.197215 0.588436 1.088112 0.197215 0.588538 1.087335 0.197215 0.588838 1.086612 0.197215 0.589315 1.085990 0.197215 0.589936 1.085514 0.197215 0.590659 1.085214 0.197215 0.591436 1.085112 0.197215 0.592212 1.085214 0.197215 0.592936 1.085514 0.197215 0.593557 1.085990 0.197215 0.594034 1.086612 0.197215 0.594334 1.087335 0.197215 0.594436 1.088112 0.197215 0.594334 1.088888 0.197215 0.594034 1.089612 0.197215 0.593557 1.090233 0.197215 0.592936 1.090710 0.197215 0.592212 1.091010 0.197215 0.591436 1.091112 0.197215 0.590659 1.091010 0.197215 0.589936 1.090710 0.197215 0.589315 1.090233 0.197215 0.434098 0.966132 0.175215 0.434098 0.984171 0.175215 0.434098 0.984171 0.168215 0.434098 0.966132 0.168215 0.459451 0.966132 0.175215 0.456463 0.964717 0.175215 0.453321 0.963689 0.175215 0.450074 0.963066 0.175215 0.446774 0.962858 0.175215 0.443475 0.963066 0.175215 0.440228 0.963689 0.175215 0.437086 0.964717 0.175215 0.437086 0.964717 0.168215 0.440228 0.963689 0.168215 0.443475 0.963066 0.168215 0.446774 0.962858 0.168215 0.450074 0.963066 0.168215 0.453321 0.963689 0.168215 0.456463 0.964717 0.168215 0.459451 0.966132 0.168215 0.459451 0.984171 0.175215 0.459451 0.984171 0.168215 0.437086 0.985586 0.175215 0.440228 0.986613 0.175215 0.443475 0.987236 0.175215 0.446774 0.987445 0.175215 0.450074 0.987236 0.175215 0.453321 0.986613 0.175215 0.456463 0.985586 0.175215 0.456463 0.985586 0.168215 0.453321 0.986613 0.168215 0.450074 0.987236 0.168215 0.446774 0.987445 0.168215 0.443475 0.987236 0.168215 0.440228 0.986613 0.168215 0.437086 0.985586 0.168215 0.433274 0.965651 0.197215 0.433274 0.984651 0.197215 0.433274 0.984651 0.175215 0.433274 0.965651 0.175215 0.460274 0.965651 0.197215 0.457107 0.964089 0.197215 0.453762 0.962954 0.197215 0.450299 0.962265 0.197215 0.446774 0.962034 0.197215 0.443250 0.962265 0.197215 0.439786 0.962954 0.197215 0.436442 0.964089 0.197215 0.436442 0.964089 0.175215 0.439786 0.962954 0.175215 0.443250 0.962265 0.175215 0.446774 0.962034 0.175215 0.450299 0.962265 0.175215 0.453762 0.962954 0.175215 0.457107 0.964089 0.175215 0.460274 0.965651 0.175215 0.460274 0.984651 0.197215 0.460274 0.984651 0.175215 0.436442 0.986213 0.197215 0.439786 0.987348 0.197215 0.443250 0.988038 0.197215 0.446774 0.988268 0.197215 0.450299 0.988038 0.197215 0.453762 0.987348 0.197215 0.457107 0.986213 0.197215 0.457107 0.986213 0.175215 0.453762 0.987348 0.175215 0.450299 0.988038 0.175215 0.446774 0.988268 0.175215 0.443250 0.988038 0.175215 0.439786 0.987348 0.175215 0.436442 0.986213 0.175215 0.562182 1.048702 0.170215 0.562404 1.047019 0.170215 0.563053 1.045452 0.170215 0.564086 1.044105 0.170215 0.565432 1.043072 0.170215 0.567000 1.042423 0.170215 0.568682 1.042202 0.170215 0.570365 1.042423 0.170215 0.571932 1.043072 0.170215 0.573279 1.044105 0.170215 0.574312 1.045452 0.170215 0.574961 1.047019 0.170215 0.575182 1.048702 0.170215 0.574961 1.050384 0.170215 0.574312 1.051952 0.170215 0.573279 1.053298 0.170215 0.571932 1.054331 0.170215 0.570365 1.054980 0.170215 0.568682 1.055202 0.170215 0.567000 1.054980 0.170215 0.565432 1.054331 0.170215 0.564086 1.053298 0.170215 0.563053 1.051952 0.170215 0.562404 1.050384 0.170215 0.559182 1.048702 0.173215 0.559438 1.050892 0.173215 0.560193 1.052965 0.173215 0.561405 1.054808 0.173215 0.563009 1.056322 0.173215 0.564920 1.057425 0.173215 0.567033 1.058057 0.173215 0.569235 1.058186 0.173215 0.571407 1.057802 0.173215 0.573432 1.056929 0.173215 0.575202 1.055612 0.173215 0.576619 1.053922 0.173215 0.577609 1.051951 0.173215 0.578118 1.049804 0.173215 0.578118 1.047599 0.173215 0.577609 1.045452 0.173215 0.576619 1.043481 0.173215 0.575202 1.041792 0.173215 0.573432 1.040474 0.173215 0.571407 1.039601 0.173215 0.569235 1.039218 0.173215 0.567033 1.039346 0.173215 0.564920 1.039979 0.173215 0.563009 1.041081 0.173215 0.561405 1.042595 0.173215 0.560193 1.044438 0.173215 0.559438 1.046511 0.173215 0.559305 1.025527 0.174215 0.563414 1.036817 0.174215 0.563414 1.036817 0.173215 0.559305 1.025527 0.173215 0.573951 1.036817 0.174215 0.578060 1.025527 0.174215 0.578060 1.025527 0.173215 0.573951 1.036817 0.173215 0.580567 1.043433 0.174215 0.579402 1.041347 0.174215 0.577875 1.039509 0.174215 0.576037 1.037982 0.174215 0.576037 1.037982 0.173215 0.577875 1.039509 0.173215 0.579402 1.041347 0.173215 0.580567 1.043433 0.173215 0.591857 1.039324 0.174215 0.591857 1.039324 0.173215 0.580567 1.053970 0.174215 0.591857 1.058079 0.174215 0.591857 1.058079 0.173215 0.580567 1.053970 0.173215 0.573951 1.060586 0.174215 0.576037 1.059421 0.174215 0.577875 1.057894 0.174215 0.579402 1.056056 0.174215 0.579402 1.056056 0.173215 0.577875 1.057894 0.173215 0.576037 1.059421 0.173215 0.573951 1.060586 0.173215 0.578060 1.071876 0.174215 0.578060 1.071876 0.173215 0.563414 1.060586 0.174215 0.559305 1.071876 0.174215 0.559305 1.071876 0.173215 0.563414 1.060586 0.173215 0.556798 1.053970 0.174215 0.557963 1.056056 0.174215 0.559490 1.057894 0.174215 0.561328 1.059421 0.174215 0.561328 1.059421 0.173215 0.559490 1.057894 0.173215 0.557963 1.056056 0.173215 0.556798 1.053970 0.173215 0.545508 1.058079 0.174215 0.545508 1.058079 0.173215 0.556798 1.043433 0.174215 0.545508 1.039324 0.174215 0.545508 1.039324 0.173215 0.556798 1.043433 0.173215 0.561328 1.037982 0.174215 0.559490 1.039509 0.174215 0.557963 1.041347 0.174215 0.557963 1.041347 0.173215 0.559490 1.039509 0.173215 0.561328 1.037982 0.173215 0.544499 1.042363 0.173215 0.543887 1.045506 0.173215 0.543682 1.048702 0.173215 0.543887 1.051897 0.173215 0.544499 1.055040 0.173215 0.562344 1.072885 0.173215 0.565487 1.073497 0.173215 0.568682 1.073702 0.173215 0.571878 1.073497 0.173215 0.575021 1.072885 0.173215 0.592866 1.055040 0.173215 0.593477 1.051897 0.173215 0.593682 1.048702 0.173215 0.593477 1.045506 0.173215 0.592866 1.042363 0.173215 0.575021 1.024518 0.173215 0.571878 1.023907 0.173215 0.568682 1.023702 0.173215 0.565487 1.023907 0.173215 0.562344 1.024518 0.173215 0.556301 1.026983 0.174215 0.553518 1.028826 0.174215 0.551005 1.031024 0.174215 0.548807 1.033537 0.174215 0.546964 1.036320 0.174215 0.546964 1.061083 0.174215 0.548807 1.063866 0.174215 0.551005 1.066379 0.174215 0.553518 1.068577 0.174215 0.556301 1.070420 0.174215 0.590401 1.036320 0.174215 0.588558 1.033537 0.174215 0.586360 1.031024 0.174215 0.583847 1.028826 0.174215 0.581064 1.026983 0.174215 0.590401 1.061083 0.174215 0.588558 1.063866 0.174215 0.586360 1.066379 0.174215 0.583847 1.068577 0.174215 0.581064 1.070420 0.174215 0.543682 1.048702 0.175215 0.543949 1.052342 0.175215 0.544742 1.055904 0.175215 0.546046 1.059313 0.175215 0.547832 1.062496 0.175215 0.550063 1.065385 0.175215 0.552691 1.067918 0.175215 0.555659 1.070041 0.175215 0.558905 1.071710 0.175215 0.562359 1.072889 0.175215 0.565948 1.073552 0.175215 0.569595 1.073685 0.175215 0.573223 1.073286 0.175215 0.576754 1.072363 0.175215 0.580113 1.070935 0.175215 0.583229 1.069034 0.175215 0.586034 1.066699 0.175215 0.588470 1.063981 0.175215 0.590484 1.060937 0.175215 0.592033 1.057632 0.175215 0.593084 1.054137 0.175215 0.593616 1.050526 0.175215 0.593616 1.046877 0.175215 0.593084 1.043266 0.175215 0.592033 1.039771 0.175215 0.590484 1.036466 0.175215 0.588470 1.033422 0.175215 0.586034 1.030704 0.175215 0.583229 1.028369 0.175215 0.580113 1.026468 0.175215 0.576754 1.025041 0.175215 0.573223 1.024117 0.175215 0.569595 1.023718 0.175215 0.565948 1.023852 0.175215 0.562359 1.024515 0.175215 0.558905 1.025693 0.175215 0.555659 1.027362 0.175215 0.552691 1.029485 0.175215 0.550063 1.032019 0.175215 0.547832 1.034907 0.175215 0.546046 1.038090 0.175215 0.544742 1.041499 0.175215 0.543949 1.045062 0.175215 0.590050 1.088912 0.194215 0.590304 1.089243 0.194215 0.590636 1.089497 0.194215 0.591022 1.089657 0.194215 0.591436 1.089712 0.194215 0.591850 1.089657 0.194215 0.592236 1.089497 0.194215 0.592567 1.089243 0.194215 0.592822 1.088912 0.194215 0.592981 1.088526 0.194215 0.593036 1.088112 0.194215 0.592981 1.087698 0.194215 0.592822 1.087312 0.194215 0.592567 1.086980 0.194215 0.592236 1.086726 0.194215 0.591850 1.086566 0.194215 0.591436 1.086512 0.194215 0.591022 1.086566 0.194215 0.590636 1.086726 0.194215 0.590304 1.086980 0.194215 0.590050 1.087312 0.194215 0.589890 1.087698 0.194215 0.589836 1.088112 0.194215 0.589890 1.088526 0.194215 0.590050 1.088912 0.197215 0.589890 1.088526 0.197215 0.589836 1.088112 0.197215 0.589890 1.087698 0.197215 0.590050 1.087312 0.197215 0.590304 1.086980 0.197215 0.590636 1.086726 0.197215 0.591022 1.086566 0.197215 0.591436 1.086512 0.197215 0.591850 1.086566 0.197215 0.592236 1.086726 0.197215 0.592567 1.086980 0.197215 0.592822 1.087312 0.197215 0.592981 1.087698 0.197215 0.593036 1.088112 0.197215 0.592981 1.088526 0.197215 0.592822 1.088912 0.197215 0.592567 1.089243 0.197215 0.592236 1.089497 0.197215 0.591850 1.089657 0.197215 0.591436 1.089712 0.197215 0.591022 1.089657 0.197215 0.590636 1.089497 0.197215 0.590304 1.089243 0.197215 0.588838 1.089612 0.194215 0.588538 1.088888 0.194215 0.588436 1.088112 0.194215 0.588538 1.087335 0.194215 0.588838 1.086612 0.194215 0.589315 1.085990 0.194215 0.589936 1.085514 0.194215 0.590659 1.085214 0.194215 0.591436 1.085112 0.194215 0.592212 1.085214 0.194215 0.592936 1.085514 0.194215 0.593557 1.085990 0.194215 0.594034 1.086612 0.194215 0.594334 1.087335 0.194215 0.594436 1.088112 0.194215 0.594334 1.088888 0.194215 0.594034 1.089612 0.194215 0.593557 1.090233 0.194215 0.592936 1.090710 0.194215 0.592212 1.091010 0.194215 0.591436 1.091112 0.194215 0.590659 1.091010 0.194215 0.589936 1.090710 0.194215 0.589315 1.090233 0.194215 0.600615 1.087176 0.194215 0.599774 1.086128 0.192613 0.598747 1.085186 0.190968 0.597532 1.084381 0.189310 0.596154 1.083767 0.187714 0.594643 1.083383 0.186256 0.592982 1.083269 0.184984 0.592057 1.083338 0.184426 0.591097 1.083513 0.183970 0.590128 1.083804 0.183650 0.589182 1.084209 0.183489 0.588359 1.084825 0.183650 0.587623 1.085519 0.183970 0.586991 1.086263 0.184426 0.586469 1.087030 0.184984 0.585737 1.088525 0.186256 0.585314 1.090025 0.187714 0.585157 1.091526 0.189310 0.585246 1.092981 0.190968 0.585548 1.094341 0.192613 0.586036 1.095594 0.194215 0.583108 1.096575 0.194215 0.580126 1.097374 0.194215 0.577100 1.097988 0.194215 0.607157 1.080635 0.194215 0.605112 1.082948 0.194215 0.602929 1.085132 0.194215 0.607293 1.072841 0.194215 0.607678 1.073001 0.194215 0.608093 1.073055 0.194215 0.608507 1.073001 0.194215 0.608893 1.072841 0.194215 0.609224 1.072586 0.194215 0.609478 1.072255 0.194215 0.609638 1.071869 0.194215 0.609693 1.071455 0.194215 0.609638 1.071041 0.194215 0.609478 1.070655 0.194215 0.609224 1.070324 0.194215 0.608893 1.070069 0.194215 0.608507 1.069910 0.194215 0.608093 1.069855 0.194215 0.607678 1.069910 0.194215 0.607293 1.070069 0.194215 0.606961 1.070324 0.194215 0.606707 1.070655 0.194215 0.606547 1.071041 0.194215 0.606493 1.071455 0.194215 0.606547 1.071869 0.194215 0.606707 1.072255 0.194215 0.606961 1.072586 0.194215 0.607293 1.072841 0.197215 0.606961 1.072586 0.197215 0.606707 1.072255 0.197215 0.606547 1.071869 0.197215 0.606493 1.071455 0.197215 0.606547 1.071041 0.197215 0.606707 1.070655 0.197215 0.606961 1.070324 0.197215 0.607293 1.070069 0.197215 0.607678 1.069910 0.197215 0.608093 1.069855 0.197215 0.608507 1.069910 0.197215 0.608893 1.070069 0.197215 0.609224 1.070324 0.197215 0.609478 1.070655 0.197215 0.609638 1.071041 0.197215 0.609693 1.071455 0.197215 0.609638 1.071869 0.197215 0.609478 1.072255 0.197215 0.609224 1.072586 0.197215 0.608893 1.072841 0.197215 0.608507 1.073001 0.197215 0.608093 1.073055 0.197215 0.607678 1.073001 0.197215 0.606593 1.074053 0.194215 0.605971 1.073576 0.194215 0.605495 1.072955 0.194215 0.605195 1.072232 0.194215 0.605093 1.071455 0.194215 0.605195 1.070679 0.194215 0.605495 1.069955 0.194215 0.605971 1.069334 0.194215 0.606593 1.068857 0.194215 0.607316 1.068557 0.194215 0.608093 1.068455 0.194215 0.608869 1.068557 0.194215 0.609593 1.068857 0.194215 0.610214 1.069334 0.194215 0.610691 1.069955 0.194215 0.610990 1.070679 0.194215 0.611093 1.071455 0.194215 0.610990 1.072232 0.194215 0.610691 1.072955 0.194215 0.610214 1.073576 0.194215 0.609593 1.074053 0.194215 0.608869 1.074353 0.194215 0.608093 1.074455 0.194215 0.607316 1.074353 0.194215 0.615574 1.066055 0.194215 0.614322 1.065568 0.192613 0.612962 1.065266 0.190968 0.611507 1.065176 0.189310 0.610006 1.065334 0.187714 0.608506 1.065757 0.186256 0.607011 1.066488 0.184984 0.606244 1.067010 0.184426 0.605500 1.067642 0.183970 0.604806 1.068378 0.183650 0.604189 1.069202 0.183489 0.603785 1.070147 0.183650 0.603494 1.071116 0.183970 0.603319 1.072077 0.184426 0.603250 1.073001 0.184984 0.603364 1.074662 0.186256 0.603748 1.076173 0.187714 0.604362 1.077551 0.189310 0.605167 1.078767 0.190968 0.606108 1.079793 0.192613 0.617969 1.057119 0.194215 0.617355 1.060145 0.194215 0.616556 1.063128 0.194215 0.614189 1.050302 0.194215 0.614603 1.050247 0.194215 0.614989 1.050087 0.194215 0.615321 1.049833 0.194215 0.615575 1.049502 0.194215 0.615735 1.049116 0.194215 0.615789 1.048702 0.194215 0.615735 1.048287 0.194215 0.615575 1.047902 0.194215 0.615321 1.047570 0.194215 0.614989 1.047316 0.194215 0.614603 1.047156 0.194215 0.614189 1.047102 0.194215 0.613775 1.047156 0.194215 0.613389 1.047316 0.194215 0.613058 1.047570 0.194215 0.612804 1.047902 0.194215 0.612644 1.048287 0.194215 0.612589 1.048702 0.194215 0.612644 1.049116 0.194215 0.612804 1.049502 0.194215 0.613058 1.049833 0.194215 0.613389 1.050087 0.194215 0.613775 1.050247 0.194215 0.614189 1.050302 0.197215 0.613775 1.050247 0.197215 0.613389 1.050087 0.197215 0.613058 1.049833 0.197215 0.612804 1.049502 0.197215 0.612644 1.049116 0.197215 0.612589 1.048702 0.197215 0.612644 1.048287 0.197215 0.612804 1.047902 0.197215 0.613058 1.047570 0.197215 0.613389 1.047316 0.197215 0.613775 1.047156 0.197215 0.614189 1.047102 0.197215 0.614603 1.047156 0.197215 0.614989 1.047316 0.197215 0.615321 1.047570 0.197215 0.615575 1.047902 0.197215 0.615735 1.048287 0.197215 0.615789 1.048702 0.197215 0.615735 1.049116 0.197215 0.615575 1.049502 0.197215 0.615321 1.049833 0.197215 0.614989 1.050087 0.197215 0.614603 1.050247 0.197215 0.614189 1.051702 0.194215 0.613413 1.051599 0.194215 0.612689 1.051300 0.194215 0.612068 1.050823 0.194215 0.611591 1.050202 0.194215 0.611292 1.049478 0.194215 0.611189 1.048702 0.194215 0.611292 1.047925 0.194215 0.611591 1.047202 0.194215 0.612068 1.046580 0.194215 0.612689 1.046104 0.194215 0.613413 1.045804 0.194215 0.614189 1.045702 0.194215 0.614966 1.045804 0.194215 0.615689 1.046104 0.194215 0.616311 1.046580 0.194215 0.616787 1.047202 0.194215 0.617087 1.047925 0.194215 0.617189 1.048702 0.194215 0.617087 1.049478 0.194215 0.616787 1.050202 0.194215 0.616311 1.050823 0.194215 0.615689 1.051300 0.194215 0.614966 1.051599 0.194215 0.617969 1.040284 0.194215 0.616640 1.040488 0.192613 0.615311 1.040907 0.190968 0.614007 1.041557 0.189310 0.612786 1.042444 0.187714 0.611698 1.043560 0.186256 0.610769 1.044941 0.184984 0.610366 1.045777 0.184426 0.610037 1.046696 0.183970 0.609804 1.047680 0.183650 0.609682 1.048702 0.183489 0.609804 1.049723 0.183650 0.610037 1.050707 0.183970 0.610366 1.051627 0.184426 0.610769 1.052462 0.184984 0.611698 1.053843 0.186256 0.612786 1.054960 0.187714 0.614007 1.055847 0.189310 0.615311 1.056496 0.190968 0.616640 1.056915 0.192613 0.615574 1.031348 0.194215 0.616556 1.034276 0.194215 0.617355 1.037258 0.194215 0.608893 1.027334 0.194215 0.609224 1.027079 0.194215 0.609478 1.026748 0.194215 0.609638 1.026362 0.194215 0.609693 1.025948 0.194215 0.609638 1.025534 0.194215 0.609478 1.025148 0.194215 0.609224 1.024817 0.194215 0.608893 1.024562 0.194215 0.608507 1.024403 0.194215 0.608093 1.024348 0.194215 0.607678 1.024403 0.194215 0.607293 1.024562 0.194215 0.606961 1.024817 0.194215 0.606707 1.025148 0.194215 0.606547 1.025534 0.194215 0.606493 1.025948 0.194215 0.606547 1.026362 0.194215 0.606707 1.026748 0.194215 0.606961 1.027079 0.194215 0.607293 1.027334 0.194215 0.607678 1.027494 0.194215 0.608093 1.027548 0.194215 0.608507 1.027494 0.194215 0.608893 1.027334 0.197215 0.608507 1.027494 0.197215 0.608093 1.027548 0.197215 0.607678 1.027494 0.197215 0.607293 1.027334 0.197215 0.606961 1.027079 0.197215 0.606707 1.026748 0.197215 0.606547 1.026362 0.197215 0.606493 1.025948 0.197215 0.606547 1.025534 0.197215 0.606707 1.025148 0.197215 0.606961 1.024817 0.197215 0.607293 1.024562 0.197215 0.607678 1.024403 0.197215 0.608093 1.024348 0.197215 0.608507 1.024403 0.197215 0.608893 1.024562 0.197215 0.609224 1.024817 0.197215 0.609478 1.025148 0.197215 0.609638 1.025534 0.197215 0.609693 1.025948 0.197215 0.609638 1.026362 0.197215 0.609478 1.026748 0.197215 0.609224 1.027079 0.197215 0.609593 1.028546 0.194215 0.608869 1.028846 0.194215 0.608093 1.028948 0.194215 0.607316 1.028846 0.194215 0.606593 1.028546 0.194215 0.605971 1.028069 0.194215 0.605494 1.027448 0.194215 0.605195 1.026725 0.194215 0.605093 1.025948 0.194215 0.605195 1.025172 0.194215 0.605494 1.024448 0.194215 0.605971 1.023827 0.194215 0.606593 1.023350 0.194215 0.607316 1.023050 0.194215 0.608093 1.022948 0.194215 0.608869 1.023050 0.194215 0.609593 1.023350 0.194215 0.610214 1.023827 0.194215 0.610691 1.024448 0.194215 0.610990 1.025172 0.194215 0.611093 1.025948 0.194215 0.610990 1.026725 0.194215 0.610691 1.027448 0.194215 0.610214 1.028069 0.194215 0.607157 1.016769 0.194215 0.606108 1.017610 0.192613 0.605167 1.018637 0.190968 0.604362 1.019852 0.189310 0.603748 1.021230 0.187714 0.603364 1.022741 0.186256 0.603250 1.024402 0.184984 0.603319 1.025327 0.184426 0.603494 1.026287 0.183970 0.603785 1.027256 0.183650 0.604189 1.028202 0.183489 0.604806 1.029025 0.183650 0.605500 1.029761 0.183970 0.606244 1.030393 0.184426 0.607011 1.030915 0.184984 0.608506 1.031647 0.186256 0.610006 1.032070 0.187714 0.611507 1.032227 0.189310 0.612962 1.032138 0.190968 0.614322 1.031836 0.192613 0.600615 1.010227 0.194215 0.602929 1.012271 0.194215 0.605112 1.014455 0.194215 0.592822 1.010091 0.194215 0.592981 1.009706 0.194215 0.593036 1.009291 0.194215 0.592981 1.008877 0.194215 0.592822 1.008491 0.194215 0.592567 1.008160 0.194215 0.592236 1.007906 0.194215 0.591850 1.007746 0.194215 0.591436 1.007691 0.194215 0.591022 1.007746 0.194215 0.590636 1.007906 0.194215 0.590304 1.008160 0.194215 0.590050 1.008491 0.194215 0.589890 1.008877 0.194215 0.589836 1.009291 0.194215 0.589890 1.009706 0.194215 0.590050 1.010091 0.194215 0.590304 1.010423 0.194215 0.590636 1.010677 0.194215 0.591022 1.010837 0.194215 0.591436 1.010891 0.194215 0.591850 1.010837 0.194215 0.592236 1.010677 0.194215 0.592567 1.010423 0.194215 0.592822 1.010091 0.197215 0.592567 1.010423 0.197215 0.592236 1.010677 0.197215 0.591850 1.010837 0.197215 0.591436 1.010891 0.197215 0.591022 1.010837 0.197215 0.590636 1.010677 0.197215 0.590304 1.010423 0.197215 0.590050 1.010091 0.197215 0.589890 1.009706 0.197215 0.589836 1.009291 0.197215 0.589890 1.008877 0.197215 0.590050 1.008491 0.197215 0.590304 1.008160 0.197215 0.590636 1.007906 0.197215 0.591022 1.007746 0.197215 0.591436 1.007691 0.197215 0.591850 1.007746 0.197215 0.592236 1.007906 0.197215 0.592567 1.008160 0.197215 0.592822 1.008491 0.197215 0.592981 1.008877 0.197215 0.593036 1.009291 0.197215 0.592981 1.009706 0.197215 0.594034 1.010791 0.194215 0.593557 1.011413 0.194215 0.592936 1.011889 0.194215 0.592212 1.012189 0.194215 0.591436 1.012291 0.194215 0.590659 1.012189 0.194215 0.589936 1.011889 0.194215 0.589315 1.011413 0.194215 0.588838 1.010791 0.194215 0.588538 1.010068 0.194215 0.588436 1.009291 0.194215 0.588538 1.008515 0.194215 0.588838 1.007791 0.194215 0.589315 1.007170 0.194215 0.589936 1.006693 0.194215 0.590659 1.006394 0.194215 0.591436 1.006291 0.194215 0.592212 1.006394 0.194215 0.592936 1.006693 0.194215 0.593557 1.007170 0.194215 0.594034 1.007791 0.194215 0.594334 1.008515 0.194215 0.594436 1.009291 0.194215 0.594334 1.010068 0.194215 0.586036 1.001810 0.194215 0.585548 1.003062 0.192613 0.585246 1.004422 0.190968 0.585157 1.005877 0.189310 0.585314 1.007378 0.187714 0.585737 1.008878 0.186256 0.586469 1.010373 0.184984 0.586991 1.011140 0.184426 0.587623 1.011884 0.183970 0.588359 1.012578 0.183650 0.589182 1.013195 0.183489 0.590128 1.013599 0.183650 0.591097 1.013890 0.183970 0.592057 1.014065 0.184426 0.592982 1.014134 0.184984 0.594643 1.014020 0.186256 0.596154 1.013636 0.187714 0.597532 1.013022 0.189310 0.598747 1.012217 0.190968 0.599774 1.011276 0.192613 0.577100 0.999415 0.194215 0.580126 1.000029 0.194215 0.583108 1.000828 0.194215 0.570282 1.003195 0.194215 0.570228 1.002780 0.194215 0.570068 1.002395 0.194215 0.569814 1.002063 0.194215 0.569482 1.001809 0.194215 0.569096 1.001649 0.194215 0.568682 1.001595 0.194215 0.568268 1.001649 0.194215 0.567882 1.001809 0.194215 0.567551 1.002063 0.194215 0.567297 1.002395 0.194215 0.567137 1.002780 0.194215 0.567082 1.003195 0.194215 0.567137 1.003609 0.194215 0.567297 1.003995 0.194215 0.567551 1.004326 0.194215 0.567882 1.004580 0.194215 0.568268 1.004740 0.194215 0.568682 1.004795 0.194215 0.569096 1.004740 0.194215 0.569482 1.004580 0.194215 0.569814 1.004326 0.194215 0.570068 1.003995 0.194215 0.570228 1.003609 0.194215 0.570282 1.003195 0.197215 0.570228 1.003609 0.197215 0.570068 1.003995 0.197215 0.569814 1.004326 0.197215 0.569482 1.004580 0.197215 0.569096 1.004740 0.197215 0.568682 1.004795 0.197215 0.568268 1.004740 0.197215 0.567882 1.004580 0.197215 0.567551 1.004326 0.197215 0.567297 1.003995 0.197215 0.567137 1.003609 0.197215 0.567082 1.003195 0.197215 0.567137 1.002780 0.197215 0.567297 1.002395 0.197215 0.567551 1.002063 0.197215 0.567882 1.001809 0.197215 0.568268 1.001649 0.197215 0.568682 1.001595 0.197215 0.569096 1.001649 0.197215 0.569482 1.001809 0.197215 0.569814 1.002063 0.197215 0.570068 1.002395 0.197215 0.570228 1.002780 0.197215 0.571682 1.003195 0.194215 0.571580 1.003971 0.194215 0.571280 1.004695 0.194215 0.570804 1.005316 0.194215 0.570182 1.005793 0.194215 0.569459 1.006092 0.194215 0.568682 1.006195 0.194215 0.567906 1.006092 0.194215 0.567182 1.005793 0.194215 0.566561 1.005316 0.194215 0.566084 1.004695 0.194215 0.565785 1.003971 0.194215 0.565682 1.003195 0.194215 0.565785 1.002418 0.194215 0.566084 1.001695 0.194215 0.566561 1.001073 0.194215 0.567182 1.000597 0.194215 0.567906 1.000297 0.194215 0.568682 1.000195 0.194215 0.569459 1.000297 0.194215 0.570182 1.000597 0.194215 0.570804 1.001073 0.194215 0.571280 1.001695 0.194215 0.571580 1.002418 0.194215 0.560265 0.999415 0.194215 0.560469 1.000744 0.192613 0.560888 1.002073 0.190968 0.561537 1.003377 0.189310 0.562424 1.004598 0.187714 0.563541 1.005686 0.186256 0.564922 1.006615 0.184984 0.565757 1.007018 0.184426 0.566677 1.007347 0.183970 0.567661 1.007580 0.183650 0.568682 1.007702 0.183489 0.569703 1.007580 0.183650 0.570688 1.007347 0.183970 0.571607 1.007018 0.184426 0.572443 1.006615 0.184984 0.573824 1.005686 0.186256 0.574940 1.004598 0.187714 0.575827 1.003377 0.189310 0.576477 1.002073 0.190968 0.576896 1.000744 0.192613 0.551329 1.001810 0.194215 0.554256 1.000828 0.194215 0.557239 1.000029 0.194215 0.547315 1.008491 0.194215 0.547060 1.008160 0.194215 0.546729 1.007906 0.194215 0.546343 1.007746 0.194215 0.545929 1.007691 0.194215 0.545515 1.007746 0.194215 0.545129 1.007906 0.194215 0.544798 1.008160 0.194215 0.544543 1.008491 0.194215 0.544383 1.008877 0.194215 0.544329 1.009291 0.194215 0.544383 1.009706 0.194215 0.544543 1.010091 0.194215 0.544798 1.010423 0.194215 0.545129 1.010677 0.194215 0.545515 1.010837 0.194215 0.545929 1.010891 0.194215 0.546343 1.010837 0.194215 0.546729 1.010677 0.194215 0.547060 1.010423 0.194215 0.547315 1.010091 0.194215 0.547474 1.009706 0.194215 0.547529 1.009291 0.194215 0.547474 1.008877 0.194215 0.547315 1.008491 0.197215 0.547474 1.008877 0.197215 0.547529 1.009291 0.197215 0.547474 1.009706 0.197215 0.547315 1.010091 0.197215 0.547060 1.010423 0.197215 0.546729 1.010677 0.197215 0.546343 1.010837 0.197215 0.545929 1.010891 0.197215 0.545515 1.010837 0.197215 0.545129 1.010677 0.197215 0.544798 1.010423 0.197215 0.544543 1.010091 0.197215 0.544383 1.009706 0.197215 0.544329 1.009291 0.197215 0.544383 1.008877 0.197215 0.544543 1.008491 0.197215 0.544798 1.008160 0.197215 0.545129 1.007906 0.197215 0.545515 1.007746 0.197215 0.545929 1.007691 0.197215 0.546343 1.007746 0.197215 0.546729 1.007906 0.197215 0.547060 1.008160 0.197215 0.548527 1.007791 0.194215 0.548827 1.008515 0.194215 0.548929 1.009291 0.194215 0.548827 1.010068 0.194215 0.548527 1.010791 0.194215 0.548050 1.011413 0.194215 0.547429 1.011889 0.194215 0.546705 1.012189 0.194215 0.545929 1.012291 0.194215 0.545152 1.012189 0.194215 0.544429 1.011889 0.194215 0.543808 1.011413 0.194215 0.543331 1.010791 0.194215 0.543031 1.010068 0.194215 0.542929 1.009291 0.194215 0.543031 1.008515 0.194215 0.543331 1.007791 0.194215 0.543808 1.007170 0.194215 0.544429 1.006693 0.194215 0.545152 1.006394 0.194215 0.545929 1.006291 0.194215 0.546705 1.006394 0.194215 0.547429 1.006693 0.194215 0.548050 1.007170 0.194215 0.536749 1.010227 0.194215 0.537591 1.011276 0.192613 0.538617 1.012217 0.190968 0.539833 1.013022 0.189310 0.541211 1.013636 0.187714 0.542722 1.014020 0.186256 0.544382 1.014134 0.184984 0.545307 1.014065 0.184426 0.546268 1.013890 0.183970 0.547237 1.013599 0.183650 0.548182 1.013195 0.183489 0.549006 1.012578 0.183650 0.549742 1.011884 0.183970 0.550374 1.011140 0.184426 0.550896 1.010373 0.184984 0.551627 1.008878 0.186256 0.552050 1.007378 0.187714 0.552208 1.005877 0.189310 0.552118 1.004422 0.190968 0.551816 1.003062 0.192613 0.530208 1.016769 0.194215 0.532252 1.014455 0.194215 0.534436 1.012271 0.194215 0.530072 1.024562 0.194215 0.529686 1.024403 0.194215 0.529272 1.024348 0.194215 0.528858 1.024403 0.194215 0.528472 1.024562 0.194215 0.528141 1.024817 0.194215 0.527887 1.025148 0.194215 0.527727 1.025534 0.194215 0.527672 1.025948 0.194215 0.527727 1.026362 0.194215 0.527887 1.026748 0.194215 0.528141 1.027079 0.194215 0.528472 1.027334 0.194215 0.528858 1.027494 0.194215 0.529272 1.027548 0.194215 0.529686 1.027494 0.194215 0.530072 1.027334 0.194215 0.530404 1.027079 0.194215 0.530658 1.026748 0.194215 0.530818 1.026362 0.194215 0.530872 1.025948 0.194215 0.530818 1.025534 0.194215 0.530658 1.025148 0.194215 0.530404 1.024817 0.194215 0.530072 1.024562 0.197215 0.530404 1.024817 0.197215 0.530658 1.025148 0.197215 0.530818 1.025534 0.197215 0.530872 1.025948 0.197215 0.530818 1.026362 0.197215 0.530658 1.026748 0.197215 0.530404 1.027079 0.197215 0.530072 1.027334 0.197215 0.529686 1.027494 0.197215 0.529272 1.027548 0.197215 0.528858 1.027494 0.197215 0.528472 1.027334 0.197215 0.528141 1.027079 0.197215 0.527887 1.026748 0.197215 0.527727 1.026362 0.197215 0.527672 1.025948 0.197215 0.527727 1.025534 0.197215 0.527887 1.025148 0.197215 0.528141 1.024817 0.197215 0.528472 1.024562 0.197215 0.528858 1.024403 0.197215 0.529272 1.024348 0.197215 0.529686 1.024403 0.197215 0.530772 1.023350 0.194215 0.531393 1.023827 0.194215 0.531870 1.024448 0.194215 0.532170 1.025172 0.194215 0.532272 1.025948 0.194215 0.532170 1.026725 0.194215 0.531870 1.027448 0.194215 0.531393 1.028069 0.194215 0.530772 1.028546 0.194215 0.530049 1.028846 0.194215 0.529272 1.028948 0.194215 0.528496 1.028846 0.194215 0.527772 1.028546 0.194215 0.527151 1.028069 0.194215 0.526674 1.027448 0.194215 0.526374 1.026725 0.194215 0.526272 1.025948 0.194215 0.526374 1.025172 0.194215 0.526674 1.024448 0.194215 0.527151 1.023827 0.194215 0.527772 1.023350 0.194215 0.528496 1.023050 0.194215 0.529272 1.022948 0.194215 0.530049 1.023050 0.194215 0.521790 1.031348 0.194215 0.523043 1.031836 0.192613 0.524403 1.032138 0.190968 0.525858 1.032227 0.189310 0.527359 1.032070 0.187714 0.528859 1.031647 0.186256 0.530354 1.030915 0.184984 0.531121 1.030393 0.184426 0.531865 1.029761 0.183970 0.532559 1.029025 0.183650 0.533175 1.028202 0.183489 0.533580 1.027256 0.183650 0.533871 1.026287 0.183970 0.534046 1.025327 0.184426 0.534115 1.024402 0.184984 0.534001 1.022741 0.186256 0.533617 1.021230 0.187714 0.533003 1.019852 0.189310 0.532198 1.018637 0.190968 0.531256 1.017610 0.192613 0.519396 1.040284 0.194215 0.520010 1.037258 0.194215 0.520809 1.034276 0.194215 0.523175 1.047102 0.194215 0.522761 1.047156 0.194215 0.522375 1.047316 0.194215 0.522044 1.047570 0.194215 0.521790 1.047902 0.194215 0.521630 1.048287 0.194215 0.521575 1.048702 0.194215 0.521630 1.049116 0.194215 0.521790 1.049502 0.194215 0.522044 1.049833 0.194215 0.522375 1.050087 0.194215 0.522761 1.050247 0.194215 0.523175 1.050302 0.194215 0.523589 1.050247 0.194215 0.523975 1.050087 0.194215 0.524307 1.049833 0.194215 0.524561 1.049502 0.194215 0.524721 1.049116 0.194215 0.524775 1.048702 0.194215 0.524721 1.048287 0.194215 0.524561 1.047902 0.194215 0.524307 1.047570 0.194215 0.523975 1.047316 0.194215 0.523589 1.047156 0.194215 0.523175 1.047102 0.197215 0.523589 1.047156 0.197215 0.523975 1.047316 0.197215 0.524307 1.047570 0.197215 0.524561 1.047902 0.197215 0.524721 1.048287 0.197215 0.524775 1.048702 0.197215 0.524721 1.049116 0.197215 0.524561 1.049502 0.197215 0.524307 1.049833 0.197215 0.523975 1.050087 0.197215 0.523589 1.050247 0.197215 0.523175 1.050302 0.197215 0.522761 1.050247 0.197215 0.522375 1.050087 0.197215 0.522044 1.049833 0.197215 0.521790 1.049502 0.197215 0.521630 1.049116 0.197215 0.521575 1.048702 0.197215 0.521630 1.048287 0.197215 0.521790 1.047902 0.197215 0.522044 1.047570 0.197215 0.522375 1.047316 0.197215 0.522761 1.047156 0.197215 0.523175 1.045702 0.194215 0.523952 1.045804 0.194215 0.524675 1.046104 0.194215 0.525297 1.046580 0.194215 0.525773 1.047202 0.194215 0.526073 1.047925 0.194215 0.526175 1.048702 0.194215 0.526073 1.049478 0.194215 0.525773 1.050202 0.194215 0.525297 1.050823 0.194215 0.524675 1.051300 0.194215 0.523952 1.051599 0.194215 0.523175 1.051702 0.194215 0.522399 1.051599 0.194215 0.521675 1.051300 0.194215 0.521054 1.050823 0.194215 0.520577 1.050202 0.194215 0.520278 1.049478 0.194215 0.520175 1.048702 0.194215 0.520278 1.047925 0.194215 0.520577 1.047202 0.194215 0.521054 1.046580 0.194215 0.521675 1.046104 0.194215 0.522399 1.045804 0.194215 0.519396 1.057119 0.194215 0.520725 1.056915 0.192613 0.522053 1.056496 0.190968 0.523358 1.055847 0.189310 0.524579 1.054960 0.187714 0.525667 1.053843 0.186256 0.526596 1.052462 0.184984 0.526999 1.051627 0.184426 0.527327 1.050707 0.183970 0.527560 1.049723 0.183650 0.527682 1.048702 0.183489 0.527560 1.047680 0.183650 0.527327 1.046696 0.183970 0.526999 1.045777 0.184426 0.526596 1.044941 0.184984 0.525667 1.043560 0.186256 0.524579 1.042444 0.187714 0.523358 1.041557 0.189310 0.522053 1.040907 0.190968 0.520725 1.040488 0.192613 0.521790 1.066055 0.194215 0.520809 1.063128 0.194215 0.520010 1.060145 0.194215 0.528472 1.070069 0.194215 0.528141 1.070324 0.194215 0.527887 1.070655 0.194215 0.527727 1.071041 0.194215 0.527672 1.071455 0.194215 0.527727 1.071869 0.194215 0.527887 1.072255 0.194215 0.528141 1.072586 0.194215 0.528472 1.072841 0.194215 0.528858 1.073001 0.194215 0.529272 1.073055 0.194215 0.529686 1.073001 0.194215 0.530072 1.072841 0.194215 0.530404 1.072586 0.194215 0.530658 1.072255 0.194215 0.530818 1.071869 0.194215 0.530872 1.071455 0.194215 0.530818 1.071041 0.194215 0.530658 1.070655 0.194215 0.530404 1.070324 0.194215 0.530072 1.070069 0.194215 0.529686 1.069910 0.194215 0.529272 1.069855 0.194215 0.528858 1.069910 0.194215 0.528472 1.070069 0.197215 0.528858 1.069910 0.197215 0.529272 1.069855 0.197215 0.529686 1.069910 0.197215 0.530072 1.070069 0.197215 0.530404 1.070324 0.197215 0.530658 1.070655 0.197215 0.530818 1.071041 0.197215 0.530872 1.071455 0.197215 0.530818 1.071869 0.197215 0.530658 1.072255 0.197215 0.530404 1.072586 0.197215 0.530072 1.072841 0.197215 0.529686 1.073001 0.197215 0.529272 1.073055 0.197215 0.528858 1.073001 0.197215 0.528472 1.072841 0.197215 0.528141 1.072586 0.197215 0.527887 1.072255 0.197215 0.527727 1.071869 0.197215 0.527672 1.071455 0.197215 0.527727 1.071041 0.197215 0.527887 1.070655 0.197215 0.528141 1.070324 0.197215 0.527772 1.068857 0.194215 0.528496 1.068557 0.194215 0.529272 1.068455 0.194215 0.530049 1.068557 0.194215 0.530772 1.068857 0.194215 0.531393 1.069334 0.194215 0.531870 1.069955 0.194215 0.532170 1.070679 0.194215 0.532272 1.071455 0.194215 0.532170 1.072232 0.194215 0.531870 1.072955 0.194215 0.531393 1.073576 0.194215 0.530772 1.074053 0.194215 0.530049 1.074353 0.194215 0.529272 1.074455 0.194215 0.528496 1.074353 0.194215 0.527772 1.074053 0.194215 0.527151 1.073576 0.194215 0.526674 1.072955 0.194215 0.526374 1.072232 0.194215 0.526272 1.071455 0.194215 0.526374 1.070679 0.194215 0.526674 1.069955 0.194215 0.527151 1.069334 0.194215 0.530208 1.080635 0.194215 0.531256 1.079793 0.192613 0.532198 1.078767 0.190968 0.533003 1.077551 0.189310 0.533617 1.076173 0.187714 0.534001 1.074662 0.186256 0.534115 1.073001 0.184984 0.534046 1.072077 0.184426 0.533871 1.071116 0.183970 0.533580 1.070147 0.183650 0.533175 1.069202 0.183489 0.532559 1.068378 0.183650 0.531865 1.067642 0.183970 0.531121 1.067010 0.184426 0.530354 1.066488 0.184984 0.528859 1.065757 0.186256 0.527359 1.065334 0.187714 0.525858 1.065176 0.189310 0.524403 1.065266 0.190968 0.523043 1.065568 0.192613 0.536749 1.087176 0.194215 0.534436 1.085132 0.194215 0.532252 1.082948 0.194215 0.544543 1.087312 0.194215 0.544383 1.087698 0.194215 0.544329 1.088112 0.194215 0.544383 1.088526 0.194215 0.544543 1.088912 0.194215 0.544798 1.089243 0.194215 0.545129 1.089497 0.194215 0.545515 1.089657 0.194215 0.545929 1.089712 0.194215 0.546343 1.089657 0.194215 0.546729 1.089497 0.194215 0.547060 1.089243 0.194215 0.547315 1.088912 0.194215 0.547474 1.088526 0.194215 0.547529 1.088112 0.194215 0.547474 1.087698 0.194215 0.547315 1.087312 0.194215 0.547060 1.086980 0.194215 0.546729 1.086726 0.194215 0.546343 1.086566 0.194215 0.545929 1.086512 0.194215 0.545515 1.086566 0.194215 0.545129 1.086726 0.194215 0.544798 1.086980 0.194215 0.544543 1.087312 0.197215 0.544798 1.086980 0.197215 0.545129 1.086726 0.197215 0.545515 1.086566 0.197215 0.545929 1.086512 0.197215 0.546343 1.086566 0.197215 0.546729 1.086726 0.197215 0.547060 1.086980 0.197215 0.547315 1.087312 0.197215 0.547474 1.087698 0.197215 0.547529 1.088112 0.197215 0.547474 1.088526 0.197215 0.547315 1.088912 0.197215 0.547060 1.089243 0.197215 0.546729 1.089497 0.197215 0.546343 1.089657 0.197215 0.545929 1.089712 0.197215 0.545515 1.089657 0.197215 0.545129 1.089497 0.197215 0.544798 1.089243 0.197215 0.544543 1.088912 0.197215 0.544383 1.088526 0.197215 0.544329 1.088112 0.197215 0.544383 1.087698 0.197215 0.543331 1.086612 0.194215 0.543808 1.085990 0.194215 0.544429 1.085514 0.194215 0.545152 1.085214 0.194215 0.545929 1.085112 0.194215 0.546705 1.085214 0.194215 0.547429 1.085514 0.194215 0.548050 1.085990 0.194215 0.548527 1.086612 0.194215 0.548827 1.087335 0.194215 0.548929 1.088112 0.194215 0.548827 1.088888 0.194215 0.548527 1.089612 0.194215 0.548050 1.090233 0.194215 0.547429 1.090710 0.194215 0.546705 1.091010 0.194215 0.545929 1.091112 0.194215 0.545152 1.091010 0.194215 0.544429 1.090710 0.194215 0.543808 1.090233 0.194215 0.543331 1.089612 0.194215 0.543031 1.088888 0.194215 0.542929 1.088112 0.194215 0.543031 1.087335 0.194215 0.548182 1.084209 0.183489 0.547237 1.083804 0.183650 0.546268 1.083513 0.183970 0.545307 1.083338 0.184426 0.544382 1.083269 0.184984 0.542722 1.083383 0.186256 0.541211 1.083767 0.187714 0.539833 1.084381 0.189310 0.538617 1.085186 0.190968 0.537591 1.086128 0.192613 0.551329 1.095594 0.194215 0.551816 1.094341 0.192613 0.552118 1.092981 0.190968 0.552208 1.091526 0.189310 0.552050 1.090025 0.187714 0.551627 1.088525 0.186256 0.550896 1.087030 0.184984 0.550374 1.086263 0.184426 0.549742 1.085519 0.183970 0.549006 1.084825 0.183650 0.567082 1.094209 0.194215 0.567137 1.094623 0.194215 0.567297 1.095009 0.194215 0.567551 1.095340 0.194215 0.567882 1.095594 0.194215 0.568268 1.095754 0.194215 0.568682 1.095809 0.194215 0.569096 1.095754 0.194215 0.569482 1.095594 0.194215 0.569814 1.095340 0.194215 0.570068 1.095009 0.194215 0.570228 1.094623 0.194215 0.570282 1.094209 0.194215 0.570228 1.093794 0.194215 0.570068 1.093409 0.194215 0.569814 1.093077 0.194215 0.569482 1.092823 0.194215 0.569096 1.092663 0.194215 0.568682 1.092609 0.194215 0.568268 1.092663 0.194215 0.567882 1.092823 0.194215 0.567551 1.093077 0.194215 0.567297 1.093409 0.194215 0.567137 1.093794 0.194215 0.567082 1.094209 0.197215 0.567137 1.093794 0.197215 0.567297 1.093409 0.197215 0.567551 1.093077 0.197215 0.567882 1.092823 0.197215 0.568268 1.092663 0.197215 0.568682 1.092609 0.197215 0.569096 1.092663 0.197215 0.569482 1.092823 0.197215 0.569814 1.093077 0.197215 0.570068 1.093409 0.197215 0.570228 1.093794 0.197215 0.570282 1.094209 0.197215 0.570228 1.094623 0.197215 0.570068 1.095009 0.197215 0.569814 1.095340 0.197215 0.569482 1.095594 0.197215 0.569096 1.095754 0.197215 0.568682 1.095809 0.197215 0.568268 1.095754 0.197215 0.567882 1.095594 0.197215 0.567551 1.095340 0.197215 0.567297 1.095009 0.197215 0.567137 1.094623 0.197215 0.565682 1.094209 0.194215 0.565785 1.093432 0.194215 0.566084 1.092709 0.194215 0.566561 1.092087 0.194215 0.567182 1.091611 0.194215 0.567906 1.091311 0.194215 0.568682 1.091209 0.194215 0.569459 1.091311 0.194215 0.570182 1.091611 0.194215 0.570804 1.092087 0.194215 0.571280 1.092709 0.194215 0.571580 1.093432 0.194215 0.571682 1.094209 0.194215 0.571580 1.094985 0.194215 0.571280 1.095709 0.194215 0.570804 1.096330 0.194215 0.570182 1.096807 0.194215 0.569459 1.097106 0.194215 0.568682 1.097209 0.194215 0.567906 1.097106 0.194215 0.567182 1.096807 0.194215 0.566561 1.096330 0.194215 0.566084 1.095709 0.194215 0.565785 1.094985 0.194215 0.568682 1.089702 0.183489 0.567661 1.089824 0.183650 0.566677 1.090057 0.183970 0.565757 1.090385 0.184426 0.564922 1.090788 0.184984 0.563541 1.091717 0.186256 0.562424 1.092805 0.187714 0.561537 1.094026 0.189310 0.560888 1.095330 0.190968 0.560469 1.096659 0.192613 0.560265 1.097988 0.194215 0.576896 1.096659 0.192613 0.576477 1.095330 0.190968 0.575827 1.094026 0.189310 0.574940 1.092805 0.187714 0.573824 1.091717 0.186256 0.572443 1.090788 0.184984 0.571607 1.090385 0.184426 0.570688 1.090057 0.183970 0.569703 1.089824 0.183650 0.554256 1.096575 0.194215 0.557239 1.097374 0.194215 0.534625 1.048702 0.175215 0.534883 1.044516 0.175215 0.535654 1.040395 0.175215 0.536925 1.036399 0.175215 0.538678 1.032589 0.175215 0.540885 1.029024 0.175215 0.543514 1.025757 0.175215 0.546524 1.022838 0.175215 0.549870 1.020312 0.175215 0.553502 1.018215 0.175215 0.557363 1.016580 0.175215 0.561396 1.015433 0.175215 0.565540 1.014790 0.175215 0.569731 1.014661 0.175215 0.573906 1.015048 0.175215 0.578003 1.015945 0.175215 0.581957 1.017338 0.175215 0.585711 1.019207 0.175215 0.589206 1.021523 0.175215 0.592391 1.024252 0.175215 0.595216 1.027350 0.175215 0.597638 1.030773 0.175215 0.599622 1.034467 0.175215 0.601137 1.038377 0.175215 0.602160 1.042444 0.175215 0.602675 1.046605 0.175215 0.602675 1.050798 0.175215 0.602160 1.054960 0.175215 0.601137 1.059026 0.175215 0.599622 1.062936 0.175215 0.597638 1.066630 0.175215 0.595216 1.070053 0.175215 0.592391 1.073152 0.175215 0.589206 1.075880 0.175215 0.585711 1.078196 0.175215 0.581957 1.080065 0.175215 0.578003 1.081459 0.175215 0.573906 1.082356 0.175215 0.569731 1.082743 0.175215 0.565540 1.082613 0.175215 0.561396 1.081970 0.175215 0.557363 1.080823 0.175215 0.553502 1.079188 0.175215 0.549870 1.077092 0.175215 0.546524 1.074565 0.175215 0.543514 1.071646 0.175215 0.540885 1.068379 0.175215 0.538678 1.064814 0.175215 0.536925 1.061004 0.175215 0.535654 1.057009 0.175215 0.534883 1.052887 0.175215 0.328682 0.919702 0.224715 0.328946 0.919702 0.231605 0.329737 0.919702 0.238454 0.331050 0.919702 0.245222 0.332877 0.919702 0.251870 0.335207 0.919702 0.258359 0.338027 0.919702 0.264650 0.341321 0.919702 0.270707 0.345069 0.919702 0.276494 0.349248 0.919702 0.281977 0.353835 0.919702 0.287124 0.358803 0.919702 0.291905 0.364122 0.919702 0.296291 0.369761 0.919702 0.300258 0.375688 0.919702 0.303781 0.381866 0.919702 0.306840 0.388261 0.919702 0.309418 0.394834 0.919702 0.311498 0.401547 0.919702 0.313069 0.408361 0.919702 0.314121 0.415235 0.919702 0.314649 0.422130 0.919702 0.314649 0.429004 0.919702 0.314121 0.435818 0.919702 0.313069 0.442531 0.919702 0.311498 0.449104 0.919702 0.309418 0.455499 0.919702 0.306840 0.461677 0.919702 0.303781 0.467603 0.919702 0.300258 0.473243 0.919702 0.296291 0.478562 0.919702 0.291905 0.483529 0.919702 0.287124 0.488116 0.919702 0.281977 0.492296 0.919702 0.276494 0.496044 0.919702 0.270707 0.499337 0.919702 0.264650 0.502158 0.919702 0.258359 0.504488 0.919702 0.251870 0.506315 0.919702 0.245222 0.507628 0.919702 0.238454 0.508418 0.919702 0.231605 0.508682 0.919702 0.224715 0.508418 0.919702 0.217826 0.507628 0.919702 0.210977 0.506315 0.919702 0.204208 0.504488 0.919702 0.197560 0.502158 0.919702 0.191072 0.499337 0.919702 0.184780 0.496044 0.919702 0.178723 0.492296 0.919702 0.172936 0.488116 0.919702 0.167453 0.483529 0.919702 0.162306 0.478562 0.919702 0.157525 0.473243 0.919702 0.153139 0.467603 0.919702 0.149172 0.461677 0.919702 0.145649 0.455499 0.919702 0.142590 0.449104 0.919702 0.140013 0.442531 0.919702 0.137932 0.435818 0.919702 0.136361 0.429004 0.919702 0.135309 0.422130 0.919702 0.134781 0.415235 0.919702 0.134781 0.408361 0.919702 0.135309 0.401547 0.919702 0.136361 0.394834 0.919702 0.137932 0.388261 0.919702 0.140013 0.381866 0.919702 0.142590 0.375688 0.919702 0.145649 0.369761 0.919702 0.149172 0.364122 0.919702 0.153139 0.358803 0.919702 0.157525 0.353835 0.919702 0.162306 0.349248 0.919702 0.167453 0.345069 0.919702 0.172936 0.341321 0.919702 0.178723 0.338027 0.919702 0.184780 0.335207 0.919702 0.191072 0.332877 0.919702 0.197560 0.331050 0.919702 0.204208 0.329737 0.919702 0.210977 0.328946 0.919702 0.217826 0.334682 0.925702 0.224715 0.334948 0.925702 0.218041 0.335743 0.925702 0.211410 0.337062 0.925702 0.204862 0.338897 0.925702 0.198440 0.341237 0.925702 0.192184 0.344067 0.925702 0.186134 0.347368 0.925702 0.180328 0.351120 0.925702 0.174802 0.355299 0.925702 0.169592 0.359879 0.925702 0.164731 0.364831 0.925702 0.160248 0.370123 0.925702 0.156174 0.375722 0.925702 0.152532 0.381593 0.925702 0.149347 0.387698 0.925702 0.146639 0.393999 0.925702 0.144424 0.400456 0.925702 0.142716 0.407029 0.925702 0.141527 0.413675 0.925702 0.140865 0.420352 0.925702 0.140732 0.427020 0.925702 0.141130 0.433634 0.925702 0.142057 0.440154 0.925702 0.143506 0.446538 0.925702 0.145468 0.452746 0.925702 0.147932 0.458739 0.925702 0.150881 0.464479 0.925702 0.154297 0.469929 0.925702 0.158158 0.475055 0.925702 0.162440 0.479824 0.925702 0.167116 0.484207 0.925702 0.172156 0.488176 0.925702 0.177528 0.491705 0.925702 0.183198 0.494773 0.925702 0.189131 0.497360 0.925702 0.195289 0.499449 0.925702 0.201633 0.501027 0.925702 0.208123 0.502085 0.925702 0.214718 0.502616 0.925702 0.221376 0.502616 0.925702 0.228055 0.502085 0.925702 0.234713 0.501027 0.925702 0.241307 0.499449 0.925702 0.247797 0.497360 0.925702 0.254141 0.494773 0.925702 0.260299 0.491705 0.925702 0.266232 0.488176 0.925702 0.271903 0.484207 0.925702 0.277275 0.479824 0.925702 0.282314 0.475055 0.925702 0.286990 0.469929 0.925702 0.291272 0.464479 0.925702 0.295133 0.458739 0.925702 0.298549 0.452746 0.925702 0.301498 0.446538 0.925702 0.303962 0.440154 0.925702 0.305925 0.433634 0.925702 0.307374 0.427020 0.925702 0.308300 0.420352 0.925702 0.308699 0.413675 0.925702 0.308566 0.407029 0.925702 0.307903 0.400456 0.925702 0.306714 0.393999 0.925702 0.305007 0.387698 0.925702 0.302792 0.381593 0.925702 0.300083 0.375722 0.925702 0.296898 0.370123 0.925702 0.293257 0.364831 0.925702 0.289182 0.359879 0.925702 0.284700 0.355299 0.925702 0.279838 0.351120 0.925702 0.274628 0.347368 0.925702 0.269102 0.344067 0.925702 0.263296 0.341237 0.925702 0.257246 0.338897 0.925702 0.250990 0.337062 0.925702 0.244568 0.335743 0.925702 0.238021 0.334948 0.925702 0.231389 0.328682 0.888702 0.224715 0.328946 0.888702 0.231605 0.329737 0.888702 0.238454 0.331050 0.888702 0.245222 0.332877 0.888702 0.251870 0.335207 0.888702 0.258359 0.338027 0.888702 0.264650 0.341321 0.888702 0.270707 0.345069 0.888702 0.276494 0.349248 0.888702 0.281977 0.353835 0.888702 0.287124 0.358803 0.888702 0.291905 0.364122 0.888702 0.296291 0.369761 0.888702 0.300258 0.375688 0.888702 0.303781 0.381866 0.888702 0.306840 0.388261 0.888702 0.309418 0.394834 0.888702 0.311498 0.401547 0.888702 0.313069 0.408361 0.888702 0.314121 0.415235 0.888702 0.314649 0.422130 0.888702 0.314649 0.429004 0.888702 0.314121 0.435818 0.888702 0.313069 0.442531 0.888702 0.311498 0.449104 0.888702 0.309418 0.455499 0.888702 0.306840 0.461677 0.888702 0.303781 0.467603 0.888702 0.300258 0.473243 0.888702 0.296291 0.478562 0.888702 0.291905 0.483529 0.888702 0.287124 0.488116 0.888702 0.281977 0.492296 0.888702 0.276494 0.496044 0.888702 0.270707 0.499337 0.888702 0.264650 0.502158 0.888702 0.258359 0.504488 0.888702 0.251870 0.506315 0.888702 0.245222 0.507628 0.888702 0.238454 0.508418 0.888702 0.231605 0.508682 0.888702 0.224715 0.508418 0.888702 0.217826 0.507628 0.888702 0.210977 0.506315 0.888702 0.204208 0.504488 0.888702 0.197560 0.502158 0.888702 0.191072 0.499337 0.888702 0.184780 0.496044 0.888702 0.178723 0.492296 0.888702 0.172936 0.488116 0.888702 0.167453 0.483529 0.888702 0.162306 0.478562 0.888702 0.157525 0.473243 0.888702 0.153139 0.467603 0.888702 0.149172 0.461677 0.888702 0.145649 0.455499 0.888702 0.142590 0.449104 0.888702 0.140013 0.442531 0.888702 0.137932 0.435818 0.888702 0.136361 0.429004 0.888702 0.135309 0.422130 0.888702 0.134781 0.415235 0.888702 0.134781 0.408361 0.888702 0.135309 0.401547 0.888702 0.136361 0.394834 0.888702 0.137932 0.388261 0.888702 0.140013 0.381866 0.888702 0.142590 0.375688 0.888702 0.145649 0.369761 0.888702 0.149172 0.364122 0.888702 0.153139 0.358803 0.888702 0.157525 0.353835 0.888702 0.162306 0.349248 0.888702 0.167453 0.345069 0.888702 0.172936 0.341321 0.888702 0.178723 0.338027 0.888702 0.184780 0.335207 0.888702 0.191072 0.332877 0.888702 0.197560 0.331050 0.888702 0.204208 0.329737 0.888702 0.210977 0.328946 0.888702 0.217826</float_array>
          <technique_common>
            <accessor source="#JAW-mesh-positions-array" count="3631" stride="3">
              <param name="X" type="float"/>
              <param name="Y" type="float"/>
              <param name="Z" type="float"/>
            </accessor>
          </technique_common>
        </source>
        <source id="JAW-mesh-normals">
          <float_array id="JAW-mesh-normals-array" count="19437">-0.982973 0.183750 0.000000 -0.982973 0.183750 0.000000 -1.000000 0.000000 0.000000 -1.000000 0.000000 0.000000 -0.982973 -0.183750 -0.000000 -0.982973 -0.183750 -0.000000 -0.932472 -0.361242 -0.000000 -0.932472 -0.361242 -0.000000 -0.850217 -0.526432 -0.000000 -0.850217 -0.526432 -0.000000 -0.739009 -0.673696 -0.000000 -0.739009 -0.673696 -0.000000 -0.602635 -0.798017 -0.000000 -0.602635 -0.798017 -0.000000 -0.445738 -0.895163 -0.000000 -0.445738 -0.895163 -0.000000 -0.273663 -0.961826 -0.000000 -0.273663 -0.961826 -0.000000 -0.092268 -0.995734 -0.000000 -0.092268 -0.995734 -0.000000 0.092268 -0.995734 0.000000 0.092268 -0.995734 0.000000 0.273663 -0.961826 0.000000 0.273663 -0.961826 0.000000 0.445738 -0.895163 0.000000 0.445738 -0.895163 0.000000 0.602635 -0.798017 0.000000 0.602635 -0.798017 0.000000 0.739009 -0.673696 0.000000 0.739009 -0.673696 0.000000 0.850217 -0.526432 0.000000 0.850217 -0.526432 0.000000 0.932472 -0.361242 0.000000 0.932472 -0.361242 0.000000 0.982973 -0.183750 0.000000 0.982973 -0.183750 0.000000 1.000000 -0.000000 0.000000 1.000000 -0.000000 0.000000 0.982973 0.183750 0.000000 0.982973 0.183750 0.000000 0.932472 0.361242 0.000000 0.932472 0.361242 0.000000 0.850217 0.526432 0.000000 0.850217 0.526432 0.000000 0.739009 0.673696 0.000000 0.739009 0.673696 0.000000 0.602635 0.798017 0.000000 0.602635 0.798017 0.000000 0.445738 0.895163 0.000000 0.445738 0.895163 0.000000 0.273663 0.961826 0.000000 0.273663 0.961826 0.000000 0.092268 0.995734 0.000000 0.092268 0.995734 0.000000 -0.092268 0.995734 0.000000 -0.092268 0.995734 0.000000 -0.273663 0.961826 0.000000 -0.273663 0.961826 0.000000 -0.445738 0.895163 0.000000 -0.445738 0.895163 0.000000 -0.602635 0.798017 0.000000 -0.602635 0.798017 0.000000 -0.739009 0.673696 0.000000 -0.739009 0.673696 0.000000 -0.850217 0.526432 0.000000 -0.850217 0.526432 0.000000 -0.932472 0.361242 0.000000 -0.932472 0.361242 0.000000 0.000000 0.000000 1.000000 0.000000 0.000000 1.000000 0.000000 0.000000 1.000000 0.000000 0.000000 1.000000 0.000000 0.000000 1.000000 0.000000 0.000000 1.000000 0.000000 0.000000 1.000000 0.000000 0.000000 1.000000 0.000000 0.000000 1.000000 0.000000 0.000000 1.000000 0.000000 0.000000 1.000000 0.000000 0.000000 1.000000 0.000000 0.000000 1.000000 0.000000 0.000000 1.000000 0.000000 0.000000 1.000000 0.000000 0.000000 1.000000 0.000000 0.000000 1.000000 0.000000 0.000000 1.000000 0.000000 0.000000 1.000000 0.000000 0.000000 1.000000 0.000000 0.000000 1.000000 0.000000 0.000000 1.000000 0.000000 0.000000 1.000000 0.000000 0.000000 1.000000 0.000000 0.000000 1.000000 0.000000 0.000000 1.000000 0.000000 0.000000 1.000000 0.000000 0.000000 1.000000 0.000000 0.000000 1.000000 0.000000 0.000000 1.000000 0.000000 0.000000 1.000000 0.000000 0.000000 1.000000 0.000000 0.000000 1.000000 0.000000 0.000000 1.000000 -0.000000 0.000000 -1.000000 0.097331 -0.000000 -0.995252 -0.000000 0.000000 -1.000000 0.258819 -0.000000 -0.965926 0.193390 -0.000000 -0.981122 0.286023 -0.000000 -0.958223 0.373366 -0.000000 -0.927684 0.500000 -0.000000 -0.866025 0.527399 -0.000000 -0.849618 0.650487 -0.000000 -0.759517 0.707107 -0.000000 -0.707107 0.777242 -0.000000 -0.629201 0.866025 -0.000000 -0.500000 0.877579 -0.000000 -0.479433 0.928463 -0.000000 -0.371425 0.965926 -0.000000 -0.258819 0.967403 -0.000000 -0.253242 0.991766 -0.000000 -0.128064 1.000000 -0.000000 -0.000000 1.000000 -0.000000 -0.000000 0.000000 0.000000 -1.000000 0.000000 0.000000 -1.000000 0.000000 0.000000 -1.000000 0.000000 0.000000 -1.000000 0.000000 0.000000 -1.000000 0.000000 0.000000 -1.000000 0.000000 0.000000 -1.000000 0.000000 0.000000 -1.000000 0.000000 0.000000 -1.000000 0.000000 0.000000 -1.000000 0.000000 0.000000 -1.000000 0.000000 0.000000 -1.000000 0.000000 0.000000 -1.000000 0.000000 0.000000 -1.000000 0.000000 0.000000 -1.000000 -0.258819 0.965926 0.000000 0.000000 1.000000 0.000000 -0.153913 0.970469 -0.185744 0.000000 0.965926 -0.258819 -0.220233 0.890318 -0.398536 0.000000 0.866025 -0.500000 -0.254486 0.762422 -0.594936 0.000000 0.707107 -0.707107 -0.254486 0.594936 -0.762422 0.000000 0.500000 -0.866025 -0.220233 0.398536 -0.890318 0.000000 0.258819 -0.965926 -0.153913 0.185744 -0.970469 -0.258819 0.000000 -0.965926 -0.388644 0.084530 -0.917502 -0.500000 0.000000 -0.866025 -0.459042 0.310406 -0.832423 -0.666568 0.201121 -0.717801 -0.495400 0.518881 -0.696665 -0.702554 0.407464 -0.583430 -0.495400 0.696665 -0.518881 -0.702554 0.583430 -0.407464 -0.459042 0.832423 -0.310406 -0.666568 0.717801 -0.201121 -0.500000 0.866025 0.000000 -0.707107 0.707107 0.000000 -0.828668 0.554261 -0.078131 -0.866025 0.500000 0.000000 -0.861830 0.430436 -0.268280 -0.962374 0.248108 -0.110813 -0.962374 0.110813 -0.248108 -1.000000 0.000000 0.000000 -0.965926 0.000000 -0.258819 -0.866025 0.000000 -0.500000 -0.861830 0.268280 -0.430436 -0.828668 0.078131 -0.554261 -0.707107 0.000000 -0.707107 -0.965926 0.258819 0.000000 -0.388644 0.917502 -0.084530 -0.258819 0.000000 -0.965926 -0.258819 0.000000 -0.965926 -0.500000 0.000000 -0.866025 -0.500000 0.000000 -0.866025 -0.707107 0.000000 -0.707107 -0.707107 0.000000 -0.707107 -0.866025 0.000000 -0.500000 -0.866025 0.000000 -0.500000 -0.965926 0.000000 -0.258819 -0.965926 0.000000 -0.258819 -1.000000 -0.000000 -0.000000 0.000000 0.965926 0.258819 0.000000 1.000000 0.000000 -0.153913 0.970469 0.185744 -0.258819 0.965926 0.000000 -0.388644 0.917502 0.084530 -0.500000 0.866025 0.000000 -0.459042 0.832423 0.310406 -0.666568 0.717801 0.201121 -0.495400 0.696665 0.518881 -0.702554 0.583430 0.407464 -0.495400 0.518881 0.696665 -0.702554 0.407464 0.583430 -0.459042 0.310406 0.832423 -0.666568 0.201121 0.717801 -0.500000 0.000000 0.866025 -0.707107 0.000000 0.707107 -0.828668 0.078131 0.554261 -0.866025 0.000000 0.500000 -0.861830 0.268280 0.430436 -0.962374 0.110813 0.248108 -0.962374 0.248108 0.110813 -1.000000 0.000000 0.000000 -0.965926 0.258819 0.000000 -0.866025 0.500000 0.000000 -0.861830 0.430436 0.268280 -0.828668 0.554261 0.078131 -0.707107 0.707107 0.000000 -0.965926 0.000000 0.258819 -0.388644 0.084530 0.917502 -0.258819 0.000000 0.965926 -0.153913 0.185744 0.970469 0.000000 0.000000 1.000000 0.000000 0.258819 0.965926 -0.220233 0.398536 0.890318 0.000000 0.500000 0.866025 -0.254486 0.594936 0.762422 0.000000 0.707107 0.707107 -0.254486 0.762422 0.594936 0.000000 0.866025 0.500000 -0.220233 0.890318 0.398536 -1.000000 -0.000000 -0.000000 -0.965926 -0.000000 0.258819 -0.965926 -0.000000 0.258819 -0.866025 -0.000000 0.500000 -0.866025 -0.000000 0.500000 -0.707107 -0.000000 0.707107 -0.707107 -0.000000 0.707107 -0.500000 -0.000000 0.866025 -0.500000 -0.000000 0.866025 -0.258819 -0.000000 0.965926 -0.258819 -0.000000 0.965926 0.000000 -0.000000 1.000000 -0.000000 1.000000 -0.000000 -0.000000 0.980228 0.197869 -0.000000 0.965926 0.258819 -0.000000 0.921869 0.387502 -0.000000 0.866025 0.500000 -0.000000 0.827838 0.560968 -0.000000 0.707107 0.707107 -0.000000 0.702277 0.711904 -0.000000 0.550887 0.834580 -0.000000 0.500000 0.866025 -0.000000 0.379389 0.925237 -0.000000 0.258819 0.965926 -0.000000 0.194218 0.980958 -0.000000 0.002253 0.999997 -0.000000 -0.000000 1.000000 -0.965926 0.258819 -0.000000 -0.866025 0.500000 -0.000000 -0.707107 0.707107 -0.000000 -0.500000 0.866025 -0.000000 -0.258819 0.965926 -0.000000 0.752521 -0.627412 0.200165 0.767915 -0.640552 0.000000 0.708288 -0.656765 0.258819 0.726184 -0.687500 0.000000 0.664997 -0.700565 0.258819 0.681589 -0.731736 0.000000 0.619003 -0.741517 0.258819 0.634304 -0.773084 0.000000 0.570493 -0.779455 0.258819 0.584516 -0.811382 0.000000 0.519664 -0.814225 0.258819 0.532422 -0.846479 0.000000 0.466723 -0.845684 0.258819 0.478228 -0.878236 0.000000 0.411885 -0.873707 0.258819 0.422147 -0.906528 0.000000 0.355372 -0.898178 0.258819 0.364400 -0.931243 0.000000 0.297415 -0.918998 0.258819 0.305215 -0.952284 0.000000 0.238249 -0.936082 0.258819 0.244826 -0.969567 0.000000 0.178114 -0.949362 0.258819 0.183471 -0.983025 0.000000 0.117256 -0.958782 0.258819 0.121392 -0.992605 0.000000 0.105129 -0.859621 0.500000 0.159693 -0.851175 0.500000 0.213608 -0.839269 0.500000 0.266655 -0.823951 0.500000 0.318618 -0.805284 0.500000 0.369286 -0.783344 0.500000 0.418453 -0.758220 0.500000 0.465918 -0.730014 0.500000 0.511490 -0.698840 0.500000 0.554983 -0.664826 0.500000 0.596220 -0.628109 0.500000 0.635034 -0.588840 0.500000 0.707193 -0.588795 0.391406 0.634450 -0.527051 0.565412 0.518503 -0.480785 0.707107 0.537719 -0.445378 0.715889 0.366637 -0.339967 0.866025 0.421565 -0.347947 0.837386 0.290298 -0.238663 0.926697 0.189785 -0.175980 0.965926 0.148722 -0.121758 0.981355 0.000000 -0.000000 1.000000 0.001741 -0.001419 0.999997 -0.000000 0.000000 1.000000 0.085837 -0.701877 0.707107 0.130389 -0.694981 0.707107 0.174410 -0.685260 0.707107 0.217723 -0.672753 0.707107 0.260150 -0.657512 0.707107 0.301521 -0.639598 0.707107 0.341665 -0.619084 0.707107 0.380421 -0.596054 0.707107 0.417630 -0.570601 0.707107 0.453142 -0.542828 0.707107 0.486812 -0.512849 0.707107 0.060696 -0.496302 0.866025 0.092199 -0.491426 0.866025 0.123327 -0.484552 0.866025 0.153953 -0.475708 0.866025 0.183954 -0.464931 0.866025 0.213207 -0.452264 0.866025 0.241594 -0.437758 0.866025 0.268998 -0.421474 0.866025 0.295309 -0.403476 0.866025 0.320420 -0.383837 0.866025 0.344228 -0.362639 0.866025 0.031419 -0.256905 0.965926 0.047726 -0.254381 0.965926 0.063839 -0.250823 0.965926 0.079692 -0.246245 0.965926 0.095222 -0.240666 0.965926 0.110364 -0.234109 0.965926 0.125058 -0.226600 0.965926 0.139244 -0.218171 0.965926 0.152863 -0.208854 0.965926 0.165861 -0.198689 0.965926 0.178186 -0.187716 0.965926 -0.000000 0.000000 1.000000 -0.000000 0.000000 1.000000 -0.000000 0.000000 1.000000 0.000000 -0.000000 1.000000 0.000000 -0.000000 1.000000 -0.000000 0.000000 1.000000 -0.000000 0.000000 1.000000 -0.000000 0.000000 1.000000 0.000000 -0.000000 1.000000 -0.000000 0.000000 1.000000 0.000000 -0.000000 1.000000 -0.798840 0.601544 -0.000000 -0.771620 0.581046 0.258819 -0.743100 0.669180 -0.000000 -0.717780 0.646378 0.258819 -0.681653 0.731676 -0.000000 -0.658426 0.706745 0.258819 -0.614969 0.788551 -0.000000 -0.594014 0.761682 0.258819 -0.543561 0.839369 -0.000000 -0.525040 0.810769 0.258819 -0.467978 0.883740 -0.000000 -0.452032 0.853627 0.258819 -0.388800 0.921322 -0.000000 -0.375552 0.889929 0.258819 -0.306636 0.951827 -0.000000 -0.296187 0.919394 0.258819 -0.222116 0.975020 -0.000000 -0.214547 0.941797 0.258819 -0.135890 0.990724 -0.000000 -0.131259 0.956966 0.258819 -0.048620 0.998817 -0.000000 -0.046963 0.964783 0.258819 0.039024 0.999238 -0.000000 0.037694 0.965190 0.258819 0.126368 0.991983 -0.000000 0.122062 0.958182 0.258819 0.212741 0.977109 -0.000000 0.205492 0.943815 0.258819 0.297479 0.954728 -0.000000 0.287343 0.922197 0.258819 0.379933 0.925014 -0.000000 0.366987 0.893495 0.258819 0.459468 0.888194 -0.000000 0.443812 0.857930 0.258819 0.535474 0.844552 -0.000000 0.517228 0.815774 0.258819 0.607367 0.794422 -0.000000 0.586671 0.767352 0.258819 0.674594 0.738189 -0.000000 0.651607 0.713036 0.258819 0.736639 0.676286 -0.000000 0.711538 0.653242 0.258819 0.793025 0.609189 -0.000000 0.766004 0.588431 0.258819 0.843320 0.537411 -0.000000 0.814585 0.519100 0.258819 0.887137 0.461506 -0.000000 0.856909 0.445780 0.258819 0.924139 0.382055 -0.000000 0.892650 0.369037 0.258819 0.954043 0.299670 -0.000000 0.921535 0.289459 0.258819 0.976618 0.214983 -0.000000 0.943340 0.207658 0.258819 0.991691 0.128644 -0.000000 0.957900 0.124261 0.258819 0.999146 0.041317 -0.000000 0.965101 0.039910 0.258819 0.998926 -0.046327 -0.000000 0.964889 -0.044748 0.258819 0.991033 -0.133615 -0.000000 0.957265 -0.129062 0.258819 0.975528 -0.219877 -0.000000 0.942287 -0.212385 0.258819 0.952528 -0.304450 -0.000000 0.920072 -0.294076 0.258819 0.922212 -0.386684 -0.000000 0.890789 -0.373508 0.258819 0.884812 -0.465948 -0.000000 0.854663 -0.450072 0.258819 0.840615 -0.541633 -0.000000 0.811972 -0.523177 0.258819 0.789961 -0.613157 -0.000000 0.763044 -0.592264 0.258819 0.733239 -0.679972 -0.000000 0.708254 -0.656802 0.258819 0.670884 -0.741562 -0.000000 0.648024 -0.716294 0.258819 0.603376 -0.797457 -0.000000 0.582816 -0.770284 0.258819 0.531233 -0.847226 -0.000000 0.513131 -0.818357 0.258819 0.455009 -0.890487 -0.000000 0.439505 -0.860144 0.258819 0.375290 -0.926907 -0.000000 0.362502 -0.895324 0.258819 0.292688 -0.956208 -0.000000 0.282715 -0.923626 0.258819 0.207838 -0.978163 -0.000000 0.200757 -0.944833 0.258819 0.117256 -0.958782 0.258819 0.179993 -0.847114 0.500000 0.105129 -0.859621 0.500000 0.146964 -0.691666 0.707107 0.085837 -0.701877 0.707107 0.103919 -0.489082 0.866025 0.060696 -0.496302 0.866025 0.053793 -0.253167 0.965926 0.031419 -0.256905 0.965926 0.000000 -0.000000 1.000000 0.000000 -0.000000 1.000000 0.075753 -0.247485 0.965926 -0.000000 0.000000 1.000000 0.097132 -0.239901 0.965926 -0.000000 0.000000 1.000000 0.117765 -0.230475 0.965926 -0.000000 0.000000 1.000000 0.137493 -0.219278 0.965926 -0.000000 0.000000 1.000000 0.156165 -0.206397 0.965926 -0.000000 0.000000 1.000000 0.173638 -0.191930 0.965926 -0.000000 0.000000 1.000000 0.189776 -0.175990 0.965926 0.000000 -0.000000 1.000000 0.204457 -0.158697 0.965926 0.000000 -0.000000 1.000000 0.217567 -0.140185 0.965926 0.000000 -0.000000 1.000000 0.229006 -0.120596 0.965926 0.000000 -0.000000 1.000000 0.238686 -0.100081 0.965926 0.000000 -0.000000 1.000000 0.246532 -0.078797 0.965926 0.000000 -0.000000 1.000000 0.252485 -0.056908 0.965926 0.000000 -0.000000 1.000000 0.256498 -0.034582 0.965926 0.000000 -0.000000 1.000000 0.258541 -0.011990 0.965926 0.000000 -0.000000 1.000000 0.258598 0.010694 0.965926 0.000000 0.000000 1.000000 0.256668 0.033296 0.965926 -0.000000 -0.000000 1.000000 0.252767 0.055642 0.965926 -0.000000 -0.000000 1.000000 0.246924 0.077560 0.965926 0.000000 0.000000 1.000000 0.239185 0.098883 0.965926 -0.000000 -0.000000 1.000000 0.229608 0.119447 0.965926 -0.000000 -0.000000 1.000000 0.218267 0.139092 0.965926 -0.000000 -0.000000 1.000000 0.205250 0.157670 0.965926 0.000000 0.000000 1.000000 0.190656 0.175036 0.965926 -0.000000 -0.000000 1.000000 0.174598 0.191057 0.965926 0.000000 0.000000 1.000000 0.157198 0.205611 0.965926 -0.000000 -0.000000 1.000000 0.138591 0.218586 0.965926 -0.000000 -0.000000 1.000000 0.118919 0.229882 0.965926 -0.000000 -0.000000 1.000000 0.098334 0.239411 0.965926 0.000000 0.000000 1.000000 0.076993 0.247102 0.965926 0.000000 0.000000 1.000000 0.055061 0.252894 0.965926 0.000000 0.000000 1.000000 0.032706 0.256744 0.965926 -0.000000 -0.000000 1.000000 0.010100 0.258622 0.965926 0.000000 -0.000000 1.000000 -0.012584 0.258513 0.965926 0.000000 -0.000000 1.000000 -0.035171 0.256418 0.965926 -0.000000 0.000000 1.000000 -0.057488 0.252354 0.965926 0.000000 -0.000000 1.000000 -0.079363 0.246351 0.965926 0.000000 -0.000000 1.000000 -0.100629 0.238456 0.965926 0.000000 -0.000000 1.000000 -0.121122 0.228729 0.965926 -0.000000 0.000000 1.000000 -0.140684 0.217245 0.965926 0.000000 -0.000000 1.000000 -0.159166 0.204092 0.965926 0.000000 -0.000000 1.000000 -0.176425 0.189372 0.965926 0.000000 -0.000000 1.000000 -0.192329 0.173196 0.965926 -0.000000 0.000000 1.000000 -0.206755 0.155691 0.965926 -0.371550 0.334590 0.866025 -0.399420 0.300772 0.866025 -0.525451 0.473182 0.707107 -0.564865 0.425356 0.707107 -0.643544 0.579527 0.500000 -0.691816 0.520952 0.500000 -0.340826 0.365838 0.866025 -0.307485 0.394276 0.866025 -0.271781 0.419685 0.866025 -0.233989 0.441870 0.866025 -0.194400 0.460661 0.866025 -0.153318 0.475913 0.866025 -0.111058 0.487510 0.866025 -0.067945 0.495362 0.866025 -0.024310 0.499409 0.866025 0.019512 0.499619 0.866025 0.063184 0.495992 0.866025 0.106370 0.488554 0.866025 0.148740 0.477364 0.866025 0.189967 0.462507 0.866025 0.229734 0.444097 0.866025 0.267737 0.422276 0.866025 0.303683 0.397211 0.866025 0.337297 0.369095 0.866025 0.368319 0.338143 0.866025 0.396513 0.304594 0.866025 0.421660 0.268706 0.866025 0.443569 0.230753 0.866025 0.462070 0.191028 0.866025 0.477021 0.149835 0.866025 0.488309 0.107491 0.866025 0.495845 0.064322 0.866025 0.499573 0.020659 0.866025 0.499463 -0.023163 0.866025 0.495517 -0.066808 0.866025 0.487764 -0.109939 0.866025 0.476264 -0.152225 0.866025 0.461106 -0.193342 0.866025 0.442406 -0.232974 0.866025 0.420307 -0.270817 0.866025 0.394980 -0.306579 0.866025 0.366619 -0.339986 0.866025 0.335442 -0.370781 0.866025 0.301688 -0.398729 0.866025 0.265616 -0.423613 0.866025 0.227505 -0.445243 0.866025 0.187645 -0.463454 0.866025 0.146344 -0.478104 0.866025 -0.482001 0.517373 0.707107 -0.434849 0.557590 0.707107 -0.384356 0.593524 0.707107 -0.330911 0.624899 0.707107 -0.274923 0.651473 0.707107 -0.216824 0.673043 0.707107 -0.157060 0.689443 0.707107 -0.096088 0.700548 0.707107 -0.034379 0.706271 0.707107 0.027594 0.706568 0.707107 0.089355 0.701438 0.707107 0.150430 0.690920 0.707107 0.210350 0.675095 0.707107 0.268653 0.654084 0.707107 0.324893 0.628048 0.707107 0.378637 0.597188 0.707107 0.429473 0.561741 0.707107 0.477010 0.521979 0.707107 0.520882 0.478207 0.707107 0.560754 0.430761 0.707107 0.596317 0.380007 0.707107 0.627301 0.326334 0.707107 0.653465 0.270154 0.707107 0.674610 0.211899 0.707107 0.690573 0.152016 0.707107 0.701231 0.090965 0.707107 0.706503 0.029216 0.707107 0.706348 -0.032758 0.707107 0.700766 -0.094480 0.707107 0.689802 -0.155477 0.707107 0.673539 -0.215279 0.707107 0.652102 -0.273427 0.707107 0.625657 -0.329475 0.707107 0.594405 -0.382992 0.707107 0.558587 -0.433568 0.707107 0.518478 -0.480812 0.707107 0.474387 -0.524364 0.707107 0.426651 -0.563887 0.707107 0.375638 -0.599079 0.707107 0.321740 -0.629669 0.707107 0.265370 -0.655422 0.707107 0.206962 -0.676141 0.707107 -0.590329 0.633650 0.500000 -0.532579 0.682905 0.500000 -0.470738 0.726915 0.500000 -0.405281 0.765341 0.500000 -0.336711 0.797888 0.500000 -0.265554 0.824306 0.500000 -0.192358 0.844392 0.500000 -0.117684 0.857992 0.500000 -0.042106 0.865001 0.500000 0.033796 0.865366 0.500000 0.109437 0.859083 0.500000 0.184239 0.846201 0.500000 0.257625 0.826819 0.500000 0.329032 0.801086 0.500000 0.397911 0.769199 0.500000 0.463734 0.731403 0.500000 0.525995 0.687989 0.500000 0.584215 0.639291 0.500000 0.637948 0.585681 0.500000 0.686780 0.527573 0.500000 0.730337 0.465412 0.500000 0.768283 0.399676 0.500000 0.800328 0.330870 0.500000 0.826225 0.259522 0.500000 0.845776 0.186181 0.500000 0.858829 0.111409 0.500000 0.865286 0.035782 0.500000 0.865096 -0.040120 0.500000 0.858260 -0.115714 0.500000 0.844832 -0.190419 0.500000 0.824914 -0.263661 0.500000 0.798659 -0.334878 0.500000 0.766270 -0.403523 0.500000 0.727994 -0.469068 0.500000 0.684126 -0.531010 0.500000 0.635003 -0.588873 0.500000 0.581002 -0.642212 0.500000 0.522539 -0.690618 0.500000 0.460061 -0.733719 0.500000 0.394049 -0.771184 0.500000 0.325011 -0.802725 0.500000 0.253476 -0.828100 0.500000 -0.000000 0.000000 1.000000 -0.001141 0.001943 0.999997 -0.098414 0.167438 0.980958 -0.138307 0.218766 0.965926 -0.192392 0.326988 0.925237 -0.267188 0.422624 0.866025 -0.279561 0.474681 0.834580 -0.356614 0.604996 0.711904 -0.377861 0.597680 0.707107 -0.420595 0.713033 0.560968 -0.462783 0.732005 0.500000 -0.468554 0.793914 0.387502 -0.516167 0.816446 0.258819 -0.498338 0.844101 0.197869 -0.508432 0.861102 0.000000 -0.536285 0.844037 0.000000 -0.542722 0.799040 0.258819 -0.563566 0.826071 0.000000 -0.568690 0.780771 0.258819 -0.590246 0.807224 0.000000 -0.594044 0.761659 0.258819 -0.616296 0.787515 0.000000 -0.618756 0.741723 0.258819 -0.641688 0.766966 0.000000 -0.642800 0.720986 0.258819 -0.666395 0.745599 0.000000 -0.666149 0.699470 0.258819 -0.690392 0.723436 0.000000 -0.688778 0.677198 0.258819 -0.713652 0.700501 0.000000 -0.710663 0.654195 0.258819 -0.736150 0.676819 0.000000 -0.731780 0.630485 0.258819 -0.757863 0.652414 0.000000 -0.752210 0.605964 0.258819 -0.778767 0.627314 0.000000 -0.145422 0.214102 0.965926 0.000000 -0.000000 1.000000 -0.152380 0.209207 0.965926 0.000000 -0.000000 1.000000 -0.159174 0.204086 0.965926 0.000000 -0.000000 1.000000 -0.165795 0.198744 0.965926 0.000000 -0.000000 1.000000 -0.172238 0.193188 0.965926 0.000000 -0.000000 1.000000 -0.178494 0.187422 0.965926 -0.000000 0.000000 1.000000 -0.184557 0.181455 0.965926 0.000000 -0.000000 1.000000 -0.190422 0.175291 0.965926 0.000000 -0.000000 1.000000 -0.196080 0.168938 0.965926 0.000000 -0.000000 1.000000 0.000000 -0.000000 1.000000 -0.201532 0.162395 0.965926 -0.389340 0.313710 0.866025 -0.550626 0.443634 0.707107 -0.674395 0.543316 0.500000 -0.280934 0.413614 0.866025 -0.294376 0.404157 0.866025 -0.307500 0.394264 0.866025 -0.320292 0.383944 0.866025 -0.332738 0.373210 0.866025 -0.344824 0.362072 0.866025 -0.356538 0.350544 0.866025 -0.367866 0.338636 0.866025 -0.378797 0.326363 0.866025 -0.397300 0.584938 0.707107 -0.416310 0.571564 0.707107 -0.434871 0.557573 0.707107 -0.452961 0.542979 0.707107 -0.470562 0.527799 0.707107 -0.487655 0.512048 0.707107 -0.504220 0.495744 0.707107 -0.520241 0.478904 0.707107 -0.535700 0.461547 0.707107 -0.486591 0.716400 0.500000 -0.509874 0.700020 0.500000 -0.532606 0.682885 0.500000 -0.554762 0.665011 0.500000 -0.576319 0.646419 0.500000 -0.597253 0.627128 0.500000 -0.617541 0.607159 0.500000 -0.637163 0.586535 0.500000 -0.656096 0.565277 0.500000 -0.000000 0.991059 -0.133421 -0.000000 0.965785 -0.259342 0.000000 1.000000 0.000000 -0.000000 0.965674 -0.259756 -0.000000 0.926684 -0.375841 -0.000000 0.866025 -0.500000 -0.000000 0.877579 -0.479433 -0.000000 0.739373 -0.673296 -0.000000 0.707107 -0.707107 -0.000000 0.610095 -0.792328 -0.000000 0.500000 -0.866025 -0.000000 0.444700 -0.895680 -0.000000 0.258819 -0.965926 -0.000000 0.243341 -0.969941 -0.000000 -0.000000 1.000000 0.002246 -0.000000 0.999997 0.192206 -0.000000 0.981355 0.258819 -0.000000 0.965926 0.375810 -0.000000 0.926697 0.500000 -0.000000 0.866025 0.546611 -0.000000 0.837386 0.707107 -0.000000 0.707107 0.698214 -0.000000 0.715889 0.824809 -0.000000 0.565412 0.866025 -0.000000 0.500000 0.920218 -0.000000 0.391406 0.965926 -0.000000 0.258819 0.979762 -0.000000 0.200165 1.000000 -0.000000 -0.000000 1.000000 -0.000000 -0.000000 -0.508432 0.861102 0.000000 -0.534587 0.845113 0.000000 -0.562056 0.827099 0.000000 -0.588917 0.808193 0.000000 -0.615144 0.788415 0.000000 -0.640706 0.767786 0.000000 -0.665577 0.746329 0.000000 -0.689730 0.724066 0.000000 -0.713139 0.701022 0.000000 -0.735779 0.677222 0.000000 -0.757624 0.652691 0.000000 -0.778652 0.627456 0.000000 -0.798840 0.601544 0.000000 -0.506542 0.862215 0.000000 -0.507302 0.861769 0.000000 -0.507903 0.861414 0.000000 -0.508294 0.861183 0.000000 -0.743100 0.669180 -0.000000 -0.681653 0.731676 -0.000000 -0.614969 0.788551 -0.000000 -0.543561 0.839369 -0.000000 -0.467978 0.883740 -0.000000 -0.388800 0.921322 -0.000000 -0.306636 0.951827 -0.000000 -0.222116 0.975020 -0.000000 -0.135890 0.990724 -0.000000 -0.048620 0.998817 -0.000000 0.039024 0.999238 -0.000000 0.126368 0.991983 -0.000000 0.212741 0.977109 -0.000000 0.297479 0.954728 -0.000000 0.379933 0.925014 -0.000000 0.459468 0.888194 -0.000000 0.535474 0.844552 -0.000000 0.607367 0.794422 -0.000000 0.674594 0.738189 -0.000000 0.736639 0.676286 -0.000000 0.793025 0.609189 -0.000000 0.843320 0.537411 -0.000000 0.887137 0.461506 -0.000000 0.924139 0.382055 -0.000000 0.954043 0.299670 -0.000000 0.976618 0.214983 -0.000000 0.991691 0.128644 -0.000000 0.999146 0.041317 -0.000000 0.998926 -0.046327 -0.000000 0.991033 -0.133615 -0.000000 0.975528 -0.219877 -0.000000 0.952528 -0.304450 -0.000000 0.922212 -0.386684 -0.000000 0.884812 -0.465948 -0.000000 0.840615 -0.541633 -0.000000 0.789961 -0.613157 -0.000000 0.733239 -0.679972 -0.000000 0.670884 -0.741562 -0.000000 0.603376 -0.797457 -0.000000 0.531233 -0.847226 -0.000000 0.455009 -0.890487 -0.000000 0.375290 -0.926907 -0.000000 0.292688 -0.956208 -0.000000 0.207838 -0.978163 -0.000000 0.121392 -0.992605 -0.000000 0.183974 -0.982931 0.000000 0.245818 -0.969316 0.000000 0.306676 -0.951814 0.000000 0.366304 -0.930495 0.000000 0.424464 -0.905445 0.000000 0.480921 -0.876764 0.000000 0.535450 -0.844567 0.000000 0.587832 -0.808983 0.000000 0.637856 -0.770155 0.000000 0.685323 -0.728239 0.000000 0.730041 -0.683403 0.000000 0.767915 -0.640552 0.000000 0.768179 -0.640236 0.000000 0.768958 -0.639299 0.000000 0.770204 -0.637797 0.000000 0.771832 -0.635826 0.000000 -0.495079 0.846944 -0.193863 -0.517618 0.821935 -0.237686 -0.544481 0.804392 -0.237686 -0.570750 0.785971 -0.237686 -0.596396 0.766692 -0.237686 -0.621391 0.746578 -0.237686 -0.645709 0.725648 -0.237686 -0.669322 0.703927 -0.237686 -0.692205 0.681438 -0.237686 -0.714332 0.658206 -0.237686 -0.735681 0.634255 -0.237686 -0.756310 0.609509 -0.237686 -0.775947 0.584305 -0.237686 -0.708580 0.533576 -0.461749 -0.690622 0.556623 -0.461749 -0.671809 0.579189 -0.461749 -0.652315 0.601061 -0.461749 -0.632108 0.622276 -0.461749 -0.611212 0.642813 -0.461749 -0.589649 0.662648 -0.461749 -0.567443 0.681760 -0.461749 -0.544617 0.700129 -0.461749 -0.521198 0.717733 -0.461749 -0.497209 0.734555 -0.461749 -0.472679 0.750575 -0.461749 -0.434411 0.735049 -0.520567 -0.400647 0.636195 -0.659346 -0.372333 0.626307 -0.684915 -0.294218 0.492367 -0.819152 -0.309931 0.482631 -0.819152 -0.421440 0.622617 -0.659346 -0.325322 0.472394 -0.819152 -0.441773 0.608358 -0.659346 -0.340375 0.461665 -0.819152 -0.461623 0.593437 -0.659346 -0.355074 0.450458 -0.819152 -0.480970 0.577867 -0.659346 -0.369405 0.438782 -0.819152 -0.499793 0.561667 -0.659346 -0.383352 0.426651 -0.819152 -0.518070 0.544855 -0.659346 -0.396901 0.414077 -0.819152 -0.535782 0.527448 -0.659346 -0.410037 0.401073 -0.819152 -0.552909 0.509465 -0.659346 -0.422748 0.387652 -0.819152 -0.569433 0.490927 -0.659346 -0.435020 0.373828 -0.819152 -0.585357 0.471826 -0.659346 -0.446840 0.359616 -0.819152 -0.600600 0.452264 -0.659346 -0.458196 0.345031 -0.819152 -0.425459 0.384674 -0.819152 -0.458196 0.345031 -0.819152 -0.558693 0.503116 -0.659346 -0.600600 0.452264 -0.659346 -0.708580 0.533576 -0.461749 -0.659138 0.593570 -0.461749 -0.775947 0.584305 -0.237686 -0.721805 0.650003 -0.237686 -0.798840 0.601544 0.000000 -0.662118 0.710707 -0.237686 -0.597345 0.765953 -0.237686 -0.527984 0.815315 -0.237686 -0.454567 0.858414 -0.237686 -0.377658 0.894919 -0.237686 -0.297848 0.924550 -0.237686 -0.215750 0.947078 -0.237686 -0.131995 0.962332 -0.237686 -0.047226 0.970193 -0.237686 0.037905 0.970602 -0.237686 0.122746 0.963555 -0.237686 0.206644 0.949107 -0.237686 0.288954 0.927368 -0.237686 0.369045 0.898505 -0.237686 0.446301 0.862740 -0.237686 0.520129 0.820349 -0.237686 0.589961 0.771655 -0.237686 0.655261 0.717034 -0.237686 0.715528 0.656905 -0.237686 0.770299 0.591731 -0.237686 0.819152 0.522010 -0.237686 0.861714 0.448280 -0.237686 0.897655 0.371106 -0.237686 0.926702 0.291082 -0.237686 0.948630 0.208822 -0.237686 0.963271 0.124958 -0.237686 0.970513 0.040133 -0.237686 0.970299 -0.044999 -0.237686 0.962632 -0.129786 -0.237686 0.947571 -0.213576 -0.237686 0.925231 -0.295725 -0.237686 0.895783 -0.375603 -0.237686 0.859455 -0.452595 -0.237686 0.816525 -0.526111 -0.237686 0.767322 -0.595586 -0.237686 0.712225 -0.660485 -0.237686 0.651658 -0.720311 -0.237686 0.586084 -0.774604 -0.237686 0.516009 -0.822946 -0.237686 0.441969 -0.864967 -0.237686 0.364535 -0.900344 -0.237686 0.284301 -0.928805 -0.237686 0.201882 -0.950131 -0.237686 0.117913 -0.964159 -0.237686 0.107676 -0.880451 -0.461749 0.184355 -0.867641 -0.461749 0.259618 -0.848167 -0.461749 0.332886 -0.822177 -0.461749 0.403598 -0.789871 -0.461749 0.471209 -0.751499 -0.461749 0.535201 -0.707353 -0.461749 0.595081 -0.657774 -0.461749 0.650391 -0.603142 -0.461749 0.700704 -0.543877 -0.461749 0.745635 -0.480434 -0.461749 0.784838 -0.413301 -0.461749 0.818012 -0.342993 -0.461749 0.844903 -0.270050 -0.461749 0.865304 -0.195033 -0.461749 0.879057 -0.118518 -0.461749 0.886058 -0.041092 -0.461749 0.886253 0.036649 -0.461749 0.879640 0.114109 -0.461749 0.866271 0.190692 -0.461749 0.846246 0.265811 -0.461749 0.819722 0.338887 -0.461749 0.786900 0.409361 -0.461749 0.748034 0.476690 -0.461749 0.703422 0.540357 -0.461749 0.653407 0.599873 -0.461749 0.598372 0.654782 -0.461749 0.538741 0.704661 -0.461749 0.474971 0.749126 -0.461749 0.407553 0.787838 -0.461749 0.337005 0.820497 -0.461749 0.263867 0.846854 -0.461749 0.188703 0.866706 -0.461749 0.112089 0.879900 -0.461749 0.034615 0.886335 -0.461749 -0.043126 0.885962 -0.461749 -0.120536 0.878783 -0.461749 -0.197019 0.864854 -0.461749 -0.271989 0.844281 -0.461749 -0.344870 0.817223 -0.461749 -0.415102 0.783887 -0.461749 -0.482145 0.744530 -0.461749 -0.545484 0.699454 -0.461749 -0.604633 0.649004 -0.461749 0.091267 -0.746280 -0.659346 0.156261 -0.735422 -0.659346 0.220055 -0.718915 -0.659346 0.282158 -0.696886 -0.659346 0.342094 -0.669503 -0.659346 0.399402 -0.636978 -0.659346 0.453642 -0.599560 -0.659346 0.504397 -0.557536 -0.659346 0.551278 -0.511230 -0.659346 0.593924 -0.460996 -0.659346 0.632008 -0.407221 -0.659346 0.665237 -0.350319 -0.659346 0.693356 -0.290725 -0.659346 0.716149 -0.228898 -0.659346 0.733440 -0.165312 -0.659346 0.745098 -0.100457 -0.659346 0.751033 -0.034830 -0.659346 0.751198 0.031064 -0.659346 0.745593 0.096720 -0.659346 0.734260 0.161633 -0.659346 0.717287 0.225304 -0.659346 0.694805 0.287244 -0.659346 0.666985 0.346979 -0.659346 0.634042 0.404047 -0.659346 0.596228 0.458012 -0.659346 0.553834 0.508459 -0.659346 0.507186 0.555000 -0.659346 0.456642 0.597278 -0.659346 0.402591 0.634968 -0.659346 0.345447 0.667780 -0.659346 0.285649 0.695462 -0.659346 0.223657 0.717803 -0.659346 0.159947 0.734629 -0.659346 0.095008 0.745813 -0.659346 0.029340 0.751267 -0.659346 -0.036554 0.750951 -0.659346 -0.102167 0.744866 -0.659346 -0.166995 0.733059 -0.659346 -0.230541 0.715621 -0.659346 -0.292315 0.692687 -0.659346 -0.351845 0.664431 -0.659346 -0.408671 0.631071 -0.659346 -0.462358 0.592864 -0.659346 -0.512494 0.550103 -0.659346 0.069628 -0.569335 -0.819152 0.120329 -0.560813 -0.819152 0.170064 -0.547785 -0.819152 0.218432 -0.530356 -0.819152 0.265045 -0.508666 -0.819152 0.309529 -0.482889 -0.819152 0.351526 -0.453232 -0.819152 0.390698 -0.419934 -0.819152 0.426732 -0.383262 -0.819152 0.459337 -0.343511 -0.819152 0.488251 -0.301000 -0.819152 0.513243 -0.256070 -0.819152 0.534111 -0.209083 -0.819152 0.550687 -0.160416 -0.819152 0.562840 -0.110460 -0.819152 0.570470 -0.059617 -0.819152 0.573516 -0.008295 -0.819152 0.571955 0.043094 -0.819152 0.565799 0.094136 -0.819152 0.555096 0.144423 -0.819152 0.539934 0.193549 -0.819152 0.520434 0.241120 -0.819152 0.496752 0.286753 -0.819152 0.469079 0.330083 -0.819152 0.437637 0.370761 -0.819152 0.402680 0.408459 -0.819152 0.364486 0.442876 -0.819152 0.323365 0.473735 -0.819152 0.279645 0.500788 -0.819152 0.233679 0.523817 -0.819152 0.185835 0.542637 -0.819152 0.136498 0.557098 -0.819152 0.086064 0.567083 -0.819152 0.034939 0.572511 -0.819152 -0.016467 0.573340 -0.819152 -0.067741 0.569562 -0.819152 -0.118470 0.561208 -0.819152 -0.168247 0.548345 -0.819152 -0.216673 0.531077 -0.819152 -0.263358 0.509541 -0.819152 -0.307927 0.483912 -0.819152 -0.350022 0.454395 -0.819152 -0.389304 0.421227 -0.819152 0.568781 -0.476042 -0.670725 0.655996 -0.597041 -0.461749 0.658030 -0.544065 -0.520567 0.718363 -0.653804 -0.237686 0.746959 -0.602996 -0.280084 0.766024 -0.625121 -0.149771 0.678404 -0.695179 -0.237686 0.636065 -0.734116 -0.237686 0.591496 -0.770479 -0.237686 0.544853 -0.804140 -0.237686 0.496299 -0.834981 -0.237686 0.446004 -0.862894 -0.237686 0.394146 -0.887781 -0.237686 0.340905 -0.909554 -0.237686 0.286469 -0.928139 -0.237686 0.231028 -0.943468 -0.237686 0.174777 -0.955489 -0.237686 0.117913 -0.964159 -0.237686 0.159603 -0.872534 -0.461749 0.107676 -0.880451 -0.461749 0.135281 -0.739569 -0.659346 0.091267 -0.746280 -0.659346 0.069628 -0.569335 -0.819152 0.104959 -0.563891 -0.819152 0.178821 -0.730265 -0.659346 0.139883 -0.556258 -0.819152 0.221733 -0.718399 -0.659346 0.174264 -0.546463 -0.819152 0.263868 -0.704015 -0.659346 0.207967 -0.534546 -0.819152 0.305077 -0.687162 -0.659346 0.240863 -0.520553 -0.819152 0.345217 -0.667899 -0.659346 0.272823 -0.504537 -0.819152 0.384146 -0.646293 -0.659346 0.303723 -0.486561 -0.819152 0.421728 -0.622422 -0.659346 0.333444 -0.466696 -0.819152 0.457831 -0.596367 -0.659346 0.361869 -0.445018 -0.819152 0.492328 -0.568222 -0.659346 0.388889 -0.421611 -0.819152 0.525099 -0.538084 -0.659346 0.414398 -0.396566 -0.819152 0.556029 -0.506058 -0.659346 0.438297 -0.369981 -0.819152 0.509744 -0.428730 -0.745890 0.619505 -0.634824 -0.461749 0.580842 -0.670381 -0.461749 0.540143 -0.703587 -0.461749 0.497549 -0.734325 -0.461749 0.453210 -0.762488 -0.461749 0.407282 -0.787978 -0.461749 0.359926 -0.810704 -0.461749 0.311308 -0.830588 -0.461749 0.261598 -0.847558 -0.461749 0.210970 -0.861557 -0.461749 0.031350 -0.572719 -0.819152 0.031398 -0.572716 -0.819152 0.030909 -0.572743 -0.819152 0.030692 -0.572755 -0.819152 0.028138 -0.572886 -0.819152 0.026361 -0.572970 -0.819152 0.024090 -0.573070 -0.819152 0.023416 -0.573098 -0.819152 0.022784 -0.573124 -0.819152 0.021388 -0.573178 -0.819152 0.019931 -0.573230 -0.819152 0.018446 -0.573280 -0.819152 0.015429 -0.573369 -0.819152 -0.013847 -0.573409 -0.819152 -0.019153 -0.573257 -0.819152 -0.046097 -0.571721 -0.819152 -0.053666 -0.571060 -0.819152 -0.078200 -0.568221 -0.819152 -0.087983 -0.566788 -0.819152 -0.110055 -0.562919 -0.819152 -0.121981 -0.560456 -0.819152 -0.141561 -0.555833 -0.819152 -0.155535 -0.552086 -0.819152 -0.172619 -0.546985 -0.819152 -0.188523 -0.541709 -0.819152 -0.203130 -0.536403 -0.819152 -0.220827 -0.529363 -0.819152 -0.232996 -0.524121 -0.819152 -0.252327 -0.515093 -0.819152 -0.262124 -0.510177 -0.819152 -0.282911 -0.498950 -0.819152 -0.290421 -0.494616 -0.819152 -0.312465 -0.480994 -0.819152 -0.317798 -0.477488 -0.819152 -0.340885 -0.461289 -0.819152 -0.344167 -0.458845 -0.819152 -0.361359 -0.445432 -0.819152 -0.369445 -0.438749 -0.819152 -0.374392 -0.434535 -0.819152 -0.380252 -0.429416 -0.819152 -0.379323 -0.430237 -0.819152 -0.382822 -0.427127 -0.819152 -0.384023 -0.426048 -0.819152 -0.385151 -0.425028 -0.819152 -0.388263 -0.422187 -0.819152 0.982973 0.000000 -0.183750 0.982973 0.000000 -0.183750 1.000000 0.000000 -0.000000 1.000000 0.000000 -0.000000 0.982973 -0.000000 0.183750 0.982973 -0.000000 0.183750 0.932472 -0.000000 0.361242 0.932472 -0.000000 0.361242 0.850217 -0.000000 0.526432 0.850217 -0.000000 0.526432 0.739009 -0.000000 0.673696 0.739009 -0.000000 0.673696 0.602635 -0.000000 0.798017 0.602635 -0.000000 0.798017 0.445738 -0.000000 0.895163 0.445738 -0.000000 0.895163 0.273663 -0.000000 0.961826 0.273663 -0.000000 0.961826 0.092268 -0.000000 0.995734 0.092268 -0.000000 0.995734 -0.092268 0.000000 0.995734 -0.092268 0.000000 0.995734 -0.273663 0.000000 0.961826 -0.273663 0.000000 0.961826 -0.445738 0.000000 0.895163 -0.445738 0.000000 0.895163 -0.602635 0.000000 0.798017 -0.602635 0.000000 0.798017 -0.739009 0.000000 0.673696 -0.739009 0.000000 0.673696 -0.850217 0.000000 0.526432 -0.850217 0.000000 0.526432 -0.932472 0.000000 0.361242 -0.932472 0.000000 0.361242 -0.982973 0.000000 0.183750 -0.982973 0.000000 0.183750 -1.000000 0.000000 0.000000 -1.000000 0.000000 0.000000 -0.982973 0.000000 -0.183750 -0.982973 0.000000 -0.183750 -0.932472 0.000000 -0.361242 -0.932472 0.000000 -0.361242 -0.850217 0.000000 -0.526432 -0.850217 0.000000 -0.526432 -0.739009 0.000000 -0.673696 -0.739009 0.000000 -0.673696 -0.602635 0.000000 -0.798017 -0.602635 0.000000 -0.798017 -0.445738 0.000000 -0.895163 -0.445738 0.000000 -0.895163 -0.273663 0.000000 -0.961826 -0.273663 0.000000 -0.961826 -0.092268 0.000000 -0.995734 -0.092268 0.000000 -0.995734 0.092268 0.000000 -0.995734 0.092268 0.000000 -0.995734 0.273663 0.000000 -0.961826 0.273663 0.000000 -0.961826 0.445738 0.000000 -0.895163 0.445738 0.000000 -0.895163 0.602635 0.000000 -0.798017 0.602635 0.000000 -0.798017 0.739009 0.000000 -0.673696 0.739009 0.000000 -0.673696 0.850217 0.000000 -0.526432 0.850217 0.000000 -0.526432 0.932472 0.000000 -0.361242 0.932472 0.000000 -0.361242 0.000000 -1.000000 0.000000 0.000000 -1.000000 0.000000 0.000000 -1.000000 0.000000 0.000000 -1.000000 0.000000 0.000000 -1.000000 0.000000 0.000000 -1.000000 0.000000 0.000000 -1.000000 0.000000 0.000000 -1.000000 0.000000 0.000000 -1.000000 0.000000 0.000000 -1.000000 0.000000 0.000000 -1.000000 0.000000 0.000000 -1.000000 0.000000 0.000000 -1.000000 0.000000 0.000000 -1.000000 0.000000 0.000000 -1.000000 0.000000 0.000000 -1.000000 0.000000 0.000000 -1.000000 0.000000 0.000000 -1.000000 0.000000 0.000000 -1.000000 0.000000 0.000000 -1.000000 0.000000 0.000000 -1.000000 0.000000 0.000000 -1.000000 0.000000 0.000000 -1.000000 0.000000 0.000000 -1.000000 0.000000 0.000000 -1.000000 0.000000 0.000000 -1.000000 0.000000 0.000000 -1.000000 0.000000 0.000000 -1.000000 0.000000 0.000000 -1.000000 0.000000 0.000000 -1.000000 0.000000 0.000000 -1.000000 0.000000 0.000000 -1.000000 0.000000 0.000000 -1.000000 0.000000 0.000000 -1.000000 0.000000 -0.984808 0.173648 -0.000000 -0.984808 0.173648 -0.000000 -1.000000 0.000000 -0.000000 -1.000000 0.000000 -0.000000 -0.984808 -0.173648 0.000000 -0.984808 -0.173648 0.000000 -0.939693 -0.342020 0.000000 -0.939693 -0.342020 0.000000 -0.866025 -0.500000 0.000000 -0.866025 -0.500000 0.000000 -0.766044 -0.642788 0.000000 -0.766044 -0.642788 0.000000 -0.642788 -0.766044 0.000000 -0.642788 -0.766044 0.000000 -0.500000 -0.866025 0.000000 -0.500000 -0.866025 0.000000 -0.342020 -0.939693 0.000000 -0.342020 -0.939693 0.000000 -0.173648 -0.984808 0.000000 -0.173648 -0.984808 0.000000 0.000000 -1.000000 -0.000000 0.000000 -1.000000 -0.000000 0.173648 -0.984808 -0.000000 0.173648 -0.984808 -0.000000 0.342020 -0.939693 -0.000000 0.342020 -0.939693 -0.000000 0.500000 -0.866025 -0.000000 0.500000 -0.866025 -0.000000 0.642788 -0.766044 -0.000000 0.642788 -0.766044 -0.000000 0.766044 -0.642788 -0.000000 0.766044 -0.642788 -0.000000 0.866025 -0.500000 -0.000000 0.866025 -0.500000 -0.000000 0.939693 -0.342020 -0.000000 0.939693 -0.342020 -0.000000 0.984808 -0.173648 -0.000000 0.984808 -0.173648 -0.000000 1.000000 -0.000000 -0.000000 1.000000 -0.000000 -0.000000 0.984808 0.173648 -0.000000 0.984808 0.173648 -0.000000 0.939693 0.342020 -0.000000 0.939693 0.342020 -0.000000 0.866025 0.500000 -0.000000 0.866025 0.500000 -0.000000 0.766044 0.642788 -0.000000 0.766044 0.642788 -0.000000 0.642788 0.766044 -0.000000 0.642788 0.766044 -0.000000 0.500000 0.866025 -0.000000 0.500000 0.866025 -0.000000 0.342020 0.939693 -0.000000 0.342020 0.939693 -0.000000 0.173648 0.984808 -0.000000 0.173648 0.984808 -0.000000 0.000000 1.000000 -0.000000 0.000000 1.000000 -0.000000 -0.173648 0.984808 -0.000000 -0.173648 0.984808 -0.000000 -0.342020 0.939693 -0.000000 -0.342020 0.939693 -0.000000 -0.500000 0.866025 -0.000000 -0.500000 0.866025 -0.000000 -0.642788 0.766044 -0.000000 -0.642788 0.766044 -0.000000 -0.766044 0.642788 -0.000000 -0.766044 0.642788 -0.000000 -0.866025 0.500000 -0.000000 -0.866025 0.500000 -0.000000 -0.939693 0.342020 -0.000000 -0.939693 0.342020 -0.000000 0.985616 0.169001 -0.000000 0.985616 0.169001 -0.000000 1.000000 0.000000 -0.000000 1.000000 0.000000 -0.000000 0.985616 -0.169001 0.000000 0.985616 -0.169001 0.000000 0.942877 -0.333140 0.000000 0.942877 -0.333140 0.000000 0.873014 -0.487695 0.000000 0.873014 -0.487695 0.000000 0.778036 -0.628220 0.000000 0.778036 -0.628220 0.000000 0.660675 -0.750672 0.000000 0.660675 -0.750672 0.000000 0.524307 -0.851529 0.000000 0.524307 -0.851529 0.000000 0.372856 -0.927889 0.000000 0.372856 -0.927889 0.000000 0.210679 -0.977555 0.000000 0.210679 -0.977555 0.000000 0.042441 -0.999099 0.000000 0.042441 -0.999099 0.000000 -0.127018 -0.991900 0.000000 -0.127018 -0.991900 0.000000 -0.292823 -0.956167 0.000000 -0.292823 -0.956167 0.000000 -0.450204 -0.892926 0.000000 -0.450204 -0.892926 0.000000 -0.594633 -0.803997 0.000000 -0.594633 -0.803997 0.000000 -0.721956 -0.691939 0.000000 -0.721956 -0.691939 0.000000 -0.828510 -0.559975 0.000000 -0.828510 -0.559975 0.000000 -0.911228 -0.411901 0.000000 -0.911228 -0.411901 0.000000 -0.967733 -0.251978 0.000000 -0.967733 -0.251978 0.000000 -0.996397 -0.084806 0.000000 -0.996397 -0.084806 0.000000 -0.996397 0.084806 0.000000 -0.996397 0.084806 0.000000 -0.967733 0.251978 0.000000 -0.967733 0.251978 0.000000 -0.911228 0.411901 0.000000 -0.911228 0.411901 0.000000 -0.828510 0.559975 0.000000 -0.828510 0.559975 0.000000 -0.721956 0.691939 0.000000 -0.721956 0.691939 0.000000 -0.594633 0.803997 0.000000 -0.594633 0.803997 0.000000 -0.450204 0.892926 0.000000 -0.450204 0.892926 0.000000 -0.292823 0.956167 0.000000 -0.292823 0.956167 0.000000 -0.127018 0.991900 0.000000 -0.127018 0.991900 0.000000 0.042441 0.999099 -0.000000 0.042441 0.999099 -0.000000 0.210679 0.977555 -0.000000 0.210679 0.977555 -0.000000 0.372856 0.927889 -0.000000 0.372856 0.927889 -0.000000 0.524307 0.851529 -0.000000 0.524307 0.851529 -0.000000 0.660675 0.750672 -0.000000 0.660675 0.750672 -0.000000 0.778036 0.628220 -0.000000 0.778036 0.628220 -0.000000 0.873014 0.487695 -0.000000 0.873014 0.487695 -0.000000 0.942877 0.333140 -0.000000 0.942877 0.333140 -0.000000 0.000000 0.000000 -1.000000 0.000000 0.000000 -1.000000 0.000000 0.000000 -1.000000 0.000000 0.000000 -1.000000 0.000000 0.000000 -1.000000 0.000000 0.000000 -1.000000 0.000000 0.000000 -1.000000 0.000000 0.000000 -1.000000 0.000000 0.000000 -1.000000 0.000000 0.000000 -1.000000 0.000000 0.000000 -1.000000 0.000000 0.000000 -1.000000 0.000000 0.000000 -1.000000 0.000000 0.000000 -1.000000 0.000000 0.000000 -1.000000 0.000000 0.000000 -1.000000 0.000000 0.000000 -1.000000 0.000000 0.000000 -1.000000 0.000000 0.000000 -1.000000 0.000000 0.000000 -1.000000 0.000000 0.000000 -1.000000 0.000000 0.000000 -1.000000 0.000000 0.000000 -1.000000 0.000000 0.000000 -1.000000 0.000000 0.000000 -1.000000 0.000000 0.000000 -1.000000 0.000000 0.000000 -1.000000 0.000000 0.000000 -1.000000 0.000000 0.000000 -1.000000 0.000000 0.000000 -1.000000 0.000000 0.000000 -1.000000 0.000000 0.000000 -1.000000 0.000000 0.000000 -1.000000 0.000000 0.000000 -1.000000 0.000000 0.000000 -1.000000 0.000000 0.000000 -1.000000 0.000000 0.000000 -1.000000 0.000000 0.000000 -1.000000 0.000000 0.000000 -1.000000 0.000000 0.000000 -1.000000 0.000000 0.000000 -1.000000 0.000000 0.000000 -1.000000 0.000000 0.000000 -1.000000 0.000000 0.000000 -1.000000 0.000000 0.000000 -1.000000 0.000000 0.000000 -1.000000 0.000000 0.000000 -1.000000 0.000000 0.000000 -1.000000 0.000000 0.000000 -1.000000 0.000000 0.000000 -1.000000 0.000000 0.000000 -1.000000 0.000000 0.000000 -1.000000 0.000000 0.000000 -1.000000 0.000000 0.000000 -1.000000 0.000000 0.000000 -1.000000 0.000000 0.000000 -1.000000 0.000000 0.000000 -1.000000 0.000000 0.000000 -1.000000 0.000000 0.000000 -1.000000 0.000000 0.000000 -1.000000 0.000000 0.000000 -1.000000 0.000000 0.000000 -1.000000 0.000000 0.000000 -1.000000 0.000000 0.000000 -1.000000 0.000000 0.000000 -1.000000 0.000000 0.000000 -1.000000 0.000000 0.000000 -1.000000 0.000000 0.000000 -1.000000 0.000000 0.000000 -1.000000 0.000000 0.000000 -1.000000 0.000000 0.000000 -1.000000 0.000000 0.000000 -1.000000 0.000000 0.000000 -1.000000 -0.965926 0.258819 -0.000000 -0.965926 0.258819 -0.000000 -1.000000 0.000000 -0.000000 -1.000000 0.000000 -0.000000 -0.965926 -0.258819 0.000000 -0.965926 -0.258819 0.000000 -0.866025 -0.500000 0.000000 -0.866025 -0.500000 0.000000 -0.707107 -0.707107 0.000000 -0.707107 -0.707107 0.000000 -0.500000 -0.866025 0.000000 -0.500000 -0.866025 0.000000 -0.258819 -0.965926 0.000000 -0.258819 -0.965926 0.000000 0.000000 -1.000000 -0.000000 0.000000 -1.000000 -0.000000 0.258819 -0.965926 -0.000000 0.258819 -0.965926 -0.000000 0.500000 -0.866025 -0.000000 0.500000 -0.866025 -0.000000 0.707107 -0.707107 -0.000000 0.707107 -0.707107 -0.000000 0.866025 -0.500000 -0.000000 0.866025 -0.500000 -0.000000 0.965926 -0.258819 -0.000000 0.965926 -0.258819 -0.000000 1.000000 -0.000000 -0.000000 1.000000 -0.000000 -0.000000 0.965926 0.258819 -0.000000 0.965926 0.258819 -0.000000 0.866025 0.500000 -0.000000 0.866025 0.500000 -0.000000 0.707107 0.707107 -0.000000 0.707107 0.707107 -0.000000 0.500000 0.866025 -0.000000 0.500000 0.866025 -0.000000 0.258819 0.965926 -0.000000 0.258819 0.965926 -0.000000 0.000000 1.000000 -0.000000 0.000000 1.000000 -0.000000 -0.258819 0.965926 -0.000000 -0.258819 0.965926 -0.000000 -0.500000 0.866025 -0.000000 -0.500000 0.866025 -0.000000 -0.707107 0.707107 -0.000000 -0.707107 0.707107 -0.000000 -0.866025 0.500000 -0.000000 -0.866025 0.500000 -0.000000 0.965926 0.258819 -0.000000 0.965926 0.258819 -0.000000 1.000000 0.000000 -0.000000 1.000000 0.000000 -0.000000 0.965926 -0.258819 0.000000 0.965926 -0.258819 0.000000 0.866025 -0.500000 0.000000 0.866025 -0.500000 0.000000 0.707107 -0.707107 0.000000 0.707107 -0.707107 0.000000 0.500000 -0.866025 0.000000 0.500000 -0.866025 0.000000 0.258819 -0.965926 0.000000 0.258819 -0.965926 0.000000 -0.000000 -1.000000 0.000000 -0.000000 -1.000000 0.000000 -0.258819 -0.965926 0.000000 -0.258819 -0.965926 0.000000 -0.500000 -0.866025 0.000000 -0.500000 -0.866025 0.000000 -0.707107 -0.707107 0.000000 -0.707107 -0.707107 0.000000 -0.866025 -0.500000 0.000000 -0.866025 -0.500000 0.000000 -0.965926 -0.258819 0.000000 -0.965926 -0.258819 0.000000 -1.000000 0.000000 0.000000 -1.000000 0.000000 0.000000 -0.965926 0.258819 0.000000 -0.965926 0.258819 0.000000 -0.866025 0.500000 0.000000 -0.866025 0.500000 0.000000 -0.707107 0.707107 0.000000 -0.707107 0.707107 0.000000 -0.500000 0.866025 0.000000 -0.500000 0.866025 0.000000 -0.258819 0.965926 0.000000 -0.258819 0.965926 0.000000 -0.000000 1.000000 0.000000 -0.000000 1.000000 0.000000 0.258819 0.965926 -0.000000 0.258819 0.965926 -0.000000 0.500000 0.866025 -0.000000 0.500000 0.866025 -0.000000 0.707107 0.707107 -0.000000 0.707107 0.707107 -0.000000 0.866025 0.500000 -0.000000 0.866025 0.500000 -0.000000 0.000000 0.000000 -1.000000 0.000000 0.000000 -1.000000 0.000000 0.000000 -1.000000 0.000000 0.000000 -1.000000 0.000000 0.000000 -1.000000 0.000000 0.000000 -1.000000 0.000000 0.000000 -1.000000 0.000000 0.000000 -1.000000 0.000000 0.000000 -1.000000 0.000000 0.000000 -1.000000 0.000000 0.000000 -1.000000 0.000000 0.000000 -1.000000 0.000000 0.000000 -1.000000 0.000000 0.000000 -1.000000 0.000000 0.000000 -1.000000 0.000000 0.000000 -1.000000 0.000000 0.000000 -1.000000 0.000000 0.000000 -1.000000 0.000000 0.000000 -1.000000 0.000000 0.000000 -1.000000 0.000000 0.000000 -1.000000 0.000000 0.000000 -1.000000 0.000000 0.000000 -1.000000 0.000000 0.000000 -1.000000 0.000000 0.000000 -1.000000 0.000000 0.000000 -1.000000 0.000000 0.000000 -1.000000 0.000000 0.000000 -1.000000 0.000000 0.000000 -1.000000 0.000000 0.000000 -1.000000 0.000000 0.000000 -1.000000 0.000000 0.000000 -1.000000 0.000000 0.000000 -1.000000 0.000000 0.000000 -1.000000 0.000000 0.000000 -1.000000 0.000000 0.000000 -1.000000 0.000000 0.000000 -1.000000 0.000000 0.000000 -1.000000 0.000000 0.000000 -1.000000 0.000000 0.000000 -1.000000 0.000000 0.000000 -1.000000 0.000000 0.000000 -1.000000 0.000000 0.000000 -1.000000 0.000000 0.000000 -1.000000 0.000000 0.000000 -1.000000 0.000000 0.000000 -1.000000 0.000000 0.000000 -1.000000 0.000000 0.000000 -1.000000 0.000000 0.000000 -1.000000 0.000000 0.000000 -1.000000 0.000000 0.000000 -1.000000 0.000000 0.000000 -1.000000 0.000000 0.000000 -1.000000 0.000000 0.000000 -1.000000 0.000000 0.000000 -1.000000 0.000000 0.000000 -1.000000 0.000000 0.000000 -1.000000 0.000000 0.000000 -1.000000 0.000000 0.000000 -1.000000 0.000000 0.000000 -1.000000 0.000000 0.000000 -1.000000 0.000000 0.000000 -1.000000 0.000000 0.000000 -1.000000 0.000000 0.000000 -1.000000 0.000000 0.000000 -1.000000 0.000000 0.000000 -1.000000 0.000000 0.000000 -1.000000 0.000000 0.000000 -1.000000 0.000000 0.000000 -1.000000 0.000000 0.000000 -1.000000 0.000000 0.000000 -1.000000 0.000000 0.000000 -1.000000 0.000000 0.000000 -1.000000 0.000000 0.000000 -1.000000 0.000000 0.000000 -1.000000 0.000000 0.000000 -1.000000 0.000000 0.000000 -1.000000 0.000000 0.000000 -1.000000 0.000000 0.000000 -1.000000 0.000000 0.000000 -1.000000 0.000000 0.000000 -1.000000 0.000000 0.000000 -1.000000 0.000000 0.000000 -1.000000 0.000000 0.000000 -1.000000 0.000000 0.000000 -1.000000 0.000000 0.000000 -1.000000 0.000000 0.000000 -1.000000 0.000000 0.000000 -1.000000 0.000000 0.000000 -1.000000 0.000000 0.000000 -1.000000 0.000000 0.000000 -1.000000 0.000000 0.000000 -1.000000 0.000000 0.000000 -1.000000 0.000000 0.000000 -1.000000 0.000000 0.000000 -1.000000 0.000000 0.000000 -1.000000 0.000000 0.000000 -1.000000 0.000000 0.000000 -1.000000 0.000000 0.000000 -1.000000 0.000000 0.000000 -1.000000 0.000000 0.000000 -1.000000 0.000000 0.000000 -1.000000 0.000000 0.000000 -1.000000 0.000000 0.000000 -1.000000 0.000000 0.000000 -1.000000 0.000000 0.000000 -1.000000 0.000000 0.000000 -1.000000 0.000000 0.000000 -1.000000 0.000000 0.000000 -1.000000 0.000000 0.000000 -1.000000 0.000000 0.000000 -1.000000 0.000000 0.000000 -1.000000 0.000000 0.000000 -1.000000 0.000000 0.000000 -1.000000 0.000000 0.000000 -1.000000 0.000000 0.000000 -1.000000 0.000000 0.000000 -1.000000 0.000000 0.000000 -1.000000 0.000000 0.000000 -1.000000 0.000000 0.000000 -1.000000 0.000000 0.000000 -1.000000 0.000000 0.000000 -1.000000 0.000000 0.000000 -1.000000 0.000000 0.000000 -1.000000 0.000000 0.000000 -1.000000 0.000000 0.000000 -1.000000 0.000000 0.000000 -1.000000 0.000000 0.000000 -1.000000 0.000000 0.000000 -1.000000 0.000000 0.000000 -1.000000 0.000000 0.000000 -1.000000 0.000000 0.000000 -1.000000 0.000000 0.000000 -1.000000 0.000000 0.000000 -1.000000 0.000000 0.000000 -1.000000 0.000000 0.000000 -1.000000 0.000000 0.000000 -1.000000 0.000000 0.000000 -1.000000 0.000000 0.000000 -1.000000 0.000000 0.000000 -1.000000 0.000000 0.000000 -1.000000 0.000000 0.000000 -1.000000 0.000000 0.000000 -1.000000 0.000000 0.000000 -1.000000 0.000000 0.000000 -1.000000 0.000000 0.000000 -1.000000 0.000000 0.000000 -1.000000 0.000000 0.000000 -1.000000 0.000000 0.000000 -1.000000 0.000000 0.000000 -1.000000 0.000000 0.000000 -1.000000 0.000000 0.000000 -1.000000 0.000000 0.000000 -1.000000 0.000000 0.000000 -1.000000 0.000000 0.000000 -1.000000 0.000000 0.000000 -1.000000 0.000000 0.000000 -1.000000 0.000000 0.000000 -1.000000 0.000000 0.000000 -1.000000 0.000000 0.000000 -1.000000 0.000000 0.000000 -1.000000 0.000000 0.000000 -1.000000 0.000000 0.000000 -1.000000 0.000000 0.000000 -1.000000 0.000000 0.000000 -1.000000 0.000000 0.000000 -1.000000 0.000000 0.000000 -1.000000 0.000000 0.000000 -1.000000 0.000000 0.000000 -1.000000 0.000000 0.000000 -1.000000 0.000000 0.000000 -1.000000 0.000000 0.000000 -1.000000 0.000000 0.000000 -1.000000 0.000000 0.000000 -1.000000 0.000000 0.000000 -1.000000 0.000000 0.000000 -1.000000 0.000000 0.000000 -1.000000 0.000000 0.000000 -1.000000 0.000000 0.000000 -1.000000 0.000000 0.000000 -1.000000 0.000000 0.000000 -1.000000 0.000000 0.000000 -1.000000 0.000000 0.000000 -1.000000 0.000000 0.000000 -1.000000 0.000000 0.000000 -1.000000 0.000000 0.000000 -1.000000 0.000000 0.000000 -1.000000 0.000000 0.000000 -1.000000 0.000000 0.000000 -1.000000 0.000000 0.000000 -1.000000 0.000000 0.000000 -1.000000 0.000000 0.000000 -1.000000 0.000000 0.000000 -1.000000 0.000000 0.000000 -1.000000 0.000000 0.000000 -1.000000 0.000000 0.000000 -1.000000 0.000000 0.000000 -1.000000 0.000000 0.000000 -1.000000 0.000000 0.000000 -1.000000 0.000000 0.000000 -1.000000 0.000000 0.000000 -1.000000 0.000000 0.000000 -1.000000 0.000000 0.000000 -1.000000 0.000000 0.000000 -1.000000 0.000000 0.000000 -1.000000 0.000000 0.000000 -1.000000 0.000000 0.000000 -1.000000 0.000000 0.000000 -1.000000 0.000000 0.000000 -1.000000 0.000000 0.000000 -1.000000 0.000000 0.000000 -1.000000 0.000000 0.000000 -1.000000 0.000000 0.000000 -1.000000 0.000000 0.000000 -1.000000 0.000000 0.000000 -1.000000 0.000000 0.000000 -1.000000 0.000000 0.000000 -1.000000 0.000000 0.000000 -1.000000 0.000000 0.000000 -1.000000 0.000000 0.000000 -1.000000 0.000000 0.000000 -1.000000 0.000000 0.000000 -1.000000 0.000000 0.000000 -1.000000 0.000000 0.000000 -1.000000 0.000000 0.000000 -1.000000 0.000000 0.000000 -1.000000 0.000000 0.000000 -1.000000 0.000000 0.000000 -1.000000 0.000000 0.000000 -1.000000 0.000000 0.000000 -1.000000 0.000000 0.000000 -1.000000 0.000000 0.000000 -1.000000 0.000000 0.000000 -1.000000 0.000000 0.000000 -1.000000 0.000000 0.000000 -1.000000 0.000000 0.000000 -1.000000 0.000000 0.000000 -1.000000 0.000000 0.000000 -1.000000 0.000000 0.000000 -1.000000 0.000000 0.000000 -1.000000 0.000000 0.000000 -1.000000 0.000000 0.000000 -1.000000 0.000000 0.000000 -1.000000 0.000000 0.000000 -1.000000 0.000000 0.000000 -1.000000 0.000000 0.000000 -1.000000 0.000000 0.000000 -1.000000 0.000000 0.000000 -1.000000 0.000000 0.000000 -1.000000 0.000000 0.000000 -1.000000 0.000000 0.000000 -1.000000 0.000000 0.000000 -1.000000 0.000000 0.000000 -1.000000 0.000000 0.000000 -1.000000 0.000000 0.000000 -1.000000 0.000000 0.000000 -1.000000 0.000000 0.000000 -1.000000 0.000000 0.000000 -1.000000 0.000000 0.000000 -1.000000 0.000000 0.000000 -1.000000 0.000000 0.000000 -1.000000 0.000000 0.000000 -1.000000 0.000000 0.000000 -1.000000 0.000000 0.000000 -1.000000 0.000000 0.000000 -1.000000 0.000000 0.000000 -1.000000 0.000000 0.000000 -1.000000 0.000000 0.000000 -1.000000 0.000000 0.000000 -1.000000 0.000000 0.000000 -1.000000 0.000000 0.000000 -1.000000 0.000000 0.000000 -1.000000 0.000000 0.000000 -1.000000 0.000000 0.000000 -1.000000 0.000000 0.000000 -1.000000 0.000000 0.000000 -1.000000 0.000000 0.000000 -1.000000 0.000000 0.000000 -1.000000 0.000000 0.000000 -1.000000 0.000000 0.000000 -1.000000 0.000000 0.000000 -1.000000 0.000000 0.000000 -1.000000 0.000000 0.000000 -1.000000 0.000000 0.000000 -1.000000 0.000000 0.000000 -1.000000 0.000000 0.000000 -1.000000 0.000000 0.000000 -1.000000 0.000000 0.000000 -1.000000 0.000000 0.000000 -1.000000 0.000000 0.000000 -1.000000 0.000000 0.000000 -1.000000 0.000000 0.000000 -1.000000 0.000000 0.000000 -1.000000 0.000000 0.000000 -1.000000 0.000000 0.000000 -1.000000 0.000000 0.000000 -1.000000 0.000000 0.000000 -1.000000 0.000000 0.000000 -1.000000 0.000000 0.000000 -1.000000 0.000000 0.000000 -1.000000 0.000000 0.000000 -1.000000 0.000000 0.000000 -1.000000 0.000000 0.000000 -1.000000 0.000000 0.000000 -1.000000 0.000000 0.000000 -1.000000 0.000000 0.000000 -1.000000 0.000000 0.000000 -1.000000 0.000000 0.000000 -1.000000 0.000000 0.000000 -1.000000 0.000000 0.000000 -1.000000 0.000000 0.000000 -1.000000 0.000000 0.000000 -1.000000 0.000000 0.000000 -1.000000 0.000000 0.000000 -1.000000 0.000000 0.000000 -1.000000 0.000000 0.000000 -1.000000 0.000000 0.000000 -1.000000 0.000000 0.000000 -1.000000 0.000000 0.000000 -1.000000 0.000000 0.000000 -1.000000 0.000000 0.000000 -1.000000 0.000000 0.000000 -1.000000 0.000000 0.000000 -1.000000 0.000000 0.000000 -1.000000 0.000000 0.000000 -1.000000 0.000000 0.000000 -1.000000 0.000000 0.000000 -1.000000 0.000000 0.000000 -1.000000 0.000000 0.000000 -1.000000 0.000000 0.000000 -1.000000 0.000000 0.000000 -1.000000 0.000000 0.000000 -1.000000 0.000000 0.000000 -1.000000 0.000000 0.000000 -1.000000 0.000000 0.000000 -1.000000 0.000000 0.000000 -1.000000 0.000000 0.000000 -1.000000 0.000000 0.000000 -1.000000 0.000000 0.000000 -1.000000 0.000000 0.000000 -1.000000 0.000000 0.000000 -1.000000 0.000000 0.000000 -1.000000 0.000000 0.000000 -1.000000 0.000000 0.000000 -1.000000 0.000000 0.000000 -1.000000 0.000000 0.000000 -1.000000 0.000000 0.000000 -1.000000 0.000000 0.000000 -1.000000 0.000000 0.000000 -1.000000 0.000000 0.000000 -1.000000 0.000000 0.000000 -1.000000 0.000000 0.000000 -1.000000 0.000000 0.000000 -1.000000 0.000000 0.000000 -1.000000 0.000000 0.000000 -1.000000 0.000000 0.000000 -1.000000 0.000000 0.000000 -1.000000 0.000000 0.000000 -1.000000 0.000000 0.000000 -1.000000 0.000000 0.000000 -1.000000 0.000000 0.000000 -1.000000 0.000000 0.000000 -1.000000 0.000000 0.000000 -1.000000 0.000000 0.000000 -1.000000 0.000000 0.000000 -1.000000 0.000000 0.000000 -1.000000 0.000000 0.000000 -1.000000 0.000000 0.000000 -1.000000 0.000000 0.000000 -1.000000 0.000000 0.000000 -1.000000 0.000000 0.000000 -1.000000 0.000000 0.000000 -1.000000 0.000000 0.000000 -1.000000 0.000000 0.000000 -1.000000 0.000000 0.000000 -1.000000 0.000000 0.000000 -1.000000 0.000000 0.000000 -1.000000 0.000000 0.000000 -1.000000 0.000000 0.000000 -1.000000 0.000000 0.000000 -1.000000 0.000000 0.000000 -1.000000 0.000000 0.000000 -1.000000 0.000000 0.000000 -1.000000 0.000000 0.000000 -1.000000 0.000000 0.000000 -1.000000 0.000000 0.000000 -1.000000 0.000000 0.000000 -1.000000 0.000000 0.000000 -1.000000 0.000000 0.000000 -1.000000 0.000000 0.000000 -1.000000 0.000000 0.000000 -1.000000 0.000000 0.000000 -1.000000 0.000000 0.000000 -1.000000 0.000000 0.000000 -1.000000 0.000000 0.000000 -1.000000 0.000000 0.000000 -1.000000 0.000000 0.000000 -1.000000 0.000000 0.000000 -1.000000 0.000000 0.000000 -1.000000 0.000000 0.000000 -1.000000 0.000000 0.000000 -1.000000 0.000000 0.000000 -1.000000 0.000000 0.000000 -1.000000 0.000000 0.000000 -1.000000 0.000000 0.000000 -1.000000 0.000000 0.000000 -1.000000 0.000000 0.000000 -1.000000 0.000000 0.000000 -1.000000 0.000000 0.000000 -1.000000 0.000000 0.000000 -1.000000 0.000000 0.000000 -1.000000 0.000000 0.000000 -1.000000 0.000000 0.000000 -1.000000 0.000000 0.000000 -1.000000 0.000000 0.000000 -1.000000 0.000000 0.000000 -1.000000 0.000000 0.000000 -1.000000 0.000000 0.000000 -1.000000 0.000000 0.000000 -1.000000 0.000000 0.000000 -1.000000 0.000000 0.000000 -1.000000 0.000000 0.000000 -1.000000 0.000000 0.000000 -1.000000 0.000000 0.000000 -1.000000 0.000000 0.000000 -1.000000 0.000000 0.000000 -1.000000 0.000000 0.000000 -1.000000 0.000000 0.000000 -1.000000 0.000000 0.000000 -1.000000 0.000000 0.000000 -1.000000 0.000000 0.000000 -1.000000 0.000000 0.000000 -1.000000 0.000000 0.000000 -1.000000 0.000000 0.000000 -1.000000 0.000000 0.000000 -1.000000 0.000000 0.000000 -1.000000 0.000000 0.000000 -1.000000 0.000000 0.000000 -1.000000 0.000000 0.000000 -1.000000 0.000000 0.000000 -1.000000 0.000000 0.000000 -1.000000 0.000000 0.000000 -1.000000 0.000000 0.000000 -1.000000 0.000000 0.000000 -1.000000 0.000000 0.000000 -1.000000 0.000000 0.000000 -1.000000 0.000000 0.000000 -1.000000 0.000000 0.000000 -1.000000 0.000000 0.000000 -1.000000 0.000000 0.000000 -1.000000 0.000000 0.000000 -1.000000 0.000000 0.000000 -1.000000 0.000000 0.000000 -1.000000 0.000000 0.000000 -1.000000 0.000000 0.000000 -1.000000 0.000000 0.000000 -1.000000 0.000000 0.000000 -1.000000 0.000000 0.000000 -1.000000 0.000000 0.000000 -1.000000 0.000000 0.000000 -1.000000 0.000000 0.000000 -1.000000 0.000000 0.000000 -1.000000 0.000000 0.000000 -1.000000 0.000000 0.000000 -1.000000 0.000000 0.000000 -1.000000 0.000000 0.000000 -1.000000 0.000000 0.000000 -1.000000 0.000000 0.000000 -1.000000 0.000000 0.000000 -1.000000 0.000000 0.000000 -1.000000 0.000000 0.000000 -1.000000 0.000000 0.000000 -1.000000 0.000000 0.000000 -1.000000 0.000000 0.000000 -1.000000 0.000000 0.000000 -1.000000 0.000000 0.000000 -1.000000 0.000000 0.000000 -1.000000 0.000000 0.000000 -1.000000 0.000000 0.000000 -1.000000 0.000000 0.000000 -1.000000 0.000000 0.000000 -1.000000 0.000000 0.000000 -1.000000 0.000000 0.000000 -1.000000 0.000000 0.000000 -1.000000 0.000000 0.000000 -1.000000 0.000000 0.000000 -1.000000 0.000000 0.000000 -1.000000 0.000000 0.000000 -1.000000 0.000000 0.000000 -1.000000 0.000000 0.000000 -1.000000 0.000000 0.000000 -1.000000 0.000000 0.000000 -1.000000 0.000000 0.000000 -1.000000 0.000000 0.000000 -1.000000 0.000000 0.000000 -1.000000 0.000000 0.000000 -1.000000 0.000000 0.000000 -1.000000 0.000000 0.000000 -1.000000 0.000000 0.000000 -1.000000 0.000000 0.000000 -1.000000 0.000000 0.000000 -1.000000 0.000000 0.000000 -1.000000 0.000000 0.000000 -1.000000 0.000000 0.000000 -1.000000 0.000000 0.000000 -1.000000 0.000000 0.000000 -1.000000 0.000000 0.000000 -1.000000 0.000000 0.000000 -1.000000 0.000000 0.000000 -1.000000 0.000000 0.000000 -1.000000 0.000000 0.000000 -1.000000 0.000000 0.000000 -1.000000 0.000000 0.000000 -1.000000 0.000000 0.000000 -1.000000 0.000000 0.000000 -1.000000 0.000000 0.000000 -1.000000 0.000000 0.000000 -1.000000 0.000000 0.000000 -1.000000 0.000000 0.000000 -1.000000 0.000000 0.000000 -1.000000 0.000000 0.000000 -1.000000 0.000000 0.000000 -1.000000 0.000000 0.000000 -1.000000 0.000000 0.000000 -1.000000 0.000000 0.000000 -1.000000 0.000000 0.000000 -1.000000 0.000000 0.000000 -1.000000 0.000000 0.000000 -1.000000 0.000000 0.000000 -1.000000 0.000000 0.000000 -1.000000 0.000000 0.000000 -1.000000 0.000000 0.000000 -1.000000 0.000000 0.000000 -1.000000 0.000000 0.000000 -1.000000 0.000000 0.000000 -1.000000 0.000000 0.000000 -1.000000 0.000000 0.000000 -1.000000 0.000000 0.000000 -1.000000 0.000000 0.000000 -1.000000 0.000000 0.000000 -1.000000 0.000000 0.000000 -1.000000 0.000000 0.000000 -1.000000 0.000000 0.000000 -1.000000 0.000000 0.000000 -1.000000 0.000000 0.000000 -1.000000 0.000000 0.000000 -1.000000 0.000000 0.000000 -1.000000 0.000000 0.000000 -1.000000 0.000000 0.000000 -1.000000 0.000000 0.000000 -1.000000 0.000000 0.000000 -1.000000 0.000000 0.000000 -1.000000 0.000000 0.000000 -1.000000 0.000000 0.000000 -1.000000 0.000000 0.000000 -1.000000 0.000000 0.000000 -1.000000 0.000000 0.000000 -1.000000 0.000000 0.000000 -1.000000 0.000000 0.000000 -1.000000 0.000000 0.000000 -1.000000 0.000000 0.000000 -1.000000 0.000000 0.000000 -1.000000 0.000000 0.000000 -1.000000 0.000000 0.000000 -1.000000 0.000000 0.000000 -1.000000 0.000000 0.000000 -1.000000 0.000000 0.000000 -1.000000 0.000000 0.000000 -1.000000 0.000000 0.000000 -1.000000 0.000000 0.000000 -1.000000 0.000000 0.000000 -1.000000 0.000000 0.000000 -1.000000 0.000000 0.000000 -1.000000 0.000000 0.000000 -1.000000 0.000000 0.000000 -1.000000 0.000000 0.000000 -1.000000 0.000000 0.000000 -1.000000 0.000000 0.000000 -1.000000 0.000000 0.000000 -1.000000 0.000000 0.000000 -1.000000 0.000000 0.000000 -1.000000 0.000000 0.000000 -1.000000 0.000000 0.000000 -1.000000 0.000000 0.000000 -1.000000 0.000000 0.000000 -1.000000 0.000000 0.000000 -1.000000 0.000000 0.000000 -1.000000 0.000000 0.000000 -1.000000 0.000000 0.000000 -1.000000 0.000000 0.000000 -1.000000 0.000000 0.000000 -1.000000 0.000000 0.000000 -1.000000 0.000000 0.000000 -1.000000 0.000000 0.000000 -1.000000 0.000000 0.000000 -1.000000 0.000000 0.000000 -1.000000 0.000000 0.000000 -1.000000 0.000000 0.000000 -1.000000 0.000000 0.000000 -1.000000 0.000000 0.000000 -1.000000 0.000000 0.000000 -1.000000 0.000000 0.000000 -1.000000 0.000000 0.000000 -1.000000 0.000000 0.000000 -1.000000 0.000000 0.000000 -1.000000 0.000000 0.000000 -1.000000 0.000000 0.000000 -1.000000 0.000000 0.000000 -1.000000 0.000000 0.000000 -1.000000 0.000000 0.000000 -1.000000 0.000000 0.000000 -1.000000 0.000000 0.000000 -1.000000 0.000000 0.000000 -1.000000 0.000000 0.000000 -1.000000 0.000000 0.000000 -1.000000 0.000000 0.000000 -1.000000 0.000000 0.000000 -1.000000 0.000000 0.000000 -1.000000 0.000000 0.000000 -1.000000 0.000000 0.000000 -1.000000 0.000000 0.000000 -1.000000 0.000000 0.000000 -1.000000 0.000000 0.000000 -1.000000 0.000000 0.000000 -1.000000 0.000000 0.000000 -1.000000 0.000000 0.000000 -1.000000 0.000000 0.000000 -1.000000 0.000000 0.000000 -1.000000 0.000000 0.000000 -1.000000 0.000000 0.000000 -1.000000 0.000000 0.000000 -1.000000 0.000000 0.000000 -1.000000 0.000000 0.000000 -1.000000 0.000000 0.000000 -1.000000 0.000000 0.000000 -1.000000 0.000000 0.000000 -1.000000 0.000000 0.000000 -1.000000 0.000000 0.000000 -1.000000 0.000000 0.000000 -1.000000 0.000000 0.000000 -1.000000 0.000000 0.000000 -1.000000 0.000000 0.000000 -1.000000 0.000000 0.000000 -1.000000 0.000000 0.000000 -1.000000 0.000000 0.000000 -1.000000 0.000000 0.000000 -1.000000 0.000000 0.000000 -1.000000 0.000000 0.000000 -1.000000 0.000000 0.000000 -1.000000 0.000000 0.000000 -1.000000 0.000000 0.000000 -1.000000 0.000000 0.000000 -1.000000 0.000000 0.000000 -1.000000 0.000000 0.000000 -1.000000 0.000000 0.000000 -1.000000 0.000000 0.000000 -1.000000 0.000000 0.000000 -1.000000 0.000000 0.000000 -1.000000 0.000000 0.000000 -1.000000 0.000000 0.000000 -1.000000 0.000000 0.000000 -1.000000 0.000000 0.000000 -1.000000 0.000000 0.000000 -1.000000 0.000000 0.000000 -1.000000 0.000000 0.000000 -1.000000 0.000000 0.000000 -1.000000 0.000000 0.000000 -1.000000 0.000000 0.000000 -1.000000 0.000000 0.000000 -1.000000 0.000000 0.000000 -1.000000 0.000000 0.000000 -1.000000 0.000000 0.000000 -1.000000 0.000000 0.000000 -1.000000 0.000000 0.000000 -1.000000 0.000000 0.000000 -1.000000 0.000000 0.000000 -1.000000 -1.000000 -0.000000 -0.000000 -1.000000 -0.000000 -0.000000 -1.000000 -0.000000 -0.000000 -1.000000 -0.000000 -0.000000 0.484267 -0.874920 -0.000000 0.484267 -0.874920 -0.000000 0.370126 -0.928982 -0.000000 0.370126 -0.928982 -0.000000 0.250080 -0.968225 -0.000000 0.250080 -0.968225 -0.000000 0.126045 -0.992024 -0.000000 0.126045 -0.992024 -0.000000 -0.000000 -1.000000 -0.000000 -0.000000 -1.000000 -0.000000 -0.126045 -0.992024 -0.000000 -0.126045 -0.992024 -0.000000 -0.250080 -0.968225 -0.000000 -0.250080 -0.968225 -0.000000 -0.370126 -0.928982 -0.000000 -0.370126 -0.928982 -0.000000 -0.484267 -0.874920 -0.000000 -0.484267 -0.874920 -0.000000 1.000000 -0.000000 0.000000 1.000000 -0.000000 0.000000 1.000000 -0.000000 0.000000 1.000000 -0.000000 0.000000 -0.484267 0.874920 -0.000000 -0.484267 0.874920 -0.000000 -0.370126 0.928982 -0.000000 -0.370126 0.928982 -0.000000 -0.250080 0.968225 -0.000000 -0.250080 0.968225 -0.000000 -0.126045 0.992024 -0.000000 -0.126045 0.992024 -0.000000 0.000000 1.000000 0.000000 0.000000 1.000000 0.000000 0.126045 0.992024 0.000000 0.126045 0.992024 0.000000 0.250080 0.968225 0.000000 0.250080 0.968225 0.000000 0.370126 0.928982 0.000000 0.370126 0.928982 0.000000 0.484267 0.874920 0.000000 0.484267 0.874920 0.000000 0.000000 0.000000 -1.000000 0.000000 0.000000 -1.000000 0.000000 0.000000 -1.000000 0.000000 0.000000 -1.000000 0.000000 0.000000 -1.000000 0.000000 0.000000 -1.000000 0.000000 0.000000 -1.000000 0.000000 0.000000 -1.000000 0.000000 0.000000 -1.000000 0.000000 0.000000 -1.000000 0.000000 0.000000 -1.000000 0.000000 0.000000 -1.000000 0.000000 0.000000 -1.000000 0.000000 0.000000 -1.000000 0.000000 0.000000 -1.000000 0.000000 0.000000 -1.000000 0.000000 0.000000 -1.000000 0.000000 0.000000 -1.000000 -1.000000 -0.000000 -0.000000 -1.000000 -0.000000 -0.000000 -1.000000 -0.000000 -0.000000 -1.000000 -0.000000 -0.000000 0.500000 -0.866025 -0.000000 0.500000 -0.866025 -0.000000 0.382683 -0.923880 -0.000000 0.382683 -0.923880 -0.000000 0.258819 -0.965926 -0.000000 0.258819 -0.965926 -0.000000 0.130526 -0.991445 -0.000000 0.130526 -0.991445 -0.000000 0.000000 -1.000000 -0.000000 0.000000 -1.000000 -0.000000 -0.130526 -0.991445 -0.000000 -0.130526 -0.991445 -0.000000 -0.258819 -0.965926 -0.000000 -0.258819 -0.965926 -0.000000 -0.382683 -0.923880 -0.000000 -0.382683 -0.923880 -0.000000 -0.500000 -0.866025 -0.000000 -0.500000 -0.866025 -0.000000 1.000000 0.000000 0.000000 1.000000 0.000000 0.000000 1.000000 0.000000 0.000000 1.000000 0.000000 0.000000 -0.500000 0.866025 -0.000000 -0.500000 0.866025 -0.000000 -0.382683 0.923880 -0.000000 -0.382683 0.923880 -0.000000 -0.258819 0.965926 -0.000000 -0.258819 0.965926 -0.000000 -0.130526 0.991445 -0.000000 -0.130526 0.991445 -0.000000 -0.000000 1.000000 -0.000000 -0.000000 1.000000 -0.000000 0.130526 0.991445 0.000000 0.130526 0.991445 0.000000 0.258819 0.965926 0.000000 0.258819 0.965926 0.000000 0.382683 0.923880 0.000000 0.382683 0.923880 0.000000 0.500000 0.866025 0.000000 0.500000 0.866025 0.000000 0.000000 0.000000 -1.000000 0.000000 0.000000 -1.000000 0.000000 0.000000 -1.000000 0.000000 0.000000 -1.000000 0.000000 0.000000 -1.000000 0.000000 0.000000 -1.000000 0.000000 0.000000 -1.000000 0.000000 0.000000 -1.000000 0.000000 0.000000 -1.000000 0.000000 0.000000 -1.000000 0.000000 0.000000 -1.000000 0.000000 0.000000 -1.000000 0.000000 0.000000 -1.000000 0.000000 0.000000 -1.000000 0.000000 0.000000 -1.000000 0.000000 0.000000 -1.000000 0.000000 0.000000 -1.000000 0.000000 0.000000 -1.000000 0.000000 0.000000 -1.000000 0.000000 0.000000 -1.000000 0.000000 0.000000 -1.000000 0.000000 0.000000 -1.000000 0.000000 0.000000 -1.000000 0.000000 0.000000 -1.000000 0.000000 0.000000 -1.000000 0.000000 0.000000 -1.000000 0.000000 0.000000 -1.000000 0.000000 0.000000 -1.000000 0.000000 0.000000 -1.000000 0.000000 0.000000 -1.000000 0.000000 0.000000 -1.000000 0.000000 0.000000 -1.000000 0.000000 0.000000 -1.000000 0.000000 0.000000 -1.000000 0.000000 0.000000 -1.000000 0.000000 0.000000 -1.000000 -0.683013 -0.183013 -0.707107 -0.688047 -0.163070 -0.707107 -0.707107 -0.000000 -0.707107 -0.707107 -0.000000 -0.707107 -0.688047 0.163070 -0.707107 -0.631894 -0.317349 -0.707107 -0.612372 -0.353553 -0.707107 -0.541675 -0.454519 -0.707107 -0.500000 -0.500000 -0.707107 -0.422255 -0.567187 -0.707107 -0.353553 -0.612372 -0.707107 -0.280071 -0.649277 -0.707107 -0.183013 -0.683013 -0.707107 -0.122788 -0.696364 -0.707107 0.000000 -0.707107 -0.707107 0.041115 -0.705910 -0.707107 0.183013 -0.683013 -0.707107 0.202801 -0.677401 -0.707107 0.353553 -0.612372 -0.707107 0.353553 -0.612372 -0.707107 0.485246 -0.514331 -0.707107 0.500000 -0.500000 -0.707107 0.590779 -0.388562 -0.707107 0.612372 -0.353553 -0.707107 0.664463 -0.241845 -0.707107 0.683013 -0.183013 -0.707107 0.702326 -0.082090 -0.707107 0.707107 -0.000000 -0.707107 0.702326 0.082090 -0.707107 0.683013 0.183013 -0.707107 0.664463 0.241845 -0.707107 0.612372 0.353553 -0.707107 0.590779 0.388562 -0.707107 0.500000 0.500000 -0.707107 0.485246 0.514331 -0.707107 0.353553 0.612372 -0.707107 0.353553 0.612372 -0.707107 0.202801 0.677401 -0.707107 0.183013 0.683013 -0.707107 0.041115 0.705910 -0.707107 0.000000 0.707107 -0.707107 -0.122788 0.696364 -0.707107 -0.183013 0.683013 -0.707107 -0.280071 0.649277 -0.707107 -0.353553 0.612372 -0.707107 -0.422255 0.567187 -0.707107 -0.500000 0.500000 -0.707107 -0.541675 0.454519 -0.707107 -0.612372 0.353553 -0.707107 -0.631894 0.317349 -0.707107 -0.683013 0.183013 -0.707107 0.000000 0.000000 -1.000000 0.000000 0.000000 -1.000000 0.000000 0.000000 -1.000000 0.000000 0.000000 -1.000000 0.000000 0.000000 -1.000000 0.000000 0.000000 -1.000000 0.000000 0.000000 -1.000000 0.000000 0.000000 -1.000000 0.000000 0.000000 -1.000000 0.000000 0.000000 -1.000000 0.000000 0.000000 -1.000000 0.000000 0.000000 -1.000000 0.000000 0.000000 -1.000000 0.000000 0.000000 -1.000000 0.000000 0.000000 -1.000000 0.000000 0.000000 -1.000000 0.000000 0.000000 -1.000000 0.000000 0.000000 -1.000000 0.000000 0.000000 -1.000000 0.000000 0.000000 -1.000000 0.000000 0.000000 -1.000000 0.000000 0.000000 -1.000000 0.000000 0.000000 -1.000000 0.000000 0.000000 -1.000000 -0.939693 0.342020 0.000000 -0.939693 0.342020 0.000000 -0.939693 0.342020 0.000000 -0.939693 0.342020 0.000000 0.939693 0.342020 0.000000 0.939693 0.342020 0.000000 0.939693 0.342020 0.000000 0.939693 0.342020 0.000000 0.914208 -0.405244 -0.000000 0.914208 -0.405244 -0.000000 0.824588 -0.565733 -0.000000 0.824588 -0.565733 -0.000000 0.707107 -0.707107 -0.000000 0.707107 -0.707107 -0.000000 0.565733 -0.824589 -0.000000 0.565733 -0.824589 -0.000000 0.405244 -0.914209 -0.000000 0.405244 -0.914209 -0.000000 -0.342020 -0.939693 -0.000000 -0.342020 -0.939693 -0.000000 -0.342020 -0.939693 -0.000000 -0.342020 -0.939693 -0.000000 -0.342020 0.939693 0.000000 -0.342020 0.939693 0.000000 -0.342020 0.939693 0.000000 -0.342020 0.939693 0.000000 0.405244 0.914208 0.000000 0.405244 0.914208 0.000000 0.565733 0.824588 0.000000 0.565733 0.824588 0.000000 0.707107 0.707107 0.000000 0.707107 0.707107 0.000000 0.824589 0.565733 0.000000 0.824589 0.565733 0.000000 0.914209 0.405244 0.000000 0.914209 0.405244 0.000000 0.939693 -0.342020 0.000000 0.939693 -0.342020 0.000000 0.939693 -0.342020 0.000000 0.939693 -0.342020 0.000000 -0.939693 -0.342020 -0.000000 -0.939693 -0.342020 -0.000000 -0.939693 -0.342020 -0.000000 -0.939693 -0.342020 -0.000000 -0.914208 0.405244 -0.000000 -0.914208 0.405244 -0.000000 -0.824588 0.565733 -0.000000 -0.824588 0.565733 -0.000000 -0.707107 0.707107 -0.000000 -0.707107 0.707107 -0.000000 -0.565733 0.824589 -0.000000 -0.565733 0.824589 -0.000000 -0.405244 0.914209 -0.000000 -0.405244 0.914209 -0.000000 0.342020 0.939693 0.000000 0.342020 0.939693 0.000000 0.342020 0.939693 0.000000 0.342020 0.939693 0.000000 0.342020 -0.939693 0.000000 0.342020 -0.939693 0.000000 0.342020 -0.939693 0.000000 0.342020 -0.939693 0.000000 -0.405244 -0.914208 -0.000000 -0.405244 -0.914208 -0.000000 -0.565733 -0.824588 -0.000000 -0.565733 -0.824588 -0.000000 -0.707107 -0.707107 -0.000000 -0.707107 -0.707107 -0.000000 -0.824589 -0.565733 -0.000000 -0.824589 -0.565733 -0.000000 -0.914209 -0.405244 -0.000000 -0.914209 -0.405244 -0.000000 0.000000 0.000000 -1.000000 0.000000 0.000000 -1.000000 0.000000 0.000000 -1.000000 0.000000 0.000000 -1.000000 0.000000 0.000000 -1.000000 0.000000 0.000000 -1.000000 0.000000 0.000000 -1.000000 0.000000 0.000000 -1.000000 0.000000 0.000000 -1.000000 0.000000 0.000000 -1.000000 0.000000 0.000000 -1.000000 0.000000 0.000000 -1.000000 0.000000 0.000000 -1.000000 0.000000 0.000000 -1.000000 0.000000 0.000000 -1.000000 0.000000 0.000000 -1.000000 0.000000 0.000000 -1.000000 0.000000 0.000000 -1.000000 0.000000 0.000000 -1.000000 0.000000 0.000000 -1.000000 0.000000 0.000000 -1.000000 0.000000 0.000000 -1.000000 0.000000 0.000000 -1.000000 0.000000 0.000000 -1.000000 0.000000 0.000000 -1.000000 0.000000 0.000000 -1.000000 0.000000 0.000000 -1.000000 0.000000 0.000000 -1.000000 0.000000 0.000000 -1.000000 0.000000 0.000000 -1.000000 0.000000 0.000000 -1.000000 0.000000 0.000000 -1.000000 0.000000 0.000000 -1.000000 0.000000 0.000000 -1.000000 0.000000 0.000000 -1.000000 0.000000 0.000000 -1.000000 0.000000 0.000000 -1.000000 0.000000 0.000000 -1.000000 0.000000 0.000000 -1.000000 0.000000 0.000000 -1.000000 0.000000 0.000000 -1.000000 0.000000 0.000000 -1.000000 0.000000 0.000000 -1.000000 0.000000 0.000000 -1.000000 0.000000 0.000000 -1.000000 0.000000 0.000000 -1.000000 0.000000 0.000000 -1.000000 0.000000 0.000000 -1.000000 0.000000 0.000000 -1.000000 0.000000 0.000000 -1.000000 0.000000 0.000000 -1.000000 0.000000 0.000000 -1.000000 0.000000 0.000000 -1.000000 0.000000 0.000000 -1.000000 0.000000 0.000000 -1.000000 0.000000 0.000000 -1.000000 0.000000 0.000000 -1.000000 0.000000 0.000000 -1.000000 0.000000 0.000000 -1.000000 0.000000 0.000000 -1.000000 0.000000 0.000000 -1.000000 0.000000 0.000000 -1.000000 0.000000 0.000000 -1.000000 0.000000 0.000000 -1.000000 0.000000 0.000000 -1.000000 0.000000 0.000000 -1.000000 0.000000 0.000000 -1.000000 0.000000 0.000000 -1.000000 0.000000 0.000000 -1.000000 0.000000 0.000000 -1.000000 0.000000 0.000000 -1.000000 0.000000 0.000000 -1.000000 0.000000 0.000000 -1.000000 0.000000 0.000000 -1.000000 0.000000 0.000000 -1.000000 0.000000 0.000000 -1.000000 0.000000 0.000000 -1.000000 0.000000 0.000000 -1.000000 0.000000 0.000000 -1.000000 0.000000 0.000000 -1.000000 0.000000 0.000000 -1.000000 0.000000 0.000000 -1.000000 0.000000 0.000000 -1.000000 0.000000 0.000000 -1.000000 0.000000 0.000000 -1.000000 0.000000 0.000000 -1.000000 0.000000 0.000000 -1.000000 0.000000 0.000000 -1.000000 0.000000 0.000000 -1.000000 0.000000 0.000000 -1.000000 0.000000 0.000000 -1.000000 0.000000 0.000000 -1.000000 0.000000 0.000000 -1.000000 0.000000 0.000000 -1.000000 0.000000 0.000000 -1.000000 0.000000 0.000000 -1.000000 0.000000 0.000000 -1.000000 0.000000 0.000000 -1.000000 0.000000 0.000000 -1.000000 0.000000 0.000000 -1.000000 0.000000 0.000000 -1.000000 0.000000 0.000000 -1.000000 0.000000 0.000000 -1.000000 0.000000 0.000000 -1.000000 0.000000 0.000000 -1.000000 0.000000 0.000000 -1.000000 0.000000 0.000000 -1.000000 0.000000 0.000000 -1.000000 0.000000 0.000000 -1.000000 0.000000 0.000000 -1.000000 0.000000 0.000000 -1.000000 -0.926986 0.375095 -0.000000 -0.957601 0.288099 -0.000000 -0.926986 0.375095 -0.000000 -0.905448 0.424457 -0.000000 -0.868746 0.495259 -0.000000 -0.833998 0.551768 -0.000000 -0.795014 0.606591 -0.000000 -0.744772 0.667319 -0.000000 -0.707107 0.707107 -0.000000 -0.639673 0.768647 -0.000000 -0.606591 0.795014 -0.000000 -0.520940 0.853593 -0.000000 -0.495258 0.868746 -0.000000 -0.391105 0.920346 -0.000000 -0.375095 0.926986 -0.000000 -0.252933 0.967484 -0.000000 -0.253535 0.967326 -0.000000 -0.127816 0.991798 -0.000000 -0.109371 0.994001 -0.000000 0.000000 1.000000 0.000000 0.036522 0.999333 0.000000 0.127816 0.991798 0.000000 0.181637 0.983366 0.000000 0.253535 0.967326 0.000000 0.322880 0.946440 0.000000 0.375095 0.926986 0.000000 0.375095 0.926986 0.000000 0.457242 0.889342 0.000000 0.495259 0.868746 0.000000 0.581859 0.813290 0.000000 0.606591 0.795014 0.000000 0.694074 0.719903 0.000000 0.707107 0.707107 0.000000 0.791496 0.611174 0.000000 0.795014 0.606591 0.000000 0.868746 0.495258 0.000000 0.872049 0.489418 0.000000 0.926986 0.375095 0.000000 0.934016 0.357231 0.000000 0.926986 0.375095 0.000000 0.967326 0.253535 0.000000 0.976076 0.217430 0.000000 0.991798 0.127816 0.000000 0.997332 0.072995 0.000000 1.000000 -0.000000 -0.000000 0.997332 -0.072995 -0.000000 0.991798 -0.127816 -0.000000 0.976076 -0.217430 -0.000000 0.967326 -0.253535 -0.000000 0.934016 -0.357231 -0.000000 0.926986 -0.375095 -0.000000 0.926986 -0.375095 -0.000000 0.872049 -0.489418 -0.000000 0.868746 -0.495259 -0.000000 0.791496 -0.611174 -0.000000 0.795014 -0.606591 -0.000000 0.707107 -0.707107 -0.000000 0.694074 -0.719903 -0.000000 0.606591 -0.795014 -0.000000 0.581859 -0.813290 -0.000000 0.495258 -0.868746 -0.000000 0.457242 -0.889342 -0.000000 0.375095 -0.926986 -0.000000 0.322880 -0.946440 -0.000000 0.375095 -0.926986 -0.000000 0.253535 -0.967326 -0.000000 0.181637 -0.983366 -0.000000 0.127816 -0.991798 -0.000000 0.036522 -0.999333 -0.000000 -0.000000 -1.000000 -0.000000 -0.109371 -0.994001 -0.000000 -0.127816 -0.991798 -0.000000 -0.252933 -0.967484 -0.000000 -0.253535 -0.967326 -0.000000 -0.375095 -0.926986 -0.000000 -0.375095 -0.926986 -0.000000 -0.967326 0.253535 -0.000000 -0.989343 0.145601 -0.000000 -0.991798 0.127816 -0.000000 -1.000000 0.000000 -0.000000 -1.000000 0.000000 -0.000000 -0.991798 -0.127816 -0.000000 -0.989343 -0.145601 -0.000000 -0.967326 -0.253535 -0.000000 -0.957601 -0.288099 -0.000000 -0.926986 -0.375095 -0.000000 -0.905448 -0.424457 -0.000000 -0.868746 -0.495258 -0.000000 -0.833998 -0.551768 -0.000000 -0.795014 -0.606591 -0.000000 -0.744772 -0.667319 -0.000000 -0.707107 -0.707107 -0.000000 -0.639673 -0.768647 -0.000000 -0.606591 -0.795014 -0.000000 -0.520940 -0.853593 -0.000000 -0.495259 -0.868746 -0.000000 -0.391105 -0.920346 -0.000000 -0.926986 -0.375095 -0.000000 -0.375095 0.926986 -0.000000 0.000000 0.000000 -1.000000 0.000000 0.000000 -1.000000 0.000000 0.000000 -1.000000 0.000000 0.000000 -1.000000 0.000000 0.000000 -1.000000 0.000000 0.000000 -1.000000 0.000000 0.000000 -1.000000 0.000000 0.000000 -1.000000 0.000000 0.000000 -1.000000 0.000000 0.000000 -1.000000 0.000000 0.000000 -1.000000 0.000000 0.000000 -1.000000 0.707107 -0.707107 0.000000 0.707107 -0.707107 0.000000 0.866025 -0.500000 0.000000 0.866025 -0.500000 0.000000 0.965926 -0.258819 0.000000 0.965926 -0.258819 0.000000 1.000000 -0.000000 0.000000 1.000000 -0.000000 0.000000 0.965926 0.258819 0.000000 0.965926 0.258819 0.000000 0.866025 0.500000 0.000000 0.866025 0.500000 0.000000 0.707107 0.707107 0.000000 0.707107 0.707107 0.000000 0.500000 0.866025 0.000000 0.500000 0.866025 0.000000 0.258819 0.965926 0.000000 0.258819 0.965926 0.000000 0.000000 1.000000 0.000000 0.000000 1.000000 0.000000 -0.258819 0.965926 0.000000 -0.258819 0.965926 0.000000 -0.500000 0.866025 0.000000 -0.500000 0.866025 0.000000 -0.707107 0.707107 0.000000 -0.707107 0.707107 0.000000 -0.866025 0.500000 0.000000 -0.866025 0.500000 0.000000 -0.965926 0.258819 0.000000 -0.965926 0.258819 0.000000 -1.000000 -0.000000 -0.000000 -1.000000 -0.000000 -0.000000 -0.965926 -0.258819 -0.000000 -0.965926 -0.258819 -0.000000 -0.866025 -0.500000 -0.000000 -0.866025 -0.500000 -0.000000 -0.707107 -0.707107 -0.000000 -0.707107 -0.707107 -0.000000 -0.500000 -0.866025 -0.000000 -0.500000 -0.866025 -0.000000 -0.258819 -0.965926 -0.000000 -0.258819 -0.965926 -0.000000 0.000000 -1.000000 0.000000 -0.000000 -1.000000 -0.000000 0.258819 -0.965926 0.000000 0.258819 -0.965926 0.000000 0.500000 -0.866025 0.000000 0.500000 -0.866025 0.000000 -0.965926 0.258819 -0.000000 -0.965926 0.258819 -0.000000 -0.866025 0.500000 -0.000000 -0.866025 0.500000 -0.000000 -0.707107 0.707107 -0.000000 -0.707107 0.707107 -0.000000 -0.500000 0.866025 -0.000000 -0.500000 0.866025 -0.000000 -0.258819 0.965926 -0.000000 -0.258819 0.965926 -0.000000 -0.000000 1.000000 -0.000000 0.000000 1.000000 0.000000 0.258819 0.965926 0.000000 0.258819 0.965926 0.000000 0.500000 0.866025 0.000000 0.500000 0.866025 0.000000 0.707107 0.707107 0.000000 0.707107 0.707107 0.000000 0.866025 0.500000 0.000000 0.866025 0.500000 0.000000 0.965926 0.258819 0.000000 0.965926 0.258819 0.000000 1.000000 0.000000 0.000000 1.000000 0.000000 0.000000 0.965926 -0.258819 -0.000000 0.965926 -0.258819 -0.000000 0.866025 -0.500000 -0.000000 0.866025 -0.500000 -0.000000 0.707107 -0.707107 -0.000000 0.707107 -0.707107 -0.000000 0.500000 -0.866025 -0.000000 0.500000 -0.866025 -0.000000 0.258819 -0.965926 -0.000000 0.258819 -0.965926 -0.000000 -0.000000 -1.000000 -0.000000 -0.000000 -1.000000 -0.000000 -0.258819 -0.965926 -0.000000 -0.258819 -0.965926 -0.000000 -0.500000 -0.866025 -0.000000 -0.500000 -0.866025 -0.000000 -0.707107 -0.707107 -0.000000 -0.707107 -0.707107 -0.000000 -0.866025 -0.500000 -0.000000 -0.866025 -0.500000 -0.000000 -0.965926 -0.258819 -0.000000 -0.965926 -0.258819 -0.000000 -1.000000 0.000000 -0.000000 -1.000000 0.000000 -0.000000 0.000000 0.000000 -1.000000 0.000000 0.000000 -1.000000 0.000000 0.000000 -1.000000 0.000000 0.000000 -1.000000 0.000000 0.000000 -1.000000 0.000000 0.000000 -1.000000 0.000000 0.000000 -1.000000 0.000000 0.000000 -1.000000 0.000000 0.000000 -1.000000 0.000000 0.000000 -1.000000 0.000000 0.000000 -1.000000 0.000000 0.000000 -1.000000 0.000000 0.000000 -1.000000 0.000000 0.000000 -1.000000 0.000000 0.000000 -1.000000 0.000000 0.000000 -1.000000 0.000000 0.000000 -1.000000 0.000000 0.000000 -1.000000 0.000000 0.000000 -1.000000 0.000000 0.000000 -1.000000 0.000000 0.000000 -1.000000 0.000000 0.000000 -1.000000 0.000000 0.000000 -1.000000 0.000000 0.000000 -1.000000 0.000000 0.000000 -1.000000 0.000000 0.000000 -1.000000 0.000000 0.000000 -1.000000 0.000000 0.000000 -1.000000 0.000000 0.000000 -1.000000 0.000000 0.000000 -1.000000 0.000000 0.000000 -1.000000 0.000000 0.000000 -1.000000 0.000000 0.000000 -1.000000 0.000000 0.000000 -1.000000 0.000000 0.000000 -1.000000 0.000000 0.000000 -1.000000 0.000000 0.000000 -1.000000 0.000000 0.000000 -1.000000 0.000000 0.000000 -1.000000 0.000000 0.000000 -1.000000 0.000000 0.000000 -1.000000 0.000000 0.000000 -1.000000 0.000000 0.000000 -1.000000 0.000000 0.000000 -1.000000 0.000000 0.000000 -1.000000 0.000000 0.000000 -1.000000 0.000000 0.000000 -1.000000 0.000000 0.000000 -1.000000 0.000000 0.000000 -1.000000 0.000000 0.000000 -1.000000 0.000000 0.000000 -1.000000 0.000000 0.000000 -1.000000 0.000000 0.000000 -1.000000 0.000000 0.000000 -1.000000 0.000000 0.000000 -1.000000 0.000000 0.000000 -1.000000 0.000000 0.000000 -1.000000 0.000000 0.000000 -1.000000 0.000000 0.000000 -1.000000 0.000000 0.000000 -1.000000 0.000000 0.000000 -1.000000 0.000000 0.000000 -1.000000 0.000000 0.000000 -1.000000 0.000000 0.000000 -1.000000 0.000000 0.000000 -1.000000 0.000000 0.000000 -1.000000 0.000000 0.000000 -1.000000 0.000000 0.000000 -1.000000 0.000000 0.000000 -1.000000 0.000000 0.000000 -1.000000 0.000000 0.000000 -1.000000 0.000000 0.000000 -1.000000 0.000000 0.000000 -1.000000 0.000000 0.000000 -1.000000 0.000000 0.000000 -1.000000 0.000000 0.000000 -1.000000 0.000000 0.000000 -1.000000 0.000000 0.000000 -1.000000 0.000000 0.000000 -1.000000 0.000000 0.000000 -1.000000 0.000000 0.000000 -1.000000 0.000000 0.000000 -1.000000 0.000000 0.000000 -1.000000 0.000000 0.000000 -1.000000 0.000000 0.000000 -1.000000 0.000000 0.000000 -1.000000 0.000000 0.000000 -1.000000 0.000000 0.000000 -1.000000 0.000000 0.000000 -1.000000 0.000000 0.000000 -1.000000 0.000000 0.000000 -1.000000 0.000000 0.000000 -1.000000 0.000000 0.000000 -1.000000 0.000000 0.000000 -1.000000 0.000000 0.000000 -1.000000 0.000000 0.000000 -1.000000 0.000000 0.000000 -1.000000 0.000000 0.000000 -1.000000 0.000000 0.000000 -1.000000 0.000000 0.000000 -1.000000 0.000000 0.000000 -1.000000 0.000000 0.000000 -1.000000 -0.824735 0.565519 0.000000 -0.731309 0.682047 0.000000 -0.824735 0.565519 0.000000 -0.667717 0.744415 0.000000 -0.617267 0.786753 0.000000 -0.472868 0.881133 0.000000 -0.482167 0.876079 0.000000 -0.328994 0.944332 0.000000 -0.251227 0.967928 0.000000 -0.161148 0.986930 0.000000 -0.015352 0.999882 0.000000 0.023387 0.999726 -0.000000 0.126164 0.992009 -0.000000 0.221393 0.975185 -0.000000 0.232901 0.972501 -0.000000 0.340559 0.940223 -0.000000 0.445595 0.895235 -0.000000 0.445595 0.895235 -0.000000 0.552499 0.833514 -0.000000 0.643978 0.765044 -0.000000 0.552499 0.833514 -0.000000 0.733838 0.679325 -0.000000 0.725760 0.687948 -0.000000 0.796024 0.605266 -0.000000 0.873599 0.486646 -0.000000 0.854095 0.520117 -0.000000 0.935281 0.353907 -0.000000 0.963864 0.266395 -0.000000 0.982313 0.187249 -0.000000 0.999518 0.031051 -0.000000 0.999790 0.020471 -0.000000 0.989982 -0.141193 0.000000 0.978541 -0.206053 0.000000 0.956324 -0.292308 0.000000 0.902122 -0.431482 0.000000 0.902122 -0.431482 0.000000 0.347068 0.937840 0.000000 0.347068 0.937840 0.000000 0.288520 0.957474 0.000000 0.288520 0.957474 0.000000 0.228871 0.973457 0.000000 0.168350 0.985727 0.000000 0.168350 0.985727 0.000000 0.228871 0.973457 0.000000 0.638659 0.769490 0.000000 0.638659 0.769490 0.000000 0.684937 0.728602 0.000000 0.684937 0.728602 0.000000 0.728602 0.684937 0.000000 0.769490 0.638659 0.000000 0.769490 0.638659 0.000000 0.728602 0.684937 0.000000 0.258819 -0.965926 0.000000 0.258819 -0.965926 0.000000 0.500000 -0.866025 0.000000 0.500000 -0.866025 0.000000 0.707107 -0.707107 0.000000 0.707107 -0.707107 0.000000 0.866025 -0.500000 0.000000 0.866025 -0.500000 0.000000 0.965926 -0.258819 0.000000 0.965926 -0.258819 0.000000 1.000000 -0.000000 0.000000 1.000000 -0.000000 0.000000 0.965926 0.258819 0.000000 0.965926 0.258819 0.000000 0.866025 0.500000 0.000000 0.866025 0.500000 0.000000 0.707107 0.707107 0.000000 0.707107 0.707107 0.000000 0.500000 0.866025 0.000000 0.500000 0.866025 0.000000 0.258819 0.965926 0.000000 0.258819 0.965926 0.000000 0.000000 1.000000 0.000000 0.000000 1.000000 0.000000 -0.258819 0.965926 0.000000 -0.258819 0.965926 0.000000 -0.500000 0.866025 0.000000 -0.500000 0.866025 0.000000 -0.707107 0.707107 0.000000 -0.707107 0.707107 0.000000 -0.866025 0.500000 0.000000 -0.866025 0.500000 0.000000 -0.965926 0.258819 0.000000 -0.965926 0.258819 0.000000 -1.000000 -0.000000 -0.000000 -1.000000 -0.000000 -0.000000 -0.965926 -0.258819 -0.000000 -0.965926 -0.258819 -0.000000 -0.866025 -0.500000 -0.000000 -0.866025 -0.500000 -0.000000 -0.707107 -0.707107 -0.000000 -0.707107 -0.707107 -0.000000 -0.500000 -0.866025 -0.000000 -0.500000 -0.866025 -0.000000 -0.258819 -0.965926 -0.000000 -0.258819 -0.965926 -0.000000 0.000000 -1.000000 0.000000 -0.000000 -1.000000 -0.000000 -0.707107 0.707107 -0.000000 -0.707107 0.707107 -0.000000 -0.500000 0.866025 -0.000000 -0.500000 0.866025 -0.000000 -0.258819 0.965926 -0.000000 -0.258819 0.965926 -0.000000 -0.000000 1.000000 -0.000000 -0.000000 1.000000 -0.000000 0.258819 0.965926 0.000000 0.258819 0.965926 0.000000 0.500000 0.866025 0.000000 0.500000 0.866025 0.000000 0.707107 0.707107 0.000000 0.707107 0.707107 0.000000 0.866025 0.500000 0.000000 0.866025 0.500000 0.000000 0.965926 0.258819 0.000000 0.965926 0.258819 0.000000 1.000000 0.000000 0.000000 1.000000 0.000000 0.000000 0.965926 -0.258819 -0.000000 0.965926 -0.258819 -0.000000 0.866025 -0.500000 -0.000000 0.866025 -0.500000 -0.000000 0.707107 -0.707107 -0.000000 0.707107 -0.707107 -0.000000 0.500000 -0.866025 -0.000000 0.500000 -0.866025 -0.000000 0.258819 -0.965926 -0.000000 0.258819 -0.965926 -0.000000 0.000000 -1.000000 -0.000000 0.000000 -1.000000 -0.000000 -0.258819 -0.965926 -0.000000 -0.258819 -0.965926 -0.000000 -0.500000 -0.866025 -0.000000 -0.500000 -0.866025 -0.000000 -0.707107 -0.707107 -0.000000 -0.707107 -0.707107 -0.000000 -0.866025 -0.500000 -0.000000 -0.866025 -0.500000 -0.000000 -0.965926 -0.258819 -0.000000 -0.965926 -0.258819 -0.000000 -1.000000 -0.000000 -0.000000 -1.000000 -0.000000 -0.000000 -0.965926 0.258819 -0.000000 -0.965926 0.258819 -0.000000 -0.866025 0.500000 -0.000000 -0.866025 0.500000 -0.000000 0.000000 0.000000 -1.000000 0.000000 0.000000 -1.000000 0.000000 0.000000 -1.000000 0.000000 0.000000 -1.000000 0.000000 0.000000 -1.000000 0.000000 0.000000 -1.000000 0.000000 0.000000 -1.000000 0.000000 0.000000 -1.000000 0.000000 0.000000 -1.000000 0.000000 0.000000 -1.000000 0.000000 0.000000 -1.000000 0.000000 0.000000 -1.000000 0.000000 0.000000 -1.000000 0.000000 0.000000 -1.000000 0.000000 0.000000 -1.000000 0.000000 0.000000 -1.000000 0.000000 0.000000 -1.000000 0.000000 0.000000 -1.000000 0.000000 0.000000 -1.000000 0.000000 0.000000 -1.000000 0.000000 0.000000 -1.000000 0.000000 0.000000 -1.000000 0.000000 0.000000 -1.000000 0.000000 0.000000 -1.000000 0.000000 0.000000 -1.000000 0.000000 0.000000 -1.000000 0.000000 0.000000 -1.000000 0.000000 0.000000 -1.000000 0.000000 0.000000 -1.000000 0.000000 0.000000 -1.000000 0.000000 0.000000 -1.000000 0.000000 0.000000 -1.000000 0.000000 0.000000 -1.000000 0.000000 0.000000 -1.000000 0.000000 0.000000 -1.000000 0.000000 0.000000 -1.000000 0.000000 0.000000 -1.000000 0.000000 0.000000 -1.000000 0.000000 0.000000 -1.000000 0.000000 0.000000 -1.000000 0.000000 0.000000 -1.000000 0.000000 0.000000 -1.000000 0.000000 0.000000 -1.000000 0.000000 0.000000 -1.000000 0.000000 0.000000 -1.000000 0.000000 0.000000 -1.000000 0.000000 0.000000 -1.000000 0.000000 0.000000 -1.000000 0.000000 0.000000 -1.000000 0.000000 0.000000 -1.000000 0.000000 0.000000 -1.000000 0.000000 0.000000 -1.000000 0.000000 0.000000 -1.000000 0.000000 0.000000 -1.000000 0.000000 0.000000 -1.000000 0.000000 0.000000 -1.000000 0.000000 0.000000 -1.000000 0.000000 0.000000 -1.000000 0.000000 0.000000 -1.000000 0.000000 0.000000 -1.000000 0.000000 0.000000 -1.000000 0.000000 0.000000 -1.000000 0.000000 0.000000 -1.000000 0.000000 0.000000 -1.000000 0.000000 0.000000 -1.000000 0.000000 0.000000 -1.000000 0.000000 0.000000 -1.000000 0.000000 0.000000 -1.000000 0.000000 0.000000 -1.000000 0.000000 0.000000 -1.000000 0.000000 0.000000 -1.000000 0.000000 0.000000 -1.000000 -0.431482 0.902122 0.000000 -0.292308 0.956324 0.000000 -0.431482 0.902122 0.000000 -0.206053 0.978541 0.000000 -0.141193 0.989982 0.000000 0.031051 0.999518 -0.000000 0.020471 0.999790 -0.000000 0.187249 0.982313 -0.000000 0.266395 0.963864 -0.000000 0.353907 0.935281 -0.000000 0.486646 0.873599 -0.000000 0.520117 0.854095 -0.000000 0.605266 0.796024 -0.000000 0.679325 0.733838 -0.000000 0.687948 0.725760 -0.000000 0.765044 0.643978 -0.000000 0.833514 0.552499 -0.000000 0.833514 0.552499 -0.000000 0.895235 0.445595 -0.000000 0.940223 0.340559 -0.000000 0.895235 0.445595 -0.000000 0.975185 0.221393 -0.000000 0.972501 0.232901 -0.000000 0.992009 0.126164 -0.000000 0.999882 -0.015352 0.000000 0.999726 0.023387 -0.000000 0.986930 -0.161148 0.000000 0.967928 -0.251227 0.000000 0.944332 -0.328994 0.000000 0.881133 -0.472868 0.000000 0.876079 -0.482167 0.000000 0.786753 -0.617267 0.000000 0.744415 -0.667717 0.000000 0.682047 -0.731309 0.000000 0.565519 -0.824735 0.000000 0.565519 -0.824735 0.000000 0.937840 0.347068 0.000000 0.937840 0.347068 0.000000 0.957474 0.288520 0.000000 0.957474 0.288520 0.000000 0.973457 0.228871 0.000000 0.985727 0.168350 0.000000 0.985727 0.168350 0.000000 0.973457 0.228871 0.000000 -0.258819 -0.965926 -0.000000 -0.258819 -0.965926 -0.000000 -0.000000 -1.000000 -0.000000 -0.000000 -1.000000 -0.000000 0.258819 -0.965926 0.000000 0.258819 -0.965926 0.000000 0.500000 -0.866025 0.000000 0.500000 -0.866025 0.000000 0.707107 -0.707107 0.000000 0.707107 -0.707107 0.000000 0.866025 -0.500000 0.000000 0.866025 -0.500000 0.000000 0.965926 -0.258819 0.000000 0.965926 -0.258819 0.000000 1.000000 0.000000 0.000000 1.000000 0.000000 0.000000 0.965926 0.258819 0.000000 0.965926 0.258819 0.000000 0.866025 0.500000 0.000000 0.866025 0.500000 0.000000 0.707107 0.707107 0.000000 0.707107 0.707107 0.000000 0.500000 0.866025 0.000000 0.500000 0.866025 0.000000 0.258819 0.965926 0.000000 0.258819 0.965926 0.000000 0.000000 1.000000 0.000000 0.000000 1.000000 0.000000 -0.258819 0.965926 0.000000 -0.258819 0.965926 0.000000 -0.500000 0.866025 0.000000 -0.500000 0.866025 0.000000 -0.707107 0.707107 0.000000 -0.707107 0.707107 0.000000 -0.866025 0.500000 0.000000 -0.866025 0.500000 0.000000 -0.965926 0.258819 0.000000 -0.965926 0.258819 0.000000 -1.000000 0.000000 0.000000 -1.000000 0.000000 0.000000 -0.965926 -0.258819 -0.000000 -0.965926 -0.258819 -0.000000 -0.866025 -0.500000 -0.000000 -0.866025 -0.500000 -0.000000 -0.707107 -0.707107 -0.000000 -0.707107 -0.707107 -0.000000 -0.500000 -0.866025 -0.000000 -0.500000 -0.866025 -0.000000 -0.258819 0.965926 -0.000000 -0.258819 0.965926 -0.000000 0.000000 1.000000 0.000000 0.000000 1.000000 0.000000 0.258819 0.965926 0.000000 0.258819 0.965926 0.000000 0.500000 0.866025 0.000000 0.500000 0.866025 0.000000 0.707107 0.707107 0.000000 0.707107 0.707107 0.000000 0.866025 0.500000 0.000000 0.866025 0.500000 0.000000 0.965926 0.258819 0.000000 0.965926 0.258819 0.000000 1.000000 -0.000000 -0.000000 1.000000 -0.000000 -0.000000 0.965926 -0.258819 -0.000000 0.965926 -0.258819 -0.000000 0.866025 -0.500000 -0.000000 0.866025 -0.500000 -0.000000 0.707107 -0.707107 -0.000000 0.707107 -0.707107 -0.000000 0.500000 -0.866025 -0.000000 0.500000 -0.866025 -0.000000 0.258819 -0.965926 -0.000000 0.258819 -0.965926 -0.000000 -0.000000 -1.000000 -0.000000 -0.000000 -1.000000 -0.000000 -0.258819 -0.965926 -0.000000 -0.258819 -0.965926 -0.000000 -0.500000 -0.866025 -0.000000 -0.500000 -0.866025 -0.000000 -0.707107 -0.707107 -0.000000 -0.707107 -0.707107 -0.000000 -0.866025 -0.500000 -0.000000 -0.866025 -0.500000 -0.000000 -0.965926 -0.258819 -0.000000 -0.965926 -0.258819 -0.000000 -1.000000 -0.000000 -0.000000 -1.000000 -0.000000 -0.000000 -0.965926 0.258819 -0.000000 -0.965926 0.258819 -0.000000 -0.866025 0.500000 -0.000000 -0.866025 0.500000 -0.000000 -0.707107 0.707107 -0.000000 -0.707107 0.707107 -0.000000 -0.500000 0.866025 -0.000000 -0.500000 0.866025 -0.000000 0.000000 0.000000 -1.000000 0.000000 0.000000 -1.000000 0.000000 0.000000 -1.000000 0.000000 0.000000 -1.000000 0.000000 0.000000 -1.000000 0.000000 0.000000 -1.000000 0.000000 0.000000 -1.000000 0.000000 0.000000 -1.000000 0.000000 0.000000 -1.000000 0.000000 0.000000 -1.000000 0.000000 0.000000 -1.000000 0.000000 0.000000 -1.000000 0.000000 0.000000 -1.000000 0.000000 0.000000 -1.000000 0.000000 0.000000 -1.000000 0.000000 0.000000 -1.000000 0.000000 0.000000 -1.000000 0.000000 0.000000 -1.000000 0.000000 0.000000 -1.000000 0.000000 0.000000 -1.000000 0.000000 0.000000 -1.000000 0.000000 0.000000 -1.000000 0.000000 0.000000 -1.000000 0.000000 0.000000 -1.000000 0.000000 0.000000 -1.000000 0.000000 0.000000 -1.000000 0.000000 0.000000 -1.000000 0.000000 0.000000 -1.000000 0.000000 0.000000 -1.000000 0.000000 0.000000 -1.000000 0.000000 0.000000 -1.000000 0.000000 0.000000 -1.000000 0.000000 0.000000 -1.000000 0.000000 0.000000 -1.000000 0.000000 0.000000 -1.000000 0.000000 0.000000 -1.000000 0.000000 0.000000 -1.000000 0.000000 0.000000 -1.000000 0.000000 0.000000 -1.000000 0.000000 0.000000 -1.000000 0.000000 0.000000 -1.000000 0.000000 0.000000 -1.000000 0.000000 0.000000 -1.000000 0.000000 0.000000 -1.000000 0.000000 0.000000 -1.000000 0.000000 0.000000 -1.000000 0.000000 0.000000 -1.000000 0.000000 0.000000 -1.000000 0.000000 0.000000 -1.000000 0.000000 0.000000 -1.000000 0.000000 0.000000 -1.000000 0.000000 0.000000 -1.000000 0.000000 0.000000 -1.000000 0.000000 0.000000 -1.000000 0.000000 0.000000 -1.000000 0.000000 0.000000 -1.000000 0.000000 0.000000 -1.000000 0.000000 0.000000 -1.000000 0.000000 0.000000 -1.000000 0.000000 0.000000 -1.000000 0.000000 0.000000 -1.000000 0.000000 0.000000 -1.000000 0.000000 0.000000 -1.000000 0.000000 0.000000 -1.000000 0.000000 0.000000 -1.000000 0.000000 0.000000 -1.000000 0.000000 0.000000 -1.000000 0.000000 0.000000 -1.000000 0.000000 0.000000 -1.000000 0.000000 0.000000 -1.000000 0.000000 0.000000 -1.000000 0.000000 0.000000 -1.000000 0.077387 0.997001 -0.000000 0.225016 0.974355 -0.000000 0.077387 0.997001 -0.000000 0.310824 0.950468 -0.000000 0.372715 0.927946 -0.000000 0.526650 0.850082 -0.000000 0.517624 0.855608 -0.000000 0.653318 0.757083 -0.000000 0.712637 0.701533 -0.000000 0.774133 0.633023 -0.000000 0.858248 0.513236 -0.000000 0.877482 0.479609 -0.000000 0.922187 0.386744 -0.000000 0.955231 0.295860 -0.000000 0.958660 0.284553 -0.000000 0.984537 0.175179 -0.000000 0.998093 0.061721 -0.000000 0.998093 0.061721 -0.000000 0.998093 -0.061721 0.000000 0.984537 -0.175179 0.000000 0.998093 -0.061721 0.000000 0.955231 -0.295860 0.000000 0.958660 -0.284553 0.000000 0.922187 -0.386744 0.000000 0.858248 -0.513236 0.000000 0.877482 -0.479609 0.000000 0.774133 -0.633023 0.000000 0.712637 -0.701533 0.000000 0.653318 -0.757083 0.000000 0.526650 -0.850082 0.000000 0.517624 -0.855608 0.000000 0.372715 -0.927946 0.000000 0.310824 -0.950468 0.000000 0.225016 -0.974355 0.000000 0.077387 -0.997001 0.000000 0.077387 -0.997001 0.000000 0.985727 -0.168350 -0.000000 0.985727 -0.168350 -0.000000 0.973457 -0.228871 -0.000000 0.973457 -0.228871 -0.000000 0.957474 -0.288520 -0.000000 0.937840 -0.347068 -0.000000 0.937840 -0.347068 -0.000000 0.957474 -0.288520 -0.000000 -0.707107 -0.707107 -0.000000 -0.707107 -0.707107 -0.000000 -0.500000 -0.866025 -0.000000 -0.500000 -0.866025 -0.000000 -0.258819 -0.965926 -0.000000 -0.258819 -0.965926 -0.000000 -0.000000 -1.000000 -0.000000 -0.000000 -1.000000 -0.000000 0.258819 -0.965926 0.000000 0.258819 -0.965926 0.000000 0.500000 -0.866025 0.000000 0.500000 -0.866025 0.000000 0.707107 -0.707107 0.000000 0.707107 -0.707107 0.000000 0.866025 -0.500000 0.000000 0.866025 -0.500000 0.000000 0.965926 -0.258819 0.000000 0.965926 -0.258819 0.000000 1.000000 -0.000000 0.000000 1.000000 -0.000000 0.000000 0.965926 0.258819 0.000000 0.965926 0.258819 0.000000 0.866025 0.500000 0.000000 0.866025 0.500000 0.000000 0.707107 0.707107 0.000000 0.707107 0.707107 0.000000 0.500000 0.866025 0.000000 0.500000 0.866025 0.000000 0.258819 0.965926 0.000000 0.258819 0.965926 0.000000 0.000000 1.000000 0.000000 0.000000 1.000000 0.000000 -0.258819 0.965926 0.000000 -0.258819 0.965926 0.000000 -0.500000 0.866025 0.000000 -0.500000 0.866025 0.000000 -0.707107 0.707107 0.000000 -0.707107 0.707107 0.000000 -0.866025 0.500000 0.000000 -0.866025 0.500000 0.000000 -0.965926 0.258819 0.000000 -0.965926 0.258819 0.000000 -1.000000 -0.000000 -0.000000 -1.000000 -0.000000 -0.000000 -0.965926 -0.258819 -0.000000 -0.965926 -0.258819 -0.000000 -0.866025 -0.500000 -0.000000 -0.866025 -0.500000 -0.000000 0.258819 0.965926 0.000000 0.258819 0.965926 0.000000 0.500000 0.866025 0.000000 0.500000 0.866025 0.000000 0.707107 0.707107 0.000000 0.707107 0.707107 0.000000 0.866025 0.500000 0.000000 0.866025 0.500000 0.000000 0.965926 0.258819 0.000000 0.965926 0.258819 0.000000 1.000000 0.000000 0.000000 1.000000 0.000000 0.000000 0.965926 -0.258819 -0.000000 0.965926 -0.258819 -0.000000 0.866025 -0.500000 -0.000000 0.866025 -0.500000 -0.000000 0.707107 -0.707107 -0.000000 0.707107 -0.707107 -0.000000 0.500000 -0.866025 -0.000000 0.500000 -0.866025 -0.000000 0.258819 -0.965926 -0.000000 0.258819 -0.965926 -0.000000 -0.000000 -1.000000 -0.000000 -0.000000 -1.000000 -0.000000 -0.258819 -0.965926 -0.000000 -0.258819 -0.965926 -0.000000 -0.500000 -0.866025 -0.000000 -0.500000 -0.866025 -0.000000 -0.707107 -0.707107 -0.000000 -0.707107 -0.707107 -0.000000 -0.866025 -0.500000 -0.000000 -0.866025 -0.500000 -0.000000 -0.965926 -0.258819 -0.000000 -0.965926 -0.258819 -0.000000 -1.000000 0.000000 -0.000000 -1.000000 0.000000 -0.000000 -0.965926 0.258819 -0.000000 -0.965926 0.258819 -0.000000 -0.866025 0.500000 -0.000000 -0.866025 0.500000 -0.000000 -0.707107 0.707107 -0.000000 -0.707107 0.707107 -0.000000 -0.500000 0.866025 -0.000000 -0.500000 0.866025 -0.000000 -0.258819 0.965926 -0.000000 -0.258819 0.965926 -0.000000 0.000000 1.000000 0.000000 0.000000 1.000000 0.000000 0.000000 0.000000 -1.000000 0.000000 0.000000 -1.000000 0.000000 0.000000 -1.000000 0.000000 0.000000 -1.000000 0.000000 0.000000 -1.000000 0.000000 0.000000 -1.000000 0.000000 0.000000 -1.000000 0.000000 0.000000 -1.000000 0.000000 0.000000 -1.000000 0.000000 0.000000 -1.000000 0.000000 0.000000 -1.000000 0.000000 0.000000 -1.000000 0.000000 0.000000 -1.000000 0.000000 0.000000 -1.000000 0.000000 0.000000 -1.000000 0.000000 0.000000 -1.000000 0.000000 0.000000 -1.000000 0.000000 0.000000 -1.000000 0.000000 0.000000 -1.000000 0.000000 0.000000 -1.000000 0.000000 0.000000 -1.000000 0.000000 0.000000 -1.000000 0.000000 0.000000 -1.000000 0.000000 0.000000 -1.000000 0.000000 0.000000 -1.000000 0.000000 0.000000 -1.000000 0.000000 0.000000 -1.000000 0.000000 0.000000 -1.000000 0.000000 0.000000 -1.000000 0.000000 0.000000 -1.000000 0.000000 0.000000 -1.000000 0.000000 0.000000 -1.000000 0.000000 0.000000 -1.000000 0.000000 0.000000 -1.000000 0.000000 0.000000 -1.000000 0.000000 0.000000 -1.000000 0.000000 0.000000 -1.000000 0.000000 0.000000 -1.000000 0.000000 0.000000 -1.000000 0.000000 0.000000 -1.000000 0.000000 0.000000 -1.000000 0.000000 0.000000 -1.000000 0.000000 0.000000 -1.000000 0.000000 0.000000 -1.000000 0.000000 0.000000 -1.000000 0.000000 0.000000 -1.000000 0.000000 0.000000 -1.000000 0.000000 0.000000 -1.000000 0.000000 0.000000 -1.000000 0.000000 0.000000 -1.000000 0.000000 0.000000 -1.000000 0.000000 0.000000 -1.000000 0.000000 0.000000 -1.000000 0.000000 0.000000 -1.000000 0.000000 0.000000 -1.000000 0.000000 0.000000 -1.000000 0.000000 0.000000 -1.000000 0.000000 0.000000 -1.000000 0.000000 0.000000 -1.000000 0.000000 0.000000 -1.000000 0.000000 0.000000 -1.000000 0.000000 0.000000 -1.000000 0.000000 0.000000 -1.000000 0.000000 0.000000 -1.000000 0.000000 0.000000 -1.000000 0.000000 0.000000 -1.000000 0.000000 0.000000 -1.000000 0.000000 0.000000 -1.000000 0.000000 0.000000 -1.000000 0.000000 0.000000 -1.000000 0.000000 0.000000 -1.000000 0.000000 0.000000 -1.000000 0.565519 0.824735 -0.000000 0.682047 0.731309 -0.000000 0.565519 0.824735 -0.000000 0.744415 0.667717 -0.000000 0.786753 0.617267 -0.000000 0.881133 0.472868 -0.000000 0.876079 0.482167 -0.000000 0.944332 0.328994 -0.000000 0.967928 0.251227 -0.000000 0.986930 0.161148 -0.000000 0.999882 0.015352 -0.000000 0.999726 -0.023387 0.000000 0.992009 -0.126164 0.000000 0.975185 -0.221393 0.000000 0.972501 -0.232901 0.000000 0.940223 -0.340559 0.000000 0.895235 -0.445595 0.000000 0.895235 -0.445595 0.000000 0.833514 -0.552499 0.000000 0.765044 -0.643978 0.000000 0.833514 -0.552499 0.000000 0.679325 -0.733838 0.000000 0.687948 -0.725760 0.000000 0.605266 -0.796024 0.000000 0.486646 -0.873599 0.000000 0.520117 -0.854095 0.000000 0.353907 -0.935281 0.000000 0.266395 -0.963864 0.000000 0.187249 -0.982313 0.000000 0.031051 -0.999518 0.000000 0.020471 -0.999790 0.000000 -0.141193 -0.989982 0.000000 -0.206053 -0.978541 0.000000 -0.292308 -0.956324 0.000000 -0.431482 -0.902122 0.000000 -0.431482 -0.902122 0.000000 0.769490 -0.638659 -0.000000 0.769490 -0.638659 -0.000000 0.728602 -0.684937 -0.000000 0.728602 -0.684937 -0.000000 0.684937 -0.728602 -0.000000 0.638659 -0.769490 -0.000000 0.638659 -0.769490 -0.000000 0.684937 -0.728602 -0.000000 -0.965926 -0.258819 -0.000000 -0.965926 -0.258819 -0.000000 -0.866025 -0.500000 -0.000000 -0.866025 -0.500000 -0.000000 -0.707107 -0.707107 -0.000000 -0.707107 -0.707107 -0.000000 -0.500000 -0.866025 -0.000000 -0.500000 -0.866025 -0.000000 -0.258819 -0.965926 -0.000000 -0.258819 -0.965926 -0.000000 -0.000000 -1.000000 -0.000000 0.000000 -1.000000 0.000000 0.258819 -0.965926 0.000000 0.258819 -0.965926 0.000000 0.500000 -0.866025 0.000000 0.500000 -0.866025 0.000000 0.707107 -0.707107 0.000000 0.707107 -0.707107 0.000000 0.866025 -0.500000 0.000000 0.866025 -0.500000 0.000000 0.965926 -0.258819 0.000000 0.965926 -0.258819 0.000000 1.000000 -0.000000 0.000000 1.000000 -0.000000 0.000000 0.965926 0.258819 0.000000 0.965926 0.258819 0.000000 0.866025 0.500000 0.000000 0.866025 0.500000 0.000000 0.707107 0.707107 0.000000 0.707107 0.707107 0.000000 0.500000 0.866025 0.000000 0.500000 0.866025 0.000000 0.258819 0.965926 0.000000 0.258819 0.965926 0.000000 -0.000000 1.000000 0.000000 -0.000000 1.000000 0.000000 -0.258819 0.965926 0.000000 -0.258819 0.965926 0.000000 -0.500000 0.866025 0.000000 -0.500000 0.866025 0.000000 -0.707107 0.707107 0.000000 -0.707107 0.707107 0.000000 -0.866025 0.500000 0.000000 -0.866025 0.500000 0.000000 -0.965926 0.258819 0.000000 -0.965926 0.258819 0.000000 -1.000000 0.000000 0.000000 -1.000000 0.000000 0.000000 0.707107 0.707107 0.000000 0.707107 0.707107 0.000000 0.866025 0.500000 0.000000 0.866025 0.500000 0.000000 0.965926 0.258819 0.000000 0.965926 0.258819 0.000000 1.000000 -0.000000 -0.000000 1.000000 -0.000000 -0.000000 0.965926 -0.258819 -0.000000 0.965926 -0.258819 -0.000000 0.866025 -0.500000 -0.000000 0.866025 -0.500000 -0.000000 0.707107 -0.707107 -0.000000 0.707107 -0.707107 -0.000000 0.500000 -0.866025 -0.000000 0.500000 -0.866025 -0.000000 0.258819 -0.965926 -0.000000 0.258819 -0.965926 -0.000000 0.000000 -1.000000 -0.000000 0.000000 -1.000000 -0.000000 -0.258819 -0.965926 -0.000000 -0.258819 -0.965926 -0.000000 -0.500000 -0.866025 -0.000000 -0.500000 -0.866025 -0.000000 -0.707107 -0.707107 -0.000000 -0.707107 -0.707107 -0.000000 -0.866025 -0.500000 -0.000000 -0.866025 -0.500000 -0.000000 -0.965926 -0.258819 -0.000000 -0.965926 -0.258819 -0.000000 -1.000000 0.000000 -0.000000 -1.000000 0.000000 -0.000000 -0.965926 0.258819 -0.000000 -0.965926 0.258819 -0.000000 -0.866025 0.500000 -0.000000 -0.866025 0.500000 -0.000000 -0.707107 0.707107 -0.000000 -0.707107 0.707107 -0.000000 -0.500000 0.866025 -0.000000 -0.500000 0.866025 -0.000000 -0.258819 0.965926 -0.000000 -0.258819 0.965926 -0.000000 0.000000 1.000000 0.000000 0.000000 1.000000 0.000000 0.258819 0.965926 0.000000 0.258819 0.965926 0.000000 0.500000 0.866025 0.000000 0.500000 0.866025 0.000000 0.000000 0.000000 -1.000000 0.000000 0.000000 -1.000000 0.000000 0.000000 -1.000000 0.000000 0.000000 -1.000000 0.000000 0.000000 -1.000000 0.000000 0.000000 -1.000000 0.000000 0.000000 -1.000000 0.000000 0.000000 -1.000000 0.000000 0.000000 -1.000000 0.000000 0.000000 -1.000000 0.000000 0.000000 -1.000000 0.000000 0.000000 -1.000000 0.000000 0.000000 -1.000000 0.000000 0.000000 -1.000000 0.000000 0.000000 -1.000000 0.000000 0.000000 -1.000000 0.000000 0.000000 -1.000000 0.000000 0.000000 -1.000000 0.000000 0.000000 -1.000000 0.000000 0.000000 -1.000000 0.000000 0.000000 -1.000000 0.000000 0.000000 -1.000000 0.000000 0.000000 -1.000000 0.000000 0.000000 -1.000000 0.000000 0.000000 -1.000000 0.000000 0.000000 -1.000000 0.000000 0.000000 -1.000000 0.000000 0.000000 -1.000000 0.000000 0.000000 -1.000000 0.000000 0.000000 -1.000000 0.000000 0.000000 -1.000000 0.000000 0.000000 -1.000000 0.000000 0.000000 -1.000000 0.000000 0.000000 -1.000000 0.000000 0.000000 -1.000000 0.000000 0.000000 -1.000000 0.000000 0.000000 -1.000000 0.000000 0.000000 -1.000000 0.000000 0.000000 -1.000000 0.000000 0.000000 -1.000000 0.000000 0.000000 -1.000000 0.000000 0.000000 -1.000000 0.000000 0.000000 -1.000000 0.000000 0.000000 -1.000000 0.000000 0.000000 -1.000000 0.000000 0.000000 -1.000000 0.000000 0.000000 -1.000000 0.000000 0.000000 -1.000000 0.000000 0.000000 -1.000000 0.000000 0.000000 -1.000000 0.000000 0.000000 -1.000000 0.000000 0.000000 -1.000000 0.000000 0.000000 -1.000000 0.000000 0.000000 -1.000000 0.000000 0.000000 -1.000000 0.000000 0.000000 -1.000000 0.000000 0.000000 -1.000000 0.000000 0.000000 -1.000000 0.000000 0.000000 -1.000000 0.000000 0.000000 -1.000000 0.000000 0.000000 -1.000000 0.000000 0.000000 -1.000000 0.000000 0.000000 -1.000000 0.000000 0.000000 -1.000000 0.000000 0.000000 -1.000000 0.000000 0.000000 -1.000000 0.000000 0.000000 -1.000000 0.000000 0.000000 -1.000000 0.000000 0.000000 -1.000000 0.000000 0.000000 -1.000000 0.000000 0.000000 -1.000000 0.000000 0.000000 -1.000000 0.902122 0.431482 -0.000000 0.956324 0.292308 -0.000000 0.902122 0.431482 -0.000000 0.978541 0.206053 -0.000000 0.989982 0.141193 -0.000000 0.999518 -0.031051 0.000000 0.999790 -0.020471 0.000000 0.982313 -0.187249 0.000000 0.963864 -0.266395 0.000000 0.935281 -0.353907 0.000000 0.873599 -0.486646 0.000000 0.854095 -0.520117 0.000000 0.796024 -0.605266 0.000000 0.733838 -0.679325 0.000000 0.725760 -0.687948 0.000000 0.643978 -0.765044 0.000000 0.552499 -0.833514 0.000000 0.552499 -0.833514 0.000000 0.445595 -0.895235 0.000000 0.340559 -0.940223 0.000000 0.445595 -0.895235 0.000000 0.221393 -0.975185 0.000000 0.232901 -0.972501 0.000000 0.126164 -0.992009 0.000000 -0.015352 -0.999882 0.000000 0.023387 -0.999726 0.000000 -0.161148 -0.986930 0.000000 -0.251227 -0.967928 0.000000 -0.328994 -0.944332 0.000000 -0.472868 -0.881133 0.000000 -0.482167 -0.876079 0.000000 -0.617267 -0.786753 0.000000 -0.667717 -0.744415 0.000000 -0.731309 -0.682047 0.000000 -0.824735 -0.565519 0.000000 -0.824735 -0.565519 0.000000 0.347068 -0.937840 -0.000000 0.347068 -0.937840 -0.000000 0.288520 -0.957474 -0.000000 0.288520 -0.957474 -0.000000 0.228871 -0.973457 -0.000000 0.168350 -0.985727 -0.000000 0.168350 -0.985727 -0.000000 0.228871 -0.973457 -0.000000 -0.965926 0.258819 0.000000 -0.965926 0.258819 0.000000 -1.000000 0.000000 0.000000 -1.000000 0.000000 0.000000 -0.965926 -0.258819 -0.000000 -0.965926 -0.258819 -0.000000 -0.866025 -0.500000 -0.000000 -0.866025 -0.500000 -0.000000 -0.707107 -0.707107 -0.000000 -0.707107 -0.707107 -0.000000 -0.500000 -0.866025 -0.000000 -0.500000 -0.866025 -0.000000 -0.258819 -0.965926 -0.000000 -0.258819 -0.965926 -0.000000 -0.000000 -1.000000 -0.000000 -0.000000 -1.000000 -0.000000 0.258819 -0.965926 0.000000 0.258819 -0.965926 0.000000 0.500000 -0.866025 0.000000 0.500000 -0.866025 0.000000 0.707107 -0.707107 0.000000 0.707107 -0.707107 0.000000 0.866025 -0.500000 0.000000 0.866025 -0.500000 0.000000 0.965926 -0.258819 0.000000 0.965926 -0.258819 0.000000 1.000000 -0.000000 0.000000 1.000000 -0.000000 0.000000 0.965926 0.258819 0.000000 0.965926 0.258819 0.000000 0.866025 0.500000 0.000000 0.866025 0.500000 0.000000 0.707107 0.707107 0.000000 0.707107 0.707107 0.000000 0.500000 0.866025 0.000000 0.500000 0.866025 0.000000 0.258819 0.965926 0.000000 0.258819 0.965926 0.000000 -0.000000 1.000000 0.000000 -0.000000 1.000000 0.000000 -0.258819 0.965926 0.000000 -0.258819 0.965926 0.000000 -0.500000 0.866025 0.000000 -0.500000 0.866025 0.000000 -0.707107 0.707107 0.000000 -0.707107 0.707107 0.000000 -0.866025 0.500000 0.000000 -0.866025 0.500000 0.000000 0.965926 0.258819 0.000000 0.965926 0.258819 0.000000 1.000000 -0.000000 0.000000 1.000000 -0.000000 0.000000 0.965926 -0.258819 -0.000000 0.965926 -0.258819 -0.000000 0.866025 -0.500000 -0.000000 0.866025 -0.500000 -0.000000 0.707107 -0.707107 -0.000000 0.707107 -0.707107 -0.000000 0.500000 -0.866025 -0.000000 0.500000 -0.866025 -0.000000 0.258819 -0.965926 -0.000000 0.258819 -0.965926 -0.000000 0.000000 -1.000000 -0.000000 0.000000 -1.000000 -0.000000 -0.258819 -0.965926 -0.000000 -0.258819 -0.965926 -0.000000 -0.500000 -0.866025 -0.000000 -0.500000 -0.866025 -0.000000 -0.707107 -0.707107 -0.000000 -0.707107 -0.707107 -0.000000 -0.866025 -0.500000 -0.000000 -0.866025 -0.500000 -0.000000 -0.965926 -0.258819 -0.000000 -0.965926 -0.258819 -0.000000 -1.000000 0.000000 -0.000000 -1.000000 0.000000 -0.000000 -0.965926 0.258819 -0.000000 -0.965926 0.258819 -0.000000 -0.866025 0.500000 -0.000000 -0.866025 0.500000 -0.000000 -0.707107 0.707107 -0.000000 -0.707107 0.707107 -0.000000 -0.500000 0.866025 -0.000000 -0.500000 0.866025 -0.000000 -0.258819 0.965926 -0.000000 -0.258819 0.965926 -0.000000 0.000000 1.000000 0.000000 0.000000 1.000000 0.000000 0.258819 0.965926 0.000000 0.258819 0.965926 0.000000 0.500000 0.866025 0.000000 0.500000 0.866025 0.000000 0.707107 0.707107 0.000000 0.707107 0.707107 0.000000 0.866025 0.500000 0.000000 0.866025 0.500000 0.000000 0.000000 0.000000 -1.000000 0.000000 0.000000 -1.000000 0.000000 0.000000 -1.000000 0.000000 0.000000 -1.000000 0.000000 0.000000 -1.000000 0.000000 0.000000 -1.000000 0.000000 0.000000 -1.000000 0.000000 0.000000 -1.000000 0.000000 0.000000 -1.000000 0.000000 0.000000 -1.000000 0.000000 0.000000 -1.000000 0.000000 0.000000 -1.000000 0.000000 0.000000 -1.000000 0.000000 0.000000 -1.000000 0.000000 0.000000 -1.000000 0.000000 0.000000 -1.000000 0.000000 0.000000 -1.000000 0.000000 0.000000 -1.000000 0.000000 0.000000 -1.000000 0.000000 0.000000 -1.000000 0.000000 0.000000 -1.000000 0.000000 0.000000 -1.000000 0.000000 0.000000 -1.000000 0.000000 0.000000 -1.000000 0.000000 0.000000 -1.000000 0.000000 0.000000 -1.000000 0.000000 0.000000 -1.000000 0.000000 0.000000 -1.000000 0.000000 0.000000 -1.000000 0.000000 0.000000 -1.000000 0.000000 0.000000 -1.000000 0.000000 0.000000 -1.000000 0.000000 0.000000 -1.000000 0.000000 0.000000 -1.000000 0.000000 0.000000 -1.000000 0.000000 0.000000 -1.000000 0.000000 0.000000 -1.000000 0.000000 0.000000 -1.000000 0.000000 0.000000 -1.000000 0.000000 0.000000 -1.000000 0.000000 0.000000 -1.000000 0.000000 0.000000 -1.000000 0.000000 0.000000 -1.000000 0.000000 0.000000 -1.000000 0.000000 0.000000 -1.000000 0.000000 0.000000 -1.000000 0.000000 0.000000 -1.000000 0.000000 0.000000 -1.000000 0.000000 0.000000 -1.000000 0.000000 0.000000 -1.000000 0.000000 0.000000 -1.000000 0.000000 0.000000 -1.000000 0.000000 0.000000 -1.000000 0.000000 0.000000 -1.000000 0.000000 0.000000 -1.000000 0.000000 0.000000 -1.000000 0.000000 0.000000 -1.000000 0.000000 0.000000 -1.000000 0.000000 0.000000 -1.000000 0.000000 0.000000 -1.000000 0.000000 0.000000 -1.000000 0.000000 0.000000 -1.000000 0.000000 0.000000 -1.000000 0.000000 0.000000 -1.000000 0.000000 0.000000 -1.000000 0.000000 0.000000 -1.000000 0.000000 0.000000 -1.000000 0.000000 0.000000 -1.000000 0.000000 0.000000 -1.000000 0.000000 0.000000 -1.000000 0.000000 0.000000 -1.000000 0.000000 0.000000 -1.000000 0.997001 -0.077387 0.000000 0.974355 -0.225016 0.000000 0.997001 -0.077387 0.000000 0.950468 -0.310824 0.000000 0.927946 -0.372715 0.000000 0.850082 -0.526650 0.000000 0.855608 -0.517624 0.000000 0.757083 -0.653318 0.000000 0.701533 -0.712637 0.000000 0.633023 -0.774133 0.000000 0.513236 -0.858248 0.000000 0.479609 -0.877482 0.000000 0.386744 -0.922187 0.000000 0.295860 -0.955231 0.000000 0.284553 -0.958660 0.000000 0.175179 -0.984537 0.000000 0.061721 -0.998093 0.000000 0.061721 -0.998093 0.000000 -0.061721 -0.998093 0.000000 -0.175179 -0.984537 0.000000 -0.061721 -0.998093 0.000000 -0.295860 -0.955231 0.000000 -0.284553 -0.958660 0.000000 -0.386744 -0.922187 0.000000 -0.513236 -0.858248 0.000000 -0.479609 -0.877482 0.000000 -0.633023 -0.774133 0.000000 -0.701533 -0.712637 0.000000 -0.757083 -0.653318 0.000000 -0.850082 -0.526650 0.000000 -0.855608 -0.517624 0.000000 -0.927946 -0.372715 0.000000 -0.950468 -0.310824 0.000000 -0.974355 -0.225016 0.000000 -0.997001 -0.077387 0.000000 -0.997001 -0.077387 0.000000 -0.168350 -0.985727 -0.000000 -0.168350 -0.985727 -0.000000 -0.228871 -0.973457 -0.000000 -0.228871 -0.973457 -0.000000 -0.288520 -0.957474 -0.000000 -0.347068 -0.937840 -0.000000 -0.347068 -0.937840 -0.000000 -0.288520 -0.957474 -0.000000 -0.707107 0.707107 0.000000 -0.707107 0.707107 0.000000 -0.866025 0.500000 0.000000 -0.866025 0.500000 0.000000 -0.965926 0.258819 0.000000 -0.965926 0.258819 0.000000 -1.000000 0.000000 0.000000 -1.000000 0.000000 0.000000 -0.965926 -0.258819 -0.000000 -0.965926 -0.258819 -0.000000 -0.866025 -0.500000 -0.000000 -0.866025 -0.500000 -0.000000 -0.707107 -0.707107 -0.000000 -0.707107 -0.707107 -0.000000 -0.500000 -0.866025 -0.000000 -0.500000 -0.866025 -0.000000 -0.258819 -0.965926 -0.000000 -0.258819 -0.965926 -0.000000 0.000000 -1.000000 0.000000 0.000000 -1.000000 0.000000 0.258819 -0.965926 0.000000 0.258819 -0.965926 0.000000 0.500000 -0.866025 0.000000 0.500000 -0.866025 0.000000 0.707107 -0.707107 0.000000 0.707107 -0.707107 0.000000 0.866025 -0.500000 0.000000 0.866025 -0.500000 0.000000 0.965926 -0.258819 0.000000 0.965926 -0.258819 0.000000 1.000000 -0.000000 0.000000 1.000000 -0.000000 0.000000 0.965926 0.258819 0.000000 0.965926 0.258819 0.000000 0.866025 0.500000 0.000000 0.866025 0.500000 0.000000 0.707107 0.707107 0.000000 0.707107 0.707107 0.000000 0.500000 0.866025 0.000000 0.500000 0.866025 0.000000 0.258819 0.965926 0.000000 0.258819 0.965926 0.000000 -0.000000 1.000000 0.000000 -0.000000 1.000000 0.000000 -0.258819 0.965926 0.000000 -0.258819 0.965926 0.000000 -0.500000 0.866025 0.000000 -0.500000 0.866025 0.000000 0.965926 -0.258819 -0.000000 0.965926 -0.258819 -0.000000 0.866025 -0.500000 -0.000000 0.866025 -0.500000 -0.000000 0.707107 -0.707107 -0.000000 0.707107 -0.707107 -0.000000 0.500000 -0.866025 -0.000000 0.500000 -0.866025 -0.000000 0.258819 -0.965926 -0.000000 0.258819 -0.965926 -0.000000 -0.000000 -1.000000 -0.000000 -0.000000 -1.000000 -0.000000 -0.258819 -0.965926 -0.000000 -0.258819 -0.965926 -0.000000 -0.500000 -0.866025 -0.000000 -0.500000 -0.866025 -0.000000 -0.707107 -0.707107 -0.000000 -0.707107 -0.707107 -0.000000 -0.866025 -0.500000 -0.000000 -0.866025 -0.500000 -0.000000 -0.965926 -0.258819 -0.000000 -0.965926 -0.258819 -0.000000 -1.000000 0.000000 -0.000000 -1.000000 0.000000 -0.000000 -0.965926 0.258819 -0.000000 -0.965926 0.258819 -0.000000 -0.866025 0.500000 -0.000000 -0.866025 0.500000 -0.000000 -0.707107 0.707107 -0.000000 -0.707107 0.707107 -0.000000 -0.500000 0.866025 -0.000000 -0.500000 0.866025 -0.000000 -0.258819 0.965926 -0.000000 -0.258819 0.965926 -0.000000 -0.000000 1.000000 -0.000000 -0.000000 1.000000 -0.000000 0.258819 0.965926 0.000000 0.258819 0.965926 0.000000 0.500000 0.866025 0.000000 0.500000 0.866025 0.000000 0.707107 0.707107 0.000000 0.707107 0.707107 0.000000 0.866025 0.500000 0.000000 0.866025 0.500000 0.000000 0.965926 0.258819 0.000000 0.965926 0.258819 0.000000 1.000000 -0.000000 0.000000 1.000000 -0.000000 0.000000 0.000000 0.000000 -1.000000 0.000000 0.000000 -1.000000 0.000000 0.000000 -1.000000 0.000000 0.000000 -1.000000 0.000000 0.000000 -1.000000 0.000000 0.000000 -1.000000 0.000000 0.000000 -1.000000 0.000000 0.000000 -1.000000 0.000000 0.000000 -1.000000 0.000000 0.000000 -1.000000 0.000000 0.000000 -1.000000 0.000000 0.000000 -1.000000 0.000000 0.000000 -1.000000 0.000000 0.000000 -1.000000 0.000000 0.000000 -1.000000 0.000000 0.000000 -1.000000 0.000000 0.000000 -1.000000 0.000000 0.000000 -1.000000 0.000000 0.000000 -1.000000 0.000000 0.000000 -1.000000 0.000000 0.000000 -1.000000 0.000000 0.000000 -1.000000 0.000000 0.000000 -1.000000 0.000000 0.000000 -1.000000 0.000000 0.000000 -1.000000 0.000000 0.000000 -1.000000 0.000000 0.000000 -1.000000 0.000000 0.000000 -1.000000 0.000000 0.000000 -1.000000 0.000000 0.000000 -1.000000 0.000000 0.000000 -1.000000 0.000000 0.000000 -1.000000 0.000000 0.000000 -1.000000 0.000000 0.000000 -1.000000 0.000000 0.000000 -1.000000 0.000000 0.000000 -1.000000 0.000000 0.000000 -1.000000 0.000000 0.000000 -1.000000 0.000000 0.000000 -1.000000 0.000000 0.000000 -1.000000 0.000000 0.000000 -1.000000 0.000000 0.000000 -1.000000 0.000000 0.000000 -1.000000 0.000000 0.000000 -1.000000 0.000000 0.000000 -1.000000 0.000000 0.000000 -1.000000 0.000000 0.000000 -1.000000 0.000000 0.000000 -1.000000 0.000000 0.000000 -1.000000 0.000000 0.000000 -1.000000 0.000000 0.000000 -1.000000 0.000000 0.000000 -1.000000 0.000000 0.000000 -1.000000 0.000000 0.000000 -1.000000 0.000000 0.000000 -1.000000 0.000000 0.000000 -1.000000 0.000000 0.000000 -1.000000 0.000000 0.000000 -1.000000 0.000000 0.000000 -1.000000 0.000000 0.000000 -1.000000 0.000000 0.000000 -1.000000 0.000000 0.000000 -1.000000 0.000000 0.000000 -1.000000 0.000000 0.000000 -1.000000 0.000000 0.000000 -1.000000 0.000000 0.000000 -1.000000 0.000000 0.000000 -1.000000 0.000000 0.000000 -1.000000 0.000000 0.000000 -1.000000 0.000000 0.000000 -1.000000 0.000000 0.000000 -1.000000 0.000000 0.000000 -1.000000 0.824735 -0.565519 0.000000 0.731309 -0.682047 0.000000 0.824735 -0.565519 0.000000 0.667717 -0.744415 0.000000 0.617267 -0.786753 0.000000 0.472868 -0.881133 0.000000 0.482167 -0.876079 0.000000 0.328994 -0.944332 0.000000 0.251227 -0.967928 0.000000 0.161148 -0.986930 0.000000 0.015352 -0.999882 0.000000 -0.023387 -0.999726 0.000000 -0.126164 -0.992009 0.000000 -0.221393 -0.975185 0.000000 -0.232901 -0.972501 0.000000 -0.340559 -0.940223 0.000000 -0.445595 -0.895235 0.000000 -0.445595 -0.895235 0.000000 -0.552499 -0.833514 0.000000 -0.643978 -0.765044 0.000000 -0.552499 -0.833514 0.000000 -0.733838 -0.679325 0.000000 -0.725760 -0.687948 0.000000 -0.796024 -0.605266 0.000000 -0.873599 -0.486646 0.000000 -0.854095 -0.520117 0.000000 -0.935281 -0.353907 0.000000 -0.963864 -0.266395 0.000000 -0.982313 -0.187249 0.000000 -0.999518 -0.031051 0.000000 -0.999790 -0.020471 0.000000 -0.989982 0.141193 0.000000 -0.978541 0.206053 0.000000 -0.956324 0.292308 0.000000 -0.902122 0.431482 0.000000 -0.902122 0.431482 0.000000 -0.638659 -0.769490 -0.000000 -0.638659 -0.769490 -0.000000 -0.684937 -0.728602 -0.000000 -0.684937 -0.728602 -0.000000 -0.728602 -0.684937 -0.000000 -0.769490 -0.638659 -0.000000 -0.769490 -0.638659 -0.000000 -0.728602 -0.684937 -0.000000 -0.258819 0.965926 0.000000 -0.258819 0.965926 0.000000 -0.500000 0.866025 0.000000 -0.500000 0.866025 0.000000 -0.707107 0.707107 0.000000 -0.707107 0.707107 0.000000 -0.866025 0.500000 0.000000 -0.866025 0.500000 0.000000 -0.965926 0.258819 0.000000 -0.965926 0.258819 0.000000 -1.000000 0.000000 -0.000000 -1.000000 0.000000 -0.000000 -0.965926 -0.258819 -0.000000 -0.965926 -0.258819 -0.000000 -0.866025 -0.500000 -0.000000 -0.866025 -0.500000 -0.000000 -0.707107 -0.707107 -0.000000 -0.707107 -0.707107 -0.000000 -0.500000 -0.866025 -0.000000 -0.500000 -0.866025 -0.000000 -0.258819 -0.965926 -0.000000 -0.258819 -0.965926 -0.000000 0.000000 -1.000000 0.000000 -0.000000 -1.000000 -0.000000 0.258819 -0.965926 0.000000 0.258819 -0.965926 0.000000 0.500000 -0.866025 0.000000 0.500000 -0.866025 0.000000 0.707107 -0.707107 0.000000 0.707107 -0.707107 0.000000 0.866025 -0.500000 0.000000 0.866025 -0.500000 0.000000 0.965926 -0.258819 0.000000 0.965926 -0.258819 0.000000 1.000000 -0.000000 0.000000 1.000000 -0.000000 0.000000 0.965926 0.258819 0.000000 0.965926 0.258819 0.000000 0.866025 0.500000 0.000000 0.866025 0.500000 0.000000 0.707107 0.707107 0.000000 0.707107 0.707107 0.000000 0.500000 0.866025 0.000000 0.500000 0.866025 0.000000 0.258819 0.965926 0.000000 0.258819 0.965926 0.000000 0.000000 1.000000 0.000000 0.000000 1.000000 0.000000 0.707107 -0.707107 -0.000000 0.707107 -0.707107 -0.000000 0.500000 -0.866025 -0.000000 0.500000 -0.866025 -0.000000 0.258819 -0.965926 -0.000000 0.258819 -0.965926 -0.000000 -0.000000 -1.000000 -0.000000 -0.000000 -1.000000 -0.000000 -0.258819 -0.965926 -0.000000 -0.258819 -0.965926 -0.000000 -0.500000 -0.866025 -0.000000 -0.500000 -0.866025 -0.000000 -0.707107 -0.707107 -0.000000 -0.707107 -0.707107 -0.000000 -0.866025 -0.500000 -0.000000 -0.866025 -0.500000 -0.000000 -0.965926 -0.258819 -0.000000 -0.965926 -0.258819 -0.000000 -1.000000 0.000000 -0.000000 -1.000000 0.000000 -0.000000 -0.965926 0.258819 -0.000000 -0.965926 0.258819 -0.000000 -0.866025 0.500000 -0.000000 -0.866025 0.500000 -0.000000 -0.707107 0.707107 -0.000000 -0.707107 0.707107 -0.000000 -0.500000 0.866025 -0.000000 -0.500000 0.866025 -0.000000 -0.258819 0.965926 -0.000000 -0.258819 0.965926 -0.000000 -0.000000 1.000000 -0.000000 -0.000000 1.000000 -0.000000 0.258819 0.965926 0.000000 0.258819 0.965926 0.000000 0.500000 0.866025 0.000000 0.500000 0.866025 0.000000 0.707107 0.707107 0.000000 0.707107 0.707107 0.000000 0.866025 0.500000 0.000000 0.866025 0.500000 0.000000 0.965926 0.258819 0.000000 0.965926 0.258819 0.000000 1.000000 -0.000000 0.000000 1.000000 -0.000000 0.000000 0.965926 -0.258819 -0.000000 0.965926 -0.258819 -0.000000 0.866025 -0.500000 -0.000000 0.866025 -0.500000 -0.000000 0.000000 0.000000 -1.000000 0.000000 0.000000 -1.000000 0.000000 0.000000 -1.000000 0.000000 0.000000 -1.000000 0.000000 0.000000 -1.000000 0.000000 0.000000 -1.000000 0.000000 0.000000 -1.000000 0.000000 0.000000 -1.000000 0.000000 0.000000 -1.000000 0.000000 0.000000 -1.000000 0.000000 0.000000 -1.000000 0.000000 0.000000 -1.000000 0.000000 0.000000 -1.000000 0.000000 0.000000 -1.000000 0.000000 0.000000 -1.000000 0.000000 0.000000 -1.000000 0.000000 0.000000 -1.000000 0.000000 0.000000 -1.000000 0.000000 0.000000 -1.000000 0.000000 0.000000 -1.000000 0.000000 0.000000 -1.000000 0.000000 0.000000 -1.000000 0.000000 0.000000 -1.000000 0.000000 0.000000 -1.000000 0.000000 0.000000 -1.000000 0.000000 0.000000 -1.000000 0.000000 0.000000 -1.000000 0.000000 0.000000 -1.000000 0.000000 0.000000 -1.000000 0.000000 0.000000 -1.000000 0.000000 0.000000 -1.000000 0.000000 0.000000 -1.000000 0.000000 0.000000 -1.000000 0.000000 0.000000 -1.000000 0.000000 0.000000 -1.000000 0.000000 0.000000 -1.000000 0.000000 0.000000 -1.000000 0.000000 0.000000 -1.000000 0.000000 0.000000 -1.000000 0.000000 0.000000 -1.000000 0.000000 0.000000 -1.000000 0.000000 0.000000 -1.000000 0.000000 0.000000 -1.000000 0.000000 0.000000 -1.000000 0.000000 0.000000 -1.000000 0.000000 0.000000 -1.000000 0.000000 0.000000 -1.000000 0.000000 0.000000 -1.000000 0.000000 0.000000 -1.000000 0.000000 0.000000 -1.000000 0.000000 0.000000 -1.000000 0.000000 0.000000 -1.000000 0.000000 0.000000 -1.000000 0.000000 0.000000 -1.000000 0.000000 0.000000 -1.000000 0.000000 0.000000 -1.000000 0.000000 0.000000 -1.000000 0.000000 0.000000 -1.000000 0.000000 0.000000 -1.000000 0.000000 0.000000 -1.000000 0.000000 0.000000 -1.000000 0.000000 0.000000 -1.000000 0.000000 0.000000 -1.000000 0.000000 0.000000 -1.000000 0.000000 0.000000 -1.000000 0.000000 0.000000 -1.000000 0.000000 0.000000 -1.000000 0.000000 0.000000 -1.000000 0.000000 0.000000 -1.000000 0.000000 0.000000 -1.000000 0.000000 0.000000 -1.000000 0.000000 0.000000 -1.000000 0.431482 -0.902122 0.000000 0.292308 -0.956324 0.000000 0.431482 -0.902122 0.000000 0.206053 -0.978541 0.000000 0.141193 -0.989982 0.000000 -0.031051 -0.999518 0.000000 -0.020471 -0.999790 0.000000 -0.187249 -0.982313 0.000000 -0.266395 -0.963864 0.000000 -0.353907 -0.935281 0.000000 -0.486646 -0.873599 0.000000 -0.520117 -0.854095 0.000000 -0.605266 -0.796024 0.000000 -0.679325 -0.733838 0.000000 -0.687948 -0.725760 0.000000 -0.765044 -0.643978 0.000000 -0.833514 -0.552499 0.000000 -0.833514 -0.552499 0.000000 -0.895235 -0.445595 0.000000 -0.940223 -0.340559 0.000000 -0.895235 -0.445595 0.000000 -0.975185 -0.221393 0.000000 -0.972501 -0.232901 0.000000 -0.992009 -0.126164 0.000000 -0.999882 0.015352 0.000000 -0.999726 -0.023387 0.000000 -0.986930 0.161148 0.000000 -0.967928 0.251227 0.000000 -0.944332 0.328994 0.000000 -0.881133 0.472868 0.000000 -0.876079 0.482167 0.000000 -0.786753 0.617267 0.000000 -0.744415 0.667717 0.000000 -0.682047 0.731309 0.000000 -0.565519 0.824735 0.000000 -0.565519 0.824735 0.000000 -0.937840 -0.347068 -0.000000 -0.937840 -0.347068 -0.000000 -0.957474 -0.288520 -0.000000 -0.957474 -0.288520 -0.000000 -0.973457 -0.228871 -0.000000 -0.985727 -0.168350 -0.000000 -0.985727 -0.168350 -0.000000 -0.973457 -0.228871 -0.000000 0.258819 0.965926 0.000000 0.258819 0.965926 0.000000 0.000000 1.000000 0.000000 0.000000 1.000000 0.000000 -0.258819 0.965926 0.000000 -0.258819 0.965926 0.000000 -0.500000 0.866025 0.000000 -0.500000 0.866025 0.000000 -0.707107 0.707107 0.000000 -0.707107 0.707107 0.000000 -0.866025 0.500000 0.000000 -0.866025 0.500000 0.000000 -0.965926 0.258819 0.000000 -0.965926 0.258819 0.000000 -1.000000 -0.000000 -0.000000 -1.000000 -0.000000 -0.000000 -0.965926 -0.258819 -0.000000 -0.965926 -0.258819 -0.000000 -0.866025 -0.500000 -0.000000 -0.866025 -0.500000 -0.000000 -0.707107 -0.707107 -0.000000 -0.707107 -0.707107 -0.000000 -0.500000 -0.866025 -0.000000 -0.500000 -0.866025 -0.000000 -0.258819 -0.965926 -0.000000 -0.258819 -0.965926 -0.000000 0.000000 -1.000000 0.000000 0.000000 -1.000000 0.000000 0.258819 -0.965926 0.000000 0.258819 -0.965926 0.000000 0.500000 -0.866025 0.000000 0.500000 -0.866025 0.000000 0.707107 -0.707107 0.000000 0.707107 -0.707107 0.000000 0.866025 -0.500000 0.000000 0.866025 -0.500000 0.000000 0.965926 -0.258819 0.000000 0.965926 -0.258819 0.000000 1.000000 0.000000 0.000000 1.000000 0.000000 0.000000 0.965926 0.258819 0.000000 0.965926 0.258819 0.000000 0.866025 0.500000 0.000000 0.866025 0.500000 0.000000 0.707107 0.707107 0.000000 0.707107 0.707107 0.000000 0.500000 0.866025 0.000000 0.500000 0.866025 0.000000 0.258819 -0.965926 -0.000000 0.258819 -0.965926 -0.000000 0.000000 -1.000000 -0.000000 0.000000 -1.000000 -0.000000 -0.258819 -0.965926 -0.000000 -0.258819 -0.965926 -0.000000 -0.500000 -0.866025 -0.000000 -0.500000 -0.866025 -0.000000 -0.707107 -0.707107 -0.000000 -0.707107 -0.707107 -0.000000 -0.866025 -0.500000 -0.000000 -0.866025 -0.500000 -0.000000 -0.965926 -0.258819 -0.000000 -0.965926 -0.258819 -0.000000 -1.000000 -0.000000 -0.000000 -1.000000 -0.000000 -0.000000 -0.965926 0.258819 -0.000000 -0.965926 0.258819 -0.000000 -0.866025 0.500000 -0.000000 -0.866025 0.500000 -0.000000 -0.707107 0.707107 -0.000000 -0.707107 0.707107 -0.000000 -0.500000 0.866025 -0.000000 -0.500000 0.866025 -0.000000 -0.258819 0.965926 -0.000000 -0.258819 0.965926 -0.000000 -0.000000 1.000000 -0.000000 -0.000000 1.000000 -0.000000 0.258819 0.965926 0.000000 0.258819 0.965926 0.000000 0.500000 0.866025 0.000000 0.500000 0.866025 0.000000 0.707107 0.707107 0.000000 0.707107 0.707107 0.000000 0.866025 0.500000 0.000000 0.866025 0.500000 0.000000 0.965926 0.258819 0.000000 0.965926 0.258819 0.000000 1.000000 0.000000 0.000000 1.000000 0.000000 0.000000 0.965926 -0.258819 -0.000000 0.965926 -0.258819 -0.000000 0.866025 -0.500000 -0.000000 0.866025 -0.500000 -0.000000 0.707107 -0.707107 -0.000000 0.707107 -0.707107 -0.000000 0.500000 -0.866025 -0.000000 0.500000 -0.866025 -0.000000 0.000000 0.000000 -1.000000 0.000000 0.000000 -1.000000 0.000000 0.000000 -1.000000 0.000000 0.000000 -1.000000 0.000000 0.000000 -1.000000 0.000000 0.000000 -1.000000 0.000000 0.000000 -1.000000 0.000000 0.000000 -1.000000 0.000000 0.000000 -1.000000 0.000000 0.000000 -1.000000 0.000000 0.000000 -1.000000 0.000000 0.000000 -1.000000 0.000000 0.000000 -1.000000 0.000000 0.000000 -1.000000 0.000000 0.000000 -1.000000 0.000000 0.000000 -1.000000 0.000000 0.000000 -1.000000 0.000000 0.000000 -1.000000 0.000000 0.000000 -1.000000 0.000000 0.000000 -1.000000 0.000000 0.000000 -1.000000 0.000000 0.000000 -1.000000 0.000000 0.000000 -1.000000 0.000000 0.000000 -1.000000 0.000000 0.000000 -1.000000 0.000000 0.000000 -1.000000 0.000000 0.000000 -1.000000 0.000000 0.000000 -1.000000 0.000000 0.000000 -1.000000 0.000000 0.000000 -1.000000 0.000000 0.000000 -1.000000 0.000000 0.000000 -1.000000 0.000000 0.000000 -1.000000 0.000000 0.000000 -1.000000 0.000000 0.000000 -1.000000 0.000000 0.000000 -1.000000 0.000000 0.000000 -1.000000 0.000000 0.000000 -1.000000 0.000000 0.000000 -1.000000 0.000000 0.000000 -1.000000 0.000000 0.000000 -1.000000 0.000000 0.000000 -1.000000 0.000000 0.000000 -1.000000 0.000000 0.000000 -1.000000 0.000000 0.000000 -1.000000 0.000000 0.000000 -1.000000 0.000000 0.000000 -1.000000 0.000000 0.000000 -1.000000 0.000000 0.000000 -1.000000 0.000000 0.000000 -1.000000 0.000000 0.000000 -1.000000 0.000000 0.000000 -1.000000 0.000000 0.000000 -1.000000 0.000000 0.000000 -1.000000 0.000000 0.000000 -1.000000 0.000000 0.000000 -1.000000 0.000000 0.000000 -1.000000 0.000000 0.000000 -1.000000 0.000000 0.000000 -1.000000 0.000000 0.000000 -1.000000 0.000000 0.000000 -1.000000 0.000000 0.000000 -1.000000 0.000000 0.000000 -1.000000 0.000000 0.000000 -1.000000 0.000000 0.000000 -1.000000 0.000000 0.000000 -1.000000 0.000000 0.000000 -1.000000 0.000000 0.000000 -1.000000 0.000000 0.000000 -1.000000 0.000000 0.000000 -1.000000 0.000000 0.000000 -1.000000 0.000000 0.000000 -1.000000 -0.077387 -0.997001 0.000000 -0.225016 -0.974355 0.000000 -0.077387 -0.997001 0.000000 -0.310824 -0.950468 0.000000 -0.372715 -0.927946 0.000000 -0.526650 -0.850082 0.000000 -0.517624 -0.855608 0.000000 -0.653318 -0.757083 0.000000 -0.712637 -0.701533 0.000000 -0.774133 -0.633023 0.000000 -0.858248 -0.513236 0.000000 -0.877482 -0.479609 0.000000 -0.922187 -0.386744 0.000000 -0.955231 -0.295860 0.000000 -0.958660 -0.284553 0.000000 -0.984537 -0.175179 0.000000 -0.998093 -0.061721 0.000000 -0.998093 -0.061721 0.000000 -0.998093 0.061721 0.000000 -0.984537 0.175179 0.000000 -0.998093 0.061721 0.000000 -0.955231 0.295860 0.000000 -0.958660 0.284553 0.000000 -0.922187 0.386744 0.000000 -0.858248 0.513236 0.000000 -0.877482 0.479609 0.000000 -0.774133 0.633023 0.000000 -0.712637 0.701533 0.000000 -0.653318 0.757083 0.000000 -0.526650 0.850082 0.000000 -0.517624 0.855608 0.000000 -0.372715 0.927946 0.000000 -0.310824 0.950468 0.000000 -0.225016 0.974355 0.000000 -0.077387 0.997001 0.000000 -0.077387 0.997001 0.000000 -0.985727 0.168350 -0.000000 -0.985727 0.168350 -0.000000 -0.973457 0.228871 -0.000000 -0.973457 0.228871 -0.000000 -0.957474 0.288520 -0.000000 -0.937840 0.347068 -0.000000 -0.937840 0.347068 -0.000000 -0.957474 0.288520 -0.000000 0.707107 0.707107 0.000000 0.707107 0.707107 0.000000 0.500000 0.866025 0.000000 0.500000 0.866025 0.000000 0.258819 0.965926 0.000000 0.258819 0.965926 0.000000 0.000000 1.000000 0.000000 0.000000 1.000000 0.000000 -0.258819 0.965926 0.000000 -0.258819 0.965926 0.000000 -0.500000 0.866025 0.000000 -0.500000 0.866025 0.000000 -0.707107 0.707107 0.000000 -0.707107 0.707107 0.000000 -0.866025 0.500000 0.000000 -0.866025 0.500000 0.000000 -0.965926 0.258819 0.000000 -0.965926 0.258819 0.000000 -1.000000 -0.000000 -0.000000 -1.000000 -0.000000 -0.000000 -0.965926 -0.258819 -0.000000 -0.965926 -0.258819 -0.000000 -0.866025 -0.500000 -0.000000 -0.866025 -0.500000 -0.000000 -0.707107 -0.707107 -0.000000 -0.707107 -0.707107 -0.000000 -0.500000 -0.866025 -0.000000 -0.500000 -0.866025 -0.000000 -0.258819 -0.965926 -0.000000 -0.258819 -0.965926 -0.000000 -0.000000 -1.000000 -0.000000 -0.000000 -1.000000 -0.000000 0.258819 -0.965926 0.000000 0.258819 -0.965926 0.000000 0.500000 -0.866025 0.000000 0.500000 -0.866025 0.000000 0.707107 -0.707107 0.000000 0.707107 -0.707107 0.000000 0.866025 -0.500000 0.000000 0.866025 -0.500000 0.000000 0.965926 -0.258819 0.000000 0.965926 -0.258819 0.000000 1.000000 0.000000 0.000000 1.000000 0.000000 0.000000 0.965926 0.258819 0.000000 0.965926 0.258819 0.000000 0.866025 0.500000 0.000000 0.866025 0.500000 0.000000 -0.258819 -0.965926 -0.000000 -0.258819 -0.965926 -0.000000 -0.500000 -0.866025 -0.000000 -0.500000 -0.866025 -0.000000 -0.707107 -0.707107 -0.000000 -0.707107 -0.707107 -0.000000 -0.866025 -0.500000 -0.000000 -0.866025 -0.500000 -0.000000 -0.965926 -0.258819 -0.000000 -0.965926 -0.258819 -0.000000 -1.000000 -0.000000 -0.000000 -1.000000 -0.000000 -0.000000 -0.965926 0.258819 -0.000000 -0.965926 0.258819 -0.000000 -0.866025 0.500000 -0.000000 -0.866025 0.500000 -0.000000 -0.707107 0.707107 -0.000000 -0.707107 0.707107 -0.000000 -0.500000 0.866025 -0.000000 -0.500000 0.866025 -0.000000 -0.258819 0.965926 -0.000000 -0.258819 0.965926 -0.000000 0.000000 1.000000 0.000000 0.000000 1.000000 0.000000 0.258819 0.965926 0.000000 0.258819 0.965926 0.000000 0.500000 0.866025 0.000000 0.500000 0.866025 0.000000 0.707107 0.707107 0.000000 0.707107 0.707107 0.000000 0.866025 0.500000 0.000000 0.866025 0.500000 0.000000 0.965926 0.258819 0.000000 0.965926 0.258819 0.000000 1.000000 0.000000 0.000000 1.000000 0.000000 0.000000 0.965926 -0.258819 -0.000000 0.965926 -0.258819 -0.000000 0.866025 -0.500000 -0.000000 0.866025 -0.500000 -0.000000 0.707107 -0.707107 -0.000000 0.707107 -0.707107 -0.000000 0.500000 -0.866025 -0.000000 0.500000 -0.866025 -0.000000 0.258819 -0.965926 -0.000000 0.258819 -0.965926 -0.000000 -0.000000 -1.000000 -0.000000 -0.000000 -1.000000 -0.000000 0.000000 0.000000 -1.000000 0.000000 0.000000 -1.000000 0.000000 0.000000 -1.000000 0.000000 0.000000 -1.000000 0.000000 0.000000 -1.000000 0.000000 0.000000 -1.000000 0.000000 0.000000 -1.000000 0.000000 0.000000 -1.000000 0.000000 0.000000 -1.000000 0.000000 0.000000 -1.000000 0.000000 0.000000 -1.000000 0.000000 0.000000 -1.000000 0.000000 0.000000 -1.000000 0.000000 0.000000 -1.000000 0.000000 0.000000 -1.000000 0.000000 0.000000 -1.000000 0.000000 0.000000 -1.000000 0.000000 0.000000 -1.000000 0.000000 0.000000 -1.000000 0.000000 0.000000 -1.000000 0.000000 0.000000 -1.000000 0.000000 0.000000 -1.000000 0.000000 0.000000 -1.000000 0.000000 0.000000 -1.000000 0.000000 0.000000 -1.000000 0.000000 0.000000 -1.000000 0.000000 0.000000 -1.000000 0.000000 0.000000 -1.000000 0.000000 0.000000 -1.000000 0.000000 0.000000 -1.000000 0.000000 0.000000 -1.000000 0.000000 0.000000 -1.000000 0.000000 0.000000 -1.000000 0.000000 0.000000 -1.000000 0.000000 0.000000 -1.000000 0.000000 0.000000 -1.000000 0.000000 0.000000 -1.000000 0.000000 0.000000 -1.000000 0.000000 0.000000 -1.000000 0.000000 0.000000 -1.000000 0.000000 0.000000 -1.000000 0.000000 0.000000 -1.000000 0.000000 0.000000 -1.000000 0.000000 0.000000 -1.000000 0.000000 0.000000 -1.000000 0.000000 0.000000 -1.000000 0.000000 0.000000 -1.000000 0.000000 0.000000 -1.000000 0.000000 0.000000 -1.000000 0.000000 0.000000 -1.000000 0.000000 0.000000 -1.000000 0.000000 0.000000 -1.000000 0.000000 0.000000 -1.000000 0.000000 0.000000 -1.000000 0.000000 0.000000 -1.000000 0.000000 0.000000 -1.000000 0.000000 0.000000 -1.000000 0.000000 0.000000 -1.000000 0.000000 0.000000 -1.000000 0.000000 0.000000 -1.000000 0.000000 0.000000 -1.000000 0.000000 0.000000 -1.000000 0.000000 0.000000 -1.000000 0.000000 0.000000 -1.000000 0.000000 0.000000 -1.000000 0.000000 0.000000 -1.000000 0.000000 0.000000 -1.000000 0.000000 0.000000 -1.000000 0.000000 0.000000 -1.000000 0.000000 0.000000 -1.000000 0.000000 0.000000 -1.000000 0.000000 0.000000 -1.000000 -0.565519 -0.824735 0.000000 -0.682047 -0.731309 0.000000 -0.565519 -0.824735 0.000000 -0.744415 -0.667717 0.000000 -0.786753 -0.617267 0.000000 -0.881133 -0.472868 0.000000 -0.876079 -0.482167 0.000000 -0.944332 -0.328994 0.000000 -0.967928 -0.251227 0.000000 -0.986930 -0.161148 0.000000 -0.999882 -0.015352 0.000000 -0.999726 0.023387 0.000000 -0.992009 0.126164 0.000000 -0.975185 0.221393 0.000000 -0.972501 0.232901 0.000000 -0.940223 0.340559 0.000000 -0.895235 0.445595 0.000000 -0.895235 0.445595 0.000000 -0.833514 0.552499 0.000000 -0.765044 0.643978 0.000000 -0.833514 0.552499 0.000000 -0.679325 0.733838 0.000000 -0.687948 0.725760 0.000000 -0.605266 0.796024 0.000000 -0.486646 0.873599 0.000000 -0.520117 0.854095 0.000000 -0.353907 0.935281 0.000000 -0.266395 0.963864 0.000000 -0.187249 0.982313 0.000000 -0.031051 0.999518 0.000000 -0.020471 0.999790 0.000000 0.141193 0.989982 -0.000000 0.206053 0.978541 -0.000000 0.292308 0.956324 -0.000000 0.431482 0.902122 -0.000000 0.431482 0.902122 -0.000000 -0.769490 0.638659 -0.000000 -0.769490 0.638659 -0.000000 -0.728602 0.684937 -0.000000 -0.728602 0.684937 -0.000000 -0.684937 0.728602 -0.000000 -0.638659 0.769490 -0.000000 -0.638659 0.769490 -0.000000 -0.684937 0.728602 -0.000000 0.965926 0.258819 0.000000 0.965926 0.258819 0.000000 0.866025 0.500000 0.000000 0.866025 0.500000 0.000000 0.707107 0.707107 0.000000 0.707107 0.707107 0.000000 0.500000 0.866025 0.000000 0.500000 0.866025 0.000000 0.258819 0.965926 0.000000 0.258819 0.965926 0.000000 -0.000000 1.000000 0.000000 -0.000000 1.000000 0.000000 -0.258819 0.965926 0.000000 -0.258819 0.965926 0.000000 -0.500000 0.866025 0.000000 -0.500000 0.866025 0.000000 -0.707107 0.707107 0.000000 -0.707107 0.707107 0.000000 -0.866025 0.500000 0.000000 -0.866025 0.500000 0.000000 -0.965926 0.258819 0.000000 -0.965926 0.258819 0.000000 -1.000000 -0.000000 -0.000000 -1.000000 -0.000000 -0.000000 -0.965926 -0.258819 -0.000000 -0.965926 -0.258819 -0.000000 -0.866025 -0.500000 -0.000000 -0.866025 -0.500000 -0.000000 -0.707107 -0.707107 -0.000000 -0.707107 -0.707107 -0.000000 -0.500000 -0.866025 -0.000000 -0.500000 -0.866025 -0.000000 -0.258819 -0.965926 -0.000000 -0.258819 -0.965926 -0.000000 0.000000 -1.000000 0.000000 0.000000 -1.000000 0.000000 0.258819 -0.965926 0.000000 0.258819 -0.965926 0.000000 0.500000 -0.866025 0.000000 0.500000 -0.866025 0.000000 0.707107 -0.707107 0.000000 0.707107 -0.707107 0.000000 0.866025 -0.500000 0.000000 0.866025 -0.500000 0.000000 0.965926 -0.258819 0.000000 0.965926 -0.258819 0.000000 1.000000 -0.000000 0.000000 1.000000 -0.000000 0.000000 -0.707107 -0.707107 -0.000000 -0.707107 -0.707107 -0.000000 -0.866025 -0.500000 -0.000000 -0.866025 -0.500000 -0.000000 -0.965926 -0.258819 -0.000000 -0.965926 -0.258819 -0.000000 -1.000000 0.000000 -0.000000 -1.000000 0.000000 -0.000000 -0.965926 0.258819 -0.000000 -0.965926 0.258819 -0.000000 -0.866025 0.500000 -0.000000 -0.866025 0.500000 -0.000000 -0.707107 0.707107 -0.000000 -0.707107 0.707107 -0.000000 -0.500000 0.866025 -0.000000 -0.500000 0.866025 -0.000000 -0.258819 0.965926 -0.000000 -0.258819 0.965926 -0.000000 -0.000000 1.000000 -0.000000 -0.000000 1.000000 -0.000000 0.258819 0.965926 0.000000 0.258819 0.965926 0.000000 0.500000 0.866025 0.000000 0.500000 0.866025 0.000000 0.707107 0.707107 0.000000 0.707107 0.707107 0.000000 0.866025 0.500000 0.000000 0.866025 0.500000 0.000000 0.965926 0.258819 0.000000 0.965926 0.258819 0.000000 1.000000 0.000000 0.000000 1.000000 0.000000 0.000000 0.965926 -0.258819 -0.000000 0.965926 -0.258819 -0.000000 0.866025 -0.500000 -0.000000 0.866025 -0.500000 -0.000000 0.707107 -0.707107 -0.000000 0.707107 -0.707107 -0.000000 0.500000 -0.866025 -0.000000 0.500000 -0.866025 -0.000000 0.258819 -0.965926 -0.000000 0.258819 -0.965926 -0.000000 0.000000 -1.000000 -0.000000 0.000000 -1.000000 -0.000000 -0.258819 -0.965926 -0.000000 -0.258819 -0.965926 -0.000000 -0.500000 -0.866025 -0.000000 -0.500000 -0.866025 -0.000000 0.000000 0.000000 -1.000000 0.000000 0.000000 -1.000000 0.000000 0.000000 -1.000000 0.000000 0.000000 -1.000000 0.000000 0.000000 -1.000000 0.000000 0.000000 -1.000000 0.000000 0.000000 -1.000000 0.000000 0.000000 -1.000000 0.000000 0.000000 -1.000000 0.000000 0.000000 -1.000000 0.000000 0.000000 -1.000000 0.000000 0.000000 -1.000000 0.000000 0.000000 -1.000000 0.000000 0.000000 -1.000000 0.000000 0.000000 -1.000000 0.000000 0.000000 -1.000000 0.000000 0.000000 -1.000000 0.000000 0.000000 -1.000000 0.000000 0.000000 -1.000000 0.000000 0.000000 -1.000000 0.000000 0.000000 -1.000000 0.000000 0.000000 -1.000000 0.000000 0.000000 -1.000000 0.000000 0.000000 -1.000000 0.000000 0.000000 -1.000000 0.000000 0.000000 -1.000000 0.000000 0.000000 -1.000000 0.000000 0.000000 -1.000000 0.000000 0.000000 -1.000000 0.000000 0.000000 -1.000000 0.000000 0.000000 -1.000000 0.000000 0.000000 -1.000000 0.000000 0.000000 -1.000000 0.000000 0.000000 -1.000000 0.000000 0.000000 -1.000000 0.000000 0.000000 -1.000000 0.000000 0.000000 -1.000000 0.000000 0.000000 -1.000000 0.000000 0.000000 -1.000000 0.000000 0.000000 -1.000000 0.000000 0.000000 -1.000000 0.000000 0.000000 -1.000000 0.000000 0.000000 -1.000000 0.000000 0.000000 -1.000000 0.000000 0.000000 -1.000000 0.000000 0.000000 -1.000000 0.000000 0.000000 -1.000000 0.000000 0.000000 -1.000000 0.000000 0.000000 -1.000000 0.000000 0.000000 -1.000000 0.000000 0.000000 -1.000000 0.000000 0.000000 -1.000000 0.000000 0.000000 -1.000000 0.000000 0.000000 -1.000000 0.000000 0.000000 -1.000000 0.000000 0.000000 -1.000000 0.000000 0.000000 -1.000000 0.000000 0.000000 -1.000000 0.000000 0.000000 -1.000000 0.000000 0.000000 -1.000000 0.000000 0.000000 -1.000000 0.000000 0.000000 -1.000000 0.000000 0.000000 -1.000000 0.000000 0.000000 -1.000000 0.000000 0.000000 -1.000000 0.000000 0.000000 -1.000000 0.000000 0.000000 -1.000000 0.000000 0.000000 -1.000000 0.000000 0.000000 -1.000000 0.000000 0.000000 -1.000000 0.000000 0.000000 -1.000000 0.000000 0.000000 -1.000000 -0.445595 0.895235 0.000000 -0.340559 0.940223 0.000000 -0.445595 0.895235 0.000000 -0.221393 0.975185 0.000000 -0.232901 0.972501 0.000000 -0.126164 0.992009 0.000000 0.015352 0.999882 -0.000000 -0.023387 0.999726 0.000000 0.161148 0.986930 -0.000000 0.251227 0.967928 -0.000000 0.328994 0.944332 -0.000000 0.472868 0.881133 -0.000000 0.482167 0.876079 -0.000000 0.617267 0.786753 -0.000000 0.667717 0.744415 -0.000000 0.731309 0.682047 -0.000000 0.824735 0.565519 -0.000000 0.824735 0.565519 -0.000000 -0.902122 -0.431482 0.000000 -0.956324 -0.292308 0.000000 -0.902122 -0.431482 0.000000 -0.978541 -0.206053 0.000000 -0.989982 -0.141193 0.000000 -0.999518 0.031051 0.000000 -0.999790 0.020471 0.000000 -0.982313 0.187249 0.000000 -0.963864 0.266395 0.000000 -0.935281 0.353907 0.000000 -0.873599 0.486646 0.000000 -0.854095 0.520117 0.000000 -0.796024 0.605266 0.000000 -0.733838 0.679325 0.000000 -0.725760 0.687948 0.000000 -0.643978 0.765044 0.000000 -0.552499 0.833514 0.000000 -0.552499 0.833514 0.000000 0.965926 -0.258819 0.000000 0.965926 -0.258819 0.000000 1.000000 -0.000000 0.000000 1.000000 -0.000000 0.000000 0.965926 0.258819 0.000000 0.965926 0.258819 0.000000 0.866025 0.500000 0.000000 0.866025 0.500000 0.000000 0.707107 0.707107 0.000000 0.707107 0.707107 0.000000 0.500000 0.866025 0.000000 0.500000 0.866025 0.000000 0.258819 0.965926 0.000000 0.258819 0.965926 0.000000 -0.000000 1.000000 0.000000 -0.000000 1.000000 0.000000 -0.258819 0.965926 0.000000 -0.258819 0.965926 0.000000 -0.500000 0.866025 0.000000 -0.500000 0.866025 0.000000 -0.707107 0.707107 0.000000 -0.707107 0.707107 0.000000 -0.866025 0.500000 0.000000 -0.866025 0.500000 0.000000 -0.965926 0.258819 0.000000 -0.965926 0.258819 0.000000 -1.000000 -0.000000 -0.000000 -1.000000 -0.000000 -0.000000 -0.965926 -0.258819 -0.000000 -0.965926 -0.258819 -0.000000 -0.866025 -0.500000 -0.000000 -0.866025 -0.500000 -0.000000 -0.707107 -0.707107 -0.000000 -0.707107 -0.707107 -0.000000 -0.500000 -0.866025 -0.000000 -0.500000 -0.866025 -0.000000 -0.258819 -0.965926 -0.000000 -0.258819 -0.965926 -0.000000 -0.000000 -1.000000 -0.000000 -0.000000 -1.000000 -0.000000 0.258819 -0.965926 0.000000 0.258819 -0.965926 0.000000 0.500000 -0.866025 0.000000 0.500000 -0.866025 0.000000 0.707107 -0.707107 0.000000 0.707107 -0.707107 0.000000 0.866025 -0.500000 0.000000 0.866025 -0.500000 0.000000 -0.965926 -0.258819 -0.000000 -0.965926 -0.258819 -0.000000 -1.000000 -0.000000 -0.000000 -1.000000 -0.000000 -0.000000 -0.965926 0.258819 -0.000000 -0.965926 0.258819 -0.000000 -0.866025 0.500000 -0.000000 -0.866025 0.500000 -0.000000 -0.707107 0.707107 -0.000000 -0.707107 0.707107 -0.000000 -0.500000 0.866025 -0.000000 -0.500000 0.866025 -0.000000 -0.258819 0.965926 -0.000000 -0.258819 0.965926 -0.000000 0.000000 1.000000 0.000000 0.000000 1.000000 0.000000 0.258819 0.965926 0.000000 0.258819 0.965926 0.000000 0.500000 0.866025 0.000000 0.500000 0.866025 0.000000 0.707107 0.707107 0.000000 0.707107 0.707107 0.000000 0.866025 0.500000 0.000000 0.866025 0.500000 0.000000 0.965926 0.258819 0.000000 0.965926 0.258819 0.000000 1.000000 0.000000 0.000000 1.000000 0.000000 0.000000 0.965926 -0.258819 -0.000000 0.965926 -0.258819 -0.000000 0.866025 -0.500000 -0.000000 0.866025 -0.500000 -0.000000 0.707107 -0.707107 -0.000000 0.707107 -0.707107 -0.000000 0.500000 -0.866025 -0.000000 0.500000 -0.866025 -0.000000 0.258819 -0.965926 -0.000000 0.258819 -0.965926 -0.000000 0.000000 -1.000000 -0.000000 0.000000 -1.000000 -0.000000 -0.258819 -0.965926 -0.000000 -0.258819 -0.965926 -0.000000 -0.500000 -0.866025 -0.000000 -0.500000 -0.866025 -0.000000 -0.707107 -0.707107 -0.000000 -0.707107 -0.707107 -0.000000 -0.866025 -0.500000 -0.000000 -0.866025 -0.500000 -0.000000 0.000000 0.000000 -1.000000 0.000000 0.000000 -1.000000 0.000000 0.000000 -1.000000 0.000000 0.000000 -1.000000 0.000000 0.000000 -1.000000 0.000000 0.000000 -1.000000 0.000000 0.000000 -1.000000 0.000000 0.000000 -1.000000 0.000000 0.000000 -1.000000 0.000000 0.000000 -1.000000 0.000000 0.000000 -1.000000 0.000000 0.000000 -1.000000 0.000000 0.000000 -1.000000 0.000000 0.000000 -1.000000 0.000000 0.000000 -1.000000 0.000000 0.000000 -1.000000 0.000000 0.000000 -1.000000 0.000000 0.000000 -1.000000 0.000000 0.000000 -1.000000 0.000000 0.000000 -1.000000 0.000000 0.000000 -1.000000 0.000000 0.000000 -1.000000 0.000000 0.000000 -1.000000 0.000000 0.000000 -1.000000 0.000000 0.000000 -1.000000 0.000000 0.000000 -1.000000 0.000000 0.000000 -1.000000 0.000000 0.000000 -1.000000 0.000000 0.000000 -1.000000 0.000000 0.000000 -1.000000 0.000000 0.000000 -1.000000 0.000000 0.000000 -1.000000 0.000000 0.000000 -1.000000 0.000000 0.000000 -1.000000 0.000000 0.000000 -1.000000 0.000000 0.000000 -1.000000 0.000000 0.000000 -1.000000 0.000000 0.000000 -1.000000 0.000000 0.000000 -1.000000 0.000000 0.000000 -1.000000 0.000000 0.000000 -1.000000 0.000000 0.000000 -1.000000 0.000000 0.000000 -1.000000 0.000000 0.000000 -1.000000 0.000000 0.000000 -1.000000 0.000000 0.000000 -1.000000 0.000000 0.000000 -1.000000 0.000000 0.000000 -1.000000 0.000000 0.000000 -1.000000 0.000000 0.000000 -1.000000 0.000000 0.000000 -1.000000 0.000000 0.000000 -1.000000 0.000000 0.000000 -1.000000 0.000000 0.000000 -1.000000 0.000000 0.000000 -1.000000 0.000000 0.000000 -1.000000 0.000000 0.000000 -1.000000 0.000000 0.000000 -1.000000 0.000000 0.000000 -1.000000 0.000000 0.000000 -1.000000 0.000000 0.000000 -1.000000 0.000000 0.000000 -1.000000 0.000000 0.000000 -1.000000 0.000000 0.000000 -1.000000 0.000000 0.000000 -1.000000 0.000000 0.000000 -1.000000 0.000000 0.000000 -1.000000 0.000000 0.000000 -1.000000 0.000000 0.000000 -1.000000 0.000000 0.000000 -1.000000 0.000000 0.000000 -1.000000 0.000000 0.000000 -1.000000 0.061721 0.998093 -0.000000 0.175179 0.984537 -0.000000 0.061721 0.998093 -0.000000 0.295860 0.955231 -0.000000 0.284552 0.958661 -0.000000 0.386744 0.922187 -0.000000 0.513236 0.858248 -0.000000 0.479609 0.877482 -0.000000 0.633023 0.774133 -0.000000 0.701533 0.712637 -0.000000 0.757083 0.653319 -0.000000 0.850082 0.526650 -0.000000 0.855608 0.517624 -0.000000 0.927946 0.372716 -0.000000 0.950468 0.310824 -0.000000 0.974355 0.225017 -0.000000 0.997001 0.077387 -0.000000 0.997001 0.077387 -0.000000 -0.997001 0.077387 0.000000 -0.974355 0.225017 0.000000 -0.997001 0.077387 0.000000 -0.950468 0.310824 0.000000 -0.927946 0.372716 0.000000 -0.850082 0.526650 0.000000 -0.855608 0.517624 0.000000 -0.757083 0.653319 0.000000 -0.701533 0.712637 0.000000 -0.633023 0.774133 0.000000 -0.513236 0.858248 0.000000 -0.479609 0.877482 0.000000 -0.386744 0.922187 0.000000 -0.295860 0.955231 0.000000 -0.284552 0.958661 0.000000 -0.175179 0.984537 0.000000 -0.061721 0.998093 0.000000 -0.061721 0.998093 0.000000 0.366436 0.672718 -0.642788 0.383022 0.663414 -0.642788 0.383022 0.663414 -0.642788 0.399373 0.653701 -0.642788 0.414706 0.644083 -0.642788 0.428522 0.634975 -0.642788 0.461645 0.611317 -0.642788 0.440545 0.626693 -0.642788 0.459052 0.613266 -0.642788 0.472425 0.603025 -0.642788 0.481656 0.595678 -0.642788 0.487163 0.591182 -0.642788 0.489512 0.589238 -0.642788 0.524692 0.558142 -0.642788 0.533270 0.549952 -0.642788 0.489241 0.589463 -0.642788 0.558142 0.524692 -0.642788 0.591182 0.487163 -0.642788 0.596810 0.480251 -0.642788 0.595678 0.481656 -0.642788 0.603025 0.472425 -0.642788 0.589463 0.489241 -0.642788 0.589238 0.489512 -0.642788 0.613266 0.459052 -0.642788 0.626693 0.440545 -0.642788 0.651304 0.403270 -0.642788 0.634975 0.428522 -0.642788 0.644083 0.414706 -0.642788 0.653701 0.399373 -0.642788 0.663414 0.383022 -0.642788 0.672718 0.366436 -0.642788 0.695925 0.320176 -0.642788 0.681188 0.350439 -0.642788 0.688598 0.335644 -0.642788 0.694869 0.322460 -0.642788 0.704184 0.301577 -0.642788 0.710644 0.286022 -0.642788 0.714965 0.275044 -0.642788 0.729996 0.232228 -0.642788 0.717487 0.268397 -0.642788 0.718549 0.265539 -0.642788 0.718427 0.265869 -0.642788 0.733468 0.221019 -0.642788 0.745711 0.175326 -0.642788 0.755111 0.128964 -0.642788 0.755052 0.129311 -0.642788 0.753001 0.140760 -0.642788 0.755560 0.126305 -0.642788 0.756700 0.119287 -0.642788 0.758447 0.107619 -0.642788 0.760630 0.090918 -0.642788 0.764592 0.047158 -0.642788 0.763005 0.068176 -0.642788 0.764165 0.053623 -0.642788 0.765145 0.037105 -0.642788 0.765808 0.019016 -0.642788 0.766044 -0.000000 -0.642788 0.764592 -0.047158 -0.642788 0.765808 -0.019016 -0.642788 0.765145 -0.037105 -0.642788 0.764165 -0.053623 -0.642788 0.763005 -0.068176 -0.642788 0.760630 -0.090918 -0.642788 0.753001 -0.140760 -0.642788 0.758447 -0.107619 -0.642788 0.756700 -0.119287 -0.642788 0.755560 -0.126305 -0.642788 0.755052 -0.129311 -0.642788 0.755111 -0.128964 -0.642788 0.745711 -0.175326 -0.642788 0.729996 -0.232228 -0.642788 0.733468 -0.221019 -0.642788 0.718549 -0.265539 -0.642788 0.718427 -0.265869 -0.642788 0.717487 -0.268397 -0.642788 0.714965 -0.275044 -0.642788 0.710644 -0.286022 -0.642788 0.695925 -0.320176 -0.642788 0.704184 -0.301577 -0.642788 0.694869 -0.322460 -0.642788 0.688598 -0.335644 -0.642788 0.681188 -0.350439 -0.642788 0.672718 -0.366436 -0.642788 0.651304 -0.403270 -0.642788 0.663414 -0.383022 -0.642788 0.653701 -0.399373 -0.642788 0.644083 -0.414706 -0.642788 0.634975 -0.428522 -0.642788 0.626693 -0.440545 -0.642788 0.596810 -0.480251 -0.642788 0.613266 -0.459052 -0.642788 0.603025 -0.472425 -0.642788 0.595678 -0.481656 -0.642788 0.591182 -0.487163 -0.642788 0.589238 -0.489512 -0.642788 0.589463 -0.489241 -0.642788 0.558142 -0.524692 -0.642788 0.533270 -0.549952 -0.642788 0.524692 -0.558142 -0.642788 0.487163 -0.591182 -0.642788 0.489512 -0.589238 -0.642788 0.489241 -0.589463 -0.642788 0.481656 -0.595678 -0.642788 0.461645 -0.611317 -0.642788 0.472425 -0.603025 -0.642788 0.459052 -0.613266 -0.642788 0.440545 -0.626693 -0.642788 0.428522 -0.634975 -0.642788 0.414706 -0.644083 -0.642788 0.383022 -0.663414 -0.642788 0.399373 -0.653701 -0.642788 0.383022 -0.663414 -0.642788 0.366436 -0.672718 -0.642788 0.350439 -0.681188 -0.642788 0.335644 -0.688598 -0.642788 0.298593 -0.705455 -0.642788 0.322460 -0.694869 -0.642788 0.301577 -0.704184 -0.642788 0.286022 -0.710644 -0.642788 0.275044 -0.714965 -0.642788 0.268397 -0.717487 -0.642788 0.265539 -0.718549 -0.642788 0.221019 -0.733468 -0.642788 0.209638 -0.736801 -0.642788 0.265869 -0.718427 -0.642788 0.175326 -0.745711 -0.642788 0.126305 -0.755560 -0.642788 0.117505 -0.756979 -0.642788 0.119287 -0.756700 -0.642788 0.107619 -0.758447 -0.642788 0.128964 -0.755111 -0.642788 0.129311 -0.755052 -0.642788 0.090918 -0.760630 -0.642788 0.068176 -0.763005 -0.642788 0.023590 -0.765681 -0.642788 0.053623 -0.764165 -0.642788 0.037105 -0.765145 -0.642788 0.019016 -0.765808 -0.642788 0.000000 -0.766044 -0.642788 -0.019016 -0.765808 -0.642788 -0.070682 -0.762777 -0.642788 -0.037105 -0.765145 -0.642788 -0.053623 -0.764165 -0.642788 -0.068176 -0.763005 -0.642788 -0.090918 -0.760630 -0.642788 -0.107619 -0.758447 -0.642788 -0.119287 -0.756700 -0.642788 -0.163882 -0.748309 -0.642788 -0.126305 -0.755560 -0.642788 -0.129311 -0.755052 -0.642788 -0.128964 -0.755111 -0.642788 -0.175326 -0.745711 -0.642788 -0.221019 -0.733468 -0.642788 -0.254599 -0.722498 -0.642788 -0.265869 -0.718427 -0.642788 -0.265539 -0.718549 -0.642788 -0.268397 -0.717487 -0.642788 -0.275044 -0.714965 -0.642788 -0.286022 -0.710644 -0.642788 -0.301577 -0.704184 -0.642788 -0.341455 -0.685735 -0.642788 -0.322460 -0.694869 -0.642788 -0.335644 -0.688598 -0.642788 -0.350439 -0.681188 -0.642788 -0.366436 -0.672718 -0.642788 -0.383022 -0.663414 -0.642788 -0.423136 -0.638576 -0.642788 -0.399373 -0.653701 -0.642788 -0.414706 -0.644083 -0.642788 -0.428522 -0.634975 -0.642788 -0.440545 -0.626693 -0.642788 -0.459052 -0.613266 -0.642788 -0.498403 -0.581738 -0.642788 -0.472425 -0.603025 -0.642788 -0.481656 -0.595678 -0.642788 -0.487163 -0.591182 -0.642788 -0.489512 -0.589238 -0.642788 -0.489241 -0.589463 -0.642788 -0.524692 -0.558142 -0.642788 -0.566114 -0.516081 -0.642788 -0.558142 -0.524692 -0.642788 -0.589463 -0.489241 -0.642788 -0.589238 -0.489512 -0.642788 -0.591182 -0.487163 -0.642788 -0.595678 -0.481656 -0.642788 -0.603025 -0.472425 -0.642788 -0.625243 -0.442600 -0.642788 -0.613266 -0.459052 -0.642788 -0.626693 -0.440545 -0.642788 -0.634975 -0.428522 -0.642788 -0.644083 -0.414706 -0.642788 -0.653701 -0.399373 -0.642788 -0.674894 -0.362411 -0.642788 -0.663414 -0.383022 -0.642788 -0.672718 -0.366436 -0.642788 -0.681188 -0.350439 -0.642788 -0.688598 -0.335644 -0.642788 -0.694869 -0.322460 -0.642788 -0.714315 -0.276727 -0.642788 -0.704184 -0.301577 -0.642788 -0.710644 -0.286022 -0.642788 -0.714965 -0.275044 -0.642788 -0.717487 -0.268397 -0.642788 -0.718549 -0.265539 -0.642788 -0.718427 -0.265869 -0.642788 -0.733468 -0.221019 -0.642788 -0.742908 -0.186849 -0.642788 -0.745711 -0.175326 -0.642788 -0.755560 -0.126305 -0.642788 -0.755052 -0.129311 -0.642788 -0.755111 -0.128964 -0.642788 -0.756700 -0.119287 -0.642788 -0.760238 -0.094138 -0.642788 -0.758447 -0.107619 -0.642788 -0.760630 -0.090918 -0.642788 -0.763005 -0.068176 -0.642788 -0.764165 -0.053623 -0.642788 -0.765145 -0.037105 -0.642788 -0.766044 -0.000000 -0.642788 -0.765808 -0.019016 -0.642788 -0.766044 -0.000000 -0.642788 -0.765808 0.019016 -0.642788 -0.765145 0.037105 -0.642788 -0.764165 0.053623 -0.642788 -0.760238 0.094138 -0.642788 -0.763005 0.068176 -0.642788 -0.760630 0.090918 -0.642788 -0.758447 0.107619 -0.642788 -0.756700 0.119287 -0.642788 -0.755560 0.126305 -0.642788 -0.755052 0.129311 -0.642788 -0.745711 0.175326 -0.642788 -0.742908 0.186849 -0.642788 -0.755111 0.128964 -0.642788 -0.733468 0.221019 -0.642788 -0.717487 0.268397 -0.642788 -0.714315 0.276727 -0.642788 -0.714965 0.275044 -0.642788 -0.710644 0.286022 -0.642788 -0.718427 0.265869 -0.642788 -0.718549 0.265539 -0.642788 -0.704184 0.301577 -0.642788 -0.694869 0.322460 -0.642788 -0.674894 0.362411 -0.642788 -0.688598 0.335644 -0.642788 -0.681188 0.350439 -0.642788 -0.672718 0.366436 -0.642788 -0.663414 0.383022 -0.642788 -0.653701 0.399373 -0.642788 -0.625243 0.442600 -0.642788 -0.644083 0.414706 -0.642788 -0.634975 0.428522 -0.642788 -0.626693 0.440545 -0.642788 -0.613266 0.459052 -0.642788 -0.603025 0.472425 -0.642788 -0.595678 0.481656 -0.642788 -0.566114 0.516081 -0.642788 -0.591182 0.487163 -0.642788 -0.558142 0.524692 -0.642788 -0.589238 0.489512 -0.642788 -0.589463 0.489241 -0.642788 -0.524692 0.558142 -0.642788 -0.498403 0.581738 -0.642788 -0.489241 0.589463 -0.642788 -0.489512 0.589238 -0.642788 -0.487163 0.591182 -0.642788 -0.481656 0.595678 -0.642788 -0.472425 0.603025 -0.642788 -0.459052 0.613266 -0.642788 -0.423136 0.638576 -0.642788 -0.440545 0.626693 -0.642788 -0.428522 0.634975 -0.642788 -0.414706 0.644083 -0.642788 -0.399373 0.653701 -0.642788 -0.383022 0.663414 -0.642788 -0.341455 0.685735 -0.642788 -0.366436 0.672718 -0.642788 -0.350439 0.681188 -0.642788 -0.335644 0.688598 -0.642788 -0.322460 0.694869 -0.642788 -0.301577 0.704184 -0.642788 -0.254599 0.722498 -0.642788 -0.286022 0.710644 -0.642788 -0.275044 0.714965 -0.642788 -0.268397 0.717487 -0.642788 -0.265539 0.718549 -0.642788 -0.265869 0.718427 -0.642788 -0.221019 0.733468 -0.642788 -0.163882 0.748309 -0.642788 -0.175326 0.745711 -0.642788 -0.129311 0.755052 -0.642788 -0.128964 0.755111 -0.642788 -0.126305 0.755560 -0.642788 -0.119287 0.756700 -0.642788 -0.107619 0.758447 -0.642788 -0.070682 0.762777 -0.642788 -0.090918 0.760630 -0.642788 -0.068176 0.763005 -0.642788 -0.053623 0.764165 -0.642788 -0.037105 0.765145 -0.642788 -0.019016 0.765808 -0.642788 0.023590 0.765681 -0.642788 0.000000 0.766044 -0.642788 0.019016 0.765808 -0.642788 0.037105 0.765145 -0.642788 0.053623 0.764165 -0.642788 0.068176 0.763005 -0.642788 0.117505 0.756979 -0.642788 0.090918 0.760630 -0.642788 0.107619 0.758447 -0.642788 0.119287 0.756700 -0.642788 0.126305 0.755560 -0.642788 0.129311 0.755052 -0.642788 0.128964 0.755111 -0.642788 0.175326 0.745711 -0.642788 0.209638 0.736801 -0.642788 0.221019 0.733468 -0.642788 0.268397 0.717487 -0.642788 0.265539 0.718549 -0.642788 0.265869 0.718427 -0.642788 0.275044 0.714965 -0.642788 0.298593 0.705455 -0.642788 0.286022 0.710644 -0.642788 0.301577 0.704184 -0.642788 0.322460 0.694869 -0.642788 0.335644 0.688598 -0.642788 0.350439 0.681188 -0.642788 0.000000 0.000000 -1.000000 0.000000 0.000000 -1.000000 0.000000 0.000000 -1.000000 0.000000 0.000000 -1.000000 0.000000 0.000000 -1.000000 0.000000 0.000000 -1.000000 0.000000 0.000000 -1.000000 0.000000 0.000000 -1.000000 0.000000 0.000000 -1.000000 0.000000 0.000000 -1.000000 0.000000 0.000000 -1.000000 0.000000 0.000000 -1.000000 0.000000 0.000000 -1.000000 0.000000 0.000000 -1.000000 0.000000 0.000000 -1.000000 0.000000 0.000000 -1.000000 0.000000 0.000000 -1.000000 0.000000 0.000000 -1.000000 0.000000 0.000000 -1.000000 0.000000 0.000000 -1.000000 0.000000 0.000000 -1.000000 0.000000 0.000000 -1.000000 0.000000 0.000000 -1.000000 0.000000 0.000000 -1.000000 0.000000 0.000000 -1.000000 0.000000 0.000000 -1.000000 0.000000 0.000000 -1.000000 0.000000 0.000000 -1.000000 0.000000 0.000000 -1.000000 0.000000 0.000000 -1.000000 0.000000 0.000000 -1.000000 0.000000 0.000000 -1.000000 0.000000 0.000000 -1.000000 0.000000 0.000000 -1.000000 0.000000 0.000000 -1.000000 0.000000 0.000000 -1.000000 0.000000 0.000000 -1.000000 0.000000 0.000000 -1.000000 0.000000 0.000000 -1.000000 0.000000 0.000000 -1.000000 0.000000 0.000000 -1.000000 0.000000 0.000000 -1.000000 0.000000 0.000000 -1.000000 0.000000 0.000000 -1.000000 0.000000 0.000000 -1.000000 0.000000 0.000000 -1.000000 0.000000 0.000000 -1.000000 0.000000 0.000000 -1.000000 0.000000 0.000000 -1.000000 0.000000 0.000000 -1.000000 0.000000 0.000000 -1.000000 0.000000 0.000000 -1.000000 0.000000 0.000000 -1.000000 0.000000 0.000000 -1.000000 0.000000 0.000000 -1.000000 0.000000 0.000000 -1.000000 0.000000 0.000000 -1.000000 0.000000 0.000000 -1.000000 0.000000 0.000000 -1.000000 0.000000 0.000000 -1.000000 0.000000 0.000000 -1.000000 0.000000 0.000000 -1.000000 0.000000 0.000000 -1.000000 0.000000 0.000000 -1.000000 0.000000 0.000000 -1.000000 0.000000 0.000000 -1.000000 0.000000 0.000000 -1.000000 0.000000 0.000000 -1.000000 0.000000 0.000000 -1.000000 0.000000 0.000000 -1.000000 0.000000 0.000000 -1.000000 0.000000 0.000000 -1.000000 0.000000 0.000000 -1.000000 0.000000 0.000000 -1.000000 0.000000 0.000000 -1.000000 0.000000 0.000000 -1.000000 0.000000 0.000000 -1.000000 0.000000 0.000000 -1.000000 0.000000 0.000000 -1.000000 0.000000 0.000000 -1.000000 0.000000 0.000000 -1.000000 0.000000 0.000000 -1.000000 0.000000 0.000000 -1.000000 0.000000 0.000000 -1.000000 0.000000 0.000000 -1.000000 0.000000 0.000000 -1.000000 0.000000 0.000000 -1.000000 0.000000 0.000000 -1.000000 0.000000 0.000000 -1.000000 0.000000 0.000000 -1.000000 0.000000 0.000000 -1.000000 0.000000 0.000000 -1.000000 0.000000 0.000000 -1.000000 0.000000 0.000000 -1.000000 -0.347068 0.937840 -0.000000 -0.347068 0.937840 -0.000000 -0.288520 0.957474 -0.000000 -0.288520 0.957474 -0.000000 -0.228871 0.973457 -0.000000 -0.168350 0.985727 -0.000000 -0.168350 0.985727 -0.000000 -0.228871 0.973457 -0.000000 0.069628 -0.569335 -0.819152 0.069628 -0.569335 -0.819152 0.103568 -0.564149 -0.819152 0.137137 -0.556941 -0.819152 0.170214 -0.547738 -0.819152 0.202682 -0.536572 -0.819152 0.234423 -0.523484 -0.819152 0.265325 -0.508520 -0.819152 0.295275 -0.491734 -0.819152 0.324168 -0.473186 -0.819152 0.351899 -0.452942 -0.819152 0.378370 -0.431076 -0.819152 0.403484 -0.407665 -0.819152 0.427153 -0.382793 -0.819152 0.432764 -0.376437 -0.819152 0.438297 -0.369981 -0.819152 -0.458196 0.345031 -0.819152 -0.422926 0.387457 -0.819152 -0.383744 0.426299 -0.819152 -0.341011 0.461196 -0.819152 -0.295123 0.491826 -0.819152 -0.246504 0.517905 -0.819152 -0.195605 0.539193 -0.819152 -0.142895 0.555492 -0.819152 -0.088864 0.566651 -0.819152 -0.034011 0.572567 -0.819152 0.021158 0.573186 -0.819152 0.076130 0.568502 -0.819152 0.130398 0.558557 -0.819152 0.183460 0.543445 -0.819152 0.234824 0.523305 -0.819152 0.284015 0.498322 -0.819152 0.330579 0.468730 -0.819152 0.374084 0.434800 -0.819152 0.414128 0.396848 -0.819152 0.450340 0.355223 -0.819152 0.482386 0.310312 -0.819152 0.509968 0.262530 -0.819152 0.532832 0.212319 -0.819152 0.550767 0.160144 -0.819152 0.563605 0.106487 -0.819152 0.571229 0.051844 -0.819152 0.573567 -0.003278 -0.819152 0.570599 -0.058370 -0.819152 0.562351 -0.112921 -0.819152 0.548900 -0.166428 -0.819152 0.530371 -0.218395 -0.819152 0.506935 -0.268342 -0.819152 0.478808 -0.315805 -0.819152 0.446251 -0.360347 -0.819152 0.409565 -0.401555 -0.819152 0.369090 -0.439047 -0.819152 0.325200 -0.472477 -0.819152 0.278301 -0.501536 -0.819152 0.228828 -0.525954 -0.819152 0.177237 -0.545506 -0.819152 0.124006 -0.560011 -0.819152 -0.301180 0.488140 -0.819152 -0.308103 0.483800 -0.819152 -0.323696 0.473509 -0.819152 -0.338945 0.462716 -0.819152 -0.353834 0.451433 -0.819152 -0.368348 0.439670 -0.819152 -0.382471 0.427441 -0.819152 -0.396188 0.414759 -0.819152 -0.409485 0.401636 -0.819152 -0.422348 0.388088 -0.819152 -0.434763 0.374127 -0.819152 -0.446716 0.359770 -0.819152 0.000000 0.000000 -1.000000 0.000000 0.000000 -1.000000 0.000000 0.000000 -1.000000 0.000000 0.000000 -1.000000 0.000000 0.000000 -1.000000 0.000000 0.000000 -1.000000 0.000000 0.000000 -1.000000 0.000000 0.000000 -1.000000 0.000000 0.000000 -1.000000 0.000000 0.000000 -1.000000 0.000000 0.000000 -1.000000 0.000000 0.000000 -1.000000 0.000000 0.000000 -1.000000 0.000000 0.000000 -1.000000 0.000000 0.000000 -1.000000 0.000000 0.000000 -1.000000 0.000000 0.000000 -1.000000 0.000000 0.000000 -1.000000 0.000000 0.000000 -1.000000 0.000000 0.000000 -1.000000 0.000000 0.000000 -1.000000 0.000000 0.000000 -1.000000 0.000000 0.000000 -1.000000 0.000000 0.000000 -1.000000 0.000000 0.000000 1.000000 0.000000 0.000000 1.000000 0.000000 0.000000 1.000000 0.000000 0.000000 1.000000 0.000000 0.000000 1.000000 0.000000 0.000000 1.000000 0.000000 0.000000 1.000000 0.000000 0.000000 1.000000 0.000000 0.000000 1.000000 0.000000 0.000000 1.000000 0.000000 0.000000 1.000000 0.000000 0.000000 1.000000 0.000000 0.000000 1.000000 0.000000 0.000000 1.000000 0.000000 0.000000 1.000000 0.000000 0.000000 1.000000 0.000000 0.000000 1.000000 0.000000 0.000000 1.000000 0.000000 0.000000 1.000000 0.000000 0.000000 1.000000 0.000000 0.000000 1.000000 0.000000 0.000000 1.000000 0.000000 0.000000 1.000000 0.000000 0.000000 1.000000 0.000000 0.000000 1.000000 0.000000 0.000000 1.000000 0.000000 0.000000 1.000000 0.000000 0.000000 1.000000 0.000000 0.000000 1.000000 0.000000 0.000000 1.000000 0.000000 0.000000 1.000000 0.000000 0.000000 1.000000 0.000000 0.000000 1.000000 0.000000 0.000000 1.000000 -0.705032 0.707107 -0.054128 -0.707107 0.707107 -0.000000 -0.707107 0.707107 -0.000000 -0.705032 0.707107 0.054128 -0.704872 0.707107 0.056180 -0.698820 0.707107 0.107939 -0.698180 0.707107 0.112004 -0.688507 0.707107 0.161117 -0.687074 0.707107 0.167121 -0.674153 0.707107 0.213349 -0.671624 0.707107 0.221181 -0.655843 0.707107 0.264329 -0.651928 0.707107 0.273842 -0.633685 0.707107 0.313757 -0.628111 0.707107 0.324772 -0.607807 0.707107 0.361345 -0.600322 0.707107 0.373649 -0.578363 0.707107 0.406812 -0.568738 0.707107 0.420164 -0.545525 0.707107 0.449891 -0.533558 0.707107 0.464022 -0.509486 0.707107 0.490331 -0.495004 0.707107 0.504946 -0.470456 0.707107 0.527893 -0.453322 0.707107 0.542678 -0.428666 0.707107 0.562357 -0.408773 0.707107 0.576979 -0.384360 0.707107 0.593521 -0.361639 0.707107 0.607632 -0.337799 0.707107 0.621202 -0.312220 0.707107 0.634444 -0.289255 0.707107 0.645237 -0.260826 0.707107 0.657244 -0.239014 0.707107 0.665487 -0.207784 0.707107 0.675889 -0.187370 0.707107 0.681830 -0.153427 0.707107 0.690261 -0.134627 0.707107 0.694173 -0.098101 0.707107 0.700269 -0.081093 0.707107 0.702441 -0.042154 0.707107 0.705849 -0.027084 0.707107 0.706588 0.014059 0.707107 0.706967 0.027084 0.707107 0.706588 0.070183 0.707107 0.703615 0.081093 0.707107 0.702441 0.125864 0.707107 0.695815 0.134627 0.707107 0.694173 0.180748 0.707107 0.683615 0.187370 0.707107 0.681830 0.234490 0.707107 0.667094 0.239014 0.707107 0.665487 0.286750 0.707107 0.646355 0.289255 0.707107 0.645237 0.337196 0.707107 0.621529 0.337799 0.707107 0.621202 0.384360 0.707107 0.593521 0.385511 0.707107 0.592774 0.428666 0.707107 0.562357 0.431388 0.707107 0.560272 0.470456 0.707107 0.527893 0.474538 0.707107 0.524227 0.509486 0.707107 0.490331 0.514688 0.707107 0.484867 0.545525 0.707107 0.449891 0.551584 0.707107 0.442442 0.578363 0.707107 0.406812 0.584992 0.707107 0.397220 0.607807 0.707107 0.361345 0.614702 0.707107 0.349487 0.633685 0.707107 0.313757 0.640526 0.707107 0.299544 0.655843 0.707107 0.264329 0.662300 0.707107 0.247707 0.674153 0.707107 0.213349 0.679887 0.707107 0.194304 0.688507 0.707107 0.161117 0.693175 0.707107 0.139673 0.698820 0.707107 0.107939 0.702081 0.707107 0.084159 0.705032 0.707107 0.054128 0.706548 0.707107 0.028112 0.707107 0.707107 -0.000000 0.706548 0.707107 -0.028112 0.705032 0.707107 -0.054128 0.702081 0.707107 -0.084159 0.698820 0.707107 -0.107939 0.693175 0.707107 -0.139673 0.688507 0.707107 -0.161117 0.679887 0.707107 -0.194304 0.674153 0.707107 -0.213349 0.662300 0.707107 -0.247707 0.655843 0.707107 -0.264329 0.640526 0.707107 -0.299544 0.633685 0.707107 -0.313757 0.614702 0.707107 -0.349487 0.607807 0.707107 -0.361345 0.584992 0.707107 -0.397220 0.578363 0.707107 -0.406812 0.551584 0.707107 -0.442442 0.545525 0.707107 -0.449891 0.514688 0.707107 -0.484867 0.509486 0.707107 -0.490331 0.474538 0.707107 -0.524227 0.470456 0.707107 -0.527893 0.431388 0.707107 -0.560272 0.428666 0.707107 -0.562357 0.385511 0.707107 -0.592774 0.384360 0.707107 -0.593521 0.337196 0.707107 -0.621529 0.337799 0.707107 -0.621202 0.289255 0.707107 -0.645237 0.286750 0.707107 -0.646355 0.239014 0.707107 -0.665487 0.234490 0.707107 -0.667094 0.187370 0.707107 -0.681830 0.180748 0.707107 -0.683615 0.134627 0.707107 -0.694173 0.125864 0.707107 -0.695815 0.081093 0.707107 -0.702441 0.070183 0.707107 -0.703615 0.027084 0.707107 -0.706588 0.014059 0.707107 -0.706967 -0.027084 0.707107 -0.706588 -0.042154 0.707107 -0.705849 -0.081093 0.707107 -0.702441 -0.098101 0.707107 -0.700269 -0.134627 0.707107 -0.694173 -0.153427 0.707107 -0.690261 -0.187370 0.707107 -0.681830 -0.207784 0.707107 -0.675889 -0.239014 0.707107 -0.665487 -0.260826 0.707107 -0.657244 -0.289255 0.707107 -0.645237 -0.312220 0.707107 -0.634444 -0.337799 0.707107 -0.621202 -0.361639 0.707107 -0.607632 -0.384360 0.707107 -0.593521 -0.408773 0.707107 -0.576979 -0.428666 0.707107 -0.562357 -0.453322 0.707107 -0.542678 -0.470456 0.707107 -0.527893 -0.495004 0.707107 -0.504946 -0.509486 0.707107 -0.490331 -0.533558 0.707107 -0.464022 -0.545525 0.707107 -0.449891 -0.568738 0.707107 -0.420164 -0.578363 0.707107 -0.406812 -0.600322 0.707107 -0.373649 -0.607807 0.707107 -0.361345 -0.628111 0.707107 -0.324772 -0.633685 0.707107 -0.313757 -0.651928 0.707107 -0.273842 -0.655843 0.707107 -0.264329 -0.671624 0.707107 -0.221181 -0.674153 0.707107 -0.213349 -0.687074 0.707107 -0.167121 -0.688507 0.707107 -0.161117 -0.698180 0.707107 -0.112004 -0.698820 0.707107 -0.107939 -0.704872 0.707107 -0.056180 -0.997066 -0.000000 0.076549 -0.997066 -0.000000 0.076549 -1.000000 -0.000000 0.000000 -1.000000 -0.000000 0.000000 -0.997066 0.000000 -0.076549 -0.997066 0.000000 -0.076549 -0.988280 0.000000 -0.152649 -0.988280 0.000000 -0.152649 -0.973695 0.000000 -0.227854 -0.973695 0.000000 -0.227854 -0.953396 0.000000 -0.301721 -0.953396 0.000000 -0.301721 -0.927502 0.000000 -0.373817 -0.927502 0.000000 -0.373817 -0.896166 0.000000 -0.443720 -0.896166 0.000000 -0.443720 -0.859570 0.000000 -0.511019 -0.859570 0.000000 -0.511019 -0.817929 0.000000 -0.575319 -0.817929 0.000000 -0.575319 -0.771489 0.000000 -0.636242 -0.771489 0.000000 -0.636242 -0.720522 0.000000 -0.693433 -0.720522 0.000000 -0.693433 -0.665326 0.000000 -0.746553 -0.665326 0.000000 -0.746553 -0.606225 0.000000 -0.795293 -0.606225 0.000000 -0.795293 -0.543568 0.000000 -0.839365 -0.543568 0.000000 -0.839365 -0.477720 0.000000 -0.878512 -0.477720 0.000000 -0.878512 -0.409069 0.000000 -0.912504 -0.409069 0.000000 -0.912504 -0.338017 0.000000 -0.941140 -0.338017 0.000000 -0.941140 -0.264982 0.000000 -0.964253 -0.264982 0.000000 -0.964253 -0.190391 0.000000 -0.981708 -0.190391 0.000000 -0.981708 -0.114683 0.000000 -0.993402 -0.114683 0.000000 -0.993402 -0.038303 0.000000 -0.999266 -0.038303 0.000000 -0.999266 0.038303 -0.000000 -0.999266 0.038303 -0.000000 -0.999266 0.114683 -0.000000 -0.993402 0.114683 -0.000000 -0.993402 0.190391 -0.000000 -0.981708 0.190391 -0.000000 -0.981708 0.264982 -0.000000 -0.964253 0.264982 -0.000000 -0.964253 0.338017 -0.000000 -0.941140 0.338017 -0.000000 -0.941140 0.409069 -0.000000 -0.912504 0.409069 -0.000000 -0.912504 0.477720 -0.000000 -0.878512 0.477720 -0.000000 -0.878512 0.543568 -0.000000 -0.839365 0.543568 -0.000000 -0.839365 0.606225 -0.000000 -0.795293 0.606225 -0.000000 -0.795293 0.665326 -0.000000 -0.746553 0.665326 -0.000000 -0.746553 0.720522 -0.000000 -0.693433 0.720522 -0.000000 -0.693433 0.771489 -0.000000 -0.636242 0.771489 -0.000000 -0.636242 0.817929 -0.000000 -0.575319 0.817929 -0.000000 -0.575319 0.859570 -0.000000 -0.511019 0.859570 -0.000000 -0.511019 0.896166 -0.000000 -0.443720 0.896166 -0.000000 -0.443720 0.927502 -0.000000 -0.373817 0.927502 -0.000000 -0.373817 0.953396 -0.000000 -0.301721 0.953396 -0.000000 -0.301721 0.973695 -0.000000 -0.227854 0.973695 -0.000000 -0.227854 0.988280 -0.000000 -0.152649 0.988280 -0.000000 -0.152649 0.997066 -0.000000 -0.076549 0.997066 -0.000000 -0.076549 1.000000 -0.000000 -0.000000 1.000000 -0.000000 -0.000000 0.997066 -0.000000 0.076549 0.997066 -0.000000 0.076549 0.988280 -0.000000 0.152649 0.988280 -0.000000 0.152649 0.973695 -0.000000 0.227854 0.973695 -0.000000 0.227854 0.953396 -0.000000 0.301721 0.953396 -0.000000 0.301721 0.927502 -0.000000 0.373817 0.927502 -0.000000 0.373817 0.896166 -0.000000 0.443720 0.896166 -0.000000 0.443720 0.859570 -0.000000 0.511019 0.859570 -0.000000 0.511019 0.817929 -0.000000 0.575319 0.817929 -0.000000 0.575319 0.771489 -0.000000 0.636242 0.771489 -0.000000 0.636242 0.720522 -0.000000 0.693433 0.720522 -0.000000 0.693433 0.665326 -0.000000 0.746553 0.665326 -0.000000 0.746553 0.606225 -0.000000 0.795293 0.606225 -0.000000 0.795293 0.543568 -0.000000 0.839365 0.543568 -0.000000 0.839365 0.477720 -0.000000 0.878512 0.477720 -0.000000 0.878512 0.409069 -0.000000 0.912504 0.409069 -0.000000 0.912504 0.338017 -0.000000 0.941140 0.338017 -0.000000 0.941140 0.264982 -0.000000 0.964253 0.264982 -0.000000 0.964253 0.190391 -0.000000 0.981708 0.190391 -0.000000 0.981708 0.114683 -0.000000 0.993402 0.114683 -0.000000 0.993402 0.038303 -0.000000 0.999266 0.038303 -0.000000 0.999266 -0.038303 -0.000000 0.999266 -0.038303 -0.000000 0.999266 -0.114683 -0.000000 0.993402 -0.114683 -0.000000 0.993402 -0.190391 -0.000000 0.981708 -0.190391 -0.000000 0.981708 -0.264982 -0.000000 0.964253 -0.264982 -0.000000 0.964253 -0.338017 -0.000000 0.941140 -0.338017 -0.000000 0.941140 -0.409069 -0.000000 0.912504 -0.409069 -0.000000 0.912504 -0.477720 -0.000000 0.878512 -0.477720 -0.000000 0.878512 -0.543568 -0.000000 0.839365 -0.543568 -0.000000 0.839365 -0.606225 -0.000000 0.795293 -0.606225 -0.000000 0.795293 -0.665326 -0.000000 0.746553 -0.665326 -0.000000 0.746553 -0.720522 -0.000000 0.693433 -0.720522 -0.000000 0.693433 -0.771489 -0.000000 0.636242 -0.771489 -0.000000 0.636242 -0.817929 -0.000000 0.575319 -0.817929 -0.000000 0.575319 -0.859570 -0.000000 0.511019 -0.859570 -0.000000 0.511019 -0.896166 -0.000000 0.443720 -0.896166 -0.000000 0.443720 -0.927502 -0.000000 0.373817 -0.927502 -0.000000 0.373817 -0.953396 -0.000000 0.301721 -0.953396 -0.000000 0.301721 -0.973695 -0.000000 0.227854 -0.973695 -0.000000 0.227854 -0.988280 -0.000000 0.152649 -0.988280 -0.000000 0.152649 0.000000 1.000000 0.000000 0.000000 1.000000 0.000000 0.000000 1.000000 0.000000 0.000000 1.000000 0.000000 0.000000 1.000000 0.000000 0.000000 1.000000 0.000000 0.000000 1.000000 0.000000 0.000000 1.000000 0.000000 0.000000 1.000000 0.000000 0.000000 1.000000 0.000000 0.000000 1.000000 0.000000 0.000000 1.000000 0.000000 0.000000 1.000000 0.000000 0.000000 1.000000 0.000000 0.000000 1.000000 0.000000 0.000000 1.000000 0.000000 0.000000 1.000000 0.000000 0.000000 1.000000 0.000000 0.000000 1.000000 0.000000 0.000000 1.000000 0.000000 0.000000 1.000000 0.000000 0.000000 1.000000 0.000000 0.000000 1.000000 0.000000 0.000000 1.000000 0.000000 0.000000 1.000000 0.000000 0.000000 1.000000 0.000000 0.000000 1.000000 0.000000 0.000000 1.000000 0.000000 0.000000 1.000000 0.000000 0.000000 1.000000 0.000000 0.000000 1.000000 0.000000 0.000000 1.000000 0.000000 0.000000 1.000000 0.000000 0.000000 1.000000 0.000000 0.000000 1.000000 0.000000 0.000000 1.000000 0.000000 0.000000 1.000000 0.000000 0.000000 1.000000 0.000000 0.000000 1.000000 0.000000 0.000000 1.000000 0.000000 0.000000 1.000000 0.000000 0.000000 1.000000 0.000000 0.000000 1.000000 0.000000 0.000000 1.000000 0.000000 0.000000 1.000000 0.000000 0.000000 1.000000 0.000000 0.000000 1.000000 0.000000 0.000000 1.000000 0.000000 0.000000 1.000000 0.000000 0.000000 1.000000 0.000000 0.000000 1.000000 0.000000 0.000000 1.000000 0.000000 0.000000 1.000000 0.000000 0.000000 1.000000 0.000000 0.000000 1.000000 0.000000 0.000000 1.000000 0.000000 0.000000 1.000000 0.000000 0.000000 1.000000 0.000000 0.000000 1.000000 0.000000 0.000000 1.000000 0.000000 0.000000 1.000000 0.000000 0.000000 1.000000 0.000000 0.000000 1.000000 0.000000 0.000000 1.000000 0.000000 0.000000 1.000000 0.000000 0.000000 1.000000 0.000000 0.000000 1.000000 0.000000 0.000000 1.000000 0.000000 0.000000 1.000000 0.000000 0.000000 1.000000 0.000000 0.000000 1.000000 0.000000 0.000000 1.000000 0.000000 0.000000 1.000000 0.000000 0.000000 1.000000 0.000000 0.000000 1.000000 0.000000 0.000000 1.000000 0.000000 0.000000 1.000000 0.000000 0.000000 1.000000 0.000000 0.000000 1.000000 0.000000 0.000000 1.000000 0.000000 0.000000 1.000000 0.000000 0.000000 1.000000 0.000000 0.000000 1.000000 0.000000 0.000000 1.000000 0.000000 0.000000 1.000000 0.000000 0.000000 1.000000 0.000000 0.000000 1.000000 0.000000 0.000000 1.000000 0.000000 0.000000 1.000000 0.000000 0.000000 1.000000 0.000000 0.000000 1.000000 0.000000 0.000000 1.000000 0.000000 0.000000 1.000000 0.000000 0.000000 1.000000 0.000000 0.000000 1.000000 0.000000 0.000000 1.000000 0.000000 0.000000 1.000000 0.000000 0.000000 1.000000 0.000000 0.000000 1.000000 0.000000 0.000000 1.000000 0.000000 0.000000 1.000000 0.000000 0.000000 1.000000 0.000000 0.000000 1.000000 0.000000 0.000000 1.000000 0.000000 0.000000 1.000000 0.000000 0.000000 1.000000 0.000000 0.000000 1.000000 0.000000 -0.000000 -1.000000 -0.000000 -0.000000 -1.000000 -0.000000 -0.000000 -1.000000 -0.000000 -0.000000 -1.000000 -0.000000 -0.000000 -1.000000 -0.000000 -0.000000 -1.000000 -0.000000 -0.000000 -1.000000 -0.000000 -0.000000 -1.000000 -0.000000 -0.000000 -1.000000 -0.000000 -0.000000 -1.000000 -0.000000 -0.000000 -1.000000 -0.000000 -0.000000 -1.000000 -0.000000 -0.000000 -1.000000 -0.000000 -0.000000 -1.000000 -0.000000 -0.000000 -1.000000 -0.000000 -0.000000 -1.000000 -0.000000 -0.000000 -1.000000 -0.000000 -0.000000 -1.000000 -0.000000 -0.000000 -1.000000 -0.000000 -0.000000 -1.000000 -0.000000 -0.000000 -1.000000 -0.000000 -0.000000 -1.000000 -0.000000 -0.000000 -1.000000 -0.000000 -0.000000 -1.000000 -0.000000 -0.000000 -1.000000 -0.000000 -0.000000 -1.000000 -0.000000 -0.000000 -1.000000 -0.000000 -0.000000 -1.000000 -0.000000 -0.000000 -1.000000 -0.000000 -0.000000 -1.000000 -0.000000 -0.000000 -1.000000 -0.000000 -0.000000 -1.000000 -0.000000 -0.000000 -1.000000 -0.000000 -0.000000 -1.000000 -0.000000 -0.000000 -1.000000 -0.000000 -0.000000 -1.000000 -0.000000 -0.000000 -1.000000 -0.000000 -0.000000 -1.000000 -0.000000 -0.000000 -1.000000 -0.000000 -0.000000 -1.000000 -0.000000 -0.000000 -1.000000 -0.000000 -0.000000 -1.000000 -0.000000 -0.000000 -1.000000 -0.000000 -0.000000 -1.000000 -0.000000 -0.000000 -1.000000 -0.000000 -0.000000 -1.000000 -0.000000 -0.000000 -1.000000 -0.000000 -0.000000 -1.000000 -0.000000 -0.000000 -1.000000 -0.000000 -0.000000 -1.000000 -0.000000 -0.000000 -1.000000 -0.000000 -0.000000 -1.000000 -0.000000 -0.000000 -1.000000 -0.000000 -0.000000 -1.000000 -0.000000 -0.000000 -1.000000 -0.000000 -0.000000 -1.000000 -0.000000 -0.000000 -1.000000 -0.000000 -0.000000 -1.000000 -0.000000 -0.000000 -1.000000 -0.000000 -0.000000 -1.000000 -0.000000 -0.000000 -1.000000 -0.000000 -0.000000 -1.000000 -0.000000 -0.000000 -1.000000 -0.000000 -0.000000 -1.000000 -0.000000 -0.000000 -1.000000 -0.000000 -0.000000 -1.000000 -0.000000 -0.000000 -1.000000 -0.000000 -0.000000 -1.000000 -0.000000 -0.000000 -1.000000 -0.000000 -0.000000 -1.000000 -0.000000 -0.000000 -1.000000 -0.000000 -0.000000 -1.000000 -0.000000 -0.000000 -1.000000 -0.000000 -0.000000 -1.000000 -0.000000 -0.000000 -1.000000 -0.000000 -0.000000 -1.000000 -0.000000 -0.000000 -1.000000 -0.000000 -0.000000 -1.000000 -0.000000 -0.000000 -1.000000 -0.000000 -0.000000 -1.000000 -0.000000 -0.000000 -1.000000 -0.000000 -0.000000 -1.000000 -0.000000 -0.000000 -1.000000 -0.000000 -0.000000 -1.000000 -0.000000 -0.000000 -1.000000 -0.000000 -0.000000 -1.000000 -0.000000 -0.000000 -1.000000 -0.000000 -0.000000 -1.000000 -0.000000 -0.000000 -1.000000 -0.000000 -0.000000 -1.000000 -0.000000 -0.000000 -1.000000 -0.000000 -0.000000 -1.000000 -0.000000 -0.000000 -1.000000 -0.000000 -0.000000 -1.000000 -0.000000 -0.000000 -1.000000 -0.000000 -0.000000 -1.000000 -0.000000 -0.000000 -1.000000 -0.000000 -0.000000 -1.000000 -0.000000 -0.000000 -1.000000 -0.000000 -0.000000 -1.000000 -0.000000 -0.000000 -1.000000 -0.000000 -0.000000 -1.000000 -0.000000 -0.000000 -1.000000 -0.000000 -0.000000 -1.000000 -0.000000 -0.000000 -1.000000 -0.000000 -0.000000 -1.000000 -0.000000 -0.000000 -1.000000 -0.000000 -0.000000 -1.000000 -0.000000 -0.000000 -1.000000 -0.000000 -0.000000 -1.000000 -0.000000 -0.000000 -1.000000 -0.000000 -0.000000 -1.000000 -0.000000 -0.000000 -1.000000 -0.000000 -0.000000 -1.000000 -0.000000 -0.000000 -1.000000 -0.000000 -0.000000 -1.000000 -0.000000</float_array>
          <technique_common>
            <accessor source="#JAW-mesh-normals-array" count="6479" stride="3">
              <param name="X" type="float"/>
              <param name="Y" type="float"/>
              <param name="Z" type="float"/>
            </accessor>
          </technique_common>
        </source>
        <vertices id="JAW-mesh-vertices">
          <input semantic="POSITION" source="#JAW-mesh-positions"/>
        </vertices>
        <triangles material="ABS__White_" count="7258">
          <input semantic="VERTEX" source="#JAW-mesh-vertices" offset="0"/>
          <input semantic="NORMAL" source="#JAW-mesh-normals" offset="1"/>
          <p>1 0 67 1 0 2 0 2 67 1 34 3 0 2 34 3 33 4 33 4 34 3 35 5 33 4 35 5 32 6 32 6 35 5 36 7 32 6 36 7 31 8 31 8 36 7 37 9 31 8 37 9 30 10 30 10 37 9 38 11 30 10 38 11 29 12 29 12 38 11 39 13 29 12 39 13 28 14 28 14 39 13 40 15 28 14 40 15 27 16 27 16 40 15 41 17 27 16 41 17 26 18 26 18 41 17 42 19 26 18 42 19 25 20 25 20 42 19 43 21 25 20 43 21 24 22 24 22 43 21 44 23 24 22 44 23 23 24 23 24 44 23 45 25 23 24 45 25 22 26 22 26 45 25 46 27 22 26 46 27 21 28 21 28 46 27 47 29 21 28 47 29 20 30 20 30 47 29 48 31 20 30 48 31 19 32 19 32 48 31 49 33 19 32 49 33 18 34 18 34 49 33 50 35 18 34 50 35 17 36 17 36 50 35 51 37 17 36 51 37 16 38 16 38 51 37 52 39 16 38 52 39 15 40 15 40 52 39 53 41 15 40 53 41 14 42 14 42 53 41 54 43 14 42 54 43 13 44 13 44 54 43 55 45 13 44 55 45 12 46 12 46 55 45 56 47 12 46 56 47 11 48 11 48 56 47 57 49 11 48 57 49 10 50 10 50 57 49 58 51 10 50 58 51 9 52 9 52 58 51 59 53 9 52 59 53 8 54 8 54 59 53 60 55 8 54 60 55 7 56 7 56 60 55 61 57 7 56 61 57 6 58 6 58 61 57 62 59 6 58 62 59 5 60 5 60 62 59 63 61 5 60 63 61 4 62 4 62 63 61 64 63 4 62 64 63 3 64 3 64 64 63 65 65 3 64 65 65 2 66 2 66 65 65 66 67 2 66 66 67 1 0 1 0 66 67 67 1 33 68 18 69 0 70 0 70 18 69 17 71 0 70 17 71 1 72 1 72 17 71 16 73 1 72 16 73 2 74 2 74 16 73 15 75 2 74 15 75 3 76 3 76 15 75 14 77 3 76 14 77 4 78 4 78 14 77 13 79 4 78 13 79 5 80 5 80 13 79 12 81 5 80 12 81 6 82 6 82 12 81 11 83 6 82 11 83 7 84 7 84 11 83 10 85 7 84 10 85 8 86 8 86 10 85 9 87 18 69 33 68 19 88 19 88 33 68 32 89 19 88 32 89 20 90 20 90 32 89 31 91 20 90 31 91 21 92 21 92 31 91 30 93 21 92 30 93 22 94 22 94 30 93 29 95 22 94 29 95 23 96 23 96 29 95 28 97 23 96 28 97 24 98 24 98 28 97 27 99 24 98 27 99 25 100 25 100 27 99 26 101 68 102 69 103 87 104 87 104 69 103 86 105 86 105 69 103 70 106 86 105 70 106 71 107 71 107 72 108 86 105 86 105 72 108 85 109 85 109 72 108 73 110 85 109 73 110 74 111 85 109 74 111 84 112 84 112 74 111 75 113 84 112 75 113 83 114 83 114 75 113 76 115 83 114 76 115 77 116 83 114 77 116 82 117 82 117 77 116 78 118 82 117 78 118 79 119 80 120 81 121 79 119 79 119 81 121 82 117 68 102 87 104 102 122 102 122 87 104 101 123 101 123 87 104 100 124 100 124 87 104 99 125 99 125 87 104 88 126 99 125 88 126 98 127 98 127 88 126 97 128 97 128 88 126 96 129 96 129 88 126 95 130 95 130 88 126 94 131 94 131 88 126 93 132 93 132 88 126 89 133 93 132 89 133 92 134 92 134 89 133 91 135 91 135 89 133 90 136 119 137 103 138 120 139 120 139 103 138 104 140 120 139 104 140 122 141 122 141 104 140 105 142 122 141 105 142 126 143 126 143 105 142 106 144 126 143 106 144 131 145 131 145 106 144 107 146 131 145 107 146 136 147 136 147 107 146 108 148 136 147 108 148 140 149 140 149 108 148 89 133 140 149 89 133 109 150 140 149 109 150 141 151 141 151 109 150 110 152 141 151 110 152 137 153 137 153 110 152 138 154 137 153 138 154 132 155 132 155 138 154 133 156 132 155 133 156 127 157 127 157 133 156 128 158 127 157 128 158 123 159 123 159 128 158 124 160 123 159 124 160 118 161 118 161 124 160 117 162 117 162 124 160 125 163 117 162 125 163 116 164 116 164 125 163 129 165 116 164 129 165 130 166 130 166 129 165 135 167 130 166 135 167 114 168 114 168 135 167 113 169 113 169 135 167 112 170 112 170 135 167 134 171 112 170 134 171 139 172 139 172 134 171 133 156 139 172 133 156 138 154 110 152 111 173 138 154 138 154 111 173 139 172 111 173 112 170 139 172 114 168 115 174 130 166 130 166 115 174 116 164 123 159 118 161 121 175 121 175 118 161 119 137 121 175 119 137 120 139 123 159 121 175 120 139 127 157 123 159 122 141 122 141 123 159 120 139 129 165 125 163 124 160 129 165 124 160 128 158 132 155 127 157 126 143 126 143 127 157 122 141 133 156 134 171 128 158 128 158 134 171 129 165 134 171 135 167 129 165 137 153 132 155 131 145 131 145 132 155 126 143 141 151 137 153 136 147 136 147 137 153 131 145 140 149 141 151 136 147 89 133 88 126 148 176 148 176 88 126 142 177 148 176 142 177 149 178 149 178 142 177 143 179 149 178 143 179 150 180 150 180 143 179 144 181 150 180 144 181 151 182 151 182 144 181 145 183 151 182 145 183 152 184 152 184 145 183 146 185 152 184 146 185 147 186 147 186 114 168 152 184 152 184 114 168 113 169 152 184 113 169 151 182 151 182 113 169 112 170 151 182 112 170 150 180 150 180 112 170 111 173 150 180 111 173 149 178 149 178 111 173 110 152 149 178 110 152 148 176 148 176 110 152 109 150 148 176 109 150 89 133 170 187 153 188 172 189 172 189 153 188 154 190 172 189 154 190 171 191 171 191 154 190 155 192 171 191 155 192 175 193 175 193 155 192 174 194 175 193 174 194 180 195 180 195 174 194 179 196 180 195 179 196 185 197 185 197 179 196 184 198 185 197 184 198 189 199 189 199 184 198 188 200 189 199 188 200 163 201 163 201 188 200 162 202 162 202 188 200 187 203 162 202 187 203 161 204 161 204 187 203 183 205 161 204 183 205 182 206 182 206 183 205 177 207 182 206 177 207 159 208 159 208 177 207 158 209 158 209 177 207 157 210 157 210 177 207 178 211 157 210 178 211 173 212 173 212 178 211 179 196 173 212 179 196 174 194 155 192 156 213 174 194 174 194 156 213 173 212 156 213 157 210 173 212 159 208 160 214 182 206 182 206 160 214 161 204 189 199 163 201 191 215 191 215 163 201 164 216 191 215 164 216 192 217 192 217 164 216 165 218 192 217 165 218 166 219 192 217 166 219 190 220 190 220 166 219 167 221 190 220 167 221 186 222 186 222 167 221 168 223 186 222 168 223 181 224 181 224 168 223 169 225 181 224 169 225 176 226 176 226 169 225 170 187 176 226 170 187 172 189 176 226 172 189 171 191 181 224 176 226 175 193 175 193 176 226 171 191 181 224 175 193 180 195 184 198 179 196 178 211 184 198 178 211 183 205 183 205 178 211 177 207 186 222 181 224 180 195 186 222 180 195 185 197 188 200 184 198 183 205 187 203 188 200 183 205 190 220 186 222 185 197 190 220 185 197 189 199 192 217 190 220 189 199 191 215 192 217 189 199 159 208 193 227 200 228 200 228 193 227 194 229 200 228 194 229 201 230 201 230 194 229 195 231 201 230 195 231 202 232 202 232 195 231 196 233 202 232 196 233 203 234 203 234 196 233 197 235 203 234 197 235 204 236 204 236 197 235 198 237 204 236 198 237 199 238 199 238 165 218 204 236 204 236 165 218 164 216 204 236 164 216 203 234 203 234 164 216 163 201 203 234 163 201 202 232 202 232 163 201 162 202 202 232 162 202 201 230 201 230 162 202 161 204 201 230 161 204 200 228 200 228 161 204 160 214 200 228 160 214 159 208 205 239 153 188 214 240 214 240 153 188 215 241 214 240 215 241 213 242 213 242 215 241 216 243 213 242 216 243 212 244 212 244 216 243 217 245 212 244 217 245 211 246 211 246 217 245 210 247 210 247 217 245 218 248 210 247 218 248 209 249 209 249 218 248 219 250 209 249 219 250 208 251 208 251 219 250 207 252 207 252 219 250 165 218 207 252 165 218 206 253 153 188 170 187 215 241 215 241 170 187 216 243 170 187 169 225 216 243 216 243 169 225 217 245 169 225 168 223 217 245 217 245 168 223 218 248 168 223 167 221 218 248 218 248 167 221 219 250 167 221 166 219 219 250 219 250 166 219 165 218 114 168 159 208 220 254 220 254 159 208 158 209 220 254 158 209 221 255 221 255 158 209 157 210 221 255 157 210 222 256 222 256 157 210 156 213 222 256 156 213 223 257 223 257 156 213 155 192 223 257 155 192 224 258 224 258 155 192 154 190 224 258 154 190 153 188 153 188 103 138 224 258 224 258 103 138 119 137 224 258 119 137 223 257 223 257 119 137 118 161 223 257 118 161 222 256 222 256 118 161 117 162 222 256 117 162 221 255 221 255 117 162 116 164 221 255 116 164 220 254 220 254 116 164 115 174 220 254 115 174 114 168 263 259 225 260 264 261 264 261 225 260 226 262 264 261 226 262 269 263 269 263 226 262 227 264 269 263 227 264 274 265 274 265 227 264 228 266 274 265 228 266 279 267 279 267 228 266 229 268 279 267 229 268 284 269 284 269 229 268 230 270 284 269 230 270 289 271 289 271 230 270 231 272 289 271 231 272 294 273 294 273 231 272 232 274 294 273 232 274 299 275 299 275 232 274 233 276 299 275 233 276 304 277 304 277 233 276 234 278 304 277 234 278 309 279 309 279 234 278 235 280 309 279 235 280 314 281 314 281 235 280 236 282 314 281 236 282 238 283 238 283 236 282 237 284 238 283 239 285 314 281 314 281 239 285 315 286 314 281 315 286 309 279 309 279 315 286 310 287 309 279 310 287 304 277 304 277 310 287 305 288 304 277 305 288 299 275 299 275 305 288 300 289 299 275 300 289 294 273 294 273 300 289 295 290 294 273 295 290 289 271 289 271 295 290 290 291 289 271 290 291 284 269 284 269 290 291 285 292 284 269 285 292 279 267 279 267 285 292 280 293 279 267 280 293 274 265 274 265 280 293 275 294 274 265 275 294 269 263 269 263 275 294 270 295 269 263 270 295 264 261 264 261 270 295 265 296 264 261 265 296 263 259 263 259 265 296 262 297 262 297 265 296 261 298 261 298 265 296 266 299 261 298 266 299 260 300 260 300 266 299 267 301 260 300 267 301 259 302 259 302 267 301 258 303 258 303 267 301 268 304 258 303 268 304 257 305 257 305 268 304 254 306 257 305 254 306 256 307 256 307 254 306 255 308 239 285 240 309 315 286 315 286 240 309 316 310 315 286 316 310 310 287 310 287 316 310 311 311 310 287 311 311 305 288 305 288 311 311 306 312 305 288 306 312 300 289 300 289 306 312 301 313 300 289 301 313 295 290 295 290 301 313 296 314 295 290 296 314 290 291 290 291 296 314 291 315 290 291 291 315 285 292 285 292 291 315 286 316 285 292 286 316 280 293 280 293 286 316 281 317 280 293 281 317 275 294 275 294 281 317 276 318 275 294 276 318 270 295 270 295 276 318 271 319 270 295 271 319 265 296 265 296 271 319 266 299 240 309 241 320 316 310 316 310 241 320 317 321 316 310 317 321 311 311 311 311 317 321 312 322 311 311 312 322 306 312 306 312 312 322 307 323 306 312 307 323 301 313 301 313 307 323 302 324 301 313 302 324 296 314 296 314 302 324 297 325 296 314 297 325 291 315 291 315 297 325 292 326 291 315 292 326 286 316 286 316 292 326 287 327 286 316 287 327 281 317 281 317 287 327 282 328 281 317 282 328 276 318 276 318 282 328 277 329 276 318 277 329 271 319 271 319 277 329 272 330 271 319 272 330 266 299 266 299 272 330 267 301 241 320 242 331 317 321 317 321 242 331 318 332 317 321 318 332 312 322 312 322 318 332 313 333 312 322 313 333 307 323 307 323 313 333 308 334 307 323 308 334 302 324 302 324 308 334 303 335 302 324 303 335 297 325 297 325 303 335 298 336 297 325 298 336 292 326 292 326 298 336 293 337 292 326 293 337 287 327 287 327 293 337 288 338 287 327 288 338 282 328 282 328 288 338 283 339 282 328 283 339 277 329 277 329 283 339 278 340 277 329 278 340 272 330 272 330 278 340 273 341 272 330 273 341 267 301 267 301 273 341 268 304 242 331 243 342 318 332 318 332 243 342 244 343 318 332 244 343 313 333 313 333 244 343 245 344 313 333 245 344 308 334 308 334 245 344 246 345 308 334 246 345 303 335 303 335 246 345 247 346 303 335 247 346 298 336 298 336 247 346 248 347 298 336 248 347 293 337 293 337 248 347 249 348 293 337 249 348 288 338 288 338 249 348 250 349 288 338 250 349 283 339 283 339 250 349 251 350 283 339 251 350 278 340 278 340 251 350 252 351 278 340 252 351 273 341 273 341 252 351 253 352 273 341 253 352 268 304 268 304 253 352 254 306 319 353 320 354 412 355 412 355 320 354 417 356 412 355 417 356 411 357 411 357 417 356 422 358 411 357 422 358 410 359 410 359 422 358 427 360 410 359 427 360 409 361 409 361 427 360 432 362 409 361 432 362 408 363 408 363 432 362 437 364 408 363 437 364 407 365 407 365 437 364 442 366 407 365 442 366 406 367 406 367 442 366 447 368 406 367 447 368 405 369 405 369 447 368 452 370 405 369 452 370 404 371 404 371 452 370 457 372 404 371 457 372 403 373 403 373 457 372 462 374 403 373 462 374 402 375 402 375 462 374 467 376 402 375 467 376 401 377 401 377 467 376 472 378 401 377 472 378 400 379 400 379 472 378 477 380 400 379 477 380 399 381 399 381 477 380 482 382 399 381 482 382 398 383 398 383 482 382 487 384 398 383 487 384 397 385 397 385 487 384 492 386 397 385 492 386 396 387 396 387 492 386 497 388 396 387 497 388 395 389 395 389 497 388 502 390 395 389 502 390 394 391 394 391 502 390 507 392 394 391 507 392 393 393 393 393 507 392 512 394 393 393 512 394 392 395 392 395 512 394 517 396 392 395 517 396 391 397 391 397 517 396 522 398 391 397 522 398 390 399 390 399 522 398 527 400 390 399 527 400 389 401 389 401 527 400 532 402 389 401 532 402 388 403 388 403 532 402 537 404 388 403 537 404 387 405 387 405 537 404 542 406 387 405 542 406 386 407 386 407 542 406 547 408 386 407 547 408 385 409 385 409 547 408 552 410 385 409 552 410 384 411 384 411 552 410 557 412 384 411 557 412 383 413 383 413 557 412 562 414 383 413 562 414 382 415 382 415 562 414 567 416 382 415 567 416 381 417 381 417 567 416 572 418 381 417 572 418 380 419 380 419 572 418 577 420 380 419 577 420 379 421 379 421 577 420 582 422 379 421 582 422 378 423 378 423 582 422 587 424 378 423 587 424 377 425 377 425 587 424 592 426 377 425 592 426 376 427 376 427 592 426 597 428 376 427 597 428 375 429 375 429 597 428 602 430 375 429 602 430 374 431 374 431 602 430 607 432 374 431 607 432 373 433 373 433 607 432 612 434 373 433 612 434 372 435 372 435 612 434 617 436 372 435 617 436 371 437 371 437 617 436 622 438 371 437 622 438 370 439 370 439 622 438 627 440 370 439 627 440 369 441 369 441 627 440 632 442 369 441 632 442 237 284 237 284 632 442 238 443 238 443 632 442 631 444 238 443 631 444 239 445 239 445 631 444 630 446 239 445 630 446 240 447 240 447 630 446 629 448 240 447 629 448 241 449 241 449 629 448 628 450 241 449 628 450 242 451 242 451 628 450 243 452 243 452 628 450 368 453 368 453 628 450 623 454 368 453 623 454 367 455 367 455 623 454 618 456 367 455 618 456 366 457 366 457 618 456 613 458 366 457 613 458 365 459 365 459 613 458 608 460 365 459 608 460 364 461 364 461 608 460 603 462 364 461 603 462 363 463 363 463 603 462 598 464 363 463 598 464 362 465 362 465 598 464 593 466 362 465 593 466 361 467 361 467 593 466 588 468 361 467 588 468 360 469 360 469 588 468 583 470 360 469 583 470 359 471 359 471 583 470 578 472 359 471 578 472 358 473 358 473 578 472 573 474 358 473 573 474 357 475 357 475 573 474 568 476 357 475 568 476 356 477 356 477 568 476 563 478 356 477 563 478 355 479 355 479 563 478 558 480 355 479 558 480 354 481 354 481 558 480 553 482 354 481 553 482 353 483 353 483 553 482 548 484 353 483 548 484 352 485 352 485 548 484 543 486 352 485 543 486 351 487 351 487 543 486 538 488 351 487 538 488 350 489 350 489 538 488 533 490 350 489 533 490 349 491 349 491 533 490 528 492 349 491 528 492 348 493 348 493 528 492 523 494 348 493 523 494 347 495 347 495 523 494 518 496 347 495 518 496 346 497 346 497 518 496 513 498 346 497 513 498 345 499 345 499 513 498 508 500 345 499 508 500 344 501 344 501 508 500 503 502 344 501 503 502 343 503 343 503 503 502 498 504 343 503 498 504 342 505 342 505 498 504 493 506 342 505 493 506 341 507 341 507 493 506 488 508 341 507 488 508 340 509 340 509 488 508 483 510 340 509 483 510 339 511 339 511 483 510 478 512 339 511 478 512 338 513 338 513 478 512 473 514 338 513 473 514 337 515 337 515 473 514 468 516 337 515 468 516 336 517 336 517 468 516 463 518 336 517 463 518 335 519 335 519 463 518 458 520 335 519 458 520 334 521 334 521 458 520 453 522 334 521 453 522 333 523 333 523 453 522 448 524 333 523 448 524 332 525 332 525 448 524 443 526 332 525 443 526 331 527 331 527 443 526 438 528 331 527 438 528 330 529 330 529 438 528 433 530 330 529 433 530 329 531 329 531 433 530 428 532 329 531 428 532 328 533 328 533 428 532 423 534 328 533 423 534 327 535 327 535 423 534 418 536 327 535 418 536 326 537 326 537 418 536 413 538 326 537 413 538 325 539 325 539 413 538 324 540 324 540 413 538 414 541 324 540 414 541 323 542 323 542 414 541 415 543 323 542 415 543 322 544 322 544 415 543 416 545 322 544 416 545 321 546 321 546 416 545 417 356 321 546 417 356 320 354 414 541 413 538 419 547 419 547 413 538 418 536 419 547 418 536 424 548 424 548 418 536 423 534 424 548 423 534 429 549 429 549 423 534 428 532 429 549 428 532 434 550 434 550 428 532 433 530 434 550 433 530 439 551 439 551 433 530 438 528 439 551 438 528 444 552 444 552 438 528 443 526 444 552 443 526 449 553 449 553 443 526 448 524 449 553 448 524 454 554 454 554 448 524 453 522 454 554 453 522 459 555 459 555 453 522 458 520 459 555 458 520 464 556 464 556 458 520 463 518 464 556 463 518 469 557 469 557 463 518 468 516 469 557 468 516 474 558 474 558 468 516 473 514 474 558 473 514 479 559 479 559 473 514 478 512 479 559 478 512 484 560 484 560 478 512 483 510 484 560 483 510 489 561 489 561 483 510 488 508 489 561 488 508 494 562 494 562 488 508 493 506 494 562 493 506 499 563 499 563 493 506 498 504 499 563 498 504 504 564 504 564 498 504 503 502 504 564 503 502 509 565 509 565 503 502 508 500 509 565 508 500 514 566 514 566 508 500 513 498 514 566 513 498 519 567 519 567 513 498 518 496 519 567 518 496 524 568 524 568 518 496 523 494 524 568 523 494 529 569 529 569 523 494 528 492 529 569 528 492 534 570 534 570 528 492 533 490 534 570 533 490 539 571 539 571 533 490 538 488 539 571 538 488 544 572 544 572 538 488 543 486 544 572 543 486 549 573 549 573 543 486 548 484 549 573 548 484 554 574 554 574 548 484 553 482 554 574 553 482 559 575 559 575 553 482 558 480 559 575 558 480 564 576 564 576 558 480 563 478 564 576 563 478 569 577 569 577 563 478 568 476 569 577 568 476 574 578 574 578 568 476 573 474 574 578 573 474 579 579 579 579 573 474 578 472 579 579 578 472 584 580 584 580 578 472 583 470 584 580 583 470 589 581 589 581 583 470 588 468 589 581 588 468 594 582 594 582 588 468 593 466 594 582 593 466 599 583 599 583 593 466 598 464 599 583 598 464 604 584 604 584 598 464 603 462 604 584 603 462 609 585 609 585 603 462 608 460 609 585 608 460 614 586 614 586 608 460 613 458 614 586 613 458 619 587 619 587 613 458 618 456 619 587 618 456 624 588 624 588 618 456 623 454 624 588 623 454 629 448 629 448 623 454 628 450 415 543 414 541 420 589 420 589 414 541 419 547 420 589 419 547 425 590 425 590 419 547 424 548 425 590 424 548 430 591 430 591 424 548 429 549 430 591 429 549 435 592 435 592 429 549 434 550 435 592 434 550 440 593 440 593 434 550 439 551 440 593 439 551 445 594 445 594 439 551 444 552 445 594 444 552 450 595 450 595 444 552 449 553 450 595 449 553 455 596 455 596 449 553 454 554 455 596 454 554 460 597 460 597 454 554 459 555 460 597 459 555 465 598 465 598 459 555 464 556 465 598 464 556 470 599 470 599 464 556 469 557 470 599 469 557 475 600 475 600 469 557 474 558 475 600 474 558 480 601 480 601 474 558 479 559 480 601 479 559 485 602 485 602 479 559 484 560 485 602 484 560 490 603 490 603 484 560 489 561 490 603 489 561 495 604 495 604 489 561 494 562 495 604 494 562 500 605 500 605 494 562 499 563 500 605 499 563 505 606 505 606 499 563 504 564 505 606 504 564 510 607 510 607 504 564 509 565 510 607 509 565 515 608 515 608 509 565 514 566 515 608 514 566 520 609 520 609 514 566 519 567 520 609 519 567 525 610 525 610 519 567 524 568 525 610 524 568 530 611 530 611 524 568 529 569 530 611 529 569 535 612 535 612 529 569 534 570 535 612 534 570 540 613 540 613 534 570 539 571 540 613 539 571 545 614 545 614 539 571 544 572 545 614 544 572 550 615 550 615 544 572 549 573 550 615 549 573 555 616 555 616 549 573 554 574 555 616 554 574 560 617 560 617 554 574 559 575 560 617 559 575 565 618 565 618 559 575 564 576 565 618 564 576 570 619 570 619 564 576 569 577 570 619 569 577 575 620 575 620 569 577 574 578 575 620 574 578 580 621 580 621 574 578 579 579 580 621 579 579 585 622 585 622 579 579 584 580 585 622 584 580 590 623 590 623 584 580 589 581 590 623 589 581 595 624 595 624 589 581 594 582 595 624 594 582 600 625 600 625 594 582 599 583 600 625 599 583 605 626 605 626 599 583 604 584 605 626 604 584 610 627 610 627 604 584 609 585 610 627 609 585 615 628 615 628 609 585 614 586 615 628 614 586 620 629 620 629 614 586 619 587 620 629 619 587 625 630 625 630 619 587 624 588 625 630 624 588 630 446 630 446 624 588 629 448 422 358 417 356 416 545 416 545 415 543 421 631 421 631 415 543 420 589 421 631 420 589 426 632 426 632 420 589 425 590 426 632 425 590 431 633 431 633 425 590 430 591 431 633 430 591 436 634 436 634 430 591 435 592 436 634 435 592 441 635 441 635 435 592 440 593 441 635 440 593 446 636 446 636 440 593 445 594 446 636 445 594 451 637 451 637 445 594 450 595 451 637 450 595 456 638 456 638 450 595 455 596 456 638 455 596 461 639 461 639 455 596 460 597 461 639 460 597 466 640 466 640 460 597 465 598 466 640 465 598 471 641 471 641 465 598 470 599 471 641 470 599 476 642 476 642 470 599 475 600 476 642 475 600 481 643 481 643 475 600 480 601 481 643 480 601 486 644 486 644 480 601 485 602 486 644 485 602 491 645 491 645 485 602 490 603 491 645 490 603 496 646 496 646 490 603 495 604 496 646 495 604 501 647 501 647 495 604 500 605 501 647 500 605 506 648 506 648 500 605 505 606 506 648 505 606 511 649 511 649 505 606 510 607 511 649 510 607 516 650 516 650 510 607 515 608 516 650 515 608 521 651 521 651 515 608 520 609 521 651 520 609 526 652 526 652 520 609 525 610 526 652 525 610 531 653 531 653 525 610 530 611 531 653 530 611 536 654 536 654 530 611 535 612 536 654 535 612 541 655 541 655 535 612 540 613 541 655 540 613 546 656 546 656 540 613 545 614 546 656 545 614 551 657 551 657 545 614 550 615 551 657 550 615 556 658 556 658 550 615 555 616 556 658 555 616 561 659 561 659 555 616 560 617 561 659 560 617 566 660 566 660 560 617 565 618 566 660 565 618 571 661 571 661 565 618 570 619 571 661 570 619 576 662 576 662 570 619 575 620 576 662 575 620 581 663 581 663 575 620 580 621 581 663 580 621 586 664 586 664 580 621 585 622 586 664 585 622 591 665 591 665 585 622 590 623 591 665 590 623 596 666 596 666 590 623 595 624 596 666 595 624 601 667 601 667 595 624 600 625 601 667 600 625 606 668 606 668 600 625 605 626 606 668 605 626 611 669 611 669 605 626 610 627 611 669 610 627 616 670 616 670 610 627 615 628 616 670 615 628 621 671 621 671 615 628 620 629 621 671 620 629 626 672 626 672 620 629 625 630 626 672 625 630 631 444 631 444 625 630 630 446 427 360 422 358 421 631 421 631 422 358 416 545 427 360 421 631 426 632 432 362 427 360 426 632 432 362 426 632 431 633 437 364 432 362 431 633 437 364 431 633 436 634 442 366 437 364 436 634 442 366 436 634 441 635 447 368 442 366 441 635 447 368 441 635 446 636 452 370 447 368 446 636 452 370 446 636 451 637 457 372 452 370 451 637 457 372 451 637 456 638 462 374 457 372 456 638 462 374 456 638 461 639 467 376 462 374 461 639 467 376 461 639 466 640 472 378 467 376 466 640 472 378 466 640 471 641 477 380 472 378 471 641 477 380 471 641 476 642 482 382 477 380 476 642 482 382 476 642 481 643 487 384 482 382 481 643 487 384 481 643 486 644 492 386 487 384 486 644 492 386 486 644 491 645 497 388 492 386 491 645 497 388 491 645 496 646 502 390 497 388 496 646 502 390 496 646 501 647 507 392 502 390 501 647 507 392 501 647 506 648 512 394 507 392 506 648 512 394 506 648 511 649 517 396 512 394 511 649 517 396 511 649 516 650 522 398 517 396 516 650 522 398 516 650 521 651 527 400 522 398 521 651 527 400 521 651 526 652 532 402 527 400 526 652 532 402 526 652 531 653 537 404 532 402 531 653 537 404 531 653 536 654 542 406 537 404 536 654 542 406 536 654 541 655 547 408 542 406 541 655 547 408 541 655 546 656 552 410 547 408 546 656 552 410 546 656 551 657 557 412 552 410 551 657 557 412 551 657 556 658 562 414 557 412 556 658 562 414 556 658 561 659 567 416 562 414 561 659 567 416 561 659 566 660 572 418 567 416 566 660 572 418 566 660 571 661 577 420 572 418 571 661 577 420 571 661 576 662 582 422 577 420 576 662 582 422 576 662 581 663 587 424 582 422 581 663 587 424 581 663 586 664 592 426 587 424 586 664 592 426 586 664 591 665 597 428 592 426 591 665 597 428 591 665 596 666 602 430 597 428 596 666 602 430 596 666 601 667 607 432 602 430 601 667 607 432 601 667 606 668 612 434 607 432 606 668 612 434 606 668 611 669 617 436 612 434 611 669 617 436 611 669 616 670 622 438 617 436 616 670 622 438 616 670 621 671 627 440 622 438 621 671 627 440 621 671 626 672 632 442 627 440 626 672 632 442 626 672 631 444 206 253 633 673 207 674 207 674 633 673 208 675 208 675 633 673 655 676 208 675 655 676 209 677 209 677 655 676 656 678 209 677 656 678 210 679 210 679 656 678 211 680 211 680 656 678 657 681 211 680 657 681 212 682 212 682 657 681 658 683 212 682 658 683 213 684 213 684 658 683 659 685 213 684 659 685 214 686 214 686 659 685 205 687 205 687 659 685 654 688 654 688 659 685 664 689 654 688 664 689 653 690 653 690 664 689 669 691 653 690 669 691 652 692 652 692 669 691 674 693 652 692 674 693 651 694 651 694 674 693 679 695 651 694 679 695 650 696 650 696 679 695 684 697 650 696 684 697 649 698 649 698 684 697 689 699 649 698 689 699 648 700 648 700 689 699 694 701 648 700 694 701 647 702 647 702 694 701 699 703 647 702 699 703 646 704 646 704 699 703 704 705 646 704 704 705 645 706 645 706 704 705 709 707 645 706 709 707 644 708 644 708 709 707 320 354 644 708 320 354 319 353 655 676 633 673 660 709 660 709 633 673 634 710 660 709 634 710 665 711 665 711 634 710 635 712 665 711 635 712 670 713 670 713 635 712 636 714 670 713 636 714 675 715 675 715 636 714 637 716 675 715 637 716 680 717 680 717 637 716 638 718 680 717 638 718 685 719 685 719 638 718 639 720 685 719 639 720 690 721 690 721 639 720 640 722 690 721 640 722 695 723 695 723 640 722 641 724 695 723 641 724 700 725 700 725 641 724 642 726 700 725 642 726 643 727 700 725 643 727 705 728 705 728 643 727 325 539 705 728 325 539 324 540 705 728 324 540 706 729 706 729 324 540 323 542 706 729 323 542 707 730 707 730 323 542 322 544 707 730 322 544 708 731 708 731 322 544 321 546 708 731 321 546 709 707 709 707 321 546 320 354 656 678 655 676 661 732 661 732 655 676 660 709 661 732 660 709 666 733 666 733 660 709 665 711 666 733 665 711 671 734 671 734 665 711 670 713 671 734 670 713 676 735 676 735 670 713 675 715 676 735 675 715 681 736 681 736 675 715 680 717 681 736 680 717 686 737 686 737 680 717 685 719 686 737 685 719 691 738 691 738 685 719 690 721 691 738 690 721 696 739 696 739 690 721 695 723 696 739 695 723 701 740 701 740 695 723 700 725 701 740 700 725 706 729 706 729 700 725 705 728 657 681 656 678 662 741 662 741 656 678 661 732 662 741 661 732 667 742 667 742 661 732 666 733 667 742 666 733 672 743 672 743 666 733 671 734 672 743 671 734 677 744 677 744 671 734 676 735 677 744 676 735 682 745 682 745 676 735 681 736 682 745 681 736 687 746 687 746 681 736 686 737 687 746 686 737 692 747 692 747 686 737 691 738 692 747 691 738 697 748 697 748 691 738 696 739 697 748 696 739 702 749 702 749 696 739 701 740 702 749 701 740 706 729 664 689 659 685 658 683 658 683 657 681 663 750 663 750 657 681 662 741 663 750 662 741 668 751 668 751 662 741 667 742 668 751 667 742 673 752 673 752 667 742 672 743 673 752 672 743 678 753 678 753 672 743 677 744 678 753 677 744 683 754 683 754 677 744 682 745 683 754 682 745 688 755 688 755 682 745 687 746 688 755 687 746 693 756 693 756 687 746 692 747 693 756 692 747 698 757 698 757 692 747 697 748 698 757 697 748 703 758 703 758 697 748 702 749 703 758 702 749 707 730 707 730 702 749 706 729 669 691 664 689 663 750 663 750 664 689 658 683 669 691 663 750 668 751 674 693 669 691 668 751 674 693 668 751 673 752 679 695 674 693 673 752 679 695 673 752 678 753 684 697 679 695 678 753 684 697 678 753 683 754 689 699 684 697 683 754 689 699 683 754 688 755 694 701 689 699 688 755 694 701 688 755 693 756 699 703 694 701 693 756 699 703 693 756 698 757 704 705 699 703 698 757 704 705 698 757 703 758 707 730 708 731 703 758 703 758 708 731 704 705 708 731 709 707 704 705 711 759 719 760 710 761 710 761 719 760 104 140 710 761 104 140 103 138 711 759 712 762 719 760 719 760 712 762 713 763 719 760 713 763 720 764 720 764 713 763 714 765 720 764 714 765 715 766 720 764 715 766 721 767 721 767 715 766 716 768 721 767 716 768 722 769 722 769 716 768 717 770 722 769 717 770 723 771 723 771 717 770 718 772 723 771 718 772 89 133 89 133 718 772 90 136 89 133 108 148 723 771 723 771 108 148 722 769 108 148 107 146 722 769 722 769 107 146 721 767 107 146 106 144 721 767 721 767 106 144 720 764 106 144 105 142 720 764 720 764 105 142 719 760 105 142 104 140 719 760 255 308 724 773 256 774 256 774 724 773 257 775 257 775 724 773 725 776 257 775 725 776 258 777 258 777 725 776 726 778 258 777 726 778 259 779 259 779 726 778 727 780 259 779 727 780 260 781 260 781 727 780 261 782 261 782 727 780 728 783 261 782 728 783 262 784 262 784 728 783 729 785 262 784 729 785 263 786 263 786 729 785 730 787 263 786 730 787 225 788 103 138 153 188 710 761 710 761 153 188 205 239 710 789 205 687 742 790 742 790 205 687 654 688 742 790 654 688 741 791 741 791 654 688 653 690 741 791 653 690 740 792 740 792 653 690 652 692 740 792 652 692 739 793 739 793 652 692 651 694 739 793 651 694 738 794 738 794 651 694 650 696 738 794 650 696 737 795 737 795 650 696 649 698 737 795 649 698 736 796 736 796 649 698 648 700 736 796 648 700 735 797 735 797 648 700 647 702 735 797 647 702 734 798 734 798 647 702 646 704 734 798 646 704 733 799 733 799 646 704 645 706 733 799 645 706 732 800 732 800 645 706 644 708 732 800 644 708 731 801 731 801 644 708 319 353 714 802 713 803 742 790 742 790 713 803 712 804 742 790 712 804 711 805 711 805 710 789 742 790 731 801 319 353 787 806 787 806 319 353 412 355 787 806 412 355 786 807 786 807 412 355 411 357 786 807 411 357 785 808 785 808 411 357 410 359 785 808 410 359 784 809 784 809 410 359 409 361 784 809 409 361 783 810 783 810 409 361 408 363 783 810 408 363 782 811 782 811 408 363 407 365 782 811 407 365 781 812 781 812 407 365 406 367 781 812 406 367 780 813 780 813 406 367 405 369 780 813 405 369 779 814 779 814 405 369 404 371 779 814 404 371 778 815 778 815 404 371 403 373 778 815 403 373 777 816 777 816 403 373 402 375 777 816 402 375 776 817 776 817 402 375 401 377 776 817 401 377 775 818 775 818 401 377 400 379 775 818 400 379 774 819 774 819 400 379 399 381 774 819 399 381 773 820 773 820 399 381 398 383 773 820 398 383 772 821 772 821 398 383 397 385 772 821 397 385 771 822 771 822 397 385 396 387 771 822 396 387 770 823 770 823 396 387 395 389 770 823 395 389 769 824 769 824 395 389 394 391 769 824 394 391 768 825 768 825 394 391 393 393 768 825 393 393 767 826 767 826 393 393 392 395 767 826 392 395 766 827 766 827 392 395 391 397 766 827 391 397 765 828 765 828 391 397 390 399 765 828 390 399 764 829 764 829 390 399 389 401 764 829 389 401 763 830 763 830 389 401 388 403 763 830 388 403 762 831 762 831 388 403 387 405 762 831 387 405 761 832 761 832 387 405 386 407 761 832 386 407 760 833 760 833 386 407 385 409 760 833 385 409 759 834 759 834 385 409 384 411 759 834 384 411 758 835 758 835 384 411 383 413 758 835 383 413 757 836 757 836 383 413 382 415 757 836 382 415 756 837 756 837 382 415 381 417 756 837 381 417 755 838 755 838 381 417 380 419 755 838 380 419 754 839 754 839 380 419 379 421 754 839 379 421 753 840 753 840 379 421 378 423 753 840 378 423 752 841 752 841 378 423 377 425 752 841 377 425 751 842 751 842 377 425 376 427 751 842 376 427 750 843 750 843 376 427 375 429 750 843 375 429 749 844 749 844 375 429 374 431 749 844 374 431 748 845 748 845 374 431 373 433 748 845 373 433 747 846 747 846 373 433 372 435 747 846 372 435 746 847 746 847 372 435 371 437 746 847 371 437 745 848 745 848 371 437 370 439 745 848 370 439 744 849 744 849 370 439 369 441 744 849 369 441 743 850 743 850 369 441 237 284 237 284 236 282 743 850 743 850 236 282 798 851 798 851 236 282 235 280 798 851 235 280 797 852 797 852 235 280 234 278 797 852 234 278 796 853 796 853 234 278 233 276 796 853 233 276 795 854 795 854 233 276 232 274 795 854 232 274 794 855 794 855 232 274 231 272 794 855 231 272 793 856 793 856 231 272 230 270 793 856 230 270 792 857 792 857 230 270 229 268 792 857 229 268 791 858 791 858 229 268 228 266 791 858 228 266 790 859 790 859 228 266 227 264 790 859 227 264 789 860 789 860 227 264 226 262 789 860 226 262 788 861 788 861 226 262 225 260 788 861 225 260 80 862 80 862 79 863 788 861 788 861 79 863 78 864 788 861 78 864 77 865 77 865 76 866 788 861 80 120 225 788 81 121 81 121 225 788 730 787 715 867 714 802 818 868 818 868 714 802 742 790 818 868 742 790 820 869 820 869 742 790 741 791 820 869 741 791 823 870 823 870 741 791 740 792 823 870 740 792 826 871 826 871 740 792 739 793 826 871 739 793 829 872 829 872 739 793 738 794 829 872 738 794 832 873 832 873 738 794 737 795 832 873 737 795 835 874 835 874 737 795 736 796 835 874 736 796 838 875 838 875 736 796 735 797 838 875 735 797 841 876 841 876 735 797 734 798 841 876 734 798 844 877 844 877 734 798 733 799 844 877 733 799 847 878 847 878 733 799 732 800 847 878 732 800 799 879 799 879 732 800 731 801 799 879 800 880 847 878 847 878 800 880 848 881 847 878 848 881 844 877 844 877 848 881 845 882 844 877 845 882 841 876 841 876 845 882 842 883 841 876 842 883 838 875 838 875 842 883 839 884 838 875 839 884 835 874 835 874 839 884 836 885 835 874 836 885 832 873 832 873 836 885 833 886 832 873 833 886 829 872 829 872 833 886 830 887 829 872 830 887 826 871 826 871 830 887 827 888 826 871 827 888 823 870 823 870 827 888 824 889 823 870 824 889 820 869 820 869 824 889 821 890 820 869 821 890 818 868 818 868 821 890 819 891 818 868 819 891 715 867 715 867 819 891 816 892 816 892 819 891 817 893 816 892 817 893 815 894 815 894 817 893 814 895 814 895 817 893 813 896 813 896 817 893 822 897 813 896 822 897 812 898 812 898 822 897 825 899 812 898 825 899 811 900 811 900 825 899 828 901 811 900 828 901 810 902 810 902 828 901 831 903 810 902 831 903 809 904 809 904 831 903 834 905 809 904 834 905 808 906 808 906 834 905 837 907 808 906 837 907 807 908 807 908 837 907 840 909 807 908 840 909 806 910 806 910 840 909 843 911 806 910 843 911 805 912 805 912 843 911 846 913 805 912 846 913 804 914 804 914 846 913 849 915 804 914 849 915 803 916 803 916 849 915 801 917 803 916 801 917 802 918 800 880 801 917 848 881 848 881 801 917 849 915 848 881 849 915 845 882 845 882 849 915 846 913 845 882 846 913 842 883 842 883 846 913 843 911 842 883 843 911 839 884 839 884 843 911 840 909 839 884 840 909 836 885 836 885 840 909 837 907 836 885 837 907 833 886 833 886 837 907 834 905 833 886 834 905 830 887 830 887 834 905 831 903 830 887 831 903 827 888 827 888 831 903 828 901 827 888 828 901 824 889 824 889 828 901 825 899 824 889 825 899 821 890 821 890 825 899 822 897 821 890 822 897 819 891 819 891 822 897 817 893 896 919 802 920 899 921 899 921 802 920 801 922 899 921 801 922 800 923 899 921 800 923 898 924 898 924 800 923 799 925 898 924 799 925 897 926 897 926 799 925 731 927 897 926 731 927 787 806 897 926 787 806 900 928 900 928 787 806 786 807 900 928 786 807 903 929 903 929 786 807 785 808 903 929 785 808 906 930 906 930 785 808 784 809 906 930 784 809 909 931 909 931 784 809 783 810 909 931 783 810 912 932 912 932 783 810 782 811 912 932 782 811 915 933 915 933 782 811 781 812 915 933 781 812 918 934 918 934 781 812 780 813 918 934 780 813 921 935 921 935 780 813 779 814 921 935 779 814 924 936 924 936 779 814 778 815 924 936 778 815 927 937 927 937 778 815 777 816 927 937 777 816 930 938 930 938 777 816 776 817 930 938 776 817 933 939 933 939 776 817 775 818 933 939 775 818 936 940 936 940 775 818 774 819 936 940 774 819 939 941 939 941 774 819 773 820 939 941 773 820 942 942 942 942 773 820 772 821 942 942 772 821 945 943 945 943 772 821 771 822 945 943 771 822 948 944 948 944 771 822 770 823 948 944 770 823 951 945 951 945 770 823 769 824 951 945 769 824 954 946 954 946 769 824 768 825 954 946 768 825 957 947 957 947 768 825 767 826 957 947 767 826 960 948 960 948 767 826 766 827 960 948 766 827 963 949 963 949 766 827 765 828 963 949 765 828 966 950 966 950 765 828 764 829 966 950 764 829 969 951 969 951 764 829 763 830 969 951 763 830 972 952 972 952 763 830 762 831 972 952 762 831 975 953 975 953 762 831 761 832 975 953 761 832 978 954 978 954 761 832 760 833 978 954 760 833 981 955 981 955 760 833 759 834 981 955 759 834 984 956 984 956 759 834 758 835 984 956 758 835 987 957 987 957 758 835 757 836 987 957 757 836 990 958 990 958 757 836 756 837 990 958 756 837 993 959 993 959 756 837 755 838 993 959 755 838 996 960 996 960 755 838 754 839 996 960 754 839 999 961 999 961 754 839 753 840 999 961 753 840 1002 962 1002 962 753 840 752 841 1002 962 752 841 1005 963 1005 963 752 841 751 842 1005 963 751 842 1008 964 1008 964 751 842 750 843 1008 964 750 843 1011 965 1011 965 750 843 749 844 1011 965 749 844 1014 966 1014 966 749 844 748 845 1014 966 748 845 1017 967 1017 967 748 845 747 846 1017 967 747 846 1020 968 1020 968 747 846 746 847 1020 968 746 847 1023 969 1023 969 746 847 745 848 1023 969 745 848 1026 970 1026 970 745 848 744 849 1026 970 744 849 850 971 850 971 744 849 743 850 850 971 851 972 1026 970 1026 970 851 972 1027 973 1026 970 1027 973 1023 969 1023 969 1027 973 1024 974 1023 969 1024 974 1020 968 1020 968 1024 974 1021 975 1020 968 1021 975 1017 967 1017 967 1021 975 1018 976 1017 967 1018 976 1014 966 1014 966 1018 976 1015 977 1014 966 1015 977 1011 965 1011 965 1015 977 1012 978 1011 965 1012 978 1008 964 1008 964 1012 978 1009 979 1008 964 1009 979 1005 963 1005 963 1009 979 1006 980 1005 963 1006 980 1002 962 1002 962 1006 980 1003 981 1002 962 1003 981 999 961 999 961 1003 981 1000 982 999 961 1000 982 996 960 996 960 1000 982 997 983 996 960 997 983 993 959 993 959 997 983 994 984 993 959 994 984 990 958 990 958 994 984 991 985 990 958 991 985 987 957 987 957 991 985 988 986 987 957 988 986 984 956 984 956 988 986 985 987 984 956 985 987 981 955 981 955 985 987 982 988 981 955 982 988 978 954 978 954 982 988 979 989 978 954 979 989 975 953 975 953 979 989 976 990 975 953 976 990 972 952 972 952 976 990 973 991 972 952 973 991 969 951 969 951 973 991 970 992 969 951 970 992 966 950 966 950 970 992 967 993 966 950 967 993 963 949 963 949 967 993 964 994 963 949 964 994 960 948 960 948 964 994 961 995 960 948 961 995 957 947 957 947 961 995 958 996 957 947 958 996 954 946 954 946 958 996 955 997 954 946 955 997 951 945 951 945 955 997 952 998 951 945 952 998 948 944 948 944 952 998 949 999 948 944 949 999 945 943 945 943 949 999 946 1000 945 943 946 1000 942 942 942 942 946 1000 943 1001 942 942 943 1001 939 941 939 941 943 1001 940 1002 939 941 940 1002 936 940 936 940 940 1002 937 1003 936 940 937 1003 933 939 933 939 937 1003 934 1004 933 939 934 1004 930 938 930 938 934 1004 931 1005 930 938 931 1005 927 937 927 937 931 1005 928 1006 927 937 928 1006 924 936 924 936 928 1006 925 1007 924 936 925 1007 921 935 921 935 925 1007 922 1008 921 935 922 1008 918 934 918 934 922 1008 919 1009 918 934 919 1009 915 933 915 933 919 1009 916 1010 915 933 916 1010 912 932 912 932 916 1010 913 1011 912 932 913 1011 909 931 909 931 913 1011 910 1012 909 931 910 1012 906 930 906 930 910 1012 907 1013 906 930 907 1013 903 929 903 929 907 1013 904 1014 903 929 904 1014 900 928 900 928 904 1014 901 1015 900 928 901 1015 897 926 897 926 901 1015 898 924 851 972 852 1016 1027 973 1027 973 852 1016 1028 1017 1027 973 1028 1017 1024 974 1024 974 1028 1017 1025 1018 1024 974 1025 1018 1021 975 1021 975 1025 1018 1022 1019 1021 975 1022 1019 1018 976 1018 976 1022 1019 1019 1020 1018 976 1019 1020 1015 977 1015 977 1019 1020 1016 1021 1015 977 1016 1021 1012 978 1012 978 1016 1021 1013 1022 1012 978 1013 1022 1009 979 1009 979 1013 1022 1010 1023 1009 979 1010 1023 1006 980 1006 980 1010 1023 1007 1024 1006 980 1007 1024 1003 981 1003 981 1007 1024 1004 1025 1003 981 1004 1025 1000 982 1000 982 1004 1025 1001 1026 1000 982 1001 1026 997 983 997 983 1001 1026 998 1027 997 983 998 1027 994 984 994 984 998 1027 995 1028 994 984 995 1028 991 985 991 985 995 1028 992 1029 991 985 992 1029 988 986 988 986 992 1029 989 1030 988 986 989 1030 985 987 985 987 989 1030 986 1031 985 987 986 1031 982 988 982 988 986 1031 983 1032 982 988 983 1032 979 989 979 989 983 1032 980 1033 979 989 980 1033 976 990 976 990 980 1033 977 1034 976 990 977 1034 973 991 973 991 977 1034 974 1035 973 991 974 1035 970 992 970 992 974 1035 971 1036 970 992 971 1036 967 993 967 993 971 1036 968 1037 967 993 968 1037 964 994 964 994 968 1037 965 1038 964 994 965 1038 961 995 961 995 965 1038 962 1039 961 995 962 1039 958 996 958 996 962 1039 959 1040 958 996 959 1040 955 997 955 997 959 1040 956 1041 955 997 956 1041 952 998 952 998 956 1041 953 1042 952 998 953 1042 949 999 949 999 953 1042 950 1043 949 999 950 1043 946 1000 946 1000 950 1043 947 1044 946 1000 947 1044 943 1001 943 1001 947 1044 944 1045 943 1001 944 1045 940 1002 940 1002 944 1045 941 1046 940 1002 941 1046 937 1003 937 1003 941 1046 938 1047 937 1003 938 1047 934 1004 934 1004 938 1047 935 1048 934 1004 935 1048 931 1005 931 1005 935 1048 932 1049 931 1005 932 1049 928 1006 928 1006 932 1049 929 1050 928 1006 929 1050 925 1007 925 1007 929 1050 926 1051 925 1007 926 1051 922 1008 922 1008 926 1051 923 1052 922 1008 923 1052 919 1009 919 1009 923 1052 920 1053 919 1009 920 1053 916 1010 916 1010 920 1053 917 1054 916 1010 917 1054 913 1011 913 1011 917 1054 914 1055 913 1011 914 1055 910 1012 910 1012 914 1055 911 1056 910 1012 911 1056 907 1013 907 1013 911 1056 908 1057 907 1013 908 1057 904 1014 904 1014 908 1057 905 1058 904 1014 905 1058 901 1015 901 1015 905 1058 902 1059 901 1015 902 1059 898 924 898 924 902 1059 899 921 852 1016 853 1060 1028 1017 1028 1017 853 1060 854 1061 1028 1017 854 1061 1025 1018 1025 1018 854 1061 855 1062 1025 1018 855 1062 1022 1019 1022 1019 855 1062 856 1063 1022 1019 856 1063 1019 1020 1019 1020 856 1063 857 1064 1019 1020 857 1064 1016 1021 1016 1021 857 1064 858 1065 1016 1021 858 1065 1013 1022 1013 1022 858 1065 859 1066 1013 1022 859 1066 1010 1023 1010 1023 859 1066 860 1067 1010 1023 860 1067 1007 1024 1007 1024 860 1067 861 1068 1007 1024 861 1068 1004 1025 1004 1025 861 1068 862 1069 1004 1025 862 1069 1001 1026 1001 1026 862 1069 863 1070 1001 1026 863 1070 998 1027 998 1027 863 1070 864 1071 998 1027 864 1071 995 1028 995 1028 864 1071 865 1072 995 1028 865 1072 992 1029 992 1029 865 1072 866 1073 992 1029 866 1073 989 1030 989 1030 866 1073 867 1074 989 1030 867 1074 986 1031 986 1031 867 1074 868 1075 986 1031 868 1075 983 1032 983 1032 868 1075 869 1076 983 1032 869 1076 980 1033 980 1033 869 1076 870 1077 980 1033 870 1077 977 1034 977 1034 870 1077 871 1078 977 1034 871 1078 974 1035 974 1035 871 1078 872 1079 974 1035 872 1079 971 1036 971 1036 872 1079 873 1080 971 1036 873 1080 968 1037 968 1037 873 1080 874 1081 968 1037 874 1081 965 1038 965 1038 874 1081 875 1082 965 1038 875 1082 962 1039 962 1039 875 1082 876 1083 962 1039 876 1083 959 1040 959 1040 876 1083 877 1084 959 1040 877 1084 956 1041 956 1041 877 1084 878 1085 956 1041 878 1085 953 1042 953 1042 878 1085 879 1086 953 1042 879 1086 950 1043 950 1043 879 1086 880 1087 950 1043 880 1087 947 1044 947 1044 880 1087 881 1088 947 1044 881 1088 944 1045 944 1045 881 1088 882 1089 944 1045 882 1089 941 1046 941 1046 882 1089 883 1090 941 1046 883 1090 938 1047 938 1047 883 1090 884 1091 938 1047 884 1091 935 1048 935 1048 884 1091 885 1092 935 1048 885 1092 932 1049 932 1049 885 1092 886 1093 932 1049 886 1093 929 1050 929 1050 886 1093 887 1094 929 1050 887 1094 926 1051 926 1051 887 1094 888 1095 926 1051 888 1095 923 1052 923 1052 888 1095 889 1096 923 1052 889 1096 920 1053 920 1053 889 1096 890 1097 920 1053 890 1097 917 1054 917 1054 890 1097 891 1098 917 1054 891 1098 914 1055 914 1055 891 1098 892 1099 914 1055 892 1099 911 1056 911 1056 892 1099 893 1100 911 1056 893 1100 908 1057 908 1057 893 1100 894 1101 908 1057 894 1101 905 1058 905 1058 894 1101 895 1102 905 1058 895 1102 902 1059 902 1059 895 1102 896 919 902 1059 896 919 899 921 1030 1103 1045 1104 1029 1105 1029 1105 1045 1104 1046 1106 1029 1105 1046 1106 74 1107 74 1107 1046 1106 75 1108 75 1108 1046 1106 76 866 76 866 1046 1106 788 861 788 861 1046 1106 1049 1109 788 861 1049 1109 789 860 789 860 1049 1109 1052 1110 789 860 1052 1110 790 859 790 859 1052 1110 1055 1111 790 859 1055 1111 791 858 791 858 1055 1111 1058 1112 791 858 1058 1112 792 857 792 857 1058 1112 1061 1113 792 857 1061 1113 793 856 793 856 1061 1113 1064 1114 793 856 1064 1114 794 855 794 855 1064 1114 1067 1115 794 855 1067 1115 795 854 795 854 1067 1115 1070 1116 795 854 1070 1116 796 853 796 853 1070 1116 1073 1117 796 853 1073 1117 797 852 797 852 1073 1117 1076 1118 797 852 1076 1118 798 851 798 851 1076 1118 1079 1119 798 851 1079 1119 743 850 743 850 1079 1119 850 1120 850 1120 1079 1119 1078 1121 850 1120 1078 1121 851 1122 851 1122 1078 1121 1077 1123 851 1122 1077 1123 852 1124 852 1124 1077 1123 853 1125 853 1125 1077 1123 1043 1126 1043 1126 1077 1123 1074 1127 1043 1126 1074 1127 1042 1128 1042 1128 1074 1127 1071 1129 1042 1128 1071 1129 1041 1130 1041 1130 1071 1129 1068 1131 1041 1130 1068 1131 1040 1132 1040 1132 1068 1131 1065 1133 1040 1132 1065 1133 1039 1134 1039 1134 1065 1133 1062 1135 1039 1134 1062 1135 1038 1136 1038 1136 1062 1135 1059 1137 1038 1136 1059 1137 1037 1138 1037 1138 1059 1137 1056 1139 1037 1138 1056 1139 1036 1140 1036 1140 1056 1139 1053 1141 1036 1140 1053 1141 1035 1142 1035 1142 1053 1141 1050 1143 1035 1142 1050 1143 1034 1144 1034 1144 1050 1143 1047 1145 1034 1144 1047 1145 1033 1146 1033 1146 1047 1145 1044 1147 1033 1146 1044 1147 1032 1148 1032 1148 1044 1147 1031 1149 1031 1149 1044 1147 1030 1103 1030 1103 1044 1147 1045 1104 1049 1109 1046 1106 1045 1104 1045 1104 1044 1147 1048 1150 1048 1150 1044 1147 1047 1145 1048 1150 1047 1145 1051 1151 1051 1151 1047 1145 1050 1143 1051 1151 1050 1143 1054 1152 1054 1152 1050 1143 1053 1141 1054 1152 1053 1141 1057 1153 1057 1153 1053 1141 1056 1139 1057 1153 1056 1139 1060 1154 1060 1154 1056 1139 1059 1137 1060 1154 1059 1137 1063 1155 1063 1155 1059 1137 1062 1135 1063 1155 1062 1135 1066 1156 1066 1156 1062 1135 1065 1133 1066 1156 1065 1133 1069 1157 1069 1157 1065 1133 1068 1131 1069 1157 1068 1131 1072 1158 1072 1158 1068 1131 1071 1129 1072 1158 1071 1129 1075 1159 1075 1159 1071 1129 1074 1127 1075 1159 1074 1127 1078 1121 1078 1121 1074 1127 1077 1123 1052 1110 1049 1109 1048 1150 1048 1150 1049 1109 1045 1104 1052 1110 1048 1150 1051 1151 1055 1111 1052 1110 1051 1151 1055 1111 1051 1151 1054 1152 1058 1112 1055 1111 1054 1152 1058 1112 1054 1152 1057 1153 1061 1113 1058 1112 1057 1153 1061 1113 1057 1153 1060 1154 1064 1114 1061 1113 1060 1154 1064 1114 1060 1154 1063 1155 1067 1115 1064 1114 1063 1155 1067 1115 1063 1155 1066 1156 1070 1116 1067 1115 1066 1156 1070 1116 1066 1156 1069 1157 1073 1117 1070 1116 1069 1157 1073 1117 1069 1157 1072 1158 1076 1118 1073 1117 1072 1158 1076 1118 1072 1158 1075 1159 1079 1119 1076 1118 1075 1159 1079 1119 1075 1159 1078 1121 1031 1160 1030 1161 1032 1162 1032 1162 1030 1161 1029 1163 1032 1162 1029 1163 74 1164 74 1164 73 1165 1032 1162 1032 1162 73 1165 72 1166 1032 1162 72 1166 1093 1167 1093 1167 72 1166 71 1168 1093 1167 71 1168 70 1169 70 1169 69 1170 1093 1167 1093 1167 69 1170 68 1171 1093 1167 68 1171 1092 1172 1092 1172 68 1171 102 1173 1092 1172 102 1173 1091 1174 1091 1174 102 1173 101 1175 1091 1174 101 1175 1090 1176 1090 1176 101 1175 100 1177 1090 1176 100 1177 1089 1178 1089 1178 100 1177 99 1179 1089 1178 99 1179 1088 1180 1088 1180 99 1179 98 1181 1088 1180 98 1181 1087 1182 1087 1182 98 1181 97 1183 1087 1182 97 1183 1086 1184 1086 1184 97 1183 96 1185 1086 1184 96 1185 1085 1186 1085 1186 96 1185 95 1187 1085 1186 95 1187 1084 1188 1084 1188 95 1187 94 1189 1084 1188 94 1189 1083 1190 1083 1190 94 1189 93 1191 1083 1190 93 1191 1082 1192 1082 1192 93 1191 92 1193 1082 1192 92 1193 1081 1194 1081 1194 92 1193 91 1195 1081 1194 91 1195 1080 1196 1080 1196 91 1195 90 1197 1080 1196 90 1197 718 1198 1080 1196 718 1198 814 1199 814 1199 718 1198 717 1200 814 1199 717 1200 815 1201 815 1201 717 1200 716 1202 815 1201 716 1202 816 1203 816 1203 716 1202 715 1204 1095 1205 1161 1206 1094 1207 1094 1207 1161 1206 1128 1208 1094 1207 1128 1208 1127 1209 1127 1209 1128 1208 1129 1210 1127 1209 1129 1210 1126 1211 1126 1211 1129 1210 1130 1212 1126 1211 1130 1212 1125 1213 1125 1213 1130 1212 1131 1214 1125 1213 1131 1214 1124 1215 1124 1215 1131 1214 1132 1216 1124 1215 1132 1216 1123 1217 1123 1217 1132 1216 1133 1218 1123 1217 1133 1218 1122 1219 1122 1219 1133 1218 1134 1220 1122 1219 1134 1220 1121 1221 1121 1221 1134 1220 1135 1222 1121 1221 1135 1222 1120 1223 1120 1223 1135 1222 1136 1224 1120 1223 1136 1224 1119 1225 1119 1225 1136 1224 1137 1226 1119 1225 1137 1226 1118 1227 1118 1227 1137 1226 1138 1228 1118 1227 1138 1228 1117 1229 1117 1229 1138 1228 1139 1230 1117 1229 1139 1230 1116 1231 1116 1231 1139 1230 1140 1232 1116 1231 1140 1232 1115 1233 1115 1233 1140 1232 1141 1234 1115 1233 1141 1234 1114 1235 1114 1235 1141 1234 1142 1236 1114 1235 1142 1236 1113 1237 1113 1237 1142 1236 1143 1238 1113 1237 1143 1238 1112 1239 1112 1239 1143 1238 1144 1240 1112 1239 1144 1240 1111 1241 1111 1241 1144 1240 1145 1242 1111 1241 1145 1242 1110 1243 1110 1243 1145 1242 1146 1244 1110 1243 1146 1244 1109 1245 1109 1245 1146 1244 1147 1246 1109 1245 1147 1246 1108 1247 1108 1247 1147 1246 1148 1248 1108 1247 1148 1248 1107 1249 1107 1249 1148 1248 1149 1250 1107 1249 1149 1250 1106 1251 1106 1251 1149 1250 1150 1252 1106 1251 1150 1252 1105 1253 1105 1253 1150 1252 1151 1254 1105 1253 1151 1254 1104 1255 1104 1255 1151 1254 1152 1256 1104 1255 1152 1256 1103 1257 1103 1257 1152 1256 1153 1258 1103 1257 1153 1258 1102 1259 1102 1259 1153 1258 1154 1260 1102 1259 1154 1260 1101 1261 1101 1261 1154 1260 1155 1262 1101 1261 1155 1262 1100 1263 1100 1263 1155 1262 1156 1264 1100 1263 1156 1264 1099 1265 1099 1265 1156 1264 1157 1266 1099 1265 1157 1266 1098 1267 1098 1267 1157 1266 1158 1268 1098 1267 1158 1268 1097 1269 1097 1269 1158 1268 1159 1270 1097 1269 1159 1270 1096 1271 1096 1271 1159 1270 1160 1272 1096 1271 1160 1272 1095 1205 1095 1205 1160 1272 1161 1206 1127 1273 1112 1274 1094 1275 1094 1275 1112 1274 1111 1276 1094 1275 1111 1276 1095 1277 1095 1277 1111 1276 1110 1278 1095 1277 1110 1278 1096 1279 1096 1279 1110 1278 1109 1280 1096 1279 1109 1280 1097 1281 1097 1281 1109 1280 1108 1282 1097 1281 1108 1282 1098 1283 1098 1283 1108 1282 1107 1284 1098 1283 1107 1284 1099 1285 1099 1285 1107 1284 1106 1286 1099 1285 1106 1286 1100 1287 1100 1287 1106 1286 1105 1288 1100 1287 1105 1288 1101 1289 1101 1289 1105 1288 1104 1290 1101 1289 1104 1290 1102 1291 1102 1291 1104 1290 1103 1292 1112 1274 1127 1273 1113 1293 1113 1293 1127 1273 1126 1294 1113 1293 1126 1294 1114 1295 1114 1295 1126 1294 1125 1296 1114 1295 1125 1296 1115 1297 1115 1297 1125 1296 1124 1298 1115 1297 1124 1298 1116 1299 1116 1299 1124 1298 1123 1300 1116 1299 1123 1300 1117 1301 1117 1301 1123 1300 1122 1302 1117 1301 1122 1302 1118 1303 1118 1303 1122 1302 1121 1304 1118 1303 1121 1304 1119 1305 1119 1305 1121 1304 1120 1306 1163 1307 1233 1308 1162 1309 1162 1309 1233 1308 1198 1310 1162 1309 1198 1310 1197 1311 1197 1311 1198 1310 1199 1312 1197 1311 1199 1312 1196 1313 1196 1313 1199 1312 1200 1314 1196 1313 1200 1314 1195 1315 1195 1315 1200 1314 1201 1316 1195 1315 1201 1316 1194 1317 1194 1317 1201 1316 1202 1318 1194 1317 1202 1318 1193 1319 1193 1319 1202 1318 1203 1320 1193 1319 1203 1320 1192 1321 1192 1321 1203 1320 1204 1322 1192 1321 1204 1322 1191 1323 1191 1323 1204 1322 1205 1324 1191 1323 1205 1324 1190 1325 1190 1325 1205 1324 1206 1326 1190 1325 1206 1326 1189 1327 1189 1327 1206 1326 1207 1328 1189 1327 1207 1328 1188 1329 1188 1329 1207 1328 1208 1330 1188 1329 1208 1330 1187 1331 1187 1331 1208 1330 1209 1332 1187 1331 1209 1332 1186 1333 1186 1333 1209 1332 1210 1334 1186 1333 1210 1334 1185 1335 1185 1335 1210 1334 1211 1336 1185 1335 1211 1336 1184 1337 1184 1337 1211 1336 1212 1338 1184 1337 1212 1338 1183 1339 1183 1339 1212 1338 1213 1340 1183 1339 1213 1340 1182 1341 1182 1341 1213 1340 1214 1342 1182 1341 1214 1342 1181 1343 1181 1343 1214 1342 1215 1344 1181 1343 1215 1344 1180 1345 1180 1345 1215 1344 1216 1346 1180 1345 1216 1346 1179 1347 1179 1347 1216 1346 1217 1348 1179 1347 1217 1348 1178 1349 1178 1349 1217 1348 1218 1350 1178 1349 1218 1350 1177 1351 1177 1351 1218 1350 1219 1352 1177 1351 1219 1352 1176 1353 1176 1353 1219 1352 1220 1354 1176 1353 1220 1354 1175 1355 1175 1355 1220 1354 1221 1356 1175 1355 1221 1356 1174 1357 1174 1357 1221 1356 1222 1358 1174 1357 1222 1358 1173 1359 1173 1359 1222 1358 1223 1360 1173 1359 1223 1360 1172 1361 1172 1361 1223 1360 1224 1362 1172 1361 1224 1362 1171 1363 1171 1363 1224 1362 1225 1364 1171 1363 1225 1364 1170 1365 1170 1365 1225 1364 1226 1366 1170 1365 1226 1366 1169 1367 1169 1367 1226 1366 1227 1368 1169 1367 1227 1368 1168 1369 1168 1369 1227 1368 1228 1370 1168 1369 1228 1370 1167 1371 1167 1371 1228 1370 1229 1372 1167 1371 1229 1372 1166 1373 1166 1373 1229 1372 1230 1374 1166 1373 1230 1374 1165 1375 1165 1375 1230 1374 1231 1376 1165 1375 1231 1376 1164 1377 1164 1377 1231 1376 1232 1378 1164 1377 1232 1378 1163 1307 1163 1307 1232 1378 1233 1308 1235 1379 1307 1380 1234 1381 1234 1381 1307 1380 1271 1382 1234 1381 1271 1382 1270 1383 1270 1383 1271 1382 1272 1384 1270 1383 1272 1384 1269 1385 1269 1385 1272 1384 1273 1386 1269 1385 1273 1386 1268 1387 1268 1387 1273 1386 1274 1388 1268 1387 1274 1388 1267 1389 1267 1389 1274 1388 1275 1390 1267 1389 1275 1390 1266 1391 1266 1391 1275 1390 1276 1392 1266 1391 1276 1392 1265 1393 1265 1393 1276 1392 1277 1394 1265 1393 1277 1394 1264 1395 1264 1395 1277 1394 1278 1396 1264 1395 1278 1396 1263 1397 1263 1397 1278 1396 1279 1398 1263 1397 1279 1398 1262 1399 1262 1399 1279 1398 1280 1400 1262 1399 1280 1400 1261 1401 1261 1401 1280 1400 1281 1402 1261 1401 1281 1402 1260 1403 1260 1403 1281 1402 1282 1404 1260 1403 1282 1404 1259 1405 1259 1405 1282 1404 1283 1406 1259 1405 1283 1406 1258 1407 1258 1407 1283 1406 1284 1408 1258 1407 1284 1408 1257 1409 1257 1409 1284 1408 1285 1410 1257 1409 1285 1410 1256 1411 1256 1411 1285 1410 1286 1412 1256 1411 1286 1412 1255 1413 1255 1413 1286 1412 1287 1414 1255 1413 1287 1414 1254 1415 1254 1415 1287 1414 1288 1416 1254 1415 1288 1416 1253 1417 1253 1417 1288 1416 1289 1418 1253 1417 1289 1418 1252 1419 1252 1419 1289 1418 1290 1420 1252 1419 1290 1420 1251 1421 1251 1421 1290 1420 1291 1422 1251 1421 1291 1422 1250 1423 1250 1423 1291 1422 1292 1424 1250 1423 1292 1424 1249 1425 1249 1425 1292 1424 1293 1426 1249 1425 1293 1426 1248 1427 1248 1427 1293 1426 1294 1428 1248 1427 1294 1428 1247 1429 1247 1429 1294 1428 1295 1430 1247 1429 1295 1430 1246 1431 1246 1431 1295 1430 1296 1432 1246 1431 1296 1432 1245 1433 1245 1433 1296 1432 1297 1434 1245 1433 1297 1434 1244 1435 1244 1435 1297 1434 1298 1436 1244 1435 1298 1436 1243 1437 1243 1437 1298 1436 1299 1438 1243 1437 1299 1438 1242 1439 1242 1439 1299 1438 1300 1440 1242 1439 1300 1440 1241 1441 1241 1441 1300 1440 1301 1442 1241 1441 1301 1442 1240 1443 1240 1443 1301 1442 1302 1444 1240 1443 1302 1444 1239 1445 1239 1445 1302 1444 1303 1446 1239 1445 1303 1446 1238 1447 1238 1447 1303 1446 1304 1448 1238 1447 1304 1448 1237 1449 1237 1449 1304 1448 1305 1450 1237 1449 1305 1450 1236 1451 1236 1451 1305 1450 1306 1452 1236 1451 1306 1452 1235 1379 1235 1379 1306 1452 1307 1380 1197 1453 1235 1454 1162 1455 1162 1455 1235 1454 1234 1456 1162 1455 1234 1456 1270 1457 1235 1454 1197 1453 1236 1458 1236 1458 1197 1453 1196 1459 1236 1458 1196 1459 1237 1460 1237 1460 1196 1459 1195 1461 1237 1460 1195 1461 1238 1462 1238 1462 1195 1461 1194 1463 1238 1462 1194 1463 1239 1464 1239 1464 1194 1463 1193 1465 1239 1464 1193 1465 1240 1466 1240 1466 1193 1465 1192 1467 1240 1466 1192 1467 1241 1468 1241 1468 1192 1467 1191 1469 1241 1468 1191 1469 1242 1470 1242 1470 1191 1469 1190 1471 1242 1470 1190 1471 1243 1472 1243 1472 1190 1471 1189 1473 1243 1472 1189 1473 1244 1474 1244 1474 1189 1473 1188 1475 1244 1474 1188 1475 1245 1476 1245 1476 1188 1475 1187 1477 1245 1476 1187 1477 1246 1478 1246 1478 1187 1477 1186 1479 1246 1478 1186 1479 1247 1480 1247 1480 1186 1479 1185 1481 1247 1480 1185 1481 1248 1482 1248 1482 1185 1481 1184 1483 1248 1482 1184 1483 1249 1484 1249 1484 1184 1483 1183 1485 1249 1484 1183 1485 1250 1486 1250 1486 1183 1485 1182 1487 1250 1486 1182 1487 1251 1488 1251 1488 1182 1487 1181 1489 1251 1488 1181 1489 1252 1490 1252 1490 1181 1489 1180 1491 1252 1490 1180 1491 1253 1492 1253 1492 1180 1491 1179 1493 1253 1492 1179 1493 1254 1494 1254 1494 1179 1493 1178 1495 1254 1494 1178 1495 1255 1496 1255 1496 1178 1495 1177 1497 1255 1496 1177 1497 1256 1498 1256 1498 1177 1497 1176 1499 1256 1498 1176 1499 1257 1500 1257 1500 1176 1499 1175 1501 1257 1500 1175 1501 1258 1502 1258 1502 1175 1501 1174 1503 1258 1502 1174 1503 1259 1504 1259 1504 1174 1503 1173 1505 1259 1504 1173 1505 1260 1506 1260 1506 1173 1505 1172 1507 1260 1506 1172 1507 1261 1508 1261 1508 1172 1507 1171 1509 1261 1508 1171 1509 1262 1510 1262 1510 1171 1509 1170 1511 1262 1510 1170 1511 1263 1512 1263 1512 1170 1511 1169 1513 1263 1512 1169 1513 1264 1514 1264 1514 1169 1513 1168 1515 1264 1514 1168 1515 1265 1516 1265 1516 1168 1515 1167 1517 1265 1516 1167 1517 1266 1518 1266 1518 1167 1517 1166 1519 1266 1518 1166 1519 1267 1520 1267 1520 1166 1519 1165 1521 1267 1520 1165 1521 1268 1522 1268 1522 1165 1521 1164 1523 1268 1522 1164 1523 1269 1524 1269 1524 1164 1523 1163 1525 1269 1524 1163 1525 1270 1457 1270 1457 1163 1525 1162 1455 1309 1526 1355 1527 1308 1528 1308 1528 1355 1527 1332 1529 1308 1528 1332 1529 1331 1530 1331 1530 1332 1529 1333 1531 1331 1530 1333 1531 1330 1532 1330 1532 1333 1531 1334 1533 1330 1532 1334 1533 1329 1534 1329 1534 1334 1533 1335 1535 1329 1534 1335 1535 1328 1536 1328 1536 1335 1535 1336 1537 1328 1536 1336 1537 1327 1538 1327 1538 1336 1537 1337 1539 1327 1538 1337 1539 1326 1540 1326 1540 1337 1539 1338 1541 1326 1540 1338 1541 1325 1542 1325 1542 1338 1541 1339 1543 1325 1542 1339 1543 1324 1544 1324 1544 1339 1543 1340 1545 1324 1544 1340 1545 1323 1546 1323 1546 1340 1545 1341 1547 1323 1546 1341 1547 1322 1548 1322 1548 1341 1547 1342 1549 1322 1548 1342 1549 1321 1550 1321 1550 1342 1549 1343 1551 1321 1550 1343 1551 1320 1552 1320 1552 1343 1551 1344 1553 1320 1552 1344 1553 1319 1554 1319 1554 1344 1553 1345 1555 1319 1554 1345 1555 1318 1556 1318 1556 1345 1555 1346 1557 1318 1556 1346 1557 1317 1558 1317 1558 1346 1557 1347 1559 1317 1558 1347 1559 1316 1560 1316 1560 1347 1559 1348 1561 1316 1560 1348 1561 1315 1562 1315 1562 1348 1561 1349 1563 1315 1562 1349 1563 1314 1564 1314 1564 1349 1563 1350 1565 1314 1564 1350 1565 1313 1566 1313 1566 1350 1565 1351 1567 1313 1566 1351 1567 1312 1568 1312 1568 1351 1567 1352 1569 1312 1568 1352 1569 1311 1570 1311 1570 1352 1569 1353 1571 1311 1570 1353 1571 1310 1572 1310 1572 1353 1571 1354 1573 1310 1572 1354 1573 1309 1526 1309 1526 1354 1573 1355 1527 1357 1574 1403 1575 1356 1576 1356 1576 1403 1575 1380 1577 1356 1576 1380 1577 1379 1578 1379 1578 1380 1577 1381 1579 1379 1578 1381 1579 1378 1580 1378 1580 1381 1579 1382 1581 1378 1580 1382 1581 1377 1582 1377 1582 1382 1581 1383 1583 1377 1582 1383 1583 1376 1584 1376 1584 1383 1583 1384 1585 1376 1584 1384 1585 1375 1586 1375 1586 1384 1585 1385 1587 1375 1586 1385 1587 1374 1588 1374 1588 1385 1587 1386 1589 1374 1588 1386 1589 1373 1590 1373 1590 1386 1589 1387 1591 1373 1590 1387 1591 1372 1592 1372 1592 1387 1591 1388 1593 1372 1592 1388 1593 1371 1594 1371 1594 1388 1593 1389 1595 1371 1594 1389 1595 1370 1596 1370 1596 1389 1595 1390 1597 1370 1596 1390 1597 1369 1598 1369 1598 1390 1597 1391 1599 1369 1598 1391 1599 1368 1600 1368 1600 1391 1599 1392 1601 1368 1600 1392 1601 1367 1602 1367 1602 1392 1601 1393 1603 1367 1602 1393 1603 1366 1604 1366 1604 1393 1603 1394 1605 1366 1604 1394 1605 1365 1606 1365 1606 1394 1605 1395 1607 1365 1606 1395 1607 1364 1608 1364 1608 1395 1607 1396 1609 1364 1608 1396 1609 1363 1610 1363 1610 1396 1609 1397 1611 1363 1610 1397 1611 1362 1612 1362 1612 1397 1611 1398 1613 1362 1612 1398 1613 1361 1614 1361 1614 1398 1613 1399 1615 1361 1614 1399 1615 1360 1616 1360 1616 1399 1615 1400 1617 1360 1616 1400 1617 1359 1618 1359 1618 1400 1617 1401 1619 1359 1618 1401 1619 1358 1620 1358 1620 1401 1619 1402 1621 1358 1620 1402 1621 1357 1574 1357 1574 1402 1621 1403 1575 1309 1622 1308 1623 1356 1624 1356 1624 1308 1623 1331 1625 1356 1624 1331 1625 1357 1626 1357 1626 1331 1625 1330 1627 1357 1626 1330 1627 1358 1628 1358 1628 1330 1627 1329 1629 1358 1628 1329 1629 1359 1630 1359 1630 1329 1629 1328 1631 1359 1630 1328 1631 1360 1632 1360 1632 1328 1631 1327 1633 1360 1632 1327 1633 1361 1634 1361 1634 1327 1633 1326 1635 1361 1634 1326 1635 1362 1636 1362 1636 1326 1635 1363 1637 1363 1637 1326 1635 1325 1638 1363 1637 1325 1638 1364 1639 1364 1639 1325 1638 1324 1640 1364 1639 1324 1640 1365 1641 1365 1641 1324 1640 1323 1642 1365 1641 1323 1642 1366 1643 1366 1643 1323 1642 1322 1644 1366 1643 1322 1644 1367 1645 1367 1645 1322 1644 1321 1646 1367 1645 1321 1646 1368 1647 1368 1647 1321 1646 1320 1648 1368 1647 1320 1648 1369 1649 1369 1649 1320 1648 1319 1650 1369 1649 1319 1650 1318 1651 1369 1649 1318 1651 1370 1652 1370 1652 1318 1651 1317 1653 1370 1652 1317 1653 1371 1654 1371 1654 1317 1653 1316 1655 1371 1654 1316 1655 1372 1656 1372 1656 1316 1655 1315 1657 1372 1656 1315 1657 1373 1658 1373 1658 1315 1657 1314 1659 1373 1658 1314 1659 1374 1660 1374 1660 1314 1659 1375 1661 1375 1661 1314 1659 1313 1662 1375 1661 1313 1662 1376 1663 1376 1663 1313 1662 1312 1664 1376 1663 1312 1664 1377 1665 1377 1665 1312 1664 1311 1666 1377 1665 1311 1666 1378 1667 1378 1667 1311 1666 1310 1668 1378 1667 1310 1668 1379 1669 1379 1669 1310 1668 1309 1622 1379 1669 1309 1622 1356 1624 1307 1670 1082 1671 1271 1672 1271 1672 1082 1671 1728 1673 1271 1672 1728 1673 1272 1674 1272 1674 1728 1673 1273 1675 1273 1675 1728 1673 1274 1676 1274 1676 1728 1673 1729 1677 1274 1676 1729 1677 1275 1678 1275 1678 1729 1677 1276 1679 1276 1679 1729 1677 1277 1680 1277 1680 1729 1677 1730 1681 1277 1680 1730 1681 1278 1682 1278 1682 1730 1681 1279 1683 1279 1683 1730 1681 1280 1684 1280 1684 1730 1681 1281 1685 1281 1685 1730 1681 1731 1686 1281 1685 1731 1686 1282 1687 1282 1687 1731 1686 1283 1688 1283 1688 1731 1686 1284 1689 1284 1689 1731 1686 1386 1690 1284 1689 1386 1690 1285 1691 1285 1691 1386 1690 1385 1692 1285 1691 1385 1692 1286 1693 1286 1693 1385 1692 1384 1694 1286 1693 1384 1694 1287 1695 1287 1695 1384 1694 1383 1696 1287 1695 1383 1696 1288 1697 1288 1697 1383 1696 1382 1698 1288 1697 1382 1698 1381 1699 1082 1671 1307 1670 1083 1700 1083 1700 1307 1670 1306 1701 1083 1700 1306 1701 1305 1702 1083 1700 1305 1702 1084 1703 1084 1703 1305 1702 1304 1704 1084 1703 1304 1704 1303 1705 1084 1703 1303 1705 1085 1706 1085 1706 1303 1705 1302 1707 1085 1706 1302 1707 1301 1708 1085 1706 1301 1708 1086 1709 1086 1709 1301 1708 1300 1710 1086 1709 1300 1710 1299 1711 1086 1709 1299 1711 1087 1712 1087 1712 1299 1711 1298 1713 1087 1712 1298 1713 1297 1714 1087 1712 1297 1714 1088 1715 1088 1715 1297 1714 1296 1716 1088 1715 1296 1716 1295 1717 1088 1715 1295 1717 1089 1718 1089 1718 1295 1717 1294 1719 1089 1718 1294 1719 1090 1720 1090 1720 1294 1719 1293 1721 1090 1720 1293 1721 1399 1722 1399 1722 1293 1721 1400 1723 1400 1723 1293 1721 1292 1724 1400 1723 1292 1724 1401 1725 1401 1725 1292 1724 1291 1726 1401 1725 1291 1726 1402 1727 1402 1727 1291 1726 1403 1728 1403 1728 1291 1726 1290 1729 1403 1728 1290 1729 1380 1730 1380 1730 1290 1729 1289 1731 1380 1730 1289 1731 1381 1699 1381 1699 1289 1731 1288 1697 1090 1720 1399 1722 1091 1732 1091 1732 1399 1722 1398 1733 1091 1732 1398 1733 1790 1734 1790 1734 1398 1733 1397 1735 1790 1734 1397 1735 1789 1736 1789 1736 1397 1735 1396 1737 1789 1736 1396 1737 1395 1738 1789 1736 1395 1738 1788 1739 1788 1739 1395 1738 1394 1740 1788 1739 1394 1740 1393 1741 1788 1739 1393 1741 1787 1742 1787 1742 1393 1741 1392 1743 1787 1742 1392 1743 1391 1744 1787 1742 1391 1744 1786 1745 1786 1745 1391 1744 1390 1746 1786 1745 1390 1746 1389 1747 1786 1745 1389 1747 1785 1748 1785 1748 1389 1747 1388 1749 1785 1748 1388 1749 1611 1750 1611 1750 1388 1749 1610 1751 1610 1751 1388 1749 1609 1752 1609 1752 1388 1749 1387 1753 1609 1752 1387 1753 1608 1754 1608 1754 1387 1753 1732 1755 1608 1754 1732 1755 1733 1756 1387 1753 1386 1690 1732 1755 1732 1755 1386 1690 1731 1686 1427 1757 1404 1758 1695 1759 1695 1759 1404 1758 1405 1760 1695 1759 1405 1760 1694 1761 1694 1761 1405 1760 1406 1762 1694 1761 1406 1762 1407 1763 1694 1761 1407 1763 1693 1764 1693 1764 1407 1763 1408 1765 1693 1764 1408 1765 1409 1766 1693 1764 1409 1766 1692 1767 1692 1767 1409 1766 1410 1768 1692 1767 1410 1768 1411 1769 1692 1767 1411 1769 1691 1770 1691 1770 1411 1769 1412 1771 1691 1770 1412 1771 1413 1772 1691 1770 1413 1772 1690 1773 1690 1773 1413 1772 1414 1774 1690 1773 1414 1774 1415 1775 1690 1773 1415 1775 1689 1776 1689 1776 1415 1775 1416 1777 1689 1776 1416 1777 1688 1778 1688 1778 1416 1777 1687 1779 1687 1779 1416 1777 1417 1780 1687 1779 1417 1780 1686 1781 1686 1781 1417 1780 1418 1782 1686 1781 1418 1782 1419 1783 1686 1781 1419 1783 1760 1784 1760 1784 1419 1783 1420 1785 1760 1784 1420 1785 1759 1786 1759 1786 1420 1785 1421 1787 1759 1786 1421 1787 1422 1788 1422 1788 1423 1789 1759 1786 1759 1786 1423 1789 1758 1790 1758 1790 1423 1789 1424 1791 1758 1790 1424 1791 1425 1792 1426 1793 1697 1794 1425 1792 1425 1792 1697 1794 1698 1795 1425 1792 1698 1795 1758 1790 1758 1790 1698 1795 1757 1796 1757 1796 1698 1795 1699 1797 1757 1796 1699 1797 1756 1798 1756 1798 1699 1797 1700 1799 1756 1798 1700 1799 1701 1800 1697 1794 1426 1793 1696 1801 1696 1801 1426 1793 1427 1757 1696 1801 1427 1757 1695 1759 1429 1802 1665 1803 1428 1804 1428 1804 1665 1803 1666 1805 1428 1804 1666 1805 1667 1806 1665 1803 1429 1802 1664 1807 1664 1807 1429 1802 1430 1808 1664 1807 1430 1808 1431 1809 1664 1807 1431 1809 1663 1810 1663 1810 1431 1809 1432 1811 1663 1810 1432 1811 1433 1812 1663 1810 1433 1812 1662 1813 1662 1813 1433 1812 1434 1814 1662 1813 1434 1814 1435 1815 1662 1813 1435 1815 1661 1816 1661 1816 1435 1815 1436 1817 1661 1816 1436 1817 1437 1818 1661 1816 1437 1818 1660 1819 1660 1819 1437 1818 1438 1820 1660 1819 1438 1820 1439 1821 1660 1819 1439 1821 1659 1822 1659 1822 1439 1821 1440 1823 1659 1822 1440 1823 1441 1824 1659 1822 1441 1824 1658 1825 1658 1825 1441 1824 1442 1826 1658 1825 1442 1826 1657 1827 1657 1827 1442 1826 1443 1828 1657 1827 1443 1828 1656 1829 1656 1829 1443 1828 1770 1830 1656 1829 1770 1830 1771 1831 1443 1828 1444 1832 1770 1830 1770 1830 1444 1832 1769 1833 1769 1833 1444 1832 1445 1834 1769 1833 1445 1834 1446 1835 1446 1835 1447 1836 1769 1833 1769 1833 1447 1836 1448 1837 1769 1833 1448 1837 1768 1838 1768 1838 1448 1837 1449 1839 1768 1838 1449 1839 1668 1840 1668 1840 1449 1839 1450 1841 1668 1840 1450 1841 1451 1842 1668 1840 1451 1842 1667 1806 1667 1806 1451 1842 1428 1804 1475 1843 1452 1844 1636 1845 1636 1845 1452 1844 1453 1846 1636 1845 1453 1846 1635 1847 1635 1847 1453 1846 1454 1848 1635 1847 1454 1848 1634 1849 1634 1849 1454 1848 1455 1850 1634 1849 1455 1850 1456 1851 1634 1849 1456 1851 1633 1852 1633 1852 1456 1851 1457 1853 1633 1852 1457 1853 1632 1854 1632 1854 1457 1853 1458 1855 1632 1854 1458 1855 1459 1856 1632 1854 1459 1856 1631 1857 1631 1857 1459 1856 1460 1858 1631 1857 1460 1858 1630 1859 1630 1859 1460 1858 1461 1860 1630 1859 1461 1860 1462 1861 1630 1859 1462 1861 1629 1862 1629 1862 1462 1861 1463 1863 1629 1862 1463 1863 1628 1864 1628 1864 1463 1863 1464 1865 1628 1864 1464 1865 1465 1866 1628 1864 1465 1866 1627 1867 1627 1867 1465 1866 1466 1868 1627 1867 1466 1868 1467 1869 1627 1867 1467 1869 1626 1870 1626 1870 1467 1869 1468 1871 1626 1870 1468 1871 1469 1872 1626 1870 1469 1872 1780 1873 1780 1873 1469 1872 1470 1874 1780 1873 1470 1874 1471 1875 1472 1876 1638 1877 1471 1875 1471 1875 1638 1877 1779 1878 1471 1875 1779 1878 1780 1873 1472 1876 1473 1879 1638 1877 1638 1877 1473 1879 1637 1880 1637 1880 1473 1879 1474 1881 1637 1880 1474 1881 1475 1843 1637 1880 1475 1843 1636 1845 1499 1882 1476 1883 1605 1884 1605 1884 1476 1883 1477 1885 1605 1884 1477 1885 1604 1886 1604 1886 1477 1885 1478 1887 1604 1886 1478 1887 1479 1888 1604 1886 1479 1888 1603 1889 1603 1889 1479 1888 1480 1890 1603 1889 1480 1890 1481 1891 1603 1889 1481 1891 1602 1892 1602 1892 1481 1891 1482 1893 1602 1892 1482 1893 1483 1894 1602 1892 1483 1894 1601 1895 1601 1895 1483 1894 1484 1896 1601 1895 1484 1896 1485 1897 1601 1895 1485 1897 1600 1898 1600 1898 1485 1897 1486 1899 1600 1898 1486 1899 1487 1900 1600 1898 1487 1900 1599 1901 1599 1901 1487 1900 1488 1902 1599 1901 1488 1902 1598 1903 1598 1903 1488 1902 1597 1904 1597 1904 1488 1902 1489 1905 1597 1904 1489 1905 1596 1906 1596 1906 1489 1905 1490 1907 1596 1906 1490 1907 1491 1908 1491 1908 1492 1909 1596 1906 1596 1906 1492 1909 1493 1910 1596 1906 1493 1910 1494 1911 1495 1912 1608 1754 1494 1911 1494 1911 1608 1754 1733 1756 1494 1911 1733 1756 1596 1906 1596 1906 1733 1756 1734 1913 1596 1906 1734 1913 1595 1914 1595 1914 1734 1913 1594 1915 1594 1915 1734 1913 1593 1916 1593 1916 1734 1913 1735 1917 1593 1916 1735 1917 1834 1918 1834 1918 1735 1917 1833 1919 1833 1919 1735 1917 1832 1920 1832 1920 1735 1917 1736 1921 1832 1920 1736 1921 1831 1922 1831 1922 1736 1921 1581 1923 1831 1922 1581 1923 1830 1924 1830 1924 1581 1923 1829 1925 1829 1925 1581 1923 1582 1926 1829 1925 1582 1926 1828 1927 1828 1927 1582 1926 1583 1928 1828 1927 1583 1928 1827 1929 1827 1929 1583 1928 1584 1930 1827 1929 1584 1930 1826 1931 1826 1931 1584 1930 1585 1932 1826 1931 1585 1932 1825 1933 1825 1933 1585 1932 1824 1934 1824 1934 1585 1932 1586 1935 1824 1934 1586 1935 1823 1936 1823 1936 1586 1935 1822 1937 1822 1937 1586 1935 1587 1938 1822 1937 1587 1938 1821 1939 1821 1939 1587 1938 1820 1940 1820 1940 1587 1938 1588 1941 1820 1940 1588 1941 1819 1942 1819 1942 1588 1941 1818 1943 1818 1943 1588 1941 1589 1944 1818 1943 1589 1944 1817 1945 1817 1945 1589 1944 1816 1946 1816 1946 1589 1944 1590 1947 1816 1946 1590 1947 1815 1948 1815 1948 1590 1947 1591 1949 1815 1948 1591 1949 1838 1950 1838 1950 1591 1949 1592 1951 1838 1950 1592 1951 1837 1952 1837 1952 1592 1951 1593 1916 1837 1952 1593 1916 1836 1953 1836 1953 1593 1916 1835 1954 1835 1954 1593 1916 1834 1918 1495 1912 1496 1955 1608 1754 1608 1754 1496 1955 1497 1956 1608 1754 1497 1956 1607 1957 1607 1957 1497 1956 1498 1958 1607 1957 1498 1958 1606 1959 1606 1959 1498 1958 1499 1882 1606 1959 1499 1882 1605 1884 1501 1960 1575 1961 1500 1962 1500 1962 1575 1961 1576 1963 1500 1962 1576 1963 1577 1964 1575 1961 1501 1960 1574 1965 1574 1965 1501 1960 1502 1966 1574 1965 1502 1966 1503 1967 1574 1965 1503 1967 1573 1968 1573 1968 1503 1967 1504 1969 1573 1968 1504 1969 1505 1970 1573 1968 1505 1970 1572 1971 1572 1971 1505 1970 1506 1972 1572 1971 1506 1972 1507 1973 1572 1971 1507 1973 1571 1974 1571 1974 1507 1973 1508 1975 1571 1974 1508 1975 1509 1976 1571 1974 1509 1976 1570 1977 1570 1977 1509 1976 1510 1978 1570 1977 1510 1978 1511 1979 1570 1977 1511 1979 1569 1980 1569 1980 1511 1979 1512 1981 1569 1980 1512 1981 1513 1982 1569 1980 1513 1982 1568 1983 1568 1983 1513 1982 1514 1984 1568 1983 1514 1984 1567 1985 1567 1985 1514 1984 1515 1986 1567 1985 1515 1986 1566 1987 1566 1987 1515 1986 1516 1988 1566 1987 1516 1988 1738 1989 1738 1989 1516 1988 1517 1990 1738 1989 1517 1990 1737 1991 1737 1991 1517 1990 1518 1992 1737 1991 1518 1992 1519 1993 1519 1993 1520 1994 1737 1991 1737 1991 1520 1994 1521 1995 1737 1991 1521 1995 1578 1996 1578 1996 1521 1995 1522 1997 1578 1996 1522 1997 1523 1998 1578 1996 1523 1998 1577 1964 1577 1964 1523 1998 1500 1962 1547 1999 1524 2000 1726 2001 1726 2001 1524 2000 1525 2002 1726 2001 1525 2002 1725 2003 1725 2003 1525 2002 1526 2004 1725 2003 1526 2004 1724 2005 1724 2005 1526 2004 1527 2006 1724 2005 1527 2006 1528 2007 1724 2005 1528 2007 1723 2008 1723 2008 1528 2007 1529 2009 1723 2008 1529 2009 1722 2010 1722 2010 1529 2009 1530 2011 1722 2010 1530 2011 1531 2012 1722 2010 1531 2012 1721 2013 1721 2013 1531 2012 1532 2014 1721 2013 1532 2014 1720 2015 1720 2015 1532 2014 1533 2016 1720 2015 1533 2016 1534 2017 1720 2015 1534 2017 1719 2018 1719 2018 1534 2017 1535 2019 1719 2018 1535 2019 1718 2020 1718 2020 1535 2019 1536 2021 1718 2020 1536 2021 1537 2022 1718 2020 1537 2022 1717 2023 1717 2023 1537 2022 1538 2024 1717 2023 1538 2024 1539 2025 1717 2023 1539 2025 1716 2026 1716 2026 1539 2025 1540 2027 1716 2026 1540 2027 1541 2028 1716 2026 1541 2028 1748 2029 1748 2029 1541 2028 1542 2030 1748 2029 1542 2030 1747 2031 1747 2031 1542 2030 1543 2032 1747 2031 1543 2032 1548 2033 1548 2033 1543 2032 1544 2034 1548 2033 1544 2034 1545 2035 1548 2033 1545 2035 1727 2036 1727 2036 1545 2035 1546 2037 1727 2036 1546 2037 1547 1999 1727 2036 1547 1999 1726 2001 1549 2038 1745 2039 1548 2033 1548 2033 1745 2039 1746 2040 1548 2033 1746 2040 1747 2031 1549 2038 1550 2041 1745 2039 1745 2039 1550 2041 1744 2042 1744 2042 1550 2041 1551 2043 1744 2042 1551 2043 1743 2044 1743 2044 1551 2043 1742 2045 1742 2045 1551 2043 1807 2046 1742 2045 1807 2046 1808 2047 1807 2046 1551 2043 1806 2048 1806 2048 1551 2043 1552 2049 1806 2048 1552 2049 1805 2050 1805 2050 1552 2049 1553 2051 1805 2050 1553 2051 1804 2052 1804 2052 1553 2051 1803 2053 1803 2053 1553 2051 1554 2054 1803 2053 1554 2054 1802 2055 1802 2055 1554 2054 1801 2056 1801 2056 1554 2054 1555 2057 1801 2056 1555 2057 1800 2058 1800 2058 1555 2057 1799 2059 1799 2059 1555 2057 1556 2060 1799 2059 1556 2060 1798 2061 1798 2061 1556 2060 1797 2062 1797 2062 1556 2060 1557 2063 1797 2062 1557 2063 1796 2064 1796 2064 1557 2063 1558 2065 1796 2064 1558 2065 1795 2066 1795 2066 1558 2065 1794 2067 1794 2067 1558 2065 1559 2068 1794 2067 1559 2068 1793 2069 1793 2069 1559 2068 1560 2070 1793 2069 1560 2070 1792 2071 1792 2071 1560 2070 1561 2072 1792 2071 1561 2072 1791 2073 1791 2073 1561 2072 1562 2074 1791 2073 1562 2074 1814 2075 1814 2075 1562 2074 1563 2076 1814 2075 1563 2076 1813 2077 1813 2077 1563 2076 1812 2078 1812 2078 1563 2076 1811 2079 1811 2079 1563 2076 1741 2080 1811 2079 1741 2080 1810 2081 1810 2081 1741 2080 1809 2082 1809 2082 1741 2080 1742 2045 1809 2082 1742 2045 1808 2047 1741 2080 1563 2076 1740 2083 1740 2083 1563 2076 1564 2084 1740 2083 1564 2084 1739 2085 1739 2085 1564 2084 1565 2086 1739 2085 1565 2086 1738 1989 1738 1989 1565 2086 1566 1987 1578 1996 1579 2087 1737 1991 1737 1991 1579 2087 1736 1921 1736 1921 1579 2087 1580 2088 1736 1921 1580 2088 1581 1923 1612 2089 1852 2090 1611 1750 1611 1750 1852 2090 1853 2091 1611 1750 1853 2091 1854 2092 1852 2090 1612 2089 1851 2093 1851 2093 1612 2089 1613 2094 1851 2093 1613 2094 1850 2095 1850 2095 1613 2094 1614 2096 1850 2095 1614 2096 1849 2097 1849 2097 1614 2096 1615 2098 1849 2097 1615 2098 1848 2099 1848 2099 1615 2098 1616 2100 1848 2099 1616 2100 1847 2101 1847 2101 1616 2100 1846 2102 1846 2102 1616 2100 1617 2103 1846 2102 1617 2103 1845 2104 1845 2104 1617 2103 1618 2105 1845 2104 1618 2105 1844 2106 1844 2106 1618 2105 1843 2107 1843 2107 1618 2105 1619 2108 1843 2107 1619 2108 1842 2109 1842 2109 1619 2108 1841 2110 1841 2110 1619 2108 1620 2111 1841 2110 1620 2111 1840 2112 1840 2112 1620 2111 1839 2113 1839 2113 1620 2111 1621 2114 1839 2113 1621 2114 1862 2115 1862 2115 1621 2114 1861 2116 1861 2116 1621 2114 1622 2117 1861 2116 1622 2117 1860 2118 1860 2118 1622 2117 1623 2119 1860 2118 1623 2119 1859 2120 1859 2120 1623 2119 1858 2121 1858 2121 1623 2119 1857 2122 1857 2122 1623 2119 1783 2123 1857 2122 1783 2123 1611 1750 1611 1750 1783 2123 1784 2124 1611 1750 1784 2124 1785 1748 1783 2123 1623 2119 1782 2125 1782 2125 1623 2119 1624 2126 1782 2125 1624 2126 1625 2127 1782 2125 1625 2127 1781 2128 1781 2128 1625 2127 1626 1870 1781 2128 1626 1870 1780 1873 1779 1878 1638 1877 1778 2129 1778 2129 1638 1877 1639 2130 1778 2129 1639 2130 1777 2131 1777 2131 1639 2130 1640 2132 1777 2131 1640 2132 1641 2133 1642 2134 1878 2135 1641 2133 1641 2133 1878 2135 1879 2136 1641 2133 1879 2136 1775 2137 1775 2137 1879 2136 1880 2138 1775 2137 1880 2138 1774 2139 1774 2139 1880 2138 1881 2140 1774 2139 1881 2140 1882 2141 1878 2135 1642 2134 1877 2142 1877 2142 1642 2134 1643 2143 1877 2142 1643 2143 1876 2144 1876 2144 1643 2143 1875 2145 1875 2145 1643 2143 1644 2146 1875 2145 1644 2146 1874 2147 1874 2147 1644 2146 1873 2148 1873 2148 1644 2146 1645 2149 1873 2148 1645 2149 1872 2150 1872 2150 1645 2149 1871 2151 1871 2151 1645 2149 1646 2152 1871 2151 1646 2152 1870 2153 1870 2153 1646 2152 1869 2154 1869 2154 1646 2152 1647 2155 1869 2154 1647 2155 1868 2156 1868 2156 1647 2155 1648 2157 1868 2156 1648 2157 1867 2158 1867 2158 1648 2157 1866 2159 1866 2159 1648 2157 1649 2160 1866 2159 1649 2160 1865 2161 1865 2161 1649 2160 1650 2162 1865 2161 1650 2162 1864 2163 1864 2163 1650 2162 1651 2164 1864 2163 1651 2164 1863 2165 1863 2165 1651 2164 1652 2166 1863 2165 1652 2166 1886 2167 1886 2167 1652 2166 1653 2168 1886 2167 1653 2168 1885 2169 1885 2169 1653 2168 1884 2170 1884 2170 1653 2168 1883 2171 1883 2171 1653 2168 1773 2172 1883 2171 1773 2172 1774 2139 1773 2172 1653 2168 1772 2173 1772 2173 1653 2168 1654 2174 1772 2173 1654 2174 1655 2175 1772 2173 1655 2175 1771 1831 1771 1831 1655 2175 1656 1829 1768 1838 1668 1840 1767 2176 1767 2176 1668 1840 1669 2177 1767 2176 1669 2177 1766 2178 1766 2178 1669 2177 1670 2179 1766 2178 1670 2179 1671 2180 1672 2181 1901 2182 1671 2180 1671 2180 1901 2182 1902 2183 1671 2180 1902 2183 1765 2184 1765 2184 1902 2183 1903 2185 1765 2184 1903 2185 1764 2186 1764 2186 1903 2185 1904 2187 1764 2186 1904 2187 1905 2188 1901 2182 1672 2181 1900 2189 1900 2189 1672 2181 1673 2190 1900 2189 1673 2190 1899 2191 1899 2191 1673 2190 1674 2192 1899 2191 1674 2192 1898 2193 1898 2193 1674 2192 1675 2194 1898 2193 1675 2194 1897 2195 1897 2195 1675 2194 1896 2196 1896 2196 1675 2194 1676 2197 1896 2196 1676 2197 1895 2198 1895 2198 1676 2197 1894 2199 1894 2199 1676 2197 1677 2200 1894 2199 1677 2200 1893 2201 1893 2201 1677 2200 1892 2202 1892 2202 1677 2200 1678 2203 1892 2202 1678 2203 1891 2204 1891 2204 1678 2203 1890 2205 1890 2205 1678 2203 1679 2206 1890 2205 1679 2206 1889 2207 1889 2207 1679 2206 1888 2208 1888 2208 1679 2206 1680 2209 1888 2208 1680 2209 1887 2210 1887 2210 1680 2209 1681 2211 1887 2210 1681 2211 1910 2212 1910 2212 1681 2211 1682 2213 1910 2212 1682 2213 1909 2214 1909 2214 1682 2213 1683 2215 1909 2214 1683 2215 1908 2216 1908 2216 1683 2215 1763 2217 1908 2216 1763 2217 1907 2218 1907 2218 1763 2217 1764 2186 1907 2218 1764 2186 1906 2219 1906 2219 1764 2186 1905 2188 1763 2217 1683 2215 1762 2220 1762 2220 1683 2215 1684 2221 1762 2220 1684 2221 1761 2222 1761 2222 1684 2221 1685 2223 1761 2222 1685 2223 1686 1781 1702 2224 1924 2225 1701 1800 1701 1800 1924 2225 1925 2226 1701 1800 1925 2226 1926 2227 1924 2225 1702 2224 1923 2228 1923 2228 1702 2224 1703 2229 1923 2228 1703 2229 1922 2230 1922 2230 1703 2229 1704 2231 1922 2230 1704 2231 1921 2232 1921 2232 1704 2231 1705 2233 1921 2232 1705 2233 1920 2234 1920 2234 1705 2233 1706 2235 1920 2234 1706 2235 1919 2236 1919 2236 1706 2235 1918 2237 1918 2237 1706 2235 1707 2238 1918 2237 1707 2238 1917 2239 1917 2239 1707 2238 1708 2240 1917 2239 1708 2240 1916 2241 1916 2241 1708 2240 1915 2242 1915 2242 1708 2240 1709 2243 1915 2242 1709 2243 1914 2244 1914 2244 1709 2243 1913 2245 1913 2245 1709 2243 1710 2246 1913 2245 1710 2246 1912 2247 1912 2247 1710 2246 1911 2248 1911 2248 1710 2246 1711 2249 1911 2248 1711 2249 1934 2250 1934 2250 1711 2249 1933 2251 1933 2251 1711 2249 1712 2252 1933 2251 1712 2252 1932 2253 1932 2253 1712 2252 1713 2254 1932 2253 1713 2254 1931 2255 1931 2255 1713 2254 1753 2256 1931 2255 1753 2256 1930 2257 1930 2257 1753 2256 1929 2258 1929 2258 1753 2256 1754 2259 1929 2258 1754 2259 1928 2260 1928 2260 1754 2259 1927 2261 1927 2261 1754 2259 1755 2262 1927 2261 1755 2262 1701 1800 1701 1800 1755 2262 1756 1798 1714 2263 1751 2264 1713 2254 1713 2254 1751 2264 1752 2265 1713 2254 1752 2265 1753 2256 1714 2263 1715 2266 1751 2264 1751 2264 1715 2266 1750 2267 1750 2267 1715 2266 1716 2026 1750 2267 1716 2026 1749 2268 1749 2268 1716 2026 1748 2029 1092 2269 1091 1732 1790 1734 1082 1671 1081 2270 1728 1673 1760 1784 1761 2222 1686 1781 1765 2184 1766 2178 1671 2180 1775 2137 1776 2271 1641 2133 1641 2133 1776 2271 1777 2131 1854 2092 1855 2272 1611 1750 1611 1750 1855 2272 1856 2273 1611 1750 1856 2273 1857 2122 1882 2141 1883 2171 1774 2139 1926 2227 1927 2261 1701 1800 1355 2274 1345 2275 1332 2276 1332 2276 1345 2275 1344 2277 1332 2276 1344 2277 1333 2278 1333 2278 1344 2277 1343 2279 1333 2278 1343 2279 1334 2280 1334 2280 1343 2279 1342 2281 1334 2280 1342 2281 1335 2282 1335 2282 1342 2281 1341 2283 1335 2282 1341 2283 1336 2284 1336 2284 1341 2283 1340 2285 1336 2284 1340 2285 1337 2286 1337 2286 1340 2285 1339 2287 1337 2286 1339 2287 1338 2288 1345 2275 1355 2274 1346 2289 1346 2289 1355 2274 1354 2290 1346 2289 1354 2290 1347 2291 1347 2291 1354 2290 1353 2292 1347 2291 1353 2292 1348 2293 1348 2293 1353 2292 1352 2294 1348 2293 1352 2294 1349 2295 1349 2295 1352 2294 1351 2296 1349 2295 1351 2296 1350 2297 1935 2298 1936 2299 1938 2300 1938 2300 1936 2299 1937 2301 1954 2302 1939 2303 1953 2304 1953 2304 1939 2303 1940 2305 1953 2304 1940 2305 1941 2306 1953 2304 1941 2306 1952 2307 1952 2307 1941 2306 1942 2308 1952 2307 1942 2308 1951 2309 1951 2309 1942 2308 1943 2310 1951 2309 1943 2310 1950 2311 1950 2311 1943 2310 1944 2312 1950 2311 1944 2312 1949 2313 1949 2313 1944 2312 1945 2314 1949 2313 1945 2314 1948 2315 1948 2315 1945 2314 1946 2316 1948 2315 1946 2316 1947 2317 1947 2317 1946 2316 1938 2318 1938 2318 1946 2316 1935 2319 1955 2320 1939 2321 1956 2322 1956 2322 1939 2321 1954 2323 1937 2324 1936 2325 1970 2326 1970 2326 1936 2325 1957 2327 1970 2326 1957 2327 1958 2328 1970 2326 1958 2328 1969 2329 1969 2329 1958 2328 1959 2330 1969 2329 1959 2330 1968 2331 1968 2331 1959 2330 1960 2332 1968 2331 1960 2332 1967 2333 1967 2333 1960 2332 1961 2334 1967 2333 1961 2334 1966 2335 1966 2335 1961 2334 1962 2336 1966 2335 1962 2336 1965 2337 1965 2337 1962 2336 1963 2338 1965 2337 1963 2338 1964 2339 1964 2339 1963 2338 1956 2340 1956 2340 1963 2338 1955 2341 1938 2342 1937 2343 1947 2344 1947 2344 1937 2343 1970 2345 1947 2344 1970 2345 1948 2346 1948 2346 1970 2345 1969 2347 1948 2346 1969 2347 1949 2348 1949 2348 1969 2347 1968 2349 1949 2348 1968 2349 1950 2350 1950 2350 1968 2349 1967 2351 1950 2350 1967 2351 1966 2352 1950 2350 1966 2352 1951 2353 1951 2353 1966 2352 1965 2354 1951 2353 1965 2354 1952 2355 1952 2355 1965 2354 1964 2356 1952 2355 1964 2356 1953 2357 1953 2357 1964 2356 1956 2358 1953 2357 1956 2358 1954 2359 1971 2360 1972 2361 1974 2362 1974 2362 1972 2361 1973 2363 1990 2364 1975 2365 1989 2366 1989 2366 1975 2365 1976 2367 1989 2366 1976 2367 1988 2368 1988 2368 1976 2367 1977 2369 1988 2368 1977 2369 1987 2370 1987 2370 1977 2369 1978 2371 1987 2370 1978 2371 1986 2372 1986 2372 1978 2371 1979 2373 1986 2372 1979 2373 1985 2374 1985 2374 1979 2373 1980 2375 1985 2374 1980 2375 1984 2376 1984 2376 1980 2375 1981 2377 1984 2376 1981 2377 1983 2378 1983 2378 1981 2377 1982 2379 1983 2378 1982 2379 1974 2380 1974 2380 1982 2379 1971 2381 1991 2382 1975 2383 1992 2384 1992 2384 1975 2383 1990 2385 1973 2386 1972 2387 2006 2388 2006 2388 1972 2387 1993 2389 2006 2388 1993 2389 2005 2390 2005 2390 1993 2389 1994 2391 2005 2390 1994 2391 2004 2392 2004 2392 1994 2391 1995 2393 2004 2392 1995 2393 2003 2394 2003 2394 1995 2393 1996 2395 2003 2394 1996 2395 2002 2396 2002 2396 1996 2395 1997 2397 2002 2396 1997 2397 2001 2398 2001 2398 1997 2397 1998 2399 2001 2398 1998 2399 2000 2400 2000 2400 1998 2399 1999 2401 2000 2400 1999 2401 1992 2402 1992 2402 1999 2401 1991 2403 1935 2404 1973 2405 1936 2406 1936 2406 1973 2405 2006 2407 1936 2406 2006 2407 1957 2408 1957 2408 2006 2407 2005 2409 1957 2408 2005 2409 1958 2410 1958 2410 2005 2409 2004 2411 1958 2410 2004 2411 1959 2412 1959 2412 2004 2411 2003 2413 1959 2412 2003 2413 1960 2414 1960 2414 2003 2413 1961 2415 1961 2415 2003 2413 2002 2416 1961 2415 2002 2416 1962 2417 1962 2417 2002 2416 2001 2418 1962 2417 2001 2418 1963 2419 1963 2419 2001 2418 2000 2420 1963 2419 2000 2420 1955 2421 1955 2421 2000 2420 1992 2422 1955 2421 1992 2422 1939 2423 1939 2423 1992 2422 1990 2424 1939 2423 1990 2424 1989 2425 1946 2426 1983 2427 1935 2404 1935 2404 1983 2427 1974 2428 1935 2404 1974 2428 1973 2405 1983 2427 1946 2426 1984 2429 1984 2429 1946 2426 1945 2430 1984 2429 1945 2430 1985 2431 1985 2431 1945 2430 1944 2432 1985 2431 1944 2432 1986 2433 1986 2433 1944 2432 1943 2434 1986 2433 1943 2434 1942 2435 1986 2433 1942 2435 1987 2436 1987 2436 1942 2435 1941 2437 1987 2436 1941 2437 1988 2438 1988 2438 1941 2437 1940 2439 1988 2438 1940 2439 1989 2425 1989 2425 1940 2439 1939 2423 2008 2440 2057 2441 2007 2442 2007 2442 2057 2441 2031 2443 2007 2442 2031 2443 2032 2444 2057 2441 2008 2440 2056 2445 2056 2445 2008 2440 2009 2446 2056 2445 2009 2446 2055 2447 2055 2447 2009 2446 2010 2448 2055 2447 2010 2448 2054 2449 2054 2449 2010 2448 2011 2450 2054 2449 2011 2450 2053 2451 2053 2451 2011 2450 2012 2452 2053 2451 2012 2452 2052 2453 2052 2453 2012 2452 2013 2454 2052 2453 2013 2454 2051 2455 2051 2455 2013 2454 2014 2456 2051 2455 2014 2456 2050 2457 2050 2457 2014 2456 2015 2458 2050 2457 2015 2458 2049 2459 2049 2459 2015 2458 2048 2460 2048 2460 2015 2458 2016 2461 2048 2460 2016 2461 2047 2462 2047 2462 2016 2461 2017 2463 2047 2462 2017 2463 2046 2464 2046 2464 2017 2463 2018 2465 2046 2464 2018 2465 2045 2466 2045 2466 2018 2465 2019 2467 2045 2466 2019 2467 2044 2468 2044 2468 2019 2467 2020 2469 2044 2468 2020 2469 2043 2470 2043 2470 2020 2469 2021 2471 2043 2470 2021 2471 2042 2472 2042 2472 2021 2471 2022 2473 2042 2472 2022 2473 2041 2474 2041 2474 2022 2473 2023 2475 2041 2474 2023 2475 2040 2476 2040 2476 2023 2475 2039 2477 2039 2477 2023 2475 2024 2478 2039 2477 2024 2478 2038 2479 2038 2479 2024 2478 2025 2480 2038 2479 2025 2480 2037 2481 2037 2481 2025 2480 2026 2482 2037 2481 2026 2482 2036 2483 2036 2483 2026 2482 2027 2484 2036 2483 2027 2484 2035 2485 2035 2485 2027 2484 2028 2486 2035 2485 2028 2486 2034 2487 2034 2487 2028 2486 2029 2488 2034 2487 2029 2488 2033 2489 2033 2489 2029 2488 2030 2490 2033 2489 2030 2490 2032 2444 2032 2444 2030 2490 2007 2442 2030 2491 2020 2492 2007 2493 2007 2493 2020 2492 2019 2494 2007 2493 2019 2494 2008 2495 2008 2495 2019 2494 2018 2496 2008 2495 2018 2496 2009 2497 2009 2497 2018 2496 2017 2498 2009 2497 2017 2498 2010 2499 2010 2499 2017 2498 2016 2500 2010 2499 2016 2500 2011 2501 2011 2501 2016 2500 2015 2502 2011 2501 2015 2502 2012 2503 2012 2503 2015 2502 2014 2504 2012 2503 2014 2504 2013 2505 2020 2492 2030 2491 2021 2506 2021 2506 2030 2491 2029 2507 2021 2506 2029 2507 2022 2508 2022 2508 2029 2507 2028 2509 2022 2508 2028 2509 2023 2510 2023 2510 2028 2509 2027 2511 2023 2510 2027 2511 2024 2512 2024 2512 2027 2511 2026 2513 2024 2512 2026 2513 2025 2514 2058 2515 2059 2516 2061 2517 2061 2517 2059 2516 2060 2518 2062 2519 2063 2520 2065 2521 2065 2521 2063 2520 2064 2522 2073 2523 2066 2524 2072 2525 2072 2525 2066 2524 2067 2526 2072 2525 2067 2526 2071 2527 2071 2527 2067 2526 2068 2528 2071 2527 2068 2528 2070 2529 2070 2529 2068 2528 2069 2530 2070 2529 2069 2530 2065 2531 2065 2531 2069 2530 2062 2532 2074 2533 2066 2534 2075 2535 2075 2535 2066 2534 2073 2536 2076 2537 2077 2538 2079 2539 2079 2539 2077 2538 2078 2540 2087 2541 2080 2542 2086 2543 2086 2543 2080 2542 2081 2544 2086 2543 2081 2544 2085 2545 2085 2545 2081 2544 2082 2546 2085 2545 2082 2546 2084 2547 2084 2547 2082 2546 2083 2548 2084 2547 2083 2548 2079 2549 2079 2549 2083 2548 2076 2550 2088 2551 2080 2552 2089 2553 2089 2553 2080 2552 2087 2554 2090 2555 2091 2556 2093 2557 2093 2557 2091 2556 2092 2558 2101 2559 2094 2560 2100 2561 2100 2561 2094 2560 2095 2562 2100 2561 2095 2562 2099 2563 2099 2563 2095 2562 2096 2564 2099 2563 2096 2564 2098 2565 2098 2565 2096 2564 2097 2566 2098 2565 2097 2566 2093 2567 2093 2567 2097 2566 2090 2568 2102 2569 2094 2570 2103 2571 2103 2571 2094 2570 2101 2572 2104 2573 2105 2574 2107 2575 2107 2575 2105 2574 2106 2576 2060 2577 2059 2578 2113 2579 2113 2579 2059 2578 2108 2580 2113 2579 2108 2580 2112 2581 2112 2581 2108 2580 2109 2582 2112 2581 2109 2582 2111 2583 2111 2583 2109 2582 2110 2584 2111 2583 2110 2584 2107 2585 2107 2585 2110 2584 2104 2586 2057 2587 2107 2588 2031 2589 2031 2589 2107 2588 2116 2590 2031 2589 2116 2590 2101 2591 2101 2591 2116 2590 2117 2592 2101 2591 2117 2592 2118 2593 2057 2587 2056 2594 2107 2588 2107 2588 2056 2594 2111 2595 2111 2595 2056 2594 2055 2596 2111 2595 2055 2596 2112 2597 2112 2597 2055 2596 2054 2598 2112 2597 2054 2598 2113 2599 2113 2599 2054 2598 2053 2600 2113 2599 2053 2600 2060 2601 2060 2601 2053 2600 2052 2602 2060 2601 2052 2602 2051 2603 2050 2604 2065 2605 2051 2603 2051 2603 2065 2605 2131 2606 2051 2603 2131 2606 2060 2601 2060 2601 2131 2606 2132 2607 2060 2601 2132 2607 2133 2608 2050 2604 2049 2609 2065 2605 2065 2605 2049 2609 2070 2610 2070 2610 2049 2609 2048 2611 2070 2610 2048 2611 2071 2612 2071 2612 2048 2611 2047 2613 2071 2612 2047 2613 2072 2614 2072 2614 2047 2613 2073 2615 2073 2615 2047 2613 2046 2616 2073 2615 2046 2616 2045 2617 2045 2617 2044 2618 2073 2615 2073 2615 2044 2618 2126 2619 2073 2615 2126 2619 2127 2620 2126 2619 2044 2618 2079 2621 2079 2621 2044 2618 2043 2622 2079 2621 2043 2622 2042 2623 2041 2624 2085 2625 2042 2623 2042 2623 2085 2625 2084 2626 2042 2623 2084 2626 2079 2621 2085 2625 2041 2624 2086 2627 2086 2627 2041 2624 2040 2628 2086 2627 2040 2628 2087 2629 2087 2629 2040 2628 2039 2630 2087 2629 2039 2630 2038 2631 2037 2632 2093 2633 2038 2631 2038 2631 2093 2633 2121 2634 2038 2631 2121 2634 2087 2629 2087 2629 2121 2634 2122 2635 2087 2629 2122 2635 2123 2636 2037 2632 2036 2637 2093 2633 2093 2633 2036 2637 2098 2638 2098 2638 2036 2637 2035 2639 2098 2638 2035 2639 2099 2640 2099 2640 2035 2639 2034 2641 2099 2640 2034 2641 2100 2642 2100 2642 2034 2641 2033 2643 2100 2642 2033 2643 2101 2591 2101 2591 2033 2643 2032 2644 2101 2591 2032 2644 2031 2589 2106 2645 2114 2646 2107 2588 2107 2588 2114 2646 2115 2647 2107 2588 2115 2647 2116 2590 2118 2593 2103 2648 2101 2591 2092 2649 2119 2650 2093 2633 2093 2633 2119 2650 2120 2651 2093 2633 2120 2651 2121 2634 2123 2636 2089 2652 2087 2629 2078 2653 2124 2654 2079 2621 2079 2621 2124 2654 2125 2655 2079 2621 2125 2655 2126 2619 2127 2620 2128 2656 2073 2615 2073 2615 2128 2656 2075 2657 2064 2658 2129 2659 2065 2605 2065 2605 2129 2659 2130 2660 2065 2605 2130 2660 2131 2606 2133 2608 2061 2661 2060 2601 2105 2662 2104 2663 2138 2664 2138 2664 2104 2663 2110 2665 2138 2664 2110 2665 2137 2666 2137 2666 2110 2665 2109 2667 2137 2666 2109 2667 2136 2668 2136 2668 2109 2667 2135 2669 2135 2669 2109 2667 2108 2670 2135 2669 2108 2670 2134 2671 2134 2671 2108 2670 2059 2672 2134 2671 2059 2672 2058 2673 2091 2674 2090 2675 2143 2676 2143 2676 2090 2675 2097 2677 2143 2676 2097 2677 2142 2678 2142 2678 2097 2677 2096 2679 2142 2678 2096 2679 2141 2680 2141 2680 2096 2679 2140 2681 2140 2681 2096 2679 2095 2682 2140 2681 2095 2682 2139 2683 2139 2683 2095 2682 2094 2684 2139 2683 2094 2684 2102 2685 2074 2686 2144 2687 2066 2688 2066 2688 2144 2687 2067 2689 2067 2689 2144 2687 2145 2690 2067 2689 2145 2690 2068 2691 2068 2691 2145 2690 2146 2692 2068 2691 2146 2692 2147 2693 2068 2691 2147 2693 2069 2694 2069 2694 2147 2693 2148 2695 2069 2694 2148 2695 2062 2696 2062 2696 2148 2695 2063 2697 2103 2698 2156 2699 2102 2700 2102 2700 2156 2699 2157 2701 2102 2700 2157 2701 2139 2702 2139 2702 2157 2701 2158 2703 2139 2702 2158 2703 2140 2704 2140 2704 2158 2703 2159 2705 2140 2704 2159 2705 2141 2706 2141 2706 2159 2705 2160 2707 2141 2706 2160 2707 2142 2708 2142 2708 2160 2707 2161 2709 2142 2708 2161 2709 2143 2710 2143 2710 2161 2709 2162 2711 2143 2710 2162 2711 2091 2712 2091 2712 2162 2711 2163 2713 2091 2712 2163 2713 2119 2714 2119 2714 2163 2713 2120 2715 2120 2715 2163 2713 2164 2716 2120 2715 2164 2716 2121 2717 2121 2717 2164 2716 2165 2718 2121 2717 2165 2718 2122 2719 2122 2719 2165 2718 2166 2720 2122 2719 2166 2720 2123 2721 2123 2721 2166 2720 2167 2722 2123 2721 2167 2722 2089 2723 2089 2723 2167 2722 2088 2724 2088 2724 2167 2722 2168 2725 2088 2724 2168 2725 2153 2726 2153 2726 2168 2725 2169 2727 2153 2726 2169 2727 2152 2728 2152 2728 2169 2727 2170 2729 2152 2728 2170 2729 2151 2730 2151 2730 2170 2729 2171 2731 2151 2730 2171 2731 2150 2732 2150 2732 2171 2731 2149 2733 2149 2733 2171 2731 2172 2734 2149 2733 2172 2734 2077 2735 2077 2735 2172 2734 2173 2736 2077 2735 2173 2736 2078 2737 2078 2737 2173 2736 2124 2738 2124 2738 2173 2736 2174 2739 2124 2738 2174 2739 2125 2740 2125 2740 2174 2739 2175 2741 2125 2740 2175 2741 2126 2742 2126 2742 2175 2741 2176 2743 2126 2742 2176 2743 2127 2744 2127 2744 2176 2743 2177 2745 2127 2744 2177 2745 2128 2746 2128 2746 2177 2745 2178 2747 2128 2746 2178 2747 2075 2748 2075 2748 2178 2747 2074 2749 2074 2749 2178 2747 2179 2750 2074 2749 2179 2750 2144 2751 2144 2751 2179 2750 2180 2752 2144 2751 2180 2752 2145 2753 2145 2753 2180 2752 2146 2754 2146 2754 2180 2752 2181 2755 2146 2754 2181 2755 2147 2756 2147 2756 2181 2755 2182 2757 2147 2756 2182 2757 2148 2758 2148 2758 2182 2757 2183 2759 2148 2758 2183 2759 2063 2760 2063 2760 2183 2759 2184 2761 2063 2760 2184 2761 2064 2762 2064 2762 2184 2761 2129 2763 2129 2763 2184 2761 2185 2764 2129 2763 2185 2764 2130 2765 2130 2765 2185 2764 2186 2766 2130 2765 2186 2766 2131 2767 2131 2767 2186 2766 2187 2768 2131 2767 2187 2768 2132 2769 2132 2769 2187 2768 2188 2770 2132 2769 2188 2770 2133 2771 2133 2771 2188 2770 2058 2772 2133 2771 2058 2772 2061 2773 2103 2698 2118 2774 2156 2699 2156 2699 2118 2774 2155 2775 2155 2775 2118 2774 2117 2776 2155 2775 2117 2776 2154 2777 2154 2777 2117 2776 2116 2778 2154 2777 2116 2778 2115 2779 2154 2777 2115 2779 2196 2780 2196 2780 2115 2779 2114 2781 2196 2780 2114 2781 2195 2782 2195 2782 2114 2781 2105 2783 2195 2782 2105 2783 2194 2784 2194 2784 2105 2783 2138 2785 2194 2784 2138 2785 2193 2786 2193 2786 2138 2785 2137 2787 2193 2786 2137 2787 2192 2788 2192 2788 2137 2787 2136 2789 2192 2788 2136 2789 2191 2790 2191 2790 2136 2789 2135 2791 2191 2790 2135 2791 2190 2792 2190 2792 2135 2791 2134 2793 2190 2792 2134 2793 2189 2794 2189 2794 2134 2793 2058 2772 2189 2794 2058 2772 2188 2770 2114 2781 2106 2795 2105 2783 2119 2714 2092 2796 2091 2712 2088 2797 2153 2798 2080 2799 2080 2799 2153 2798 2081 2800 2081 2800 2153 2798 2152 2801 2081 2800 2152 2801 2082 2802 2082 2802 2152 2801 2151 2803 2082 2802 2151 2803 2150 2804 2082 2802 2150 2804 2083 2805 2083 2805 2150 2804 2149 2806 2083 2805 2149 2806 2076 2807 2076 2807 2149 2806 2077 2808 2198 2809 2244 2810 2197 2811 2197 2811 2244 2810 2221 2812 2197 2811 2221 2812 2220 2813 2220 2813 2221 2812 2222 2814 2220 2813 2222 2814 2219 2815 2219 2815 2222 2814 2223 2816 2219 2815 2223 2816 2218 2817 2218 2817 2223 2816 2224 2818 2218 2817 2224 2818 2217 2819 2217 2819 2224 2818 2225 2820 2217 2819 2225 2820 2216 2821 2216 2821 2225 2820 2226 2822 2216 2821 2226 2822 2215 2823 2215 2823 2226 2822 2227 2824 2215 2823 2227 2824 2214 2825 2214 2825 2227 2824 2228 2826 2214 2825 2228 2826 2213 2827 2213 2827 2228 2826 2229 2828 2213 2827 2229 2828 2212 2829 2212 2829 2229 2828 2230 2830 2212 2829 2230 2830 2211 2831 2211 2831 2230 2830 2231 2832 2211 2831 2231 2832 2210 2833 2210 2833 2231 2832 2232 2834 2210 2833 2232 2834 2209 2835 2209 2835 2232 2834 2233 2836 2209 2835 2233 2836 2208 2837 2208 2837 2233 2836 2234 2838 2208 2837 2234 2838 2207 2839 2207 2839 2234 2838 2235 2840 2207 2839 2235 2840 2206 2841 2206 2841 2235 2840 2236 2842 2206 2841 2236 2842 2205 2843 2205 2843 2236 2842 2237 2844 2205 2843 2237 2844 2204 2845 2204 2845 2237 2844 2238 2846 2204 2845 2238 2846 2203 2847 2203 2847 2238 2846 2239 2848 2203 2847 2239 2848 2202 2849 2202 2849 2239 2848 2240 2850 2202 2849 2240 2850 2201 2851 2201 2851 2240 2850 2241 2852 2201 2851 2241 2852 2200 2853 2200 2853 2241 2852 2242 2854 2200 2853 2242 2854 2199 2855 2199 2855 2242 2854 2243 2856 2199 2855 2243 2856 2198 2809 2198 2809 2243 2856 2244 2810 2246 2857 1912 2858 2245 2859 2245 2859 1912 2858 1911 2860 2245 2859 1911 2860 2268 2861 2268 2861 1911 2860 1934 2862 2268 2861 1934 2862 2267 2863 2267 2863 1934 2862 1933 2864 2267 2863 1933 2864 2266 2865 2266 2865 1933 2864 1932 2866 2266 2865 1932 2866 2265 2867 2265 2867 1932 2866 1931 2868 2265 2867 1931 2868 2264 2869 2264 2869 1931 2868 1930 2870 2264 2869 1930 2870 2263 2871 2263 2871 1930 2870 1929 2872 2263 2871 1929 2872 2262 2873 2262 2873 1929 2872 1928 2874 2262 2873 1928 2874 2261 2875 2261 2875 1928 2874 1927 2876 2261 2875 1927 2876 2260 2877 2260 2877 1927 2876 1926 2878 2260 2877 1926 2878 2259 2879 2259 2879 1926 2878 1925 2880 2259 2879 1925 2880 2258 2881 2258 2881 1925 2880 1924 2882 2258 2881 1924 2882 2257 2883 2257 2883 1924 2882 1923 2884 2257 2883 1923 2884 2256 2885 2256 2885 1923 2884 1922 2886 2256 2885 1922 2886 2255 2887 2255 2887 1922 2886 1921 2888 2255 2887 1921 2888 2254 2889 2254 2889 1921 2888 1920 2890 2254 2889 1920 2890 2253 2891 2253 2891 1920 2890 1919 2892 2253 2891 1919 2892 2252 2893 2252 2893 1919 2892 1918 2894 2252 2893 1918 2894 2251 2895 2251 2895 1918 2894 1917 2896 2251 2895 1917 2896 2250 2897 2250 2897 1917 2896 1916 2898 2250 2897 1916 2898 2249 2899 2249 2899 1916 2898 1915 2900 2249 2899 1915 2900 2248 2901 2248 2901 1915 2900 1914 2902 2248 2901 1914 2902 2247 2903 2247 2903 1914 2902 1913 2904 2247 2903 1913 2904 2246 2857 2246 2857 1913 2904 1912 2858 2198 2905 2197 2906 2245 2907 2245 2907 2197 2906 2220 2908 2245 2907 2220 2908 2246 2909 2246 2909 2220 2908 2219 2910 2246 2909 2219 2910 2247 2911 2247 2911 2219 2910 2218 2912 2247 2911 2218 2912 2248 2913 2248 2913 2218 2912 2217 2914 2248 2913 2217 2914 2249 2915 2249 2915 2217 2914 2216 2916 2249 2915 2216 2916 2250 2917 2250 2917 2216 2916 2215 2918 2250 2917 2215 2918 2251 2919 2251 2919 2215 2918 2252 2920 2252 2920 2215 2918 2214 2921 2252 2920 2214 2921 2253 2922 2253 2922 2214 2921 2213 2923 2253 2922 2213 2923 2254 2924 2254 2924 2213 2923 2212 2925 2254 2924 2212 2925 2255 2926 2255 2926 2212 2925 2211 2927 2255 2926 2211 2927 2256 2928 2256 2928 2211 2927 2210 2929 2256 2928 2210 2929 2257 2930 2257 2930 2210 2929 2209 2931 2257 2930 2209 2931 2258 2932 2258 2932 2209 2931 2208 2933 2258 2932 2208 2933 2207 2934 2258 2932 2207 2934 2259 2935 2259 2935 2207 2934 2206 2936 2259 2935 2206 2936 2260 2937 2260 2937 2206 2936 2205 2938 2260 2937 2205 2938 2261 2939 2261 2939 2205 2938 2204 2940 2261 2939 2204 2940 2262 2941 2262 2941 2204 2940 2203 2942 2262 2941 2203 2942 2263 2943 2263 2943 2203 2942 2264 2944 2264 2944 2203 2942 2202 2945 2264 2944 2202 2945 2265 2946 2265 2946 2202 2945 2201 2947 2265 2946 2201 2947 2266 2948 2266 2948 2201 2947 2200 2949 2266 2948 2200 2949 2267 2950 2267 2950 2200 2949 2199 2951 2267 2950 2199 2951 2268 2952 2268 2952 2199 2951 2198 2905 2268 2952 2198 2905 2245 2907 1233 2953 1972 2954 1198 2955 1198 2955 1972 2954 1971 2956 1198 2955 1971 2956 1199 2957 1199 2957 1971 2956 1200 2958 1200 2958 1971 2956 1201 2959 1201 2959 1971 2956 1202 2960 1202 2960 1971 2956 1982 2961 1202 2960 1982 2961 1203 2962 1203 2962 1982 2961 1981 2963 1203 2962 1981 2963 1204 2964 1204 2964 1981 2963 1205 2965 1205 2965 1981 2963 1980 2966 1205 2965 1980 2966 1206 2967 1206 2967 1980 2966 1979 2968 1206 2967 1979 2968 1207 2969 1207 2969 1979 2968 1208 2970 1208 2970 1979 2968 1978 2971 1208 2970 1978 2971 1209 2972 1209 2972 1978 2971 1977 2973 1209 2972 1977 2973 1210 2974 1210 2974 1977 2973 1211 2975 1211 2975 1977 2973 1976 2976 1211 2975 1976 2976 1212 2977 1212 2977 1976 2976 1975 2978 1212 2977 1975 2978 1213 2979 1213 2979 1975 2978 1214 2980 1214 2980 1975 2978 1215 2981 1215 2981 1975 2978 1216 2982 1216 2982 1975 2978 1991 2983 1216 2982 1991 2983 1217 2984 1217 2984 1991 2983 1218 2985 1218 2985 1991 2983 1219 2986 1219 2986 1991 2983 1220 2987 1220 2987 1991 2983 1999 2988 1220 2987 1999 2988 1221 2989 1221 2989 1999 2988 1998 2990 1221 2989 1998 2990 1222 2991 1222 2991 1998 2990 1223 2992 1223 2992 1998 2990 1997 2993 1223 2992 1997 2993 1224 2994 1224 2994 1997 2993 1996 2995 1224 2994 1996 2995 1225 2996 1225 2996 1996 2995 1226 2997 1226 2997 1996 2995 1995 2998 1226 2997 1995 2998 1227 2999 1227 2999 1995 2998 1994 3000 1227 2999 1994 3000 1228 3001 1228 3001 1994 3000 1229 3002 1229 3002 1994 3000 1993 3003 1229 3002 1993 3003 1230 3004 1230 3004 1993 3003 1972 2954 1230 3004 1972 2954 1231 3005 1231 3005 1972 2954 1232 3006 1232 3006 1972 2954 1233 2953 2269 3007 2270 3008 1701 3009 1701 3009 2270 3008 1702 3010 1702 3010 2270 3008 2271 3011 1702 3010 2271 3011 1703 3012 1703 3012 2271 3011 2272 3013 1703 3012 2272 3013 2273 3014 1703 3012 2273 3014 1704 3015 1704 3015 2273 3014 2274 3016 1704 3015 2274 3016 1705 3017 1705 3017 2274 3016 2275 3018 1705 3017 2275 3018 2276 3019 1705 3017 2276 3019 1706 3020 1706 3020 2276 3019 2277 3021 1706 3020 2277 3021 2278 3022 2279 3023 1707 3024 2278 3022 2278 3022 1707 3024 1706 3020 2279 3025 2280 3026 1707 3027 1707 3027 2280 3026 1708 3028 1708 3028 2280 3026 2281 3029 1708 3028 2281 3029 2282 3030 1708 3028 2282 3030 1709 3031 1709 3031 2282 3030 2283 3032 1709 3031 2283 3032 2284 3033 1709 3031 2284 3033 1710 3034 1710 3034 2284 3033 2285 3035 1710 3034 2285 3035 1711 3036 1711 3036 2285 3035 2286 3037 1711 3036 2286 3037 2287 3038 1711 3036 2287 3038 1712 3039 1712 3039 2287 3038 2288 3040 1712 3039 2288 3040 1713 3041 1713 3041 2288 3040 2289 3042 1713 3043 2289 3044 1714 3045 1714 3045 2289 3044 2290 3046 1714 3045 2290 3046 2291 3047 2292 3048 1716 3049 2291 3047 2291 3047 1716 3049 1715 3050 2291 3047 1715 3050 1714 3045 2269 3051 1701 3052 2295 3053 2295 3053 1701 3052 1700 3054 2295 3053 1700 3054 1699 3055 1698 3056 2293 3057 1699 3055 1699 3055 2293 3057 2294 3058 1699 3055 2294 3058 2295 3053 2297 3059 2343 3060 2296 3061 2296 3061 2343 3060 2320 3062 2296 3061 2320 3062 2319 3063 2319 3063 2320 3062 2321 3064 2319 3063 2321 3064 2318 3065 2318 3065 2321 3064 2322 3066 2318 3065 2322 3066 2317 3067 2317 3067 2322 3066 2323 3068 2317 3067 2323 3068 2316 3069 2316 3069 2323 3068 2324 3070 2316 3069 2324 3070 2315 3071 2315 3071 2324 3070 2325 3072 2315 3071 2325 3072 2314 3073 2314 3073 2325 3072 2326 3074 2314 3073 2326 3074 2313 3075 2313 3075 2326 3074 2327 3076 2313 3075 2327 3076 2312 3077 2312 3077 2327 3076 2328 3078 2312 3077 2328 3078 2311 3079 2311 3079 2328 3078 2329 3080 2311 3079 2329 3080 2310 3081 2310 3081 2329 3080 2330 3082 2310 3081 2330 3082 2309 3083 2309 3083 2330 3082 2331 3084 2309 3083 2331 3084 2308 3085 2308 3085 2331 3084 2332 3086 2308 3085 2332 3086 2307 3087 2307 3087 2332 3086 2333 3088 2307 3087 2333 3088 2306 3089 2306 3089 2333 3088 2334 3090 2306 3089 2334 3090 2305 3091 2305 3091 2334 3090 2335 3092 2305 3091 2335 3092 2304 3093 2304 3093 2335 3092 2336 3094 2304 3093 2336 3094 2303 3095 2303 3095 2336 3094 2337 3096 2303 3095 2337 3096 2302 3097 2302 3097 2337 3096 2338 3098 2302 3097 2338 3098 2301 3099 2301 3099 2338 3098 2339 3100 2301 3099 2339 3100 2300 3101 2300 3101 2339 3100 2340 3102 2300 3101 2340 3102 2299 3103 2299 3103 2340 3102 2341 3104 2299 3103 2341 3104 2298 3105 2298 3105 2341 3104 2342 3106 2298 3105 2342 3106 2297 3059 2297 3059 2342 3106 2343 3060 2345 3107 1405 3108 2344 3109 2344 3109 1405 3108 1404 3110 2344 3109 1404 3110 2367 3111 2367 3111 1404 3110 1427 3112 2367 3111 1427 3112 2366 3113 2366 3113 1427 3112 1426 3114 2366 3113 1426 3114 2365 3115 2365 3115 1426 3114 1425 3116 2365 3115 1425 3116 2364 3117 2364 3117 1425 3116 1424 3118 2364 3117 1424 3118 2363 3119 2363 3119 1424 3118 1423 3120 2363 3119 1423 3120 2362 3121 2362 3121 1423 3120 1422 3122 2362 3121 1422 3122 2361 3123 2361 3123 1422 3122 1421 3124 2361 3123 1421 3124 2360 3125 2360 3125 1421 3124 1420 3126 2360 3125 1420 3126 2359 3127 2359 3127 1420 3126 1419 3128 2359 3127 1419 3128 2358 3129 2358 3129 1419 3128 1418 3130 2358 3129 1418 3130 2357 3131 2357 3131 1418 3130 1417 3132 2357 3131 1417 3132 2356 3133 2356 3133 1417 3132 1416 3134 2356 3133 1416 3134 2355 3135 2355 3135 1416 3134 1415 3136 2355 3135 1415 3136 2354 3137 2354 3137 1415 3136 1414 3138 2354 3137 1414 3138 2353 3139 2353 3139 1414 3138 1413 3140 2353 3139 1413 3140 2352 3141 2352 3141 1413 3140 1412 3142 2352 3141 1412 3142 2351 3143 2351 3143 1412 3142 1411 3144 2351 3143 1411 3144 2350 3145 2350 3145 1411 3144 1410 3146 2350 3145 1410 3146 2349 3147 2349 3147 1410 3146 1409 3148 2349 3147 1409 3148 2348 3149 2348 3149 1409 3148 1408 3150 2348 3149 1408 3150 2347 3151 2347 3151 1408 3150 1407 3152 2347 3151 1407 3152 2346 3153 2346 3153 1407 3152 1406 3154 2346 3153 1406 3154 2345 3107 2345 3107 1406 3154 1405 3108 2297 3155 2296 3156 2344 3157 2344 3157 2296 3156 2319 3158 2344 3157 2319 3158 2345 3159 2345 3159 2319 3158 2318 3160 2345 3159 2318 3160 2346 3161 2346 3161 2318 3160 2317 3162 2346 3161 2317 3162 2347 3163 2347 3163 2317 3162 2316 3164 2347 3163 2316 3164 2348 3165 2348 3165 2316 3164 2315 3166 2348 3165 2315 3166 2349 3167 2349 3167 2315 3166 2314 3168 2349 3167 2314 3168 2350 3169 2350 3169 2314 3168 2351 3170 2351 3170 2314 3168 2313 3171 2351 3170 2313 3171 2352 3172 2352 3172 2313 3171 2312 3173 2352 3172 2312 3173 2353 3174 2353 3174 2312 3173 2311 3175 2353 3174 2311 3175 2354 3176 2354 3176 2311 3175 2310 3177 2354 3176 2310 3177 2355 3178 2355 3178 2310 3177 2309 3179 2355 3178 2309 3179 2356 3180 2356 3180 2309 3179 2308 3181 2356 3180 2308 3181 2357 3182 2357 3182 2308 3181 2307 3183 2357 3182 2307 3183 2306 3184 2357 3182 2306 3184 2358 3185 2358 3185 2306 3184 2305 3186 2358 3185 2305 3186 2359 3187 2359 3187 2305 3186 2304 3188 2359 3187 2304 3188 2360 3189 2360 3189 2304 3188 2303 3190 2360 3189 2303 3190 2361 3191 2361 3191 2303 3190 2302 3192 2361 3191 2302 3192 2362 3193 2362 3193 2302 3192 2363 3194 2363 3194 2302 3192 2301 3195 2363 3194 2301 3195 2364 3196 2364 3196 2301 3195 2300 3197 2364 3196 2300 3197 2365 3198 2365 3198 2300 3197 2299 3199 2365 3198 2299 3199 2366 3200 2366 3200 2299 3199 2298 3201 2366 3200 2298 3201 2367 3202 2367 3202 2298 3201 2297 3155 2367 3202 2297 3155 2344 3157 2244 3203 2238 3204 2221 3205 2221 3205 2238 3204 2237 3206 2221 3205 2237 3206 2222 3207 2222 3207 2237 3206 2236 3208 2222 3207 2236 3208 2223 3209 2223 3209 2236 3208 2235 3210 2223 3209 2235 3210 2224 3211 2224 3211 2235 3210 2234 3212 2224 3211 2234 3212 2225 3213 2225 3213 2234 3212 2233 3214 2225 3213 2233 3214 2226 3215 2226 3215 2233 3214 2232 3216 2226 3215 2232 3216 2227 3217 2227 3217 2232 3216 2231 3218 2227 3217 2231 3218 2228 3219 2228 3219 2231 3218 2230 3220 2228 3219 2230 3220 2229 3221 2238 3204 2244 3203 2239 3222 2239 3222 2244 3203 2243 3223 2239 3222 2243 3223 2240 3224 2240 3224 2243 3223 2242 3225 2240 3224 2242 3225 2241 3226 2368 3227 2369 3228 1686 3229 1686 3229 2369 3228 1687 3230 1687 3230 2369 3228 2370 3231 1687 3230 2370 3231 1688 3232 1688 3232 2370 3231 2371 3233 1688 3232 2371 3233 2372 3234 1688 3232 2372 3234 1689 3235 1689 3235 2372 3234 2373 3236 1689 3235 2373 3236 1690 3237 1690 3237 2373 3236 2374 3238 1690 3237 2374 3238 2375 3239 1690 3237 2375 3239 1691 3240 1691 3240 2375 3239 2376 3241 1691 3240 2376 3241 2377 3242 2378 3243 1692 3244 2377 3242 2377 3242 1692 3244 1691 3240 2378 3245 2379 3246 1692 3247 1692 3247 2379 3246 1693 3248 1693 3248 2379 3246 2380 3249 1693 3248 2380 3249 2381 3250 1693 3248 2381 3250 1694 3251 1694 3251 2381 3250 2382 3252 1694 3251 2382 3252 2383 3253 1694 3251 2383 3253 1695 3254 1695 3254 2383 3253 2384 3255 1695 3254 2384 3255 1696 3256 1696 3256 2384 3255 2385 3257 1696 3256 2385 3257 2386 3258 1696 3256 2386 3258 1697 3259 1697 3259 2386 3258 2387 3260 1697 3259 2387 3260 1698 3261 1698 3261 2387 3260 2293 3262 2368 3263 1686 3264 2390 3265 2390 3265 1686 3264 1685 3266 2390 3265 1685 3266 1684 3267 1683 3268 2388 3269 1684 3267 1684 3267 2388 3269 2389 3270 1684 3267 2389 3270 2390 3265 2392 3271 2438 3272 2391 3273 2391 3273 2438 3272 2415 3274 2391 3273 2415 3274 2414 3275 2414 3275 2415 3274 2416 3276 2414 3275 2416 3276 2413 3277 2413 3277 2416 3276 2417 3278 2413 3277 2417 3278 2412 3279 2412 3279 2417 3278 2418 3280 2412 3279 2418 3280 2411 3281 2411 3281 2418 3280 2419 3282 2411 3281 2419 3282 2410 3283 2410 3283 2419 3282 2420 3284 2410 3283 2420 3284 2409 3285 2409 3285 2420 3284 2421 3286 2409 3285 2421 3286 2408 3287 2408 3287 2421 3286 2422 3288 2408 3287 2422 3288 2407 3289 2407 3289 2422 3288 2423 3290 2407 3289 2423 3290 2406 3291 2406 3291 2423 3290 2424 3292 2406 3291 2424 3292 2405 3293 2405 3293 2424 3292 2425 3294 2405 3293 2425 3294 2404 3295 2404 3295 2425 3294 2426 3296 2404 3295 2426 3296 2403 3297 2403 3297 2426 3296 2427 3298 2403 3297 2427 3298 2402 3299 2402 3299 2427 3298 2428 3300 2402 3299 2428 3300 2401 3301 2401 3301 2428 3300 2429 3302 2401 3301 2429 3302 2400 3303 2400 3303 2429 3302 2430 3304 2400 3303 2430 3304 2399 3305 2399 3305 2430 3304 2431 3306 2399 3305 2431 3306 2398 3307 2398 3307 2431 3306 2432 3308 2398 3307 2432 3308 2397 3309 2397 3309 2432 3308 2433 3310 2397 3309 2433 3310 2396 3311 2396 3311 2433 3310 2434 3312 2396 3311 2434 3312 2395 3313 2395 3313 2434 3312 2435 3314 2395 3313 2435 3314 2394 3315 2394 3315 2435 3314 2436 3316 2394 3315 2436 3316 2393 3317 2393 3317 2436 3316 2437 3318 2393 3317 2437 3318 2392 3271 2392 3271 2437 3318 2438 3272 2440 3319 1888 3320 2439 3321 2439 3321 1888 3320 1887 3322 2439 3321 1887 3322 2462 3323 2462 3323 1887 3322 1910 3324 2462 3323 1910 3324 2461 3325 2461 3325 1910 3324 1909 3326 2461 3325 1909 3326 2460 3327 2460 3327 1909 3326 1908 3328 2460 3327 1908 3328 2459 3329 2459 3329 1908 3328 1907 3330 2459 3329 1907 3330 2458 3331 2458 3331 1907 3330 1906 3332 2458 3331 1906 3332 2457 3333 2457 3333 1906 3332 1905 3334 2457 3333 1905 3334 2456 3335 2456 3335 1905 3334 1904 3336 2456 3335 1904 3336 2455 3337 2455 3337 1904 3336 1903 3338 2455 3337 1903 3338 2454 3339 2454 3339 1903 3338 1902 3340 2454 3339 1902 3340 2453 3341 2453 3341 1902 3340 1901 3342 2453 3341 1901 3342 2452 3343 2452 3343 1901 3342 1900 3344 2452 3343 1900 3344 2451 3345 2451 3345 1900 3344 1899 3346 2451 3345 1899 3346 2450 3347 2450 3347 1899 3346 1898 3348 2450 3347 1898 3348 2449 3349 2449 3349 1898 3348 1897 3350 2449 3349 1897 3350 2448 3351 2448 3351 1897 3350 1896 3352 2448 3351 1896 3352 2447 3353 2447 3353 1896 3352 1895 3354 2447 3353 1895 3354 2446 3355 2446 3355 1895 3354 1894 3356 2446 3355 1894 3356 2445 3357 2445 3357 1894 3356 1893 3358 2445 3357 1893 3358 2444 3359 2444 3359 1893 3358 1892 3360 2444 3359 1892 3360 2443 3361 2443 3361 1892 3360 1891 3362 2443 3361 1891 3362 2442 3363 2442 3363 1891 3362 1890 3364 2442 3363 1890 3364 2441 3365 2441 3365 1890 3364 1889 3366 2441 3365 1889 3366 2440 3319 2440 3319 1889 3366 1888 3320 2392 3367 2391 3368 2439 3369 2439 3369 2391 3368 2414 3370 2439 3369 2414 3370 2440 3371 2440 3371 2414 3370 2413 3372 2440 3371 2413 3372 2441 3373 2441 3373 2413 3372 2412 3374 2441 3373 2412 3374 2442 3375 2442 3375 2412 3374 2411 3376 2442 3375 2411 3376 2443 3377 2443 3377 2411 3376 2410 3378 2443 3377 2410 3378 2444 3379 2444 3379 2410 3378 2409 3380 2444 3379 2409 3380 2445 3381 2445 3381 2409 3380 2446 3382 2446 3382 2409 3380 2408 3383 2446 3382 2408 3383 2447 3384 2447 3384 2408 3383 2407 3385 2447 3384 2407 3385 2448 3386 2448 3386 2407 3385 2406 3387 2448 3386 2406 3387 2449 3388 2449 3388 2406 3387 2405 3389 2449 3388 2405 3389 2450 3390 2450 3390 2405 3389 2404 3391 2450 3390 2404 3391 2451 3392 2451 3392 2404 3391 2403 3393 2451 3392 2403 3393 2452 3394 2452 3394 2403 3393 2402 3395 2452 3394 2402 3395 2401 3396 2452 3394 2401 3396 2453 3397 2453 3397 2401 3396 2400 3398 2453 3397 2400 3398 2454 3399 2454 3399 2400 3398 2399 3400 2454 3399 2399 3400 2455 3401 2455 3401 2399 3400 2398 3402 2455 3401 2398 3402 2456 3403 2456 3403 2398 3402 2397 3404 2456 3403 2397 3404 2457 3405 2457 3405 2397 3404 2458 3406 2458 3406 2397 3404 2396 3407 2458 3406 2396 3407 2459 3408 2459 3408 2396 3407 2395 3409 2459 3408 2395 3409 2460 3410 2460 3410 2395 3409 2394 3411 2460 3410 2394 3411 2461 3412 2461 3412 2394 3411 2393 3413 2461 3412 2393 3413 2462 3414 2462 3414 2393 3413 2392 3367 2462 3414 2392 3367 2439 3369 2343 3415 2341 3416 2320 3417 2320 3417 2341 3416 2340 3418 2320 3417 2340 3418 2321 3419 2321 3419 2340 3418 2339 3420 2321 3419 2339 3420 2322 3421 2322 3421 2339 3420 2338 3422 2322 3421 2338 3422 2323 3423 2323 3423 2338 3422 2337 3424 2323 3423 2337 3424 2324 3425 2324 3425 2337 3424 2336 3426 2324 3425 2336 3426 2325 3427 2325 3427 2336 3426 2335 3428 2325 3427 2335 3428 2326 3429 2326 3429 2335 3428 2334 3430 2326 3429 2334 3430 2327 3431 2327 3431 2334 3430 2333 3432 2327 3431 2333 3432 2328 3433 2328 3433 2333 3432 2332 3434 2328 3433 2332 3434 2329 3435 2329 3435 2332 3434 2331 3436 2329 3435 2331 3436 2330 3437 2343 3415 2342 3438 2341 3416 2463 3439 2464 3440 1671 3441 1671 3441 2464 3440 1672 3442 1672 3442 2464 3440 2465 3443 1672 3442 2465 3443 1673 3444 1673 3444 2465 3443 2466 3445 1673 3444 2466 3445 2467 3446 1673 3444 2467 3446 1674 3447 1674 3447 2467 3446 2468 3448 1674 3447 2468 3448 1675 3449 1675 3449 2468 3448 2469 3450 1675 3449 2469 3450 2470 3451 1675 3449 2470 3451 1676 3452 1676 3452 2470 3451 2471 3453 1676 3452 2471 3453 2472 3454 2473 3455 1677 3456 2472 3454 2472 3454 1677 3456 1676 3452 2473 3457 2474 3458 1677 3459 1677 3459 2474 3458 1678 3460 1678 3460 2474 3458 2475 3461 1678 3460 2475 3461 2476 3462 1678 3460 2476 3462 1679 3463 1679 3463 2476 3462 2477 3464 1679 3463 2477 3464 2478 3465 1679 3463 2478 3465 1680 3466 1680 3466 2478 3465 2479 3467 1680 3466 2479 3467 1681 3468 1681 3468 2479 3467 2480 3469 1681 3468 2480 3469 2481 3470 1681 3468 2481 3470 1682 3471 1682 3471 2481 3470 2482 3472 1682 3471 2482 3472 1683 3473 1683 3473 2482 3472 2388 3474 2463 3475 1671 3476 2485 3477 2485 3477 1671 3476 1670 3478 2485 3477 1670 3478 1669 3479 1668 3480 2483 3481 1669 3479 1669 3479 2483 3481 2484 3482 1669 3479 2484 3482 2485 3477 2487 3483 2533 3484 2486 3485 2486 3485 2533 3484 2510 3486 2486 3485 2510 3486 2509 3487 2509 3487 2510 3486 2511 3488 2509 3487 2511 3488 2508 3489 2508 3489 2511 3488 2512 3490 2508 3489 2512 3490 2507 3491 2507 3491 2512 3490 2513 3492 2507 3491 2513 3492 2506 3493 2506 3493 2513 3492 2514 3494 2506 3493 2514 3494 2505 3495 2505 3495 2514 3494 2515 3496 2505 3495 2515 3496 2504 3497 2504 3497 2515 3496 2516 3498 2504 3497 2516 3498 2503 3499 2503 3499 2516 3498 2517 3500 2503 3499 2517 3500 2502 3501 2502 3501 2517 3500 2518 3502 2502 3501 2518 3502 2501 3503 2501 3503 2518 3502 2519 3504 2501 3503 2519 3504 2500 3505 2500 3505 2519 3504 2520 3506 2500 3505 2520 3506 2499 3507 2499 3507 2520 3506 2521 3508 2499 3507 2521 3508 2498 3509 2498 3509 2521 3508 2522 3510 2498 3509 2522 3510 2497 3511 2497 3511 2522 3510 2523 3512 2497 3511 2523 3512 2496 3513 2496 3513 2523 3512 2524 3514 2496 3513 2524 3514 2495 3515 2495 3515 2524 3514 2525 3516 2495 3515 2525 3516 2494 3517 2494 3517 2525 3516 2526 3518 2494 3517 2526 3518 2493 3519 2493 3519 2526 3518 2527 3520 2493 3519 2527 3520 2492 3521 2492 3521 2527 3520 2528 3522 2492 3521 2528 3522 2491 3523 2491 3523 2528 3522 2529 3524 2491 3523 2529 3524 2490 3525 2490 3525 2529 3524 2530 3526 2490 3525 2530 3526 2489 3527 2489 3527 2530 3526 2531 3528 2489 3527 2531 3528 2488 3529 2488 3529 2531 3528 2532 3530 2488 3529 2532 3530 2487 3483 2487 3483 2532 3530 2533 3484 2535 3531 1429 3532 2534 3533 2534 3533 1429 3532 1428 3534 2534 3533 1428 3534 2557 3535 2557 3535 1428 3534 1451 3536 2557 3535 1451 3536 2556 3537 2556 3537 1451 3536 1450 3538 2556 3537 1450 3538 2555 3539 2555 3539 1450 3538 1449 3540 2555 3539 1449 3540 2554 3541 2554 3541 1449 3540 1448 3542 2554 3541 1448 3542 2553 3543 2553 3543 1448 3542 1447 3544 2553 3543 1447 3544 2552 3545 2552 3545 1447 3544 1446 3546 2552 3545 1446 3546 2551 3547 2551 3547 1446 3546 1445 3548 2551 3547 1445 3548 2550 3549 2550 3549 1445 3548 1444 3550 2550 3549 1444 3550 2549 3551 2549 3551 1444 3550 1443 3552 2549 3551 1443 3552 2548 3553 2548 3553 1443 3552 1442 3554 2548 3553 1442 3554 2547 3555 2547 3555 1442 3554 1441 3556 2547 3555 1441 3556 2546 3557 2546 3557 1441 3556 1440 3558 2546 3557 1440 3558 2545 3559 2545 3559 1440 3558 1439 3560 2545 3559 1439 3560 2544 3561 2544 3561 1439 3560 1438 3562 2544 3561 1438 3562 2543 3563 2543 3563 1438 3562 1437 3564 2543 3563 1437 3564 2542 3565 2542 3565 1437 3564 1436 3566 2542 3565 1436 3566 2541 3567 2541 3567 1436 3566 1435 3568 2541 3567 1435 3568 2540 3569 2540 3569 1435 3568 1434 3570 2540 3569 1434 3570 2539 3571 2539 3571 1434 3570 1433 3572 2539 3571 1433 3572 2538 3573 2538 3573 1433 3572 1432 3574 2538 3573 1432 3574 2537 3575 2537 3575 1432 3574 1431 3576 2537 3575 1431 3576 2536 3577 2536 3577 1431 3576 1430 3578 2536 3577 1430 3578 2535 3531 2535 3531 1430 3578 1429 3532 2487 3579 2486 3580 2534 3581 2534 3581 2486 3580 2509 3582 2534 3581 2509 3582 2535 3583 2535 3583 2509 3582 2508 3584 2535 3583 2508 3584 2536 3585 2536 3585 2508 3584 2507 3586 2536 3585 2507 3586 2537 3587 2537 3587 2507 3586 2506 3588 2537 3587 2506 3588 2538 3589 2538 3589 2506 3588 2505 3590 2538 3589 2505 3590 2539 3591 2539 3591 2505 3590 2504 3592 2539 3591 2504 3592 2540 3593 2540 3593 2504 3592 2541 3594 2541 3594 2504 3592 2503 3595 2541 3594 2503 3595 2542 3596 2542 3596 2503 3595 2502 3597 2542 3596 2502 3597 2543 3598 2543 3598 2502 3597 2501 3599 2543 3598 2501 3599 2544 3600 2544 3600 2501 3599 2500 3601 2544 3600 2500 3601 2545 3602 2545 3602 2500 3601 2499 3603 2545 3602 2499 3603 2546 3604 2546 3604 2499 3603 2498 3605 2546 3604 2498 3605 2547 3606 2547 3606 2498 3605 2497 3607 2547 3606 2497 3607 2496 3608 2547 3606 2496 3608 2548 3609 2548 3609 2496 3608 2495 3610 2548 3609 2495 3610 2549 3611 2549 3611 2495 3610 2494 3612 2549 3611 2494 3612 2550 3613 2550 3613 2494 3612 2493 3614 2550 3613 2493 3614 2551 3615 2551 3615 2493 3614 2492 3616 2551 3615 2492 3616 2552 3617 2552 3617 2492 3616 2553 3618 2553 3618 2492 3616 2491 3619 2553 3618 2491 3619 2554 3620 2554 3620 2491 3619 2490 3621 2554 3620 2490 3621 2555 3622 2555 3622 2490 3621 2489 3623 2555 3622 2489 3623 2556 3624 2556 3624 2489 3623 2488 3625 2556 3624 2488 3625 2557 3626 2557 3626 2488 3625 2487 3579 2557 3626 2487 3579 2534 3581 2415 3627 2438 3628 2416 3629 2416 3629 2438 3628 2417 3630 2417 3630 2438 3628 2437 3631 2417 3630 2437 3631 2418 3632 2418 3632 2437 3631 2436 3633 2418 3632 2436 3633 2419 3634 2419 3634 2436 3633 2435 3635 2419 3634 2435 3635 2420 3636 2420 3636 2435 3635 2434 3637 2420 3636 2434 3637 2421 3638 2421 3638 2434 3637 2433 3639 2421 3638 2433 3639 2422 3640 2422 3640 2433 3639 2432 3641 2422 3640 2432 3641 2423 3642 2423 3642 2432 3641 2431 3643 2423 3642 2431 3643 2424 3644 2424 3644 2431 3643 2430 3645 2424 3644 2430 3645 2425 3646 2425 3646 2430 3645 2429 3647 2425 3646 2429 3647 2426 3648 2426 3648 2429 3647 2428 3649 2426 3648 2428 3649 2427 3650 2558 3651 2559 3652 1656 3653 1656 3653 2559 3652 1657 3654 1657 3654 2559 3652 2560 3655 1657 3654 2560 3655 1658 3656 1658 3656 2560 3655 2561 3657 1658 3656 2561 3657 2562 3658 1658 3656 2562 3658 1659 3659 1659 3659 2562 3658 2563 3660 1659 3659 2563 3660 1660 3661 1660 3661 2563 3660 2564 3662 1660 3661 2564 3662 2565 3663 1660 3661 2565 3663 1661 3664 1661 3664 2565 3663 2566 3665 1661 3664 2566 3665 2567 3666 2568 3667 1662 3668 2567 3666 2567 3666 1662 3668 1661 3664 2568 3669 2569 3670 1662 3671 1662 3671 2569 3670 1663 3672 1663 3672 2569 3670 2570 3673 1663 3672 2570 3673 2571 3674 1663 3672 2571 3674 1664 3675 1664 3675 2571 3674 2572 3676 1664 3675 2572 3676 2573 3677 1664 3675 2573 3677 1665 3678 1665 3678 2573 3677 2574 3679 1665 3678 2574 3679 1666 3680 1666 3680 2574 3679 2575 3681 1666 3680 2575 3681 2576 3682 1666 3680 2576 3682 1667 3683 1667 3683 2576 3682 2577 3684 1667 3683 2577 3684 1668 3685 1668 3685 2577 3684 2483 3686 2558 3687 1656 3688 2580 3689 2580 3689 1656 3688 1655 3690 2580 3689 1655 3690 1654 3691 1653 3692 2578 3693 1654 3691 1654 3691 2578 3693 2579 3694 1654 3691 2579 3694 2580 3689 2582 3695 2628 3696 2581 3697 2581 3697 2628 3696 2605 3698 2581 3697 2605 3698 2604 3699 2604 3699 2605 3698 2606 3700 2604 3699 2606 3700 2603 3701 2603 3701 2606 3700 2607 3702 2603 3701 2607 3702 2602 3703 2602 3703 2607 3702 2608 3704 2602 3703 2608 3704 2601 3705 2601 3705 2608 3704 2609 3706 2601 3705 2609 3706 2600 3707 2600 3707 2609 3706 2610 3708 2600 3707 2610 3708 2599 3709 2599 3709 2610 3708 2611 3710 2599 3709 2611 3710 2598 3711 2598 3711 2611 3710 2612 3712 2598 3711 2612 3712 2597 3713 2597 3713 2612 3712 2613 3714 2597 3713 2613 3714 2596 3715 2596 3715 2613 3714 2614 3716 2596 3715 2614 3716 2595 3717 2595 3717 2614 3716 2615 3718 2595 3717 2615 3718 2594 3719 2594 3719 2615 3718 2616 3720 2594 3719 2616 3720 2593 3721 2593 3721 2616 3720 2617 3722 2593 3721 2617 3722 2592 3723 2592 3723 2617 3722 2618 3724 2592 3723 2618 3724 2591 3725 2591 3725 2618 3724 2619 3726 2591 3725 2619 3726 2590 3727 2590 3727 2619 3726 2620 3728 2590 3727 2620 3728 2589 3729 2589 3729 2620 3728 2621 3730 2589 3729 2621 3730 2588 3731 2588 3731 2621 3730 2622 3732 2588 3731 2622 3732 2587 3733 2587 3733 2622 3732 2623 3734 2587 3733 2623 3734 2586 3735 2586 3735 2623 3734 2624 3736 2586 3735 2624 3736 2585 3737 2585 3737 2624 3736 2625 3738 2585 3737 2625 3738 2584 3739 2584 3739 2625 3738 2626 3740 2584 3739 2626 3740 2583 3741 2583 3741 2626 3740 2627 3742 2583 3741 2627 3742 2582 3695 2582 3695 2627 3742 2628 3696 2630 3743 1864 3744 2629 3745 2629 3745 1864 3744 1863 3746 2629 3745 1863 3746 2652 3747 2652 3747 1863 3746 1886 3748 2652 3747 1886 3748 2651 3749 2651 3749 1886 3748 1885 3750 2651 3749 1885 3750 2650 3751 2650 3751 1885 3750 1884 3752 2650 3751 1884 3752 2649 3753 2649 3753 1884 3752 1883 3754 2649 3753 1883 3754 2648 3755 2648 3755 1883 3754 1882 3756 2648 3755 1882 3756 2647 3757 2647 3757 1882 3756 1881 3758 2647 3757 1881 3758 2646 3759 2646 3759 1881 3758 1880 3760 2646 3759 1880 3760 2645 3761 2645 3761 1880 3760 1879 3762 2645 3761 1879 3762 2644 3763 2644 3763 1879 3762 1878 3764 2644 3763 1878 3764 2643 3765 2643 3765 1878 3764 1877 3766 2643 3765 1877 3766 2642 3767 2642 3767 1877 3766 1876 3768 2642 3767 1876 3768 2641 3769 2641 3769 1876 3768 1875 3770 2641 3769 1875 3770 2640 3771 2640 3771 1875 3770 1874 3772 2640 3771 1874 3772 2639 3773 2639 3773 1874 3772 1873 3774 2639 3773 1873 3774 2638 3775 2638 3775 1873 3774 1872 3776 2638 3775 1872 3776 2637 3777 2637 3777 1872 3776 1871 3778 2637 3777 1871 3778 2636 3779 2636 3779 1871 3778 1870 3780 2636 3779 1870 3780 2635 3781 2635 3781 1870 3780 1869 3782 2635 3781 1869 3782 2634 3783 2634 3783 1869 3782 1868 3784 2634 3783 1868 3784 2633 3785 2633 3785 1868 3784 1867 3786 2633 3785 1867 3786 2632 3787 2632 3787 1867 3786 1866 3788 2632 3787 1866 3788 2631 3789 2631 3789 1866 3788 1865 3790 2631 3789 1865 3790 2630 3743 2630 3743 1865 3790 1864 3744 2582 3791 2581 3792 2629 3793 2629 3793 2581 3792 2604 3794 2629 3793 2604 3794 2630 3795 2630 3795 2604 3794 2603 3796 2630 3795 2603 3796 2631 3797 2631 3797 2603 3796 2602 3798 2631 3797 2602 3798 2632 3799 2632 3799 2602 3798 2601 3800 2632 3799 2601 3800 2633 3801 2633 3801 2601 3800 2600 3802 2633 3801 2600 3802 2634 3803 2634 3803 2600 3802 2599 3804 2634 3803 2599 3804 2635 3805 2635 3805 2599 3804 2636 3806 2636 3806 2599 3804 2598 3807 2636 3806 2598 3807 2637 3808 2637 3808 2598 3807 2597 3809 2637 3808 2597 3809 2638 3810 2638 3810 2597 3809 2596 3811 2638 3810 2596 3811 2639 3812 2639 3812 2596 3811 2595 3813 2639 3812 2595 3813 2640 3814 2640 3814 2595 3813 2594 3815 2640 3814 2594 3815 2641 3816 2641 3816 2594 3815 2593 3817 2641 3816 2593 3817 2642 3818 2642 3818 2593 3817 2592 3819 2642 3818 2592 3819 2591 3820 2642 3818 2591 3820 2643 3821 2643 3821 2591 3820 2590 3822 2643 3821 2590 3822 2644 3823 2644 3823 2590 3822 2589 3824 2644 3823 2589 3824 2645 3825 2645 3825 2589 3824 2588 3826 2645 3825 2588 3826 2646 3827 2646 3827 2588 3826 2587 3828 2646 3827 2587 3828 2647 3829 2647 3829 2587 3828 2648 3830 2648 3830 2587 3828 2586 3831 2648 3830 2586 3831 2649 3832 2649 3832 2586 3831 2585 3833 2649 3832 2585 3833 2650 3834 2650 3834 2585 3833 2584 3835 2650 3834 2584 3835 2651 3836 2651 3836 2584 3835 2583 3837 2651 3836 2583 3837 2652 3838 2652 3838 2583 3837 2582 3791 2652 3838 2582 3791 2629 3793 2533 3839 2515 3840 2510 3841 2510 3841 2515 3840 2514 3842 2510 3841 2514 3842 2511 3843 2511 3843 2514 3842 2513 3844 2511 3843 2513 3844 2512 3845 2515 3840 2533 3839 2516 3846 2516 3846 2533 3839 2532 3847 2516 3846 2532 3847 2517 3848 2517 3848 2532 3847 2531 3849 2517 3848 2531 3849 2518 3850 2518 3850 2531 3849 2530 3851 2518 3850 2530 3851 2519 3852 2519 3852 2530 3851 2529 3853 2519 3852 2529 3853 2520 3854 2520 3854 2529 3853 2528 3855 2520 3854 2528 3855 2521 3856 2521 3856 2528 3855 2527 3857 2521 3856 2527 3857 2522 3858 2522 3858 2527 3857 2526 3859 2522 3858 2526 3859 2523 3860 2523 3860 2526 3859 2525 3861 2523 3860 2525 3861 2524 3862 2653 3863 2654 3864 1641 3865 1641 3865 2654 3864 1642 3866 1642 3866 2654 3864 2655 3867 1642 3866 2655 3867 1643 3868 1643 3868 2655 3867 2656 3869 1643 3868 2656 3869 2657 3870 1643 3868 2657 3870 1644 3871 1644 3871 2657 3870 2658 3872 1644 3871 2658 3872 1645 3873 1645 3873 2658 3872 2659 3874 1645 3873 2659 3874 2660 3875 1645 3873 2660 3875 1646 3876 1646 3876 2660 3875 2661 3877 1646 3876 2661 3877 2662 3878 2663 3879 1647 3880 2662 3878 2662 3878 1647 3880 1646 3876 2663 3881 2664 3882 1647 3883 1647 3883 2664 3882 1648 3884 1648 3884 2664 3882 2665 3885 1648 3884 2665 3885 2666 3886 1648 3884 2666 3886 1649 3887 1649 3887 2666 3886 2667 3888 1649 3887 2667 3888 2668 3889 1649 3887 2668 3889 1650 3890 1650 3890 2668 3889 2669 3891 1650 3890 2669 3891 1651 3892 1651 3892 2669 3891 2670 3893 1651 3892 2670 3893 2671 3894 1651 3892 2671 3894 1652 3895 1652 3895 2671 3894 2672 3896 1652 3895 2672 3896 1653 3897 1653 3897 2672 3896 2578 3898 2653 3899 1641 3900 2675 3901 2675 3901 1641 3900 1640 3902 2675 3901 1640 3902 1639 3903 1638 3904 2673 3905 1639 3903 1639 3903 2673 3905 2674 3906 1639 3903 2674 3906 2675 3901 2677 3907 2723 3908 2676 3909 2676 3909 2723 3908 2700 3910 2676 3909 2700 3910 2699 3911 2699 3911 2700 3910 2701 3912 2699 3911 2701 3912 2698 3913 2698 3913 2701 3912 2702 3914 2698 3913 2702 3914 2697 3915 2697 3915 2702 3914 2703 3916 2697 3915 2703 3916 2696 3917 2696 3917 2703 3916 2704 3918 2696 3917 2704 3918 2695 3919 2695 3919 2704 3918 2705 3920 2695 3919 2705 3920 2694 3921 2694 3921 2705 3920 2706 3922 2694 3921 2706 3922 2693 3923 2693 3923 2706 3922 2707 3924 2693 3923 2707 3924 2692 3925 2692 3925 2707 3924 2708 3926 2692 3925 2708 3926 2691 3927 2691 3927 2708 3926 2709 3928 2691 3927 2709 3928 2690 3929 2690 3929 2709 3928 2710 3930 2690 3929 2710 3930 2689 3931 2689 3931 2710 3930 2711 3932 2689 3931 2711 3932 2688 3933 2688 3933 2711 3932 2712 3934 2688 3933 2712 3934 2687 3935 2687 3935 2712 3934 2713 3936 2687 3935 2713 3936 2686 3937 2686 3937 2713 3936 2714 3938 2686 3937 2714 3938 2685 3939 2685 3939 2714 3938 2715 3940 2685 3939 2715 3940 2684 3941 2684 3941 2715 3940 2716 3942 2684 3941 2716 3942 2683 3943 2683 3943 2716 3942 2717 3944 2683 3943 2717 3944 2682 3945 2682 3945 2717 3944 2718 3946 2682 3945 2718 3946 2681 3947 2681 3947 2718 3946 2719 3948 2681 3947 2719 3948 2680 3949 2680 3949 2719 3948 2720 3950 2680 3949 2720 3950 2679 3951 2679 3951 2720 3950 2721 3952 2679 3951 2721 3952 2678 3953 2678 3953 2721 3952 2722 3954 2678 3953 2722 3954 2677 3907 2677 3907 2722 3954 2723 3908 2725 3955 1453 3956 2724 3957 2724 3957 1453 3956 1452 3958 2724 3957 1452 3958 2747 3959 2747 3959 1452 3958 1475 3960 2747 3959 1475 3960 2746 3961 2746 3961 1475 3960 1474 3962 2746 3961 1474 3962 2745 3963 2745 3963 1474 3962 1473 3964 2745 3963 1473 3964 2744 3965 2744 3965 1473 3964 1472 3966 2744 3965 1472 3966 2743 3967 2743 3967 1472 3966 1471 3968 2743 3967 1471 3968 2742 3969 2742 3969 1471 3968 1470 3970 2742 3969 1470 3970 2741 3971 2741 3971 1470 3970 1469 3972 2741 3971 1469 3972 2740 3973 2740 3973 1469 3972 1468 3974 2740 3973 1468 3974 2739 3975 2739 3975 1468 3974 1467 3976 2739 3975 1467 3976 2738 3977 2738 3977 1467 3976 1466 3978 2738 3977 1466 3978 2737 3979 2737 3979 1466 3978 1465 3980 2737 3979 1465 3980 2736 3981 2736 3981 1465 3980 1464 3982 2736 3981 1464 3982 2735 3983 2735 3983 1464 3982 1463 3984 2735 3983 1463 3984 2734 3985 2734 3985 1463 3984 1462 3986 2734 3985 1462 3986 2733 3987 2733 3987 1462 3986 1461 3988 2733 3987 1461 3988 2732 3989 2732 3989 1461 3988 1460 3990 2732 3989 1460 3990 2731 3991 2731 3991 1460 3990 1459 3992 2731 3991 1459 3992 2730 3993 2730 3993 1459 3992 1458 3994 2730 3993 1458 3994 2729 3995 2729 3995 1458 3994 1457 3996 2729 3995 1457 3996 2728 3997 2728 3997 1457 3996 1456 3998 2728 3997 1456 3998 2727 3999 2727 3999 1456 3998 1455 4000 2727 3999 1455 4000 2726 4001 2726 4001 1455 4000 1454 4002 2726 4001 1454 4002 2725 3955 2725 3955 1454 4002 1453 3956 2677 4003 2676 4004 2724 4005 2724 4005 2676 4004 2699 4006 2724 4005 2699 4006 2725 4007 2725 4007 2699 4006 2698 4008 2725 4007 2698 4008 2726 4009 2726 4009 2698 4008 2697 4010 2726 4009 2697 4010 2727 4011 2727 4011 2697 4010 2696 4012 2727 4011 2696 4012 2728 4013 2728 4013 2696 4012 2695 4014 2728 4013 2695 4014 2729 4015 2729 4015 2695 4014 2694 4016 2729 4015 2694 4016 2730 4017 2730 4017 2694 4016 2731 4018 2731 4018 2694 4016 2693 4019 2731 4018 2693 4019 2732 4020 2732 4020 2693 4019 2692 4021 2732 4020 2692 4021 2733 4022 2733 4022 2692 4021 2691 4023 2733 4022 2691 4023 2734 4024 2734 4024 2691 4023 2690 4025 2734 4024 2690 4025 2735 4026 2735 4026 2690 4025 2689 4027 2735 4026 2689 4027 2736 4028 2736 4028 2689 4027 2688 4029 2736 4028 2688 4029 2737 4030 2737 4030 2688 4029 2687 4031 2737 4030 2687 4031 2686 4032 2737 4030 2686 4032 2738 4033 2738 4033 2686 4032 2685 4034 2738 4033 2685 4034 2739 4035 2739 4035 2685 4034 2684 4036 2739 4035 2684 4036 2740 4037 2740 4037 2684 4036 2683 4038 2740 4037 2683 4038 2741 4039 2741 4039 2683 4038 2682 4040 2741 4039 2682 4040 2742 4041 2742 4041 2682 4040 2743 4042 2743 4042 2682 4040 2681 4043 2743 4042 2681 4043 2744 4044 2744 4044 2681 4043 2680 4045 2744 4044 2680 4045 2745 4046 2745 4046 2680 4045 2679 4047 2745 4046 2679 4047 2746 4048 2746 4048 2679 4047 2678 4049 2746 4048 2678 4049 2747 4050 2747 4050 2678 4049 2677 4003 2747 4050 2677 4003 2724 4005 2628 4051 2614 4052 2605 4053 2605 4053 2614 4052 2613 4054 2605 4053 2613 4054 2606 4055 2606 4055 2613 4054 2612 4056 2606 4055 2612 4056 2607 4057 2607 4057 2612 4056 2611 4058 2607 4057 2611 4058 2608 4059 2608 4059 2611 4058 2610 4060 2608 4059 2610 4060 2609 4061 2614 4052 2628 4051 2615 4062 2615 4062 2628 4051 2627 4063 2615 4062 2627 4063 2616 4064 2616 4064 2627 4063 2626 4065 2616 4064 2626 4065 2617 4066 2617 4066 2626 4065 2625 4067 2617 4066 2625 4067 2618 4068 2618 4068 2625 4067 2624 4069 2618 4068 2624 4069 2619 4070 2619 4070 2624 4069 2623 4071 2619 4070 2623 4071 2620 4072 2620 4072 2623 4071 2622 4073 2620 4072 2622 4073 2621 4074 2748 4075 2749 4076 1626 4077 1626 4077 2749 4076 1627 4078 1627 4078 2749 4076 2750 4079 1627 4078 2750 4079 1628 4080 1628 4080 2750 4079 2751 4081 1628 4080 2751 4081 2752 4082 1628 4080 2752 4082 1629 4083 1629 4083 2752 4082 2753 4084 1629 4083 2753 4084 1630 4085 1630 4085 2753 4084 2754 4086 1630 4085 2754 4086 2755 4087 1630 4085 2755 4087 1631 4088 1631 4088 2755 4087 2756 4089 1631 4088 2756 4089 2757 4090 2758 4091 1632 4092 2757 4090 2757 4090 1632 4092 1631 4088 2758 4093 2759 4094 1632 4095 1632 4095 2759 4094 1633 4096 1633 4096 2759 4094 2760 4097 1633 4096 2760 4097 2761 4098 1633 4096 2761 4098 1634 4099 1634 4099 2761 4098 2762 4100 1634 4099 2762 4100 2763 4101 1634 4099 2763 4101 1635 4102 1635 4102 2763 4101 2764 4103 1635 4102 2764 4103 1636 4104 1636 4104 2764 4103 2765 4105 1636 4104 2765 4105 2766 4106 1636 4104 2766 4106 1637 4107 1637 4107 2766 4106 2767 4108 1637 4107 2767 4108 1638 4109 1638 4109 2767 4108 2673 4110 2748 4111 1626 4112 2770 4113 2770 4113 1626 4112 1625 4114 2770 4113 1625 4114 1624 4115 1623 4116 2768 4117 1624 4115 1624 4115 2768 4117 2769 4118 1624 4115 2769 4118 2770 4113 2772 4119 2818 4120 2771 4121 2771 4121 2818 4120 2795 4122 2771 4121 2795 4122 2794 4123 2794 4123 2795 4122 2796 4124 2794 4123 2796 4124 2793 4125 2793 4125 2796 4124 2797 4126 2793 4125 2797 4126 2792 4127 2792 4127 2797 4126 2798 4128 2792 4127 2798 4128 2791 4129 2791 4129 2798 4128 2799 4130 2791 4129 2799 4130 2790 4131 2790 4131 2799 4130 2800 4132 2790 4131 2800 4132 2789 4133 2789 4133 2800 4132 2801 4134 2789 4133 2801 4134 2788 4135 2788 4135 2801 4134 2802 4136 2788 4135 2802 4136 2787 4137 2787 4137 2802 4136 2803 4138 2787 4137 2803 4138 2786 4139 2786 4139 2803 4138 2804 4140 2786 4139 2804 4140 2785 4141 2785 4141 2804 4140 2805 4142 2785 4141 2805 4142 2784 4143 2784 4143 2805 4142 2806 4144 2784 4143 2806 4144 2783 4145 2783 4145 2806 4144 2807 4146 2783 4145 2807 4146 2782 4147 2782 4147 2807 4146 2808 4148 2782 4147 2808 4148 2781 4149 2781 4149 2808 4148 2809 4150 2781 4149 2809 4150 2780 4151 2780 4151 2809 4150 2810 4152 2780 4151 2810 4152 2779 4153 2779 4153 2810 4152 2811 4154 2779 4153 2811 4154 2778 4155 2778 4155 2811 4154 2812 4156 2778 4155 2812 4156 2777 4157 2777 4157 2812 4156 2813 4158 2777 4157 2813 4158 2776 4159 2776 4159 2813 4158 2814 4160 2776 4159 2814 4160 2775 4161 2775 4161 2814 4160 2815 4162 2775 4161 2815 4162 2774 4163 2774 4163 2815 4162 2816 4164 2774 4163 2816 4164 2773 4165 2773 4165 2816 4164 2817 4166 2773 4165 2817 4166 2772 4119 2772 4119 2817 4166 2818 4120 2820 4167 1840 4168 2819 4169 2819 4169 1840 4168 1839 4170 2819 4169 1839 4170 2842 4171 2842 4171 1839 4170 1862 4172 2842 4171 1862 4172 2841 4173 2841 4173 1862 4172 1861 4174 2841 4173 1861 4174 2840 4175 2840 4175 1861 4174 1860 4176 2840 4175 1860 4176 2839 4177 2839 4177 1860 4176 1859 4178 2839 4177 1859 4178 2838 4179 2838 4179 1859 4178 1858 4180 2838 4179 1858 4180 2837 4181 2837 4181 1858 4180 1857 4182 2837 4181 1857 4182 2836 4183 2836 4183 1857 4182 1856 4184 2836 4183 1856 4184 2835 4185 2835 4185 1856 4184 1855 4186 2835 4185 1855 4186 2834 4187 2834 4187 1855 4186 1854 4188 2834 4187 1854 4188 2833 4189 2833 4189 1854 4188 1853 4190 2833 4189 1853 4190 2832 4191 2832 4191 1853 4190 1852 4192 2832 4191 1852 4192 2831 4193 2831 4193 1852 4192 1851 4194 2831 4193 1851 4194 2830 4195 2830 4195 1851 4194 1850 4196 2830 4195 1850 4196 2829 4197 2829 4197 1850 4196 1849 4198 2829 4197 1849 4198 2828 4199 2828 4199 1849 4198 1848 4200 2828 4199 1848 4200 2827 4201 2827 4201 1848 4200 1847 4202 2827 4201 1847 4202 2826 4203 2826 4203 1847 4202 1846 4204 2826 4203 1846 4204 2825 4205 2825 4205 1846 4204 1845 4206 2825 4205 1845 4206 2824 4207 2824 4207 1845 4206 1844 4208 2824 4207 1844 4208 2823 4209 2823 4209 1844 4208 1843 4210 2823 4209 1843 4210 2822 4211 2822 4211 1843 4210 1842 4212 2822 4211 1842 4212 2821 4213 2821 4213 1842 4212 1841 4214 2821 4213 1841 4214 2820 4167 2820 4167 1841 4214 1840 4168 2772 4215 2771 4216 2819 4217 2819 4217 2771 4216 2794 4218 2819 4217 2794 4218 2820 4219 2820 4219 2794 4218 2793 4220 2820 4219 2793 4220 2821 4221 2821 4221 2793 4220 2792 4222 2821 4221 2792 4222 2822 4223 2822 4223 2792 4222 2791 4224 2822 4223 2791 4224 2823 4225 2823 4225 2791 4224 2790 4226 2823 4225 2790 4226 2824 4227 2824 4227 2790 4226 2789 4228 2824 4227 2789 4228 2825 4229 2825 4229 2789 4228 2826 4230 2826 4230 2789 4228 2788 4231 2826 4230 2788 4231 2827 4232 2827 4232 2788 4231 2787 4233 2827 4232 2787 4233 2828 4234 2828 4234 2787 4233 2786 4235 2828 4234 2786 4235 2829 4236 2829 4236 2786 4235 2785 4237 2829 4236 2785 4237 2830 4238 2830 4238 2785 4237 2784 4239 2830 4238 2784 4239 2831 4240 2831 4240 2784 4239 2783 4241 2831 4240 2783 4241 2832 4242 2832 4242 2783 4241 2782 4243 2832 4242 2782 4243 2781 4244 2832 4242 2781 4244 2833 4245 2833 4245 2781 4244 2780 4246 2833 4245 2780 4246 2834 4247 2834 4247 2780 4246 2779 4248 2834 4247 2779 4248 2835 4249 2835 4249 2779 4248 2778 4250 2835 4249 2778 4250 2836 4251 2836 4251 2778 4250 2777 4252 2836 4251 2777 4252 2837 4253 2837 4253 2777 4252 2838 4254 2838 4254 2777 4252 2776 4255 2838 4254 2776 4255 2839 4256 2839 4256 2776 4255 2775 4257 2839 4256 2775 4257 2840 4258 2840 4258 2775 4257 2774 4259 2840 4258 2774 4259 2841 4260 2841 4260 2774 4259 2773 4261 2841 4260 2773 4261 2842 4262 2842 4262 2773 4261 2772 4215 2842 4262 2772 4215 2819 4217 2723 4263 2713 4264 2700 4265 2700 4265 2713 4264 2712 4266 2700 4265 2712 4266 2701 4267 2701 4267 2712 4266 2711 4268 2701 4267 2711 4268 2702 4269 2702 4269 2711 4268 2710 4270 2702 4269 2710 4270 2703 4271 2703 4271 2710 4270 2709 4272 2703 4271 2709 4272 2704 4273 2704 4273 2709 4272 2708 4274 2704 4273 2708 4274 2705 4275 2705 4275 2708 4274 2707 4276 2705 4275 2707 4276 2706 4277 2713 4264 2723 4263 2714 4278 2714 4278 2723 4263 2722 4279 2714 4278 2722 4279 2715 4280 2715 4280 2722 4279 2721 4281 2715 4280 2721 4281 2716 4282 2716 4282 2721 4281 2720 4283 2716 4282 2720 4283 2717 4284 2717 4284 2720 4283 2719 4285 2717 4284 2719 4285 2718 4286 2843 4287 2844 4288 1611 4289 1611 4289 2844 4288 1612 4290 1612 4290 2844 4288 2845 4291 1612 4290 2845 4291 1613 4292 1613 4292 2845 4291 2846 4293 1613 4292 2846 4293 2847 4294 1613 4292 2847 4294 1614 4295 1614 4295 2847 4294 2848 4296 1614 4295 2848 4296 1615 4297 1615 4297 2848 4296 2849 4298 1615 4297 2849 4298 2850 4299 1615 4297 2850 4299 1616 4300 1616 4300 2850 4299 2851 4301 1616 4300 2851 4301 2852 4302 2853 4303 1617 4304 2852 4302 2852 4302 1617 4304 1616 4300 2853 4305 2854 4306 1617 4307 1617 4307 2854 4306 1618 4308 1618 4308 2854 4306 2855 4309 1618 4308 2855 4309 2856 4310 1618 4308 2856 4310 1619 4311 1619 4311 2856 4310 2857 4312 1619 4311 2857 4312 2858 4313 1619 4311 2858 4313 1620 4314 1620 4314 2858 4313 2859 4315 1620 4314 2859 4315 1621 4316 1621 4316 2859 4315 2860 4317 1621 4316 2860 4317 2861 4318 1621 4316 2861 4318 1622 4319 1622 4319 2861 4318 2862 4320 1622 4319 2862 4320 1623 4321 1623 4321 2862 4320 2768 4322 2843 4323 1611 4324 2865 4325 2865 4325 1611 4324 1610 4326 2865 4325 1610 4326 1609 4327 1608 4328 2863 4329 1609 4327 1609 4327 2863 4329 2864 4330 1609 4327 2864 4330 2865 4325 2867 4331 2913 4332 2866 4333 2866 4333 2913 4332 2890 4334 2866 4333 2890 4334 2889 4335 2889 4335 2890 4334 2891 4336 2889 4335 2891 4336 2888 4337 2888 4337 2891 4336 2892 4338 2888 4337 2892 4338 2887 4339 2887 4339 2892 4338 2893 4340 2887 4339 2893 4340 2886 4341 2886 4341 2893 4340 2894 4342 2886 4341 2894 4342 2885 4343 2885 4343 2894 4342 2895 4344 2885 4343 2895 4344 2884 4345 2884 4345 2895 4344 2896 4346 2884 4345 2896 4346 2883 4347 2883 4347 2896 4346 2897 4348 2883 4347 2897 4348 2882 4349 2882 4349 2897 4348 2898 4350 2882 4349 2898 4350 2881 4351 2881 4351 2898 4350 2899 4352 2881 4351 2899 4352 2880 4353 2880 4353 2899 4352 2900 4354 2880 4353 2900 4354 2879 4355 2879 4355 2900 4354 2901 4356 2879 4355 2901 4356 2878 4357 2878 4357 2901 4356 2902 4358 2878 4357 2902 4358 2877 4359 2877 4359 2902 4358 2903 4360 2877 4359 2903 4360 2876 4361 2876 4361 2903 4360 2904 4362 2876 4361 2904 4362 2875 4363 2875 4363 2904 4362 2905 4364 2875 4363 2905 4364 2874 4365 2874 4365 2905 4364 2906 4366 2874 4365 2906 4366 2873 4367 2873 4367 2906 4366 2907 4368 2873 4367 2907 4368 2872 4369 2872 4369 2907 4368 2908 4370 2872 4369 2908 4370 2871 4371 2871 4371 2908 4370 2909 4372 2871 4371 2909 4372 2870 4373 2870 4373 2909 4372 2910 4374 2870 4373 2910 4374 2869 4375 2869 4375 2910 4374 2911 4376 2869 4375 2911 4376 2868 4377 2868 4377 2911 4376 2912 4378 2868 4377 2912 4378 2867 4331 2867 4331 2912 4378 2913 4332 2915 4379 1477 4380 2914 4381 2914 4381 1477 4380 1476 4382 2914 4381 1476 4382 2937 4383 2937 4383 1476 4382 1499 4384 2937 4383 1499 4384 2936 4385 2936 4385 1499 4384 1498 4386 2936 4385 1498 4386 2935 4387 2935 4387 1498 4386 1497 4388 2935 4387 1497 4388 2934 4389 2934 4389 1497 4388 1496 4390 2934 4389 1496 4390 2933 4391 2933 4391 1496 4390 1495 4392 2933 4391 1495 4392 2932 4393 2932 4393 1495 4392 1494 4394 2932 4393 1494 4394 2931 4395 2931 4395 1494 4394 1493 4396 2931 4395 1493 4396 2930 4397 2930 4397 1493 4396 1492 4398 2930 4397 1492 4398 2929 4399 2929 4399 1492 4398 1491 4400 2929 4399 1491 4400 2928 4401 2928 4401 1491 4400 1490 4402 2928 4401 1490 4402 2927 4403 2927 4403 1490 4402 1489 4404 2927 4403 1489 4404 2926 4405 2926 4405 1489 4404 1488 4406 2926 4405 1488 4406 2925 4407 2925 4407 1488 4406 1487 4408 2925 4407 1487 4408 2924 4409 2924 4409 1487 4408 1486 4410 2924 4409 1486 4410 2923 4411 2923 4411 1486 4410 1485 4412 2923 4411 1485 4412 2922 4413 2922 4413 1485 4412 1484 4414 2922 4413 1484 4414 2921 4415 2921 4415 1484 4414 1483 4416 2921 4415 1483 4416 2920 4417 2920 4417 1483 4416 1482 4418 2920 4417 1482 4418 2919 4419 2919 4419 1482 4418 1481 4420 2919 4419 1481 4420 2918 4421 2918 4421 1481 4420 1480 4422 2918 4421 1480 4422 2917 4423 2917 4423 1480 4422 1479 4424 2917 4423 1479 4424 2916 4425 2916 4425 1479 4424 1478 4426 2916 4425 1478 4426 2915 4379 2915 4379 1478 4426 1477 4380 2867 4427 2866 4428 2914 4429 2914 4429 2866 4428 2889 4430 2914 4429 2889 4430 2915 4431 2915 4431 2889 4430 2888 4432 2915 4431 2888 4432 2916 4433 2916 4433 2888 4432 2887 4434 2916 4433 2887 4434 2917 4435 2917 4435 2887 4434 2886 4436 2917 4435 2886 4436 2918 4437 2918 4437 2886 4436 2885 4438 2918 4437 2885 4438 2919 4439 2919 4439 2885 4438 2884 4440 2919 4439 2884 4440 2920 4441 2920 4441 2884 4440 2921 4442 2921 4442 2884 4440 2883 4443 2921 4442 2883 4443 2922 4444 2922 4444 2883 4443 2882 4445 2922 4444 2882 4445 2923 4446 2923 4446 2882 4445 2881 4447 2923 4446 2881 4447 2924 4448 2924 4448 2881 4447 2880 4449 2924 4448 2880 4449 2925 4450 2925 4450 2880 4449 2879 4451 2925 4450 2879 4451 2926 4452 2926 4452 2879 4451 2878 4453 2926 4452 2878 4453 2927 4454 2927 4454 2878 4453 2877 4455 2927 4454 2877 4455 2876 4456 2927 4454 2876 4456 2928 4457 2928 4457 2876 4456 2875 4458 2928 4457 2875 4458 2929 4459 2929 4459 2875 4458 2874 4460 2929 4459 2874 4460 2930 4461 2930 4461 2874 4460 2873 4462 2930 4461 2873 4462 2931 4463 2931 4463 2873 4462 2872 4464 2931 4463 2872 4464 2932 4465 2932 4465 2872 4464 2933 4466 2933 4466 2872 4464 2871 4467 2933 4466 2871 4467 2934 4468 2934 4468 2871 4467 2870 4469 2934 4468 2870 4469 2935 4470 2935 4470 2870 4469 2869 4471 2935 4470 2869 4471 2936 4472 2936 4472 2869 4471 2868 4473 2936 4472 2868 4473 2937 4474 2937 4474 2868 4473 2867 4427 2937 4474 2867 4427 2914 4429 2818 4475 2812 4476 2795 4477 2795 4477 2812 4476 2811 4478 2795 4477 2811 4478 2796 4479 2796 4479 2811 4478 2810 4480 2796 4479 2810 4480 2797 4481 2797 4481 2810 4480 2809 4482 2797 4481 2809 4482 2798 4483 2798 4483 2809 4482 2808 4484 2798 4483 2808 4484 2799 4485 2799 4485 2808 4484 2807 4486 2799 4485 2807 4486 2800 4487 2800 4487 2807 4486 2806 4488 2800 4487 2806 4488 2801 4489 2801 4489 2806 4488 2805 4490 2801 4489 2805 4490 2802 4491 2802 4491 2805 4490 2804 4492 2802 4491 2804 4492 2803 4493 2812 4476 2818 4475 2813 4494 2813 4494 2818 4475 2817 4495 2813 4494 2817 4495 2814 4496 2814 4496 2817 4495 2816 4497 2814 4496 2816 4497 2815 4498 2938 4499 2939 4500 1596 4501 1596 4501 2939 4500 1597 4502 1597 4502 2939 4500 2940 4503 1597 4502 2940 4503 1598 4504 1598 4504 2940 4503 2941 4505 1598 4504 2941 4505 2942 4506 1598 4504 2942 4506 1599 4507 1599 4507 2942 4506 2943 4508 1599 4507 2943 4508 1600 4509 1600 4509 2943 4508 2944 4510 1600 4509 2944 4510 2945 4511 1600 4509 2945 4511 1601 4512 1601 4512 2945 4511 2946 4513 1601 4512 2946 4513 2947 4514 2948 4515 1602 4516 2947 4514 2947 4514 1602 4516 1601 4512 2948 4517 2949 4518 1602 4519 1602 4519 2949 4518 1603 4520 1603 4520 2949 4518 2950 4521 1603 4520 2950 4521 2951 4522 1603 4520 2951 4522 1604 4523 1604 4523 2951 4522 2952 4524 1604 4523 2952 4524 2953 4525 1604 4523 2953 4525 1605 4526 1605 4526 2953 4525 2954 4527 1605 4526 2954 4527 1606 4528 1606 4528 2954 4527 2955 4529 1606 4528 2955 4529 2956 4530 1606 4528 2956 4530 1607 4531 1607 4531 2956 4530 2957 4532 1607 4531 2957 4532 1608 4533 1608 4533 2957 4532 2863 4534 2938 4535 1596 4536 2960 4537 2960 4537 1596 4536 1595 4538 2960 4537 1595 4538 1594 4539 1593 4540 2958 4541 1594 4539 1594 4539 2958 4541 2959 4542 1594 4539 2959 4542 2960 4537 2962 4543 3008 4544 2961 4545 2961 4545 3008 4544 2985 4546 2961 4545 2985 4546 2984 4547 2984 4547 2985 4546 2986 4548 2984 4547 2986 4548 2983 4549 2983 4549 2986 4548 2987 4550 2983 4549 2987 4550 2982 4551 2982 4551 2987 4550 2988 4552 2982 4551 2988 4552 2981 4553 2981 4553 2988 4552 2989 4554 2981 4553 2989 4554 2980 4555 2980 4555 2989 4554 2990 4556 2980 4555 2990 4556 2979 4557 2979 4557 2990 4556 2991 4558 2979 4557 2991 4558 2978 4559 2978 4559 2991 4558 2992 4560 2978 4559 2992 4560 2977 4561 2977 4561 2992 4560 2993 4562 2977 4561 2993 4562 2976 4563 2976 4563 2993 4562 2994 4564 2976 4563 2994 4564 2975 4565 2975 4565 2994 4564 2995 4566 2975 4565 2995 4566 2974 4567 2974 4567 2995 4566 2996 4568 2974 4567 2996 4568 2973 4569 2973 4569 2996 4568 2997 4570 2973 4569 2997 4570 2972 4571 2972 4571 2997 4570 2998 4572 2972 4571 2998 4572 2971 4573 2971 4573 2998 4572 2999 4574 2971 4573 2999 4574 2970 4575 2970 4575 2999 4574 3000 4576 2970 4575 3000 4576 2969 4577 2969 4577 3000 4576 3001 4578 2969 4577 3001 4578 2968 4579 2968 4579 3001 4578 3002 4580 2968 4579 3002 4580 2967 4581 2967 4581 3002 4580 3003 4582 2967 4581 3003 4582 2966 4583 2966 4583 3003 4582 3004 4584 2966 4583 3004 4584 2965 4585 2965 4585 3004 4584 3005 4586 2965 4585 3005 4586 2964 4587 2964 4587 3005 4586 3006 4588 2964 4587 3006 4588 2963 4589 2963 4589 3006 4588 3007 4590 2963 4589 3007 4590 2962 4543 2962 4543 3007 4590 3008 4544 3010 4591 1816 4592 3009 4593 3009 4593 1816 4592 1815 4594 3009 4593 1815 4594 3032 4595 3032 4595 1815 4594 1838 4596 3032 4595 1838 4596 3031 4597 3031 4597 1838 4596 1837 4598 3031 4597 1837 4598 3030 4599 3030 4599 1837 4598 1836 4600 3030 4599 1836 4600 3029 4601 3029 4601 1836 4600 1835 4602 3029 4601 1835 4602 3028 4603 3028 4603 1835 4602 1834 4604 3028 4603 1834 4604 3027 4605 3027 4605 1834 4604 1833 4606 3027 4605 1833 4606 3026 4607 3026 4607 1833 4606 1832 4608 3026 4607 1832 4608 3025 4609 3025 4609 1832 4608 1831 4610 3025 4609 1831 4610 3024 4611 3024 4611 1831 4610 1830 4612 3024 4611 1830 4612 3023 4613 3023 4613 1830 4612 1829 4614 3023 4613 1829 4614 3022 4615 3022 4615 1829 4614 1828 4616 3022 4615 1828 4616 3021 4617 3021 4617 1828 4616 1827 4618 3021 4617 1827 4618 3020 4619 3020 4619 1827 4618 1826 4620 3020 4619 1826 4620 3019 4621 3019 4621 1826 4620 1825 4622 3019 4621 1825 4622 3018 4623 3018 4623 1825 4622 1824 4624 3018 4623 1824 4624 3017 4625 3017 4625 1824 4624 1823 4626 3017 4625 1823 4626 3016 4627 3016 4627 1823 4626 1822 4628 3016 4627 1822 4628 3015 4629 3015 4629 1822 4628 1821 4630 3015 4629 1821 4630 3014 4631 3014 4631 1821 4630 1820 4632 3014 4631 1820 4632 3013 4633 3013 4633 1820 4632 1819 4634 3013 4633 1819 4634 3012 4635 3012 4635 1819 4634 1818 4636 3012 4635 1818 4636 3011 4637 3011 4637 1818 4636 1817 4638 3011 4637 1817 4638 3010 4591 3010 4591 1817 4638 1816 4592 2962 4639 2961 4640 3009 4641 3009 4641 2961 4640 2984 4642 3009 4641 2984 4642 3010 4643 3010 4643 2984 4642 2983 4644 3010 4643 2983 4644 3011 4645 3011 4645 2983 4644 2982 4646 3011 4645 2982 4646 3012 4647 3012 4647 2982 4646 2981 4648 3012 4647 2981 4648 3013 4649 3013 4649 2981 4648 2980 4650 3013 4649 2980 4650 3014 4651 3014 4651 2980 4650 2979 4652 3014 4651 2979 4652 3015 4653 3015 4653 2979 4652 3016 4654 3016 4654 2979 4652 2978 4655 3016 4654 2978 4655 3017 4656 3017 4656 2978 4655 2977 4657 3017 4656 2977 4657 3018 4658 3018 4658 2977 4657 2976 4659 3018 4658 2976 4659 3019 4660 3019 4660 2976 4659 2975 4661 3019 4660 2975 4661 3020 4662 3020 4662 2975 4661 2974 4663 3020 4662 2974 4663 3021 4664 3021 4664 2974 4663 2973 4665 3021 4664 2973 4665 3022 4666 3022 4666 2973 4665 2972 4667 3022 4666 2972 4667 2971 4668 3022 4666 2971 4668 3023 4669 3023 4669 2971 4668 2970 4670 3023 4669 2970 4670 3024 4671 3024 4671 2970 4670 2969 4672 3024 4671 2969 4672 3025 4673 3025 4673 2969 4672 2968 4674 3025 4673 2968 4674 3026 4675 3026 4675 2968 4674 2967 4676 3026 4675 2967 4676 3027 4677 3027 4677 2967 4676 3028 4678 3028 4678 2967 4676 2966 4679 3028 4678 2966 4679 3029 4680 3029 4680 2966 4679 2965 4681 3029 4680 2965 4681 3030 4682 3030 4682 2965 4681 2964 4683 3030 4682 2964 4683 3031 4684 3031 4684 2964 4683 2963 4685 3031 4684 2963 4685 3032 4686 3032 4686 2963 4685 2962 4639 3032 4686 2962 4639 3009 4641 2913 4687 2911 4688 2890 4689 2890 4689 2911 4688 2910 4690 2890 4689 2910 4690 2891 4691 2891 4691 2910 4690 2909 4692 2891 4691 2909 4692 2892 4693 2892 4693 2909 4692 2908 4694 2892 4693 2908 4694 2893 4695 2893 4695 2908 4694 2907 4696 2893 4695 2907 4696 2894 4697 2894 4697 2907 4696 2906 4698 2894 4697 2906 4698 2895 4699 2895 4699 2906 4698 2905 4700 2895 4699 2905 4700 2896 4701 2896 4701 2905 4700 2904 4702 2896 4701 2904 4702 2897 4703 2897 4703 2904 4702 2903 4704 2897 4703 2903 4704 2898 4705 2898 4705 2903 4704 2902 4706 2898 4705 2902 4706 2899 4707 2899 4707 2902 4706 2901 4708 2899 4707 2901 4708 2900 4709 2913 4687 2912 4710 2911 4688 3033 4711 3034 4712 1581 4713 1581 4713 3034 4712 1582 4714 1582 4714 3034 4712 3035 4715 1582 4714 3035 4715 1583 4716 1583 4716 3035 4715 3036 4717 1583 4716 3036 4717 3037 4718 1583 4716 3037 4718 1584 4719 1584 4719 3037 4718 3038 4720 1584 4719 3038 4720 1585 4721 1585 4721 3038 4720 3039 4722 1585 4721 3039 4722 3040 4723 1585 4721 3040 4723 1586 4724 1586 4724 3040 4723 3041 4725 1586 4724 3041 4725 3042 4726 3043 4727 1587 4728 3042 4726 3042 4726 1587 4728 1586 4724 3043 4729 3044 4730 1587 4731 1587 4731 3044 4730 1588 4732 1588 4732 3044 4730 3045 4733 1588 4732 3045 4733 3046 4734 1588 4732 3046 4734 1589 4735 1589 4735 3046 4734 3047 4736 1589 4735 3047 4736 3048 4737 1589 4735 3048 4737 1590 4738 1590 4738 3048 4737 3049 4739 1590 4738 3049 4739 1591 4740 1591 4740 3049 4739 3050 4741 1591 4740 3050 4741 3051 4742 1591 4740 3051 4742 1592 4743 1592 4743 3051 4742 3052 4744 1592 4743 3052 4744 1593 4745 1593 4745 3052 4744 2958 4746 3033 4747 1581 4748 3055 4749 3055 4749 1581 4748 1580 4750 3055 4749 1580 4750 1579 4751 1578 4752 3053 4753 1579 4751 1579 4751 3053 4753 3054 4754 1579 4751 3054 4754 3055 4749 3057 4755 3103 4756 3056 4757 3056 4757 3103 4756 3080 4758 3056 4757 3080 4758 3079 4759 3079 4759 3080 4758 3081 4760 3079 4759 3081 4760 3078 4761 3078 4761 3081 4760 3082 4762 3078 4761 3082 4762 3077 4763 3077 4763 3082 4762 3083 4764 3077 4763 3083 4764 3076 4765 3076 4765 3083 4764 3084 4766 3076 4765 3084 4766 3075 4767 3075 4767 3084 4766 3085 4768 3075 4767 3085 4768 3074 4769 3074 4769 3085 4768 3086 4770 3074 4769 3086 4770 3073 4771 3073 4771 3086 4770 3087 4772 3073 4771 3087 4772 3072 4773 3072 4773 3087 4772 3088 4774 3072 4773 3088 4774 3071 4775 3071 4775 3088 4774 3089 4776 3071 4775 3089 4776 3070 4777 3070 4777 3089 4776 3090 4778 3070 4777 3090 4778 3069 4779 3069 4779 3090 4778 3091 4780 3069 4779 3091 4780 3068 4781 3068 4781 3091 4780 3092 4782 3068 4781 3092 4782 3067 4783 3067 4783 3092 4782 3093 4784 3067 4783 3093 4784 3066 4785 3066 4785 3093 4784 3094 4786 3066 4785 3094 4786 3065 4787 3065 4787 3094 4786 3095 4788 3065 4787 3095 4788 3064 4789 3064 4789 3095 4788 3096 4790 3064 4789 3096 4790 3063 4791 3063 4791 3096 4790 3097 4792 3063 4791 3097 4792 3062 4793 3062 4793 3097 4792 3098 4794 3062 4793 3098 4794 3061 4795 3061 4795 3098 4794 3099 4796 3061 4795 3099 4796 3060 4797 3060 4797 3099 4796 3100 4798 3060 4797 3100 4798 3059 4799 3059 4799 3100 4798 3101 4800 3059 4799 3101 4800 3058 4801 3058 4801 3101 4800 3102 4802 3058 4801 3102 4802 3057 4755 3057 4755 3102 4802 3103 4756 3105 4803 1501 4804 3104 4805 3104 4805 1501 4804 1500 4806 3104 4805 1500 4806 3127 4807 3127 4807 1500 4806 1523 4808 3127 4807 1523 4808 3126 4809 3126 4809 1523 4808 1522 4810 3126 4809 1522 4810 3125 4811 3125 4811 1522 4810 1521 4812 3125 4811 1521 4812 3124 4813 3124 4813 1521 4812 1520 4814 3124 4813 1520 4814 3123 4815 3123 4815 1520 4814 1519 4816 3123 4815 1519 4816 3122 4817 3122 4817 1519 4816 1518 4818 3122 4817 1518 4818 3121 4819 3121 4819 1518 4818 1517 4820 3121 4819 1517 4820 3120 4821 3120 4821 1517 4820 1516 4822 3120 4821 1516 4822 3119 4823 3119 4823 1516 4822 1515 4824 3119 4823 1515 4824 3118 4825 3118 4825 1515 4824 1514 4826 3118 4825 1514 4826 3117 4827 3117 4827 1514 4826 1513 4828 3117 4827 1513 4828 3116 4829 3116 4829 1513 4828 1512 4830 3116 4829 1512 4830 3115 4831 3115 4831 1512 4830 1511 4832 3115 4831 1511 4832 3114 4833 3114 4833 1511 4832 1510 4834 3114 4833 1510 4834 3113 4835 3113 4835 1510 4834 1509 4836 3113 4835 1509 4836 3112 4837 3112 4837 1509 4836 1508 4838 3112 4837 1508 4838 3111 4839 3111 4839 1508 4838 1507 4840 3111 4839 1507 4840 3110 4841 3110 4841 1507 4840 1506 4842 3110 4841 1506 4842 3109 4843 3109 4843 1506 4842 1505 4844 3109 4843 1505 4844 3108 4845 3108 4845 1505 4844 1504 4846 3108 4845 1504 4846 3107 4847 3107 4847 1504 4846 1503 4848 3107 4847 1503 4848 3106 4849 3106 4849 1503 4848 1502 4850 3106 4849 1502 4850 3105 4803 3105 4803 1502 4850 1501 4804 3057 4851 3056 4852 3104 4853 3104 4853 3056 4852 3079 4854 3104 4853 3079 4854 3105 4855 3105 4855 3079 4854 3078 4856 3105 4855 3078 4856 3106 4857 3106 4857 3078 4856 3077 4858 3106 4857 3077 4858 3107 4859 3107 4859 3077 4858 3076 4860 3107 4859 3076 4860 3108 4861 3108 4861 3076 4860 3075 4862 3108 4861 3075 4862 3109 4863 3109 4863 3075 4862 3074 4864 3109 4863 3074 4864 3110 4865 3110 4865 3074 4864 3111 4866 3111 4866 3074 4864 3073 4867 3111 4866 3073 4867 3112 4868 3112 4868 3073 4867 3072 4869 3112 4868 3072 4869 3113 4870 3113 4870 3072 4869 3071 4871 3113 4870 3071 4871 3114 4872 3114 4872 3071 4871 3070 4873 3114 4872 3070 4873 3115 4874 3115 4874 3070 4873 3069 4875 3115 4874 3069 4875 3116 4876 3116 4876 3069 4875 3068 4877 3116 4876 3068 4877 3117 4878 3117 4878 3068 4877 3067 4879 3117 4878 3067 4879 3066 4880 3117 4878 3066 4880 3118 4881 3118 4881 3066 4880 3065 4882 3118 4881 3065 4882 3119 4883 3119 4883 3065 4882 3064 4884 3119 4883 3064 4884 3120 4885 3120 4885 3064 4884 3063 4886 3120 4885 3063 4886 3121 4887 3121 4887 3063 4886 3062 4888 3121 4887 3062 4888 3122 4889 3122 4889 3062 4888 3123 4890 3123 4890 3062 4888 3061 4891 3123 4890 3061 4891 3124 4892 3124 4892 3061 4891 3060 4893 3124 4892 3060 4893 3125 4894 3125 4894 3060 4893 3059 4895 3125 4894 3059 4895 3126 4896 3126 4896 3059 4895 3058 4897 3126 4896 3058 4897 3127 4898 3127 4898 3058 4897 3057 4851 3127 4898 3057 4851 3104 4853 2985 4899 3008 4900 2986 4901 2986 4901 3008 4900 2987 4902 2987 4902 3008 4900 3007 4903 2987 4902 3007 4903 2988 4904 2988 4904 3007 4903 3006 4905 2988 4904 3006 4905 2989 4906 2989 4906 3006 4905 3005 4907 2989 4906 3005 4907 2990 4908 2990 4908 3005 4907 3004 4909 2990 4908 3004 4909 2991 4910 2991 4910 3004 4909 3003 4911 2991 4910 3003 4911 2992 4912 2992 4912 3003 4911 3002 4913 2992 4912 3002 4913 2993 4914 2993 4914 3002 4913 3001 4915 2993 4914 3001 4915 2994 4916 2994 4916 3001 4915 3000 4917 2994 4916 3000 4917 2995 4918 2995 4918 3000 4917 2999 4919 2995 4918 2999 4919 2996 4920 2996 4920 2999 4919 2998 4921 2996 4920 2998 4921 2997 4922 3128 4923 3129 4924 1566 4925 1566 4925 3129 4924 1567 4926 1567 4926 3129 4924 3130 4927 1567 4926 3130 4927 1568 4928 1568 4928 3130 4927 3131 4929 1568 4928 3131 4929 3132 4930 1568 4928 3132 4930 1569 4931 1569 4931 3132 4930 3133 4932 1569 4931 3133 4932 1570 4933 1570 4933 3133 4932 3134 4934 1570 4933 3134 4934 3135 4935 1570 4933 3135 4935 1571 4936 1571 4936 3135 4935 3136 4937 1571 4936 3136 4937 3137 4938 3138 4939 1572 4940 3137 4938 3137 4938 1572 4940 1571 4936 3138 4941 3139 4942 1572 4943 1572 4943 3139 4942 1573 4944 1573 4944 3139 4942 3140 4945 1573 4944 3140 4945 3141 4946 1573 4944 3141 4946 1574 4947 1574 4947 3141 4946 3142 4948 1574 4947 3142 4948 3143 4949 1574 4947 3143 4949 1575 4950 1575 4950 3143 4949 3144 4951 1575 4950 3144 4951 1576 4952 1576 4952 3144 4951 3145 4953 1576 4952 3145 4953 3146 4954 1576 4952 3146 4954 1577 4955 1577 4955 3146 4954 3147 4956 1577 4955 3147 4956 1578 4957 1578 4957 3147 4956 3053 4958 3128 4959 1566 4960 3150 4961 3150 4961 1566 4960 1565 4962 3150 4961 1565 4962 1564 4963 1563 4964 3148 4965 1564 4963 1564 4963 3148 4965 3149 4966 1564 4963 3149 4966 3150 4961 3152 4967 3198 4968 3151 4969 3151 4969 3198 4968 3175 4970 3151 4969 3175 4970 3174 4971 3174 4971 3175 4970 3176 4972 3174 4971 3176 4972 3173 4973 3173 4973 3176 4972 3177 4974 3173 4973 3177 4974 3172 4975 3172 4975 3177 4974 3178 4976 3172 4975 3178 4976 3171 4977 3171 4977 3178 4976 3179 4978 3171 4977 3179 4978 3170 4979 3170 4979 3179 4978 3180 4980 3170 4979 3180 4980 3169 4981 3169 4981 3180 4980 3181 4982 3169 4981 3181 4982 3168 4983 3168 4983 3181 4982 3182 4984 3168 4983 3182 4984 3167 4985 3167 4985 3182 4984 3183 4986 3167 4985 3183 4986 3166 4987 3166 4987 3183 4986 3184 4988 3166 4987 3184 4988 3165 4989 3165 4989 3184 4988 3185 4990 3165 4989 3185 4990 3164 4991 3164 4991 3185 4990 3186 4992 3164 4991 3186 4992 3163 4993 3163 4993 3186 4992 3187 4994 3163 4993 3187 4994 3162 4995 3162 4995 3187 4994 3188 4996 3162 4995 3188 4996 3161 4997 3161 4997 3188 4996 3189 4998 3161 4997 3189 4998 3160 4999 3160 4999 3189 4998 3190 5000 3160 4999 3190 5000 3159 5001 3159 5001 3190 5000 3191 5002 3159 5001 3191 5002 3158 5003 3158 5003 3191 5002 3192 5004 3158 5003 3192 5004 3157 5005 3157 5005 3192 5004 3193 5006 3157 5005 3193 5006 3156 5007 3156 5007 3193 5006 3194 5008 3156 5007 3194 5008 3155 5009 3155 5009 3194 5008 3195 5010 3155 5009 3195 5010 3154 5011 3154 5011 3195 5010 3196 5012 3154 5011 3196 5012 3153 5013 3153 5013 3196 5012 3197 5014 3153 5013 3197 5014 3152 4967 3152 4967 3197 5014 3198 4968 3200 5015 1792 5016 3199 5017 3199 5017 1792 5016 1791 5018 3199 5017 1791 5018 3222 5019 3222 5019 1791 5018 1814 5020 3222 5019 1814 5020 3221 5021 3221 5021 1814 5020 1813 5022 3221 5021 1813 5022 3220 5023 3220 5023 1813 5022 1812 5024 3220 5023 1812 5024 3219 5025 3219 5025 1812 5024 1811 5026 3219 5025 1811 5026 3218 5027 3218 5027 1811 5026 1810 5028 3218 5027 1810 5028 3217 5029 3217 5029 1810 5028 1809 5030 3217 5029 1809 5030 3216 5031 3216 5031 1809 5030 1808 5032 3216 5031 1808 5032 3215 5033 3215 5033 1808 5032 1807 5034 3215 5033 1807 5034 3214 5035 3214 5035 1807 5034 1806 5036 3214 5035 1806 5036 3213 5037 3213 5037 1806 5036 1805 5038 3213 5037 1805 5038 3212 5039 3212 5039 1805 5038 1804 5040 3212 5039 1804 5040 3211 5041 3211 5041 1804 5040 1803 5042 3211 5041 1803 5042 3210 5043 3210 5043 1803 5042 1802 5044 3210 5043 1802 5044 3209 5045 3209 5045 1802 5044 1801 5046 3209 5045 1801 5046 3208 5047 3208 5047 1801 5046 1800 5048 3208 5047 1800 5048 3207 5049 3207 5049 1800 5048 1799 5050 3207 5049 1799 5050 3206 5051 3206 5051 1799 5050 1798 5052 3206 5051 1798 5052 3205 5053 3205 5053 1798 5052 1797 5054 3205 5053 1797 5054 3204 5055 3204 5055 1797 5054 1796 5056 3204 5055 1796 5056 3203 5057 3203 5057 1796 5056 1795 5058 3203 5057 1795 5058 3202 5059 3202 5059 1795 5058 1794 5060 3202 5059 1794 5060 3201 5061 3201 5061 1794 5060 1793 5062 3201 5061 1793 5062 3200 5015 3200 5015 1793 5062 1792 5016 3152 5063 3151 5064 3199 5065 3199 5065 3151 5064 3174 5066 3199 5065 3174 5066 3200 5067 3200 5067 3174 5066 3173 5068 3200 5067 3173 5068 3201 5069 3201 5069 3173 5068 3172 5070 3201 5069 3172 5070 3202 5071 3202 5071 3172 5070 3171 5072 3202 5071 3171 5072 3203 5073 3203 5073 3171 5072 3170 5074 3203 5073 3170 5074 3204 5075 3204 5075 3170 5074 3169 5076 3204 5075 3169 5076 3205 5077 3205 5077 3169 5076 3206 5078 3206 5078 3169 5076 3168 5079 3206 5078 3168 5079 3207 5080 3207 5080 3168 5079 3167 5081 3207 5080 3167 5081 3208 5082 3208 5082 3167 5081 3166 5083 3208 5082 3166 5083 3209 5084 3209 5084 3166 5083 3165 5085 3209 5084 3165 5085 3210 5086 3210 5086 3165 5085 3164 5087 3210 5086 3164 5087 3211 5088 3211 5088 3164 5087 3163 5089 3211 5088 3163 5089 3212 5090 3212 5090 3163 5089 3162 5091 3212 5090 3162 5091 3161 5092 3212 5090 3161 5092 3213 5093 3213 5093 3161 5092 3160 5094 3213 5093 3160 5094 3214 5095 3214 5095 3160 5094 3159 5096 3214 5095 3159 5096 3215 5097 3215 5097 3159 5096 3158 5098 3215 5097 3158 5098 3216 5099 3216 5099 3158 5098 3157 5100 3216 5099 3157 5100 3217 5101 3217 5101 3157 5100 3218 5102 3218 5102 3157 5100 3156 5103 3218 5102 3156 5103 3219 5104 3219 5104 3156 5103 3155 5105 3219 5104 3155 5105 3220 5106 3220 5106 3155 5105 3154 5107 3220 5106 3154 5107 3221 5108 3221 5108 3154 5107 3153 5109 3221 5108 3153 5109 3222 5110 3222 5110 3153 5109 3152 5063 3222 5110 3152 5063 3199 5065 3103 5111 3085 5112 3080 5113 3080 5113 3085 5112 3084 5114 3080 5113 3084 5114 3081 5115 3081 5115 3084 5114 3083 5116 3081 5115 3083 5116 3082 5117 3085 5112 3103 5111 3086 5118 3086 5118 3103 5111 3102 5119 3086 5118 3102 5119 3087 5120 3087 5120 3102 5119 3101 5121 3087 5120 3101 5121 3088 5122 3088 5122 3101 5121 3100 5123 3088 5122 3100 5123 3089 5124 3089 5124 3100 5123 3099 5125 3089 5124 3099 5125 3090 5126 3090 5126 3099 5125 3098 5127 3090 5126 3098 5127 3091 5128 3091 5128 3098 5127 3097 5129 3091 5128 3097 5129 3092 5130 3092 5130 3097 5129 3096 5131 3092 5130 3096 5131 3093 5132 3093 5132 3096 5131 3095 5133 3093 5132 3095 5133 3094 5134 3223 5135 3224 5136 1557 5137 1557 5137 3224 5136 1558 5138 1558 5138 3224 5136 3225 5139 1558 5138 3225 5139 3226 5140 1558 5138 3226 5140 1559 5141 1559 5141 3226 5140 3227 5142 1559 5141 3227 5142 3228 5143 1559 5141 3228 5143 1560 5144 1560 5144 3228 5143 3229 5145 1560 5144 3229 5145 1561 5146 1561 5146 3229 5145 3230 5147 1561 5146 3230 5147 3231 5148 1561 5146 3231 5148 1562 5149 1562 5149 3231 5148 3232 5150 1562 5149 3232 5150 1563 5151 1563 5151 3232 5150 3148 5152 3233 5153 3234 5154 1551 5155 1551 5155 3234 5154 1552 5156 1552 5156 3234 5154 3235 5157 1552 5156 3235 5157 1553 5158 1553 5158 3235 5157 3236 5159 1553 5158 3236 5159 3237 5160 1553 5158 3237 5160 1554 5161 1554 5161 3237 5160 3238 5162 1554 5161 3238 5162 1555 5163 1555 5163 3238 5162 3239 5164 1555 5163 3239 5164 3240 5165 1555 5163 3240 5165 1556 5166 1556 5166 3240 5165 3241 5167 1556 5166 3241 5167 3242 5168 3223 5169 1557 5170 3242 5168 3242 5168 1557 5170 1556 5166 3244 5171 3290 5172 3243 5173 3243 5173 3290 5172 3267 5174 3243 5173 3267 5174 3266 5175 3266 5175 3267 5174 3268 5176 3266 5175 3268 5176 3265 5177 3265 5177 3268 5176 3269 5178 3265 5177 3269 5178 3264 5179 3264 5179 3269 5178 3270 5180 3264 5179 3270 5180 3263 5181 3263 5181 3270 5180 3271 5182 3263 5181 3271 5182 3262 5183 3262 5183 3271 5182 3272 5184 3262 5183 3272 5184 3261 5185 3261 5185 3272 5184 3273 5186 3261 5185 3273 5186 3260 5187 3260 5187 3273 5186 3274 5188 3260 5187 3274 5188 3259 5189 3259 5189 3274 5188 3275 5190 3259 5189 3275 5190 3258 5191 3258 5191 3275 5190 3276 5192 3258 5191 3276 5192 3257 5193 3257 5193 3276 5192 3277 5194 3257 5193 3277 5194 3256 5195 3256 5195 3277 5194 3278 5196 3256 5195 3278 5196 3255 5197 3255 5197 3278 5196 3279 5198 3255 5197 3279 5198 3254 5199 3254 5199 3279 5198 3280 5200 3254 5199 3280 5200 3253 5201 3253 5201 3280 5200 3281 5202 3253 5201 3281 5202 3252 5203 3252 5203 3281 5202 3282 5204 3252 5203 3282 5204 3251 5205 3251 5205 3282 5204 3283 5206 3251 5205 3283 5206 3250 5207 3250 5207 3283 5206 3284 5208 3250 5207 3284 5208 3249 5209 3249 5209 3284 5208 3285 5210 3249 5209 3285 5210 3248 5211 3248 5211 3285 5210 3286 5212 3248 5211 3286 5212 3247 5213 3247 5213 3286 5212 3287 5214 3247 5213 3287 5214 3246 5215 3246 5215 3287 5214 3288 5216 3246 5215 3288 5216 3245 5217 3245 5217 3288 5216 3289 5218 3245 5217 3289 5218 3244 5171 3244 5171 3289 5218 3290 5172 3292 5219 1525 5220 3291 5221 3291 5221 1525 5220 1524 5222 3291 5221 1524 5222 3314 5223 3314 5223 1524 5222 1547 5224 3314 5223 1547 5224 3313 5225 3313 5225 1547 5224 1546 5226 3313 5225 1546 5226 3312 5227 3312 5227 1546 5226 1545 5228 3312 5227 1545 5228 3311 5229 3311 5229 1545 5228 1544 5230 3311 5229 1544 5230 3310 5231 3310 5231 1544 5230 1543 5232 3310 5231 1543 5232 3309 5233 3309 5233 1543 5232 1542 5234 3309 5233 1542 5234 3308 5235 3308 5235 1542 5234 1541 5236 3308 5235 1541 5236 3307 5237 3307 5237 1541 5236 1540 5238 3307 5237 1540 5238 3306 5239 3306 5239 1540 5238 1539 5240 3306 5239 1539 5240 3305 5241 3305 5241 1539 5240 1538 5242 3305 5241 1538 5242 3304 5243 3304 5243 1538 5242 1537 5244 3304 5243 1537 5244 3303 5245 3303 5245 1537 5244 1536 5246 3303 5245 1536 5246 3302 5247 3302 5247 1536 5246 1535 5248 3302 5247 1535 5248 3301 5249 3301 5249 1535 5248 1534 5250 3301 5249 1534 5250 3300 5251 3300 5251 1534 5250 1533 5252 3300 5251 1533 5252 3299 5253 3299 5253 1533 5252 1532 5254 3299 5253 1532 5254 3298 5255 3298 5255 1532 5254 1531 5256 3298 5255 1531 5256 3297 5257 3297 5257 1531 5256 1530 5258 3297 5257 1530 5258 3296 5259 3296 5259 1530 5258 1529 5260 3296 5259 1529 5260 3295 5261 3295 5261 1529 5260 1528 5262 3295 5261 1528 5262 3294 5263 3294 5263 1528 5262 1527 5264 3294 5263 1527 5264 3293 5265 3293 5265 1527 5264 1526 5266 3293 5265 1526 5266 3292 5219 3292 5219 1526 5266 1525 5220 3244 5267 3243 5268 3291 5269 3291 5269 3243 5268 3266 5270 3291 5269 3266 5270 3292 5271 3292 5271 3266 5270 3265 5272 3292 5271 3265 5272 3293 5273 3293 5273 3265 5272 3264 5274 3293 5273 3264 5274 3294 5275 3294 5275 3264 5274 3263 5276 3294 5275 3263 5276 3295 5277 3295 5277 3263 5276 3262 5278 3295 5277 3262 5278 3296 5279 3296 5279 3262 5278 3261 5280 3296 5279 3261 5280 3297 5281 3297 5281 3261 5280 3298 5282 3298 5282 3261 5280 3260 5283 3298 5282 3260 5283 3299 5284 3299 5284 3260 5283 3259 5285 3299 5284 3259 5285 3300 5286 3300 5286 3259 5285 3258 5287 3300 5286 3258 5287 3301 5288 3301 5288 3258 5287 3257 5289 3301 5288 3257 5289 3302 5290 3302 5290 3257 5289 3256 5291 3302 5290 3256 5291 3303 5292 3303 5292 3256 5291 3255 5293 3303 5292 3255 5293 3304 5294 3304 5294 3255 5293 3254 5295 3304 5294 3254 5295 3253 5296 3304 5294 3253 5296 3305 5297 3305 5297 3253 5296 3252 5298 3305 5297 3252 5298 3306 5299 3306 5299 3252 5298 3251 5300 3306 5299 3251 5300 3307 5301 3307 5301 3251 5300 3250 5302 3307 5301 3250 5302 3308 5303 3308 5303 3250 5302 3249 5304 3308 5303 3249 5304 3309 5305 3309 5305 3249 5304 3310 5306 3310 5306 3249 5304 3248 5307 3310 5306 3248 5307 3311 5308 3311 5308 3248 5307 3247 5309 3311 5308 3247 5309 3312 5310 3312 5310 3247 5309 3246 5311 3312 5310 3246 5311 3313 5312 3313 5312 3246 5311 3245 5313 3313 5312 3245 5313 3314 5314 3314 5314 3245 5313 3244 5267 3314 5314 3244 5267 3291 5269 3198 5315 3184 5316 3175 5317 3175 5317 3184 5316 3183 5318 3175 5317 3183 5318 3176 5319 3176 5319 3183 5318 3182 5320 3176 5319 3182 5320 3177 5321 3177 5321 3182 5320 3181 5322 3177 5321 3181 5322 3178 5323 3178 5323 3181 5322 3180 5324 3178 5323 3180 5324 3179 5325 3184 5316 3198 5315 3185 5326 3185 5326 3198 5315 3197 5327 3185 5326 3197 5327 3186 5328 3186 5328 3197 5327 3196 5329 3186 5328 3196 5329 3187 5330 3187 5330 3196 5329 3195 5331 3187 5330 3195 5331 3188 5332 3188 5332 3195 5331 3194 5333 3188 5332 3194 5333 3189 5334 3189 5334 3194 5333 3193 5335 3189 5334 3193 5335 3190 5336 3190 5336 3193 5335 3192 5337 3190 5336 3192 5337 3191 5338 3315 5339 3316 5340 1722 5341 1722 5341 3316 5340 1723 5342 1723 5342 3316 5340 3317 5343 1723 5342 3317 5343 3318 5344 1723 5342 3318 5344 1724 5345 1724 5345 3318 5344 3319 5346 1724 5345 3319 5346 3320 5347 1724 5345 3320 5347 1725 5348 1725 5348 3320 5347 3321 5349 1725 5348 3321 5349 1726 5350 1726 5350 3321 5349 3322 5351 1726 5350 3322 5351 3323 5352 1726 5350 3323 5352 1727 5353 1727 5353 3323 5352 3324 5354 1727 5353 3324 5354 1548 5355 1548 5355 3324 5354 3325 5356 2292 5357 3326 5358 1716 5359 1716 5359 3326 5358 1717 5360 1717 5360 3326 5358 3327 5361 1717 5360 3327 5361 1718 5362 1718 5362 3327 5361 3328 5363 1718 5362 3328 5363 3329 5364 1718 5362 3329 5364 1719 5365 1719 5365 3329 5364 3330 5366 1719 5365 3330 5366 1720 5367 1720 5367 3330 5366 3331 5368 1720 5367 3331 5368 3332 5369 1720 5367 3332 5369 1721 5370 1721 5370 3332 5369 3333 5371 1721 5370 3333 5371 3334 5372 3315 5373 1722 5374 3334 5372 3334 5372 1722 5374 1721 5370 2280 5375 2279 5376 3371 5377 3371 5377 2279 5376 2278 5378 3371 5377 2278 5378 2277 5379 2277 5379 2276 5380 3371 5377 3371 5377 2276 5380 3370 5381 3370 5381 2276 5380 2275 5382 3370 5381 2275 5382 2274 5383 2274 5383 2273 5384 3370 5381 3370 5381 2273 5384 2272 5385 3370 5381 2272 5385 2271 5386 2270 5387 2295 5388 2271 5386 2271 5386 2295 5388 3369 5389 2271 5386 3369 5389 3370 5381 2270 5387 2269 5390 2295 5388 2295 5388 2294 5391 3369 5389 3369 5389 2294 5391 2386 5392 3369 5389 2386 5392 3368 5393 3368 5393 2386 5392 2385 5394 3368 5393 2385 5394 2384 5395 2293 5396 2387 5397 2294 5391 2294 5391 2387 5397 2386 5392 2384 5395 2383 5398 3368 5393 3368 5393 2383 5398 2382 5399 3368 5393 2382 5399 3367 5400 3367 5400 2382 5399 2381 5401 3367 5400 2381 5401 2380 5402 2380 5402 2379 5403 3367 5400 3367 5400 2379 5403 2378 5404 3367 5400 2378 5404 2377 5405 3367 5400 2377 5405 3366 5406 3366 5406 2377 5405 2376 5407 3366 5406 2376 5407 2375 5408 2375 5408 2374 5409 3366 5406 3366 5406 2374 5409 2373 5410 3366 5406 2373 5410 2372 5411 2372 5411 2371 5412 3366 5406 3366 5406 2371 5412 3365 5413 3365 5413 2371 5412 2370 5414 3365 5413 2370 5414 2369 5415 2369 5415 2368 5416 3365 5413 3365 5413 2368 5416 2390 5417 3365 5413 2390 5417 2389 5418 2388 5419 2482 5420 2389 5418 2389 5418 2482 5420 3364 5421 2389 5418 3364 5421 3365 5413 2482 5420 2481 5422 3364 5421 3364 5421 2481 5422 2480 5423 3364 5421 2480 5423 2479 5424 2479 5424 2478 5425 3364 5421 3364 5421 2478 5425 3363 5426 3363 5426 2478 5425 2477 5427 3363 5426 2477 5427 2476 5428 2476 5428 2475 5429 3363 5426 3363 5426 2475 5429 2474 5430 3363 5426 2474 5430 2473 5431 3363 5426 2473 5431 3362 5432 3362 5432 2473 5431 2472 5433 3362 5432 2472 5433 2471 5434 2471 5434 2470 5435 3362 5432 3362 5432 2470 5435 2469 5436 3362 5432 2469 5436 2468 5437 3362 5432 2468 5437 3361 5438 3361 5438 2468 5437 2467 5439 3361 5438 2467 5439 2466 5440 2466 5440 2465 5441 3361 5438 3361 5438 2465 5441 2464 5442 3361 5438 2464 5442 2463 5443 2463 5443 2485 5444 3361 5438 3361 5438 2485 5444 3360 5445 3360 5445 2485 5444 2484 5446 3360 5445 2484 5446 2577 5447 2577 5447 2484 5446 2483 5448 2577 5447 2576 5449 3360 5445 3360 5445 2576 5449 2575 5450 3360 5445 2575 5450 2574 5451 3360 5445 2574 5451 3359 5452 3359 5452 2574 5451 2573 5453 3359 5452 2573 5453 2572 5454 2572 5454 2571 5455 3359 5452 3359 5452 2571 5455 2570 5456 3359 5452 2570 5456 2569 5457 3359 5452 2569 5457 3358 5458 3358 5458 2569 5457 2568 5459 3358 5458 2568 5459 2567 5460 2567 5460 2566 5461 3358 5458 3358 5458 2566 5461 2565 5462 3358 5458 2565 5462 2564 5463 3358 5458 2564 5463 3357 5464 3357 5464 2564 5463 2563 5465 3357 5464 2563 5465 2562 5466 2562 5466 2561 5467 3357 5464 3357 5464 2561 5467 2560 5468 3357 5464 2560 5468 2559 5469 2558 5470 2580 5471 2559 5469 2559 5469 2580 5471 3357 5464 3357 5464 2580 5471 3356 5472 3356 5472 2580 5471 2579 5473 3356 5472 2579 5473 2671 5474 2671 5474 2579 5473 2672 5475 2672 5475 2579 5473 2578 5476 2671 5474 2670 5477 3356 5472 3356 5472 2670 5477 3355 5478 3355 5478 2670 5477 2669 5479 3355 5478 2669 5479 2668 5480 2668 5480 2667 5481 3355 5478 3355 5478 2667 5481 2666 5482 3355 5478 2666 5482 2665 5483 3355 5478 2665 5483 3354 5484 3354 5484 2665 5483 2664 5485 3354 5484 2664 5485 2663 5486 2663 5486 2662 5487 3354 5484 3354 5484 2662 5487 2661 5488 3354 5484 2661 5488 2660 5489 3354 5484 2660 5489 3353 5490 3353 5490 2660 5489 2659 5491 3353 5490 2659 5491 2658 5492 2658 5492 2657 5493 3353 5490 3353 5490 2657 5493 2656 5494 3353 5490 2656 5494 2655 5495 2654 5496 2675 5497 2655 5495 2655 5495 2675 5497 3352 5498 2655 5495 3352 5498 3353 5490 2654 5496 2653 5499 2675 5497 2675 5497 2674 5500 3352 5498 3352 5498 2674 5500 2766 5501 3352 5498 2766 5501 3351 5502 3351 5502 2766 5501 2765 5503 3351 5502 2765 5503 2764 5504 2673 5505 2767 5506 2674 5500 2674 5500 2767 5506 2766 5501 2764 5504 2763 5507 3351 5502 3351 5502 2763 5507 2762 5508 3351 5502 2762 5508 3350 5509 3350 5509 2762 5508 2761 5510 3350 5509 2761 5510 2760 5511 2760 5511 2759 5512 3350 5509 3350 5509 2759 5512 2758 5513 3350 5509 2758 5513 2757 5514 3350 5509 2757 5514 3349 5515 3349 5515 2757 5514 2756 5516 3349 5515 2756 5516 2755 5517 2755 5517 2754 5518 3349 5515 3349 5515 2754 5518 2753 5519 3349 5515 2753 5519 2752 5520 2752 5520 2751 5521 3349 5515 3349 5515 2751 5521 3348 5522 3348 5522 2751 5521 2750 5523 3348 5522 2750 5523 2749 5524 2749 5524 2748 5525 3348 5522 3348 5522 2748 5525 2770 5526 3348 5522 2770 5526 2769 5527 3348 5522 2769 5527 3347 5528 3347 5528 2769 5527 2768 5529 3347 5528 2768 5529 2862 5530 2862 5530 2861 5531 3347 5528 3347 5528 2861 5531 2860 5532 3347 5528 2860 5532 2859 5533 2859 5533 2858 5534 3347 5528 3347 5528 2858 5534 3346 5535 3346 5535 2858 5534 2857 5536 3346 5535 2857 5536 2856 5537 2856 5537 2855 5538 3346 5535 3346 5535 2855 5538 2854 5539 3346 5535 2854 5539 2853 5540 3346 5535 2853 5540 3345 5541 3345 5541 2853 5540 2852 5542 3345 5541 2852 5542 2851 5543 2851 5543 2850 5544 3345 5541 3345 5541 2850 5544 2849 5545 3345 5541 2849 5545 2848 5546 3345 5541 2848 5546 3344 5547 3344 5547 2848 5546 2847 5548 3344 5547 2847 5548 2846 5549 2846 5549 2845 5550 3344 5547 3344 5547 2845 5550 2844 5551 3344 5547 2844 5551 2843 5552 2843 5552 2865 5553 3344 5547 3344 5547 2865 5553 3343 5554 3343 5554 2865 5553 2864 5555 3343 5554 2864 5555 2863 5556 2863 5556 2957 5557 3343 5554 3343 5554 2957 5557 2956 5558 3343 5554 2956 5558 2955 5559 2955 5559 2954 5560 3343 5554 3343 5554 2954 5560 3342 5561 3342 5561 2954 5560 2953 5562 3342 5561 2953 5562 2952 5563 2952 5563 2951 5564 3342 5561 3342 5561 2951 5564 2950 5565 3342 5561 2950 5565 2949 5566 3342 5561 2949 5566 3341 5567 3341 5567 2949 5566 2948 5568 3341 5567 2948 5568 2947 5569 2947 5569 2946 5570 3341 5567 3341 5567 2946 5570 2945 5571 3341 5567 2945 5571 2944 5572 3341 5567 2944 5572 3340 5573 3340 5573 2944 5572 2943 5574 3340 5573 2943 5574 2942 5575 2942 5575 2941 5576 3340 5573 3340 5573 2941 5576 2940 5577 3340 5573 2940 5577 2939 5578 2938 5579 2960 5580 2939 5578 2939 5578 2960 5580 3340 5573 3340 5573 2960 5580 3339 5581 3339 5581 2960 5580 2959 5582 3339 5581 2959 5582 3051 5583 3051 5583 2959 5582 3052 5584 3052 5584 2959 5582 2958 5585 3051 5583 3050 5586 3339 5581 3339 5581 3050 5586 3338 5587 3338 5587 3050 5586 3049 5588 3338 5587 3049 5588 3048 5589 3048 5589 3047 5590 3338 5587 3338 5587 3047 5590 3046 5591 3338 5587 3046 5591 3045 5592 3338 5587 3045 5592 3337 5593 3337 5593 3045 5592 3044 5594 3337 5593 3044 5594 3043 5595 3043 5595 3042 5596 3337 5593 3337 5593 3042 5596 3041 5597 3337 5593 3041 5597 3040 5598 3337 5593 3040 5598 3387 5599 3387 5599 3040 5598 3039 5600 3387 5599 3039 5600 3038 5601 3038 5601 3037 5602 3387 5599 3387 5599 3037 5602 3036 5603 3387 5599 3036 5603 3035 5604 3034 5605 3055 5606 3035 5604 3035 5604 3055 5606 3386 5607 3035 5604 3386 5607 3387 5599 3034 5605 3033 5608 3055 5606 3055 5606 3054 5609 3386 5607 3386 5607 3054 5609 3146 5610 3386 5607 3146 5610 3385 5611 3385 5611 3146 5610 3145 5612 3385 5611 3145 5612 3144 5613 3053 5614 3147 5615 3054 5609 3054 5609 3147 5615 3146 5610 3144 5613 3143 5616 3385 5611 3385 5611 3143 5616 3142 5617 3385 5611 3142 5617 3384 5618 3384 5618 3142 5617 3141 5619 3384 5618 3141 5619 3140 5620 3140 5620 3139 5621 3384 5618 3384 5618 3139 5621 3138 5622 3384 5618 3138 5622 3137 5623 3384 5618 3137 5623 3383 5624 3383 5624 3137 5623 3136 5625 3383 5624 3136 5625 3135 5626 3135 5626 3134 5627 3383 5624 3383 5624 3134 5627 3133 5628 3383 5624 3133 5628 3132 5629 3132 5629 3131 5630 3383 5624 3383 5624 3131 5630 3382 5631 3382 5631 3131 5630 3130 5632 3382 5631 3130 5632 3150 5633 3150 5633 3130 5632 3129 5634 3150 5633 3129 5634 3128 5635 3150 5633 3149 5636 3382 5631 3382 5631 3149 5636 3381 5637 3381 5637 3149 5636 3148 5638 3381 5637 3148 5638 3232 5639 3232 5639 3231 5640 3381 5637 3381 5637 3231 5640 3230 5641 3381 5637 3230 5641 3229 5642 3229 5642 3228 5643 3381 5637 3381 5637 3228 5643 3380 5644 3380 5644 3228 5643 3227 5645 3380 5644 3227 5645 3226 5646 3226 5646 3225 5647 3380 5644 3380 5644 3225 5647 3224 5648 3380 5644 3224 5648 3223 5649 3380 5644 3223 5649 3379 5650 3379 5650 3223 5649 3242 5651 3379 5650 3242 5651 3241 5652 3241 5652 3240 5653 3379 5650 3379 5650 3240 5653 3239 5654 3379 5650 3239 5654 3238 5655 3379 5650 3238 5655 3378 5656 3378 5656 3238 5655 3237 5657 3378 5656 3237 5657 3236 5658 3236 5658 3235 5659 3378 5656 3378 5656 3235 5659 3234 5660 3378 5656 3234 5660 3233 5661 3233 5661 3335 5662 3378 5656 3378 5656 3335 5662 3377 5663 3377 5663 3335 5662 3336 5664 3377 5663 3336 5664 3324 5665 3324 5665 3336 5664 3325 5666 3324 5665 3323 5667 3377 5663 3377 5663 3323 5667 3322 5668 3377 5663 3322 5668 3321 5669 3377 5663 3321 5669 3376 5670 3376 5670 3321 5669 3320 5671 3376 5670 3320 5671 3319 5672 3319 5672 3318 5673 3376 5670 3376 5670 3318 5673 3317 5674 3376 5670 3317 5674 3316 5675 3376 5670 3316 5675 3375 5676 3375 5676 3316 5675 3315 5677 3375 5676 3315 5677 3334 5678 3334 5678 3333 5679 3375 5676 3375 5676 3333 5679 3332 5680 3375 5676 3332 5680 3331 5681 3375 5676 3331 5681 3374 5682 3374 5682 3331 5681 3330 5683 3374 5682 3330 5683 3329 5684 3329 5684 3328 5685 3374 5682 3374 5682 3328 5685 3327 5686 3374 5682 3327 5686 3326 5687 2292 5688 2291 5689 3326 5687 3326 5687 2291 5689 3374 5682 3374 5682 2291 5689 3373 5690 3373 5690 2291 5689 2290 5691 3373 5690 2290 5691 2287 5692 2287 5692 2290 5691 2288 5693 2288 5693 2290 5691 2289 5694 2287 5692 2286 5695 3373 5690 3373 5690 2286 5695 3372 5696 3372 5696 2286 5695 2285 5697 3372 5696 2285 5697 2284 5698 2284 5698 2283 5699 3372 5696 3372 5696 2283 5699 2282 5700 3372 5696 2282 5700 2281 5701 3372 5696 2281 5701 3371 5377 3371 5377 2281 5701 2280 5375 2196 5702 3338 5703 2154 5704 2154 5704 3338 5703 3337 5705 2154 5704 3337 5705 3387 5706 3338 5703 2196 5702 3339 5707 3339 5707 2196 5702 2195 5708 3339 5707 2195 5708 3340 5709 3340 5709 2195 5708 2194 5710 3340 5709 2194 5710 3341 5711 3341 5711 2194 5710 2193 5712 3341 5711 2193 5712 3342 5713 3342 5713 2193 5712 2192 5714 3342 5713 2192 5714 3343 5715 3343 5715 2192 5714 3344 5716 3344 5716 2192 5714 2191 5717 3344 5716 2191 5717 3345 5718 3345 5718 2191 5717 2190 5719 3345 5718 2190 5719 3346 5720 3346 5720 2190 5719 2189 5721 3346 5720 2189 5721 3347 5722 3347 5722 2189 5721 2188 5723 3347 5722 2188 5723 3348 5724 3348 5724 2188 5723 2187 5725 3348 5724 2187 5725 3349 5726 3349 5726 2187 5725 2186 5727 3349 5726 2186 5727 3350 5728 3350 5728 2186 5727 3351 5729 3351 5729 2186 5727 2185 5730 3351 5729 2185 5730 3352 5731 3352 5731 2185 5730 2184 5732 3352 5731 2184 5732 3353 5733 3353 5733 2184 5732 2183 5734 3353 5733 2183 5734 3354 5735 3354 5735 2183 5734 2182 5736 3354 5735 2182 5736 3355 5737 3355 5737 2182 5736 2181 5738 3355 5737 2181 5738 3356 5739 3356 5739 2181 5738 3357 5740 3357 5740 2181 5738 2180 5741 3357 5740 2180 5741 3358 5742 3358 5742 2180 5741 2179 5743 3358 5742 2179 5743 3359 5744 3359 5744 2179 5743 2178 5745 3359 5744 2178 5745 3360 5746 3360 5746 2178 5745 2177 5747 3360 5746 2177 5747 3361 5748 3361 5748 2177 5747 2176 5749 3361 5748 2176 5749 3362 5750 3362 5750 2176 5749 3363 5751 3363 5751 2176 5749 2175 5752 3363 5751 2175 5752 3364 5753 3364 5753 2175 5752 2174 5754 3364 5753 2174 5754 3365 5755 3365 5755 2174 5754 2173 5756 3365 5755 2173 5756 3366 5757 3366 5757 2173 5756 2172 5758 3366 5757 2172 5758 3367 5759 3367 5759 2172 5758 2171 5760 3367 5759 2171 5760 3368 5761 3368 5761 2171 5760 2170 5762 3368 5761 2170 5762 3369 5763 3369 5763 2170 5762 3370 5764 3370 5764 2170 5762 2169 5765 3370 5764 2169 5765 3371 5766 3371 5766 2169 5765 2168 5767 3371 5766 2168 5767 3372 5768 3372 5768 2168 5767 2167 5769 3372 5768 2167 5769 3373 5770 3373 5770 2167 5769 2166 5771 3373 5770 2166 5771 3374 5772 3374 5772 2166 5771 2165 5773 3374 5772 2165 5773 3375 5774 3375 5774 2165 5773 3376 5775 3376 5775 2165 5773 2164 5776 3376 5775 2164 5776 3377 5777 3377 5777 2164 5776 2163 5778 3377 5777 2163 5778 3378 5779 3378 5779 2163 5778 2162 5780 3378 5779 2162 5780 3379 5781 3379 5781 2162 5780 2161 5782 3379 5781 2161 5782 3380 5783 3380 5783 2161 5782 2160 5784 3380 5783 2160 5784 3381 5785 3381 5785 2160 5784 2159 5786 3381 5785 2159 5786 3382 5787 3382 5787 2159 5786 3383 5788 3383 5788 2159 5786 2158 5789 3383 5788 2158 5789 3384 5790 3384 5790 2158 5789 2157 5791 3384 5790 2157 5791 3385 5792 3385 5792 2157 5791 2156 5793 3385 5792 2156 5793 3386 5794 3386 5794 2156 5793 2155 5795 3386 5794 2155 5795 3387 5706 3387 5706 2155 5795 2154 5704 3233 5796 1551 5797 3335 5798 3335 5798 1551 5797 1550 5799 3335 5798 1550 5799 1549 5800 1548 5801 3325 5802 1549 5800 1549 5800 3325 5802 3336 5803 1549 5800 3336 5803 3335 5798 1779 5804 853 5805 1780 5806 1780 5806 853 5805 1043 1126 1780 5806 1043 1126 1781 5807 1781 5807 1043 1126 1042 1128 1781 5807 1042 1128 1782 5808 1782 5808 1042 1128 1041 1130 1782 5808 1041 1130 1783 5809 1783 5809 1041 1130 1040 1132 1783 5809 1040 1132 1784 5810 1784 5810 1040 1132 1039 1134 1784 5810 1039 1134 1785 5811 1785 5811 1039 1134 1038 1136 1785 5811 1038 1136 1786 5812 1786 5812 1038 1136 1037 1138 1786 5812 1037 1138 1787 5813 1787 5813 1037 1138 1036 1140 1787 5813 1036 1140 1788 5814 1788 5814 1036 1140 1035 1142 1788 5814 1035 1142 1789 5815 1789 5815 1035 1142 1034 1144 1789 5815 1034 1144 1790 5816 1790 5816 1034 1144 1033 1146 1790 5816 1033 1146 1092 5817 1092 5817 1033 1146 1093 5818 1093 5818 1033 1146 1032 5819 802 918 896 919 1738 5820 1738 5820 896 919 1739 5821 1739 5821 896 919 895 1102 1739 5821 895 1102 1740 5822 1740 5822 895 1102 894 1101 1740 5822 894 1101 1741 5823 1741 5823 894 1101 893 1100 1741 5823 893 1100 1742 5824 1742 5824 893 1100 892 1099 1742 5824 892 1099 1743 5825 1743 5825 892 1099 891 1098 1743 5825 891 1098 1744 5826 1744 5826 891 1098 890 1097 1744 5826 890 1097 1745 5827 1745 5827 890 1097 889 1096 1745 5827 889 1096 1746 5828 1746 5828 889 1096 888 1095 1746 5828 888 1095 1747 5829 1747 5829 888 1095 887 1094 1747 5829 887 1094 1748 5830 1748 5830 887 1094 886 1093 1748 5830 886 1093 1749 5831 1749 5831 886 1093 885 1092 1749 5831 885 1092 1750 5832 1750 5832 885 1092 884 1091 1750 5832 884 1091 1751 5833 1751 5833 884 1091 883 1090 1751 5833 883 1090 1752 5834 1752 5834 883 1090 882 1089 1752 5834 882 1089 881 1088 1752 5834 881 1088 1753 5835 1753 5835 881 1088 880 1087 1753 5835 880 1087 1754 5836 1754 5836 880 1087 879 1086 1754 5836 879 1086 1755 5837 1755 5837 879 1086 878 1085 1755 5837 878 1085 1756 5838 1756 5838 878 1085 877 1084 1756 5838 877 1084 1757 5839 1757 5839 877 1084 876 1083 1757 5839 876 1083 1758 5840 1758 5840 876 1083 875 1082 1758 5840 875 1082 1759 5841 1759 5841 875 1082 874 1081 1759 5841 874 1081 1760 5842 1760 5842 874 1081 873 1080 1760 5842 873 1080 1761 5843 1761 5843 873 1080 872 1079 1761 5843 872 1079 1762 5844 1762 5844 872 1079 871 1078 1762 5844 871 1078 1763 5845 1763 5845 871 1078 870 1077 1763 5845 870 1077 1764 5846 1764 5846 870 1077 869 1076 1764 5846 869 1076 1765 5847 1765 5847 869 1076 868 1075 1765 5847 868 1075 867 1074 1765 5847 867 1074 1766 5848 1766 5848 867 1074 866 1073 1766 5848 866 1073 1767 5849 1767 5849 866 1073 865 1072 1767 5849 865 1072 1768 5850 1768 5850 865 1072 864 1071 1768 5850 864 1071 1769 5851 1769 5851 864 1071 863 1070 1769 5851 863 1070 1770 5852 1770 5852 863 1070 862 1069 1770 5852 862 1069 1771 5853 1771 5853 862 1069 861 1068 1771 5853 861 1068 1772 5854 1772 5854 861 1068 860 1067 1772 5854 860 1067 1773 5855 1773 5855 860 1067 859 1066 1773 5855 859 1066 1774 5856 1774 5856 859 1066 858 1065 1774 5856 858 1065 1775 5857 1775 5857 858 1065 857 1064 1775 5857 857 1064 1776 5858 1776 5858 857 1064 856 1063 1776 5858 856 1063 1777 5859 1777 5859 856 1063 855 1062 1777 5859 855 1062 1778 5860 1778 5860 855 1062 854 1061 1778 5860 854 1061 1779 5804 1779 5804 854 1061 853 5805 814 895 813 896 1080 5861 1080 5861 813 896 1081 5862 1081 5862 813 896 1728 5863 1728 5863 813 896 812 898 1728 5863 812 898 1729 5864 1729 5864 812 898 811 900 1729 5864 811 900 1730 5865 1730 5865 811 900 810 902 1730 5865 810 902 1731 5866 1731 5866 810 902 809 904 1731 5866 809 904 1732 5867 1732 5867 809 904 808 906 1732 5867 808 906 1733 5868 1733 5868 808 906 807 908 1733 5868 807 908 1734 5869 1734 5869 807 908 806 910 1734 5869 806 910 1735 5870 1735 5870 806 910 805 912 1735 5870 805 912 1736 5871 1736 5871 805 912 804 914 1736 5871 804 914 1737 5872 1737 5872 804 914 803 916 1737 5872 803 916 1738 5820 1738 5820 803 916 802 918 3290 5873 3280 5874 3267 5875 3267 5875 3280 5874 3279 5876 3267 5875 3279 5876 3268 5877 3268 5877 3279 5876 3278 5878 3268 5877 3278 5878 3269 5879 3269 5879 3278 5878 3277 5880 3269 5879 3277 5880 3270 5881 3270 5881 3277 5880 3276 5882 3270 5881 3276 5882 3271 5883 3271 5883 3276 5882 3275 5884 3271 5883 3275 5884 3272 5885 3272 5885 3275 5884 3274 5886 3272 5885 3274 5886 3273 5887 3280 5874 3290 5873 3281 5888 3281 5888 3290 5873 3289 5889 3281 5888 3289 5889 3282 5890 3282 5890 3289 5889 3288 5891 3282 5890 3288 5891 3283 5892 3283 5892 3288 5891 3287 5893 3283 5892 3287 5893 3284 5894 3284 5894 3287 5893 3286 5895 3284 5894 3286 5895 3285 5896 67 5897 353 483 34 5898 34 5898 353 483 352 485 34 5898 352 485 35 5899 35 5899 352 485 351 487 35 5899 351 487 36 5900 36 5900 351 487 350 489 36 5900 350 489 37 5901 37 5901 350 489 349 491 37 5901 349 491 38 5902 38 5902 349 491 348 493 38 5902 348 493 39 5903 39 5903 348 493 347 495 39 5903 347 495 40 5904 40 5904 347 495 346 497 40 5904 346 497 345 499 353 483 67 5897 354 481 354 481 67 5897 66 5905 354 481 66 5905 355 479 355 479 66 5905 65 5906 355 479 65 5906 356 477 356 477 65 5906 64 5907 356 477 64 5907 357 475 357 475 64 5907 358 473 358 473 64 5907 63 5908 358 473 63 5908 359 471 359 471 63 5908 62 5909 359 471 62 5909 360 469 360 469 62 5909 361 467 361 467 62 5909 61 5910 361 467 61 5910 362 465 362 465 61 5910 363 463 363 463 61 5910 60 5911 363 463 60 5911 364 461 364 461 60 5911 365 459 365 459 60 5911 366 457 366 457 60 5911 367 455 367 455 60 5911 368 453 368 453 60 5911 243 342 243 342 60 5911 59 5912 243 342 59 5912 244 343 244 343 59 5912 58 5913 244 343 58 5913 245 344 245 344 58 5913 57 5914 245 344 57 5914 246 345 246 345 57 5914 56 5915 246 345 56 5915 247 346 247 346 56 5915 639 720 247 346 639 720 638 718 56 5915 55 5916 639 720 639 720 55 5916 640 722 640 722 55 5916 54 5917 640 722 54 5917 53 5918 640 722 53 5918 641 724 641 724 53 5918 52 5919 641 724 52 5919 51 5920 641 724 51 5920 642 726 642 726 51 5920 50 5921 642 726 50 5921 49 5922 49 5922 48 5923 642 726 642 726 48 5923 643 727 643 727 48 5923 47 5924 643 727 47 5924 46 5925 643 727 46 5925 325 539 325 539 46 5925 45 5926 325 539 45 5926 326 537 326 537 45 5926 44 5927 326 537 44 5927 327 535 327 535 44 5927 328 533 328 533 44 5927 43 5928 328 533 43 5928 329 531 329 531 43 5928 330 529 330 529 43 5928 331 527 331 527 43 5928 332 525 332 525 43 5928 333 523 333 523 43 5928 334 521 334 521 43 5928 335 519 335 519 43 5928 42 5929 335 519 42 5929 336 517 336 517 42 5929 337 515 337 515 42 5929 338 513 338 513 42 5929 339 511 339 511 42 5929 340 509 340 509 42 5929 341 507 341 507 42 5929 342 505 342 505 42 5929 343 503 343 503 42 5929 41 5930 343 503 41 5930 344 501 344 501 41 5930 345 499 345 499 41 5930 40 5904 165 218 199 238 206 253 206 253 199 238 724 773 206 253 724 773 255 308 254 306 634 710 255 308 255 308 634 710 633 673 255 308 633 673 206 253 254 306 253 352 634 710 634 710 253 352 635 712 635 712 253 352 252 351 635 712 252 351 636 714 636 714 252 351 251 350 636 714 251 350 250 349 636 714 250 349 637 716 637 716 250 349 249 348 637 716 249 348 638 718 638 718 249 348 248 347 638 718 248 347 247 346 147 186 193 227 114 168 114 168 193 227 159 208 3469 5931 3388 5932 3470 5933 3470 5933 3388 5932 3389 5934 3470 5933 3389 5934 3548 5935 3548 5935 3389 5934 3390 5936 3548 5935 3390 5936 3547 5937 3547 5937 3390 5936 3391 5938 3547 5937 3391 5938 3546 5939 3546 5939 3391 5938 3392 5940 3546 5939 3392 5940 3545 5941 3545 5941 3392 5940 3393 5942 3545 5941 3393 5942 3544 5943 3544 5943 3393 5942 3394 5944 3544 5943 3394 5944 3543 5945 3543 5945 3394 5944 3395 5946 3543 5945 3395 5946 3542 5947 3542 5947 3395 5946 3396 5948 3542 5947 3396 5948 3541 5949 3541 5949 3396 5948 3397 5950 3541 5949 3397 5950 3540 5951 3540 5951 3397 5950 3398 5952 3540 5951 3398 5952 3539 5953 3539 5953 3398 5952 3399 5954 3539 5953 3399 5954 3538 5955 3538 5955 3399 5954 3400 5956 3538 5955 3400 5956 3537 5957 3537 5957 3400 5956 3401 5958 3537 5957 3401 5958 3536 5959 3536 5959 3401 5958 3402 5960 3536 5959 3402 5960 3535 5961 3535 5961 3402 5960 3403 5962 3535 5961 3403 5962 3534 5963 3534 5963 3403 5962 3404 5964 3534 5963 3404 5964 3533 5965 3533 5965 3404 5964 3405 5966 3533 5965 3405 5966 3532 5967 3532 5967 3405 5966 3406 5968 3532 5967 3406 5968 3531 5969 3531 5969 3406 5968 3407 5970 3531 5969 3407 5970 3530 5971 3530 5971 3407 5970 3408 5972 3530 5971 3408 5972 3529 5973 3529 5973 3408 5972 3409 5974 3529 5973 3409 5974 3528 5975 3528 5975 3409 5974 3410 5976 3528 5975 3410 5976 3527 5977 3527 5977 3410 5976 3411 5978 3527 5977 3411 5978 3526 5979 3526 5979 3411 5978 3412 5980 3526 5979 3412 5980 3525 5981 3525 5981 3412 5980 3413 5982 3525 5981 3413 5982 3524 5983 3524 5983 3413 5982 3414 5984 3524 5983 3414 5984 3523 5985 3523 5985 3414 5984 3415 5986 3523 5985 3415 5986 3416 5987 3523 5985 3416 5987 3522 5988 3522 5988 3416 5987 3417 5989 3522 5988 3417 5989 3521 5990 3521 5990 3417 5989 3418 5991 3521 5990 3418 5991 3520 5992 3520 5992 3418 5991 3419 5993 3520 5992 3419 5993 3519 5994 3519 5994 3419 5993 3420 5995 3519 5994 3420 5995 3518 5996 3518 5996 3420 5995 3421 5997 3518 5996 3421 5997 3517 5998 3517 5998 3421 5997 3422 5999 3517 5998 3422 5999 3516 6000 3516 6000 3422 5999 3423 6001 3516 6000 3423 6001 3515 6002 3515 6002 3423 6001 3424 6003 3515 6002 3424 6003 3514 6004 3514 6004 3424 6003 3425 6005 3514 6004 3425 6005 3513 6006 3513 6006 3425 6005 3426 6007 3513 6006 3426 6007 3512 6008 3512 6008 3426 6007 3427 6009 3512 6008 3427 6009 3511 6010 3511 6010 3427 6009 3428 6011 3511 6010 3428 6011 3510 6012 3510 6012 3428 6011 3429 6013 3510 6012 3429 6013 3509 6014 3509 6014 3429 6013 3430 6015 3509 6014 3430 6015 3508 6016 3508 6016 3430 6015 3431 6017 3508 6016 3431 6017 3507 6018 3507 6018 3431 6017 3432 6019 3507 6018 3432 6019 3506 6020 3506 6020 3432 6019 3433 6021 3506 6020 3433 6021 3505 6022 3505 6022 3433 6021 3434 6023 3505 6022 3434 6023 3504 6024 3504 6024 3434 6023 3435 6025 3504 6024 3435 6025 3503 6026 3503 6026 3435 6025 3436 6027 3503 6026 3436 6027 3502 6028 3502 6028 3436 6027 3437 6029 3502 6028 3437 6029 3501 6030 3501 6030 3437 6029 3438 6031 3501 6030 3438 6031 3500 6032 3500 6032 3438 6031 3439 6033 3500 6032 3439 6033 3499 6034 3499 6034 3439 6033 3440 6035 3499 6034 3440 6035 3498 6036 3498 6036 3440 6035 3441 6037 3498 6036 3441 6037 3497 6038 3497 6038 3441 6037 3442 6039 3497 6038 3442 6039 3496 6040 3496 6040 3442 6039 3443 6041 3496 6040 3443 6041 3444 6042 3496 6040 3444 6042 3495 6043 3495 6043 3444 6042 3445 6044 3495 6043 3445 6044 3494 6045 3494 6045 3445 6044 3446 6046 3494 6045 3446 6046 3493 6047 3493 6047 3446 6046 3447 6048 3493 6047 3447 6048 3492 6049 3492 6049 3447 6048 3448 6050 3492 6049 3448 6050 3491 6051 3491 6051 3448 6050 3449 6052 3491 6051 3449 6052 3490 6053 3490 6053 3449 6052 3450 6054 3490 6053 3450 6054 3489 6055 3489 6055 3450 6054 3451 6056 3489 6055 3451 6056 3488 6057 3488 6057 3451 6056 3452 6058 3488 6057 3452 6058 3487 6059 3487 6059 3452 6058 3453 6060 3487 6059 3453 6060 3486 6061 3486 6061 3453 6060 3454 6062 3486 6061 3454 6062 3485 6063 3485 6063 3454 6062 3455 6064 3485 6063 3455 6064 3484 6065 3484 6065 3455 6064 3456 6066 3484 6065 3456 6066 3483 6067 3483 6067 3456 6066 3457 6068 3483 6067 3457 6068 3482 6069 3482 6069 3457 6068 3458 6070 3482 6069 3458 6070 3481 6071 3481 6071 3458 6070 3459 6072 3481 6071 3459 6072 3480 6073 3480 6073 3459 6072 3460 6074 3480 6073 3460 6074 3479 6075 3479 6075 3460 6074 3461 6076 3479 6075 3461 6076 3478 6077 3478 6077 3461 6076 3462 6078 3478 6077 3462 6078 3477 6079 3477 6079 3462 6078 3463 6080 3477 6079 3463 6080 3476 6081 3476 6081 3463 6080 3464 6082 3476 6081 3464 6082 3475 6083 3475 6083 3464 6082 3465 6084 3475 6083 3465 6084 3474 6085 3474 6085 3465 6084 3466 6086 3474 6085 3466 6086 3473 6087 3473 6087 3466 6086 3467 6088 3473 6087 3467 6088 3472 6089 3472 6089 3467 6088 3468 6090 3472 6089 3468 6090 3471 6091 3471 6091 3468 6090 3469 5931 3471 6091 3469 5931 3470 5933 3550 6092 3389 6093 3549 6094 3549 6094 3389 6093 3388 6095 3549 6094 3388 6095 3630 6096 3630 6096 3388 6095 3469 6097 3630 6096 3469 6097 3629 6098 3629 6098 3469 6097 3468 6099 3629 6098 3468 6099 3628 6100 3628 6100 3468 6099 3467 6101 3628 6100 3467 6101 3627 6102 3627 6102 3467 6101 3466 6103 3627 6102 3466 6103 3626 6104 3626 6104 3466 6103 3465 6105 3626 6104 3465 6105 3625 6106 3625 6106 3465 6105 3464 6107 3625 6106 3464 6107 3624 6108 3624 6108 3464 6107 3463 6109 3624 6108 3463 6109 3623 6110 3623 6110 3463 6109 3462 6111 3623 6110 3462 6111 3622 6112 3622 6112 3462 6111 3461 6113 3622 6112 3461 6113 3621 6114 3621 6114 3461 6113 3460 6115 3621 6114 3460 6115 3620 6116 3620 6116 3460 6115 3459 6117 3620 6116 3459 6117 3619 6118 3619 6118 3459 6117 3458 6119 3619 6118 3458 6119 3618 6120 3618 6120 3458 6119 3457 6121 3618 6120 3457 6121 3617 6122 3617 6122 3457 6121 3456 6123 3617 6122 3456 6123 3616 6124 3616 6124 3456 6123 3455 6125 3616 6124 3455 6125 3615 6126 3615 6126 3455 6125 3454 6127 3615 6126 3454 6127 3614 6128 3614 6128 3454 6127 3453 6129 3614 6128 3453 6129 3613 6130 3613 6130 3453 6129 3452 6131 3613 6130 3452 6131 3612 6132 3612 6132 3452 6131 3451 6133 3612 6132 3451 6133 3611 6134 3611 6134 3451 6133 3450 6135 3611 6134 3450 6135 3610 6136 3610 6136 3450 6135 3449 6137 3610 6136 3449 6137 3609 6138 3609 6138 3449 6137 3448 6139 3609 6138 3448 6139 3608 6140 3608 6140 3448 6139 3447 6141 3608 6140 3447 6141 3607 6142 3607 6142 3447 6141 3446 6143 3607 6142 3446 6143 3606 6144 3606 6144 3446 6143 3445 6145 3606 6144 3445 6145 3605 6146 3605 6146 3445 6145 3444 6147 3605 6146 3444 6147 3604 6148 3604 6148 3444 6147 3443 6149 3604 6148 3443 6149 3603 6150 3603 6150 3443 6149 3442 6151 3603 6150 3442 6151 3602 6152 3602 6152 3442 6151 3441 6153 3602 6152 3441 6153 3601 6154 3601 6154 3441 6153 3440 6155 3601 6154 3440 6155 3600 6156 3600 6156 3440 6155 3439 6157 3600 6156 3439 6157 3599 6158 3599 6158 3439 6157 3438 6159 3599 6158 3438 6159 3598 6160 3598 6160 3438 6159 3437 6161 3598 6160 3437 6161 3597 6162 3597 6162 3437 6161 3436 6163 3597 6162 3436 6163 3596 6164 3596 6164 3436 6163 3435 6165 3596 6164 3435 6165 3595 6166 3595 6166 3435 6165 3434 6167 3595 6166 3434 6167 3594 6168 3594 6168 3434 6167 3433 6169 3594 6168 3433 6169 3593 6170 3593 6170 3433 6169 3432 6171 3593 6170 3432 6171 3592 6172 3592 6172 3432 6171 3431 6173 3592 6172 3431 6173 3591 6174 3591 6174 3431 6173 3430 6175 3591 6174 3430 6175 3590 6176 3590 6176 3430 6175 3429 6177 3590 6176 3429 6177 3589 6178 3589 6178 3429 6177 3428 6179 3589 6178 3428 6179 3588 6180 3588 6180 3428 6179 3427 6181 3588 6180 3427 6181 3587 6182 3587 6182 3427 6181 3426 6183 3587 6182 3426 6183 3586 6184 3586 6184 3426 6183 3425 6185 3586 6184 3425 6185 3585 6186 3585 6186 3425 6185 3424 6187 3585 6186 3424 6187 3584 6188 3584 6188 3424 6187 3423 6189 3584 6188 3423 6189 3583 6190 3583 6190 3423 6189 3422 6191 3583 6190 3422 6191 3582 6192 3582 6192 3422 6191 3421 6193 3582 6192 3421 6193 3581 6194 3581 6194 3421 6193 3420 6195 3581 6194 3420 6195 3580 6196 3580 6196 3420 6195 3419 6197 3580 6196 3419 6197 3579 6198 3579 6198 3419 6197 3418 6199 3579 6198 3418 6199 3578 6200 3578 6200 3418 6199 3417 6201 3578 6200 3417 6201 3577 6202 3577 6202 3417 6201 3416 6203 3577 6202 3416 6203 3576 6204 3576 6204 3416 6203 3415 6205 3576 6204 3415 6205 3575 6206 3575 6206 3415 6205 3414 6207 3575 6206 3414 6207 3574 6208 3574 6208 3414 6207 3413 6209 3574 6208 3413 6209 3573 6210 3573 6210 3413 6209 3412 6211 3573 6210 3412 6211 3572 6212 3572 6212 3412 6211 3411 6213 3572 6212 3411 6213 3571 6214 3571 6214 3411 6213 3410 6215 3571 6214 3410 6215 3570 6216 3570 6216 3410 6215 3409 6217 3570 6216 3409 6217 3569 6218 3569 6218 3409 6217 3408 6219 3569 6218 3408 6219 3568 6220 3568 6220 3408 6219 3407 6221 3568 6220 3407 6221 3567 6222 3567 6222 3407 6221 3406 6223 3567 6222 3406 6223 3566 6224 3566 6224 3406 6223 3405 6225 3566 6224 3405 6225 3565 6226 3565 6226 3405 6225 3404 6227 3565 6226 3404 6227 3564 6228 3564 6228 3404 6227 3403 6229 3564 6228 3403 6229 3563 6230 3563 6230 3403 6229 3402 6231 3563 6230 3402 6231 3562 6232 3562 6232 3402 6231 3401 6233 3562 6232 3401 6233 3561 6234 3561 6234 3401 6233 3400 6235 3561 6234 3400 6235 3560 6236 3560 6236 3400 6235 3399 6237 3560 6236 3399 6237 3559 6238 3559 6238 3399 6237 3398 6239 3559 6238 3398 6239 3558 6240 3558 6240 3398 6239 3397 6241 3558 6240 3397 6241 3557 6242 3557 6242 3397 6241 3396 6243 3557 6242 3396 6243 3556 6244 3556 6244 3396 6243 3395 6245 3556 6244 3395 6245 3555 6246 3555 6246 3395 6245 3394 6247 3555 6246 3394 6247 3554 6248 3554 6248 3394 6247 3393 6249 3554 6248 3393 6249 3553 6250 3553 6250 3393 6249 3392 6251 3553 6250 3392 6251 3552 6252 3552 6252 3392 6251 3391 6253 3552 6252 3391 6253 3551 6254 3551 6254 3391 6253 3390 6255 3551 6254 3390 6255 3550 6092 3550 6092 3390 6255 3389 6093 147 6256 3470 6257 193 6258 193 6258 3470 6257 3548 6259 193 6258 3548 6259 3547 6260 146 6261 3473 6262 147 6256 147 6256 3473 6262 3472 6263 147 6256 3472 6263 3471 6264 146 6261 145 6265 3473 6262 3473 6262 145 6265 144 6266 3473 6262 144 6266 3474 6267 3474 6267 144 6266 143 6268 3474 6267 143 6268 142 6269 142 6269 88 6270 3474 6267 3474 6267 88 6270 3475 6271 3475 6271 88 6270 3476 6272 3476 6272 88 6270 3477 6273 3477 6273 88 6270 3478 6274 3478 6274 88 6270 3479 6275 3479 6275 88 6270 3480 6276 3480 6276 88 6270 3481 6277 3481 6277 88 6270 3482 6278 3482 6278 88 6270 3483 6279 3483 6279 88 6270 3484 6280 3484 6280 88 6270 3485 6281 3485 6281 88 6270 3486 6282 3486 6282 88 6270 3487 6283 3487 6283 88 6270 3488 6284 3488 6284 88 6270 3489 6285 3489 6285 88 6270 3490 6286 3490 6286 88 6270 87 6287 3490 6286 87 6287 3491 6288 3491 6288 87 6287 3492 6289 3492 6289 87 6287 3493 6290 3493 6290 87 6287 3494 6291 3494 6291 87 6287 3495 6292 3495 6292 87 6287 3496 6293 3496 6293 87 6287 3497 6294 3497 6294 87 6287 3498 6295 3498 6295 87 6287 3499 6296 3499 6296 87 6287 3500 6297 3500 6297 87 6287 3501 6298 3501 6298 87 6287 3502 6299 3502 6299 87 6287 3503 6300 3503 6300 87 6287 3504 6301 3504 6301 87 6287 3505 6302 3505 6302 87 6287 86 6303 3505 6302 86 6303 3506 6304 3506 6304 86 6303 85 6305 3506 6304 85 6305 84 6306 84 6306 83 6307 3506 6304 3506 6304 83 6307 3507 6308 3507 6308 83 6307 82 6309 3507 6308 82 6309 81 6310 730 6311 3509 6312 81 6310 81 6310 3509 6312 3508 6313 81 6310 3508 6313 3507 6308 729 6314 3512 6315 730 6311 730 6311 3512 6315 3511 6316 730 6311 3511 6316 3510 6317 729 6314 728 6318 3512 6315 3512 6315 728 6318 3513 6319 3513 6319 728 6318 727 6320 3513 6319 727 6320 726 6321 726 6321 725 6322 3513 6319 3513 6319 725 6322 3514 6323 3514 6323 725 6322 724 6324 3514 6323 724 6324 3515 6325 3515 6325 724 6324 3516 6326 3516 6326 724 6324 3517 6327 3517 6327 724 6324 3518 6328 3518 6328 724 6324 3519 6329 3519 6329 724 6324 3520 6330 3520 6330 724 6324 3521 6331 3521 6331 724 6324 3522 6332 3522 6332 724 6324 3523 6333 3523 6333 724 6324 3524 6334 3524 6334 724 6324 3525 6335 3525 6335 724 6324 3526 6336 3526 6336 724 6324 3527 6337 3527 6337 724 6324 3528 6338 3528 6338 724 6324 3529 6339 3529 6339 724 6324 199 6340 3529 6339 199 6340 3530 6341 3530 6341 199 6340 3531 6342 3531 6342 199 6340 3532 6343 3532 6343 199 6340 3533 6344 3533 6344 199 6340 3534 6345 3534 6345 199 6340 3535 6346 3535 6346 199 6340 3536 6347 3536 6347 199 6340 3537 6348 3537 6348 199 6340 3538 6349 3538 6349 199 6340 3539 6350 3539 6350 199 6340 3540 6351 3540 6351 199 6340 3541 6352 3541 6352 199 6340 3542 6353 3542 6353 199 6340 3543 6354 3543 6354 199 6340 3544 6355 3544 6355 199 6340 3545 6356 3545 6356 199 6340 198 6357 3545 6356 198 6357 197 6358 197 6358 196 6359 3545 6356 3545 6356 196 6359 3546 6360 3546 6360 196 6359 195 6361 3546 6360 195 6361 194 6362 194 6362 193 6258 3546 6360 3546 6360 193 6258 3547 6260 3510 6317 3509 6312 730 6311 3471 6264 3470 6257 147 6256 1161 6363 3550 6364 1128 6365 1128 6365 3550 6364 3549 6366 1128 6365 3549 6366 3630 6367 1160 6368 3553 6369 1161 6363 1161 6363 3553 6369 3552 6370 1161 6363 3552 6370 3551 6371 1159 6372 3555 6373 1160 6368 1160 6368 3555 6373 3554 6374 1160 6368 3554 6374 3553 6369 1158 6375 3557 6376 1159 6372 1159 6372 3557 6376 3556 6377 1159 6372 3556 6377 3555 6373 1157 6378 3560 6379 1158 6375 1158 6375 3560 6379 3559 6380 1158 6375 3559 6380 3558 6381 1156 6382 3562 6383 1157 6378 1157 6378 3562 6383 3561 6384 1157 6378 3561 6384 3560 6379 1155 6385 3565 6386 1156 6382 1156 6382 3565 6386 3564 6387 1156 6382 3564 6387 3563 6388 1154 6389 3567 6390 1155 6385 1155 6385 3567 6390 3566 6391 1155 6385 3566 6391 3565 6386 1153 6392 3569 6393 1154 6389 1154 6389 3569 6393 3568 6394 1154 6389 3568 6394 3567 6390 1152 6395 3572 6396 1153 6392 1153 6392 3572 6396 3571 6397 1153 6392 3571 6397 3570 6398 1151 6399 3574 6400 1152 6395 1152 6395 3574 6400 3573 6401 1152 6395 3573 6401 3572 6396 1150 6402 3577 6403 1151 6399 1151 6399 3577 6403 3576 6404 1151 6399 3576 6404 3575 6405 1149 6406 3579 6407 1150 6402 1150 6402 3579 6407 3578 6408 1150 6402 3578 6408 3577 6403 1148 6409 3582 6410 1149 6406 1149 6406 3582 6410 3581 6411 1149 6406 3581 6411 3580 6412 1147 6413 3584 6414 1148 6409 1148 6409 3584 6414 3583 6415 1148 6409 3583 6415 3582 6410 1146 6416 3586 6417 1147 6413 1147 6413 3586 6417 3585 6418 1147 6413 3585 6418 3584 6414 1145 6419 3589 6420 1146 6416 1146 6416 3589 6420 3588 6421 1146 6416 3588 6421 3587 6422 1144 6423 3591 6424 1145 6419 1145 6419 3591 6424 3590 6425 1145 6419 3590 6425 3589 6420 1143 6426 3594 6427 1144 6423 1144 6423 3594 6427 3593 6428 1144 6423 3593 6428 3592 6429 1142 6430 3596 6431 1143 6426 1143 6426 3596 6431 3595 6432 1143 6426 3595 6432 3594 6427 1141 6433 3598 6434 1142 6430 1142 6430 3598 6434 3597 6435 1142 6430 3597 6435 3596 6431 1140 6436 3601 6437 1141 6433 1141 6433 3601 6437 3600 6438 1141 6433 3600 6438 3599 6439 1139 6440 3603 6441 1140 6436 1140 6436 3603 6441 3602 6442 1140 6436 3602 6442 3601 6437 1138 6443 3606 6444 1139 6440 1139 6440 3606 6444 3605 6445 1139 6440 3605 6445 3604 6446 1137 6447 3608 6448 1138 6443 1138 6443 3608 6448 3607 6449 1138 6443 3607 6449 3606 6444 1136 6450 3610 6451 1137 6447 1137 6447 3610 6451 3609 6452 1137 6447 3609 6452 3608 6448 1135 6453 3613 6454 1136 6450 1136 6450 3613 6454 3612 6455 1136 6450 3612 6455 3611 6456 1134 6457 3615 6458 1135 6453 1135 6453 3615 6458 3614 6459 1135 6453 3614 6459 3613 6454 1133 6460 3618 6461 1134 6457 1134 6457 3618 6461 3617 6462 1134 6457 3617 6462 3616 6463 1132 6464 3620 6465 1133 6460 1133 6460 3620 6465 3619 6466 1133 6460 3619 6466 3618 6461 1131 6467 3623 6468 1132 6464 1132 6464 3623 6468 3622 6469 1132 6464 3622 6469 3621 6470 1130 6471 3625 6472 1131 6467 1131 6467 3625 6472 3624 6473 1131 6467 3624 6473 3623 6468 1129 6474 3627 6475 1130 6471 1130 6471 3627 6475 3626 6476 1130 6471 3626 6476 3625 6472 1128 6365 3630 6367 1129 6474 1129 6474 3630 6367 3629 6477 1129 6474 3629 6477 3628 6478 3628 6478 3627 6475 1129 6474 3621 6470 3620 6465 1132 6464 3616 6463 3615 6458 1134 6457 3611 6456 3610 6451 1136 6450 3604 6446 3603 6441 1139 6440 3599 6439 3598 6434 1141 6433 3592 6429 3591 6424 1144 6423 3587 6422 3586 6417 1146 6416 3580 6412 3579 6407 1149 6406 3575 6405 3574 6400 1151 6399 3570 6398 3569 6393 1153 6392 3563 6388 3562 6383 1156 6382 3558 6381 3557 6376 1158 6375 3551 6371 3550 6364 1161 6363</p>
        </triangles>
      </mesh>
    </geometry>
  </library_geometries>
  <library_visual_scenes>
    <visual_scene id="Scene" name="Scene">
      <node id="JAW-node" name="JAW" type="NODE">
        <instance_geometry url="#JAW-mesh">
          <bind_material>
            <technique_common>
              <instance_material symbol="ABS__White_" target="#ABS__White_"/>
            </technique_common>
          </bind_material>
        </instance_geometry>
      </node>
    </visual_scene>
  </library_visual_scenes>
  <scene>
    <instance_visual_scene url="#Scene"/>
  </scene>
</COLLADA>
