<?xml version="1.0" encoding="utf-8"?>
<COLLADA xmlns="http://www.collada.org/2005/11/COLLADASchema" version="1.4.1">
  <asset>
    <contributor>
      <authoring_tool>Fusion URDF/XACRO Exporter</authoring_tool>
    </contributor>
    <created>2026-07-28T12:55:13Z</created>
    <modified>2026-07-28T12:55:13Z</modified>
    <unit name="meter" meter="1.0"/>
    <up_axis>Z_UP</up_axis>
  </asset>
  <library_effects>
    <effect id="ABS__White_-effect">
      <profile_COMMON>
        <technique sid="common">
          <lambert>
            <emission><color>0 0 0 1</color></emission>
            <ambient><color>0.0000 0.0000 0.0000 1</color></ambient>
            <diffuse><color>0.9647 0.9647 0.9529 1</color></diffuse>
            <reflective><color>0 0 0 1</color></reflective>
            <transparent opaque="A_ONE"><color>1 1 1 1</color></transparent>
            <transparency><float>1</float></transparency>
          </lambert>
        </technique>
      </profile_COMMON>
    </effect>
  </library_effects>
  <library_materials>
    <material id="ABS__White_" name="ABS_(White)">
      <instance_effect url="#ABS__White_-effect"/>
    </material>
  </library_materials>
  <library_geometries>
    <geometry id="JAW_3-mesh" name="JAW_3">
      <mesh>
        <source id="JAW_3-mesh-positions">
          <float_array id="JAW_3-mesh-positions-array" count="6612">-0.028000 0.665000 -0.045000 -0.028000 0.664795 -0.042531 -0.028000 0.664187 -0.040130 -0.028000 0.663192 -0.037861 -0.028000 0.661837 -0.035787 -0.028000 0.660159 -0.033964 -0.028000 0.658204 -0.032442 -0.028000 0.656025 -0.031263 -0.028000 0.653682 -0.030459 -0.028000 0.651239 -0.030051 -0.028000 0.648761 -0.030051 -0.028000 0.646318 -0.030459 -0.028000 0.643975 -0.031263 -0.028000 0.641796 -0.032442 -0.028000 0.639841 -0.033964 -0.028000 0.638163 -0.035787 -0.028000 0.636808 -0.037861 -0.028000 0.635813 -0.040130 -0.028000 0.635205 -0.042531 -0.028000 0.635000 -0.045000 -0.028000 0.635205 -0.047469 -0.028000 0.635813 -0.049870 -0.028000 0.636808 -0.052139 -0.028000 0.638163 -0.054213 -0.028000 0.639841 -0.056036 -0.028000 0.641796 -0.057557 -0.028000 0.643975 -0.058737 -0.028000 0.646318 -0.059541 -0.028000 0.648761 -0.059949 -0.028000 0.651239 -0.059949 -0.028000 0.653682 -0.059541 -0.028000 0.656025 -0.058737 -0.028000 0.658204 -0.057557 -0.028000 0.660159 -0.056036 -0.028000 0.661837 -0.054213 -0.028000 0.663192 -0.052139 -0.028000 0.664187 -0.049870 -0.028000 0.664795 -0.047469 -0.048000 0.665000 -0.045000 -0.048000 0.664795 -0.047469 -0.048000 0.664187 -0.049870 -0.048000 0.663192 -0.052139 -0.048000 0.661837 -0.054213 -0.048000 0.660159 -0.056036 -0.048000 0.658204 -0.057557 -0.048000 0.656025 -0.058737 -0.048000 0.653682 -0.059541 -0.048000 0.651239 -0.059949 -0.048000 0.648761 -0.059949 -0.048000 0.646318 -0.059541 -0.048000 0.643975 -0.058737 -0.048000 0.641796 -0.057557 -0.048000 0.639841 -0.056036 -0.048000 0.638163 -0.054213 -0.048000 0.636808 -0.052139 -0.048000 0.635813 -0.049870 -0.048000 0.635205 -0.047469 -0.048000 0.635000 -0.045000 -0.048000 0.635205 -0.042531 -0.048000 0.635813 -0.040130 -0.048000 0.636808 -0.037861 -0.048000 0.638163 -0.035787 -0.048000 0.639841 -0.033964 -0.048000 0.641796 -0.032442 -0.048000 0.643975 -0.031263 -0.048000 0.646318 -0.030459 -0.048000 0.648761 -0.030051 -0.048000 0.651239 -0.030051 -0.048000 0.653682 -0.030459 -0.048000 0.656025 -0.031263 -0.048000 0.658204 -0.032442 -0.048000 0.660159 -0.033964 -0.048000 0.661837 -0.035787 -0.048000 0.663192 -0.037861 -0.048000 0.664187 -0.040130 -0.048000 0.664795 -0.042531 -0.015000 0.424000 -0.000000 -0.014795 0.424000 0.002469 -0.014187 0.424000 0.004870 -0.013192 0.424000 0.007139 -0.011837 0.424000 0.009213 -0.010159 0.424000 0.011036 -0.008204 0.424000 0.012557 -0.006025 0.424000 0.013737 -0.003682 0.424000 0.014541 -0.001239 0.424000 0.014949 0.001239 0.424000 0.014949 0.003682 0.424000 0.014541 0.006025 0.424000 0.013737 0.008204 0.424000 0.012557 0.010159 0.424000 0.011036 0.011837 0.424000 0.009213 0.013192 0.424000 0.007139 0.014187 0.424000 0.004870 0.014795 0.424000 0.002469 0.015000 0.424000 0.000000 0.014795 0.424000 -0.002469 0.014187 0.424000 -0.004870 0.013192 0.424000 -0.007139 0.011837 0.424000 -0.009213 0.010159 0.424000 -0.011036 0.008204 0.424000 -0.012557 0.006025 0.424000 -0.013737 0.003682 0.424000 -0.014541 0.001239 0.424000 -0.014949 -0.001239 0.424000 -0.014949 -0.003682 0.424000 -0.014541 -0.006025 0.424000 -0.013737 -0.008204 0.424000 -0.012557 -0.010159 0.424000 -0.011036 -0.011837 0.424000 -0.009213 -0.013192 0.424000 -0.007139 -0.014187 0.424000 -0.004870 -0.014795 0.424000 -0.002469 -0.015000 0.404000 -0.000000 -0.014795 0.404000 -0.002469 -0.014187 0.404000 -0.004870 -0.013192 0.404000 -0.007139 -0.011837 0.404000 -0.009213 -0.010159 0.404000 -0.011036 -0.008204 0.404000 -0.012557 -0.006025 0.404000 -0.013737 -0.003682 0.404000 -0.014541 -0.001239 0.404000 -0.014949 0.001239 0.404000 -0.014949 0.003682 0.404000 -0.014541 0.006025 0.404000 -0.013737 0.008204 0.404000 -0.012557 0.010159 0.404000 -0.011036 0.011837 0.404000 -0.009213 0.013192 0.404000 -0.007139 0.014187 0.404000 -0.004870 0.014795 0.404000 -0.002469 0.015000 0.404000 0.000000 0.014795 0.404000 0.002469 0.014187 0.404000 0.004870 0.013192 0.404000 0.007139 0.011837 0.404000 0.009213 0.010159 0.404000 0.011036 0.008204 0.404000 0.012557 0.006025 0.404000 0.013737 0.003682 0.404000 0.014541 0.001239 0.404000 0.014949 -0.001239 0.404000 0.014949 -0.003682 0.404000 0.014541 -0.006025 0.404000 0.013737 -0.008204 0.404000 0.012557 -0.010159 0.404000 0.011036 -0.011837 0.404000 0.009213 -0.013192 0.404000 0.007139 -0.014187 0.404000 0.004870 -0.014795 0.404000 0.002469 -0.027000 0.630000 -0.075000 0.021233 0.630000 -0.075000 0.023980 0.630000 -0.071222 0.026396 0.630000 -0.067225 0.028464 0.630000 -0.063037 0.030170 0.630000 -0.058689 0.031500 0.630000 -0.054212 0.032446 0.630000 -0.049638 0.033000 0.630000 -0.045000 -0.027000 0.630000 -0.045000 0.019884 0.631992 -0.076633 0.018555 0.634173 -0.078125 0.017296 0.636525 -0.079443 0.016161 0.639026 -0.080560 0.015202 0.641653 -0.081454 0.014472 0.644380 -0.082108 0.014015 0.647175 -0.082506 0.013858 0.650000 -0.082639 0.014015 0.652825 -0.082506 0.014472 0.655620 -0.082108 0.015202 0.658347 -0.081454 0.016161 0.660974 -0.080560 0.017296 0.663475 -0.079443 0.018555 0.665827 -0.078125 0.019884 0.668008 -0.076633 0.021233 0.670000 -0.075000 0.023980 0.670000 -0.071222 0.026396 0.670000 -0.067225 0.028464 0.670000 -0.063037 0.030170 0.670000 -0.058689 0.031500 0.670000 -0.054212 0.032446 0.670000 -0.049638 0.033000 0.670000 -0.045000 -0.027000 0.670000 -0.075000 -0.027000 0.670000 -0.045000 -0.027000 0.632631 -0.077100 -0.027000 0.635481 -0.078892 -0.027000 0.638513 -0.080353 -0.027000 0.641690 -0.081465 -0.027000 0.644972 -0.082215 -0.027000 0.648317 -0.082592 -0.027000 0.651683 -0.082592 -0.027000 0.655028 -0.082215 -0.027000 0.658310 -0.081465 -0.027000 0.661487 -0.080353 -0.027000 0.664519 -0.078892 -0.027000 0.667369 -0.077100 -0.027000 0.607500 -0.045000 -0.027000 0.607705 -0.049166 -0.027000 0.608317 -0.053291 -0.027000 0.609330 -0.057337 -0.027000 0.610735 -0.061264 -0.027000 0.612518 -0.065034 -0.027000 0.614663 -0.068612 -0.027000 0.617147 -0.071962 -0.027000 0.619948 -0.075052 -0.027000 0.623038 -0.077853 -0.027000 0.626388 -0.080337 -0.027000 0.629966 -0.082482 -0.027000 0.633736 -0.084265 -0.027000 0.637663 -0.085670 -0.027000 0.641709 -0.086683 -0.027000 0.645834 -0.087295 -0.027000 0.650000 -0.087500 -0.027000 0.654166 -0.087295 -0.027000 0.658291 -0.086683 -0.027000 0.662337 -0.085670 -0.027000 0.666264 -0.084265 -0.027000 0.670034 -0.082482 -0.027000 0.673612 -0.080337 -0.027000 0.676962 -0.077853 -0.027000 0.680052 -0.075052 -0.027000 0.682853 -0.071962 -0.027000 0.685337 -0.068612 -0.027000 0.687482 -0.065034 -0.027000 0.689265 -0.061264 -0.027000 0.690670 -0.057337 -0.027000 0.691683 -0.053291 -0.027000 0.692295 -0.049166 -0.027000 0.692500 -0.045000 -0.037500 0.607500 -0.045000 -0.038970 0.607691 -0.040985 -0.040288 0.608266 -0.036971 -0.041444 0.609227 -0.033008 -0.042436 0.610571 -0.029141 -0.043269 0.612280 -0.025419 -0.043951 0.614339 -0.021880 -0.044502 0.616764 -0.018514 -0.044732 0.618110 -0.016907 -0.044934 0.619541 -0.015361 -0.045108 0.621054 -0.013881 -0.045257 0.622645 -0.012475 -0.045383 0.624309 -0.011146 -0.045488 0.626040 -0.009899 -0.045575 0.627833 -0.008739 -0.045645 0.629683 -0.007671 -0.045702 0.631586 -0.006697 -0.045746 0.633535 -0.005820 -0.045780 0.635524 -0.005042 -0.045805 0.637547 -0.004366 -0.045823 0.639596 -0.003793 -0.045837 0.641666 -0.003326 -0.045852 0.645836 -0.002706 -0.045856 0.650000 -0.002500 -0.045852 0.654164 -0.002706 -0.045837 0.658334 -0.003326 -0.045823 0.660404 -0.003793 -0.045805 0.662453 -0.004366 -0.045780 0.664476 -0.005042 -0.045746 0.666465 -0.005820 -0.045702 0.668414 -0.006697 -0.045645 0.670317 -0.007671 -0.045575 0.672167 -0.008739 -0.045488 0.673960 -0.009899 -0.045383 0.675691 -0.011146 -0.045257 0.677355 -0.012475 -0.045108 0.678946 -0.013881 -0.044934 0.680459 -0.015361 -0.044732 0.681890 -0.016907 -0.044502 0.683236 -0.018514 -0.043951 0.685661 -0.021880 -0.043269 0.687720 -0.025419 -0.042436 0.689429 -0.029141 -0.041444 0.690773 -0.033008 -0.040288 0.691734 -0.036971 -0.038970 0.692309 -0.040985 -0.037500 0.692500 -0.045000 -0.048000 0.607500 -0.045000 -0.048000 0.607711 -0.049232 -0.048000 0.608343 -0.053421 -0.048000 0.609388 -0.057527 -0.048000 0.610837 -0.061508 -0.048000 0.612676 -0.065326 -0.048000 0.614885 -0.068941 -0.048000 0.617443 -0.072318 -0.048000 0.620325 -0.075424 -0.048000 0.623502 -0.078228 -0.048000 0.626942 -0.080701 -0.048000 0.630611 -0.082820 -0.048000 0.634473 -0.084562 -0.048000 0.638489 -0.085912 -0.048000 0.642620 -0.086854 -0.048000 0.646824 -0.087381 -0.048000 0.651060 -0.087487 -0.048000 0.655285 -0.087170 -0.048000 0.659457 -0.086434 -0.048000 0.663536 -0.085287 -0.048000 0.667480 -0.083739 -0.048000 0.671250 -0.081806 -0.048000 0.674809 -0.079507 -0.048000 0.678122 -0.076866 -0.048000 0.681155 -0.073907 -0.048000 0.683878 -0.070662 -0.048000 0.686265 -0.067161 -0.048000 0.688291 -0.063440 -0.048000 0.689937 -0.059536 -0.048000 0.691186 -0.055487 -0.048000 0.692025 -0.051334 -0.048000 0.692447 -0.047118 -0.048000 0.692447 -0.042882 -0.048000 0.692025 -0.038666 -0.048000 0.691186 -0.034513 -0.048000 0.689937 -0.030464 -0.048000 0.688291 -0.026560 -0.048000 0.686265 -0.022839 -0.048000 0.683878 -0.019338 -0.048000 0.681155 -0.016093 -0.048000 0.678122 -0.013134 -0.048000 0.674809 -0.010493 -0.048000 0.671250 -0.008194 -0.048000 0.667480 -0.006261 -0.048000 0.663536 -0.004713 -0.048000 0.659457 -0.003566 -0.048000 0.655285 -0.002830 -0.048000 0.651060 -0.002513 -0.048000 0.646824 -0.002619 -0.048000 0.642620 -0.003146 -0.048000 0.638489 -0.004088 -0.048000 0.634473 -0.005438 -0.048000 0.630611 -0.007180 -0.048000 0.626942 -0.009299 -0.048000 0.623502 -0.011772 -0.048000 0.620325 -0.014576 -0.048000 0.617443 -0.017682 -0.048000 0.614885 -0.021059 -0.048000 0.612676 -0.024674 -0.048000 0.610837 -0.028492 -0.048000 0.609388 -0.032473 -0.048000 0.608343 -0.036579 -0.048000 0.607711 -0.040768 -0.037500 0.700000 -0.045000 0.037500 0.700000 -0.045000 0.037500 0.600000 -0.045000 -0.037500 0.600000 -0.045000 -0.031000 0.414000 -0.000000 -0.030790 0.414000 0.003599 -0.030164 0.414000 0.007149 -0.029130 0.414000 0.010603 -0.027703 0.414000 0.013913 -0.025900 0.414000 0.017035 -0.023747 0.414000 0.019926 -0.021273 0.414000 0.022549 -0.018512 0.414000 0.024866 -0.015500 0.414000 0.026847 -0.012278 0.414000 0.028465 -0.008891 0.414000 0.029698 -0.005383 0.414000 0.030529 -0.001802 0.414000 0.030948 0.001802 0.414000 0.030948 0.005383 0.414000 0.030529 0.008891 0.414000 0.029698 0.012278 0.414000 0.028465 0.015500 0.414000 0.026847 0.018512 0.414000 0.024866 0.021273 0.414000 0.022549 0.023747 0.414000 0.019926 0.025900 0.414000 0.017035 0.027703 0.414000 0.013913 0.029130 0.414000 0.010603 0.030164 0.414000 0.007149 0.030790 0.414000 0.003599 0.031000 0.414000 0.000000 0.030790 0.414000 -0.003599 0.030164 0.414000 -0.007149 0.029130 0.414000 -0.010603 0.027703 0.414000 -0.013913 0.025900 0.414000 -0.017035 0.023747 0.414000 -0.019926 0.021273 0.414000 -0.022549 0.018512 0.414000 -0.024866 0.015500 0.414000 -0.026847 0.012278 0.414000 -0.028465 0.008891 0.414000 -0.029698 0.005383 0.414000 -0.030529 0.001802 0.414000 -0.030948 -0.001802 0.414000 -0.030948 -0.005383 0.414000 -0.030529 -0.008891 0.414000 -0.029698 -0.012278 0.414000 -0.028465 -0.015500 0.414000 -0.026847 -0.018512 0.414000 -0.024866 -0.021273 0.414000 -0.022549 -0.023747 0.414000 -0.019926 -0.025900 0.414000 -0.017035 -0.027703 0.414000 -0.013913 -0.029130 0.414000 -0.010603 -0.030164 0.414000 -0.007149 -0.030790 0.414000 -0.003599 -0.030000 0.414000 -0.000000 -0.029789 0.414000 -0.003548 -0.029161 0.414000 -0.007047 -0.028123 0.414000 -0.010446 -0.026690 0.414000 -0.013699 -0.024882 0.414000 -0.016759 -0.022725 0.414000 -0.019585 -0.020249 0.414000 -0.022135 -0.017489 0.414000 -0.024375 -0.014484 0.414000 -0.026272 -0.011275 0.414000 -0.027801 -0.007908 0.414000 -0.028939 -0.004429 0.414000 -0.029671 -0.000889 0.414000 -0.029987 0.002664 0.414000 -0.029882 0.006179 0.414000 -0.029357 0.009608 0.414000 -0.028420 0.012902 0.414000 -0.027084 0.016015 0.414000 -0.025368 0.018903 0.414000 -0.023296 0.021525 0.414000 -0.020897 0.023846 0.414000 -0.018204 0.025831 0.414000 -0.015256 0.027454 0.414000 -0.012094 0.028692 0.414000 -0.008762 0.029527 0.414000 -0.005307 0.029947 0.414000 -0.001777 0.029947 0.414000 0.001777 0.029527 0.414000 0.005307 0.028692 0.414000 0.008762 0.027454 0.414000 0.012094 0.025831 0.414000 0.015256 0.023846 0.414000 0.018204 0.021525 0.414000 0.020897 0.018903 0.414000 0.023296 0.016015 0.414000 0.025368 0.012902 0.414000 0.027084 0.009608 0.414000 0.028420 0.006179 0.414000 0.029357 0.002664 0.414000 0.029882 -0.000889 0.414000 0.029987 -0.004429 0.414000 0.029671 -0.007908 0.414000 0.028939 -0.011275 0.414000 0.027801 -0.014484 0.414000 0.026272 -0.017489 0.414000 0.024375 -0.020249 0.414000 0.022135 -0.022725 0.414000 0.019585 -0.024882 0.414000 0.016759 -0.026690 0.414000 0.013699 -0.028123 0.414000 0.010446 -0.029161 0.414000 0.007047 -0.029789 0.414000 0.003548 -0.031000 0.404000 -0.000000 -0.030790 0.404000 0.003599 -0.030164 0.404000 0.007149 -0.029130 0.404000 0.010603 -0.027703 0.404000 0.013913 -0.025900 0.404000 0.017035 -0.023747 0.404000 0.019926 -0.021273 0.404000 0.022549 -0.018512 0.404000 0.024866 -0.015500 0.404000 0.026847 -0.012278 0.404000 0.028465 -0.008891 0.404000 0.029698 -0.005383 0.404000 0.030529 -0.001802 0.404000 0.030948 0.001802 0.404000 0.030948 0.005383 0.404000 0.030529 0.008891 0.404000 0.029698 0.012278 0.404000 0.028465 0.015500 0.404000 0.026847 0.018512 0.404000 0.024866 0.021273 0.404000 0.022549 0.023747 0.404000 0.019926 0.025900 0.404000 0.017035 0.027703 0.404000 0.013913 0.029130 0.404000 0.010603 0.030164 0.404000 0.007149 0.030790 0.404000 0.003599 0.031000 0.404000 0.000000 0.030790 0.404000 -0.003599 0.030164 0.404000 -0.007149 0.029130 0.404000 -0.010603 0.027703 0.404000 -0.013913 0.025900 0.404000 -0.017035 0.023747 0.404000 -0.019926 0.021273 0.404000 -0.022549 0.018512 0.404000 -0.024866 0.015500 0.404000 -0.026847 0.012278 0.404000 -0.028465 0.008891 0.404000 -0.029698 0.005383 0.404000 -0.030529 0.001802 0.404000 -0.030948 -0.001802 0.404000 -0.030948 -0.005383 0.404000 -0.030529 -0.008891 0.404000 -0.029698 -0.012278 0.404000 -0.028465 -0.015500 0.404000 -0.026847 -0.018512 0.404000 -0.024866 -0.021273 0.404000 -0.022549 -0.023747 0.404000 -0.019926 -0.025900 0.404000 -0.017035 -0.027703 0.404000 -0.013913 -0.029130 0.404000 -0.010603 -0.030164 0.404000 -0.007149 -0.030790 0.404000 -0.003599 -0.030000 0.415000 -0.000000 -0.029789 0.415000 -0.003548 -0.029161 0.415000 -0.007047 -0.028123 0.415000 -0.010446 -0.026690 0.415000 -0.013699 -0.024882 0.415000 -0.016759 -0.022725 0.415000 -0.019585 -0.020249 0.415000 -0.022135 -0.017489 0.415000 -0.024375 -0.014484 0.415000 -0.026272 -0.011275 0.415000 -0.027801 -0.007908 0.415000 -0.028939 -0.004429 0.415000 -0.029671 -0.000889 0.415000 -0.029987 0.002664 0.415000 -0.029882 0.006179 0.415000 -0.029357 0.009608 0.415000 -0.028420 0.012902 0.415000 -0.027084 0.016015 0.415000 -0.025368 0.018903 0.415000 -0.023296 0.021525 0.415000 -0.020897 0.023846 0.415000 -0.018204 0.025831 0.415000 -0.015256 0.027454 0.415000 -0.012094 0.028692 0.415000 -0.008762 0.029527 0.415000 -0.005307 0.029947 0.415000 -0.001777 0.029947 0.415000 0.001777 0.029527 0.415000 0.005307 0.028692 0.415000 0.008762 0.027454 0.415000 0.012094 0.025831 0.415000 0.015256 0.023846 0.415000 0.018204 0.021525 0.415000 0.020897 0.018903 0.415000 0.023296 0.016015 0.415000 0.025368 0.012902 0.415000 0.027084 0.009608 0.415000 0.028420 0.006179 0.415000 0.029357 0.002664 0.415000 0.029882 -0.000889 0.415000 0.029987 -0.004429 0.415000 0.029671 -0.007908 0.415000 0.028939 -0.011275 0.415000 0.027801 -0.014484 0.415000 0.026272 -0.017489 0.415000 0.024375 -0.020249 0.415000 0.022135 -0.022725 0.415000 0.019585 -0.024882 0.415000 0.016759 -0.026690 0.415000 0.013699 -0.028123 0.415000 0.010446 -0.029161 0.415000 0.007047 -0.029789 0.415000 0.003548 -0.031000 0.425000 -0.000000 -0.030790 0.425000 0.003599 -0.030164 0.425000 0.007149 -0.029130 0.425000 0.010603 -0.027703 0.425000 0.013913 -0.025900 0.425000 0.017035 -0.023747 0.425000 0.019926 -0.021273 0.425000 0.022549 -0.018512 0.425000 0.024866 -0.015500 0.425000 0.026847 -0.012278 0.425000 0.028465 -0.008891 0.425000 0.029698 -0.005383 0.425000 0.030529 -0.001802 0.425000 0.030948 0.001802 0.425000 0.030948 0.005383 0.425000 0.030529 0.008891 0.425000 0.029698 0.012278 0.425000 0.028465 0.015500 0.425000 0.026847 0.018512 0.425000 0.024866 0.021273 0.425000 0.022549 0.023747 0.425000 0.019926 0.025900 0.425000 0.017035 0.027703 0.425000 0.013913 0.029130 0.425000 0.010603 0.030164 0.425000 0.007149 0.030790 0.425000 0.003599 0.031000 0.425000 0.000000 0.030790 0.425000 -0.003599 0.030164 0.425000 -0.007149 0.029130 0.425000 -0.010603 0.027703 0.425000 -0.013913 0.025900 0.425000 -0.017035 0.023747 0.425000 -0.019926 0.021273 0.425000 -0.022549 0.018512 0.425000 -0.024866 0.015500 0.425000 -0.026847 0.012278 0.425000 -0.028465 0.008891 0.425000 -0.029698 0.005383 0.425000 -0.030529 0.001802 0.425000 -0.030948 -0.001802 0.425000 -0.030948 -0.005383 0.425000 -0.030529 -0.008891 0.425000 -0.029698 -0.012278 0.425000 -0.028465 -0.015500 0.425000 -0.026847 -0.018512 0.425000 -0.024866 -0.021273 0.425000 -0.022549 -0.023747 0.425000 -0.019926 -0.025900 0.425000 -0.017035 -0.027703 0.425000 -0.013913 -0.029130 0.425000 -0.010603 -0.030164 0.425000 -0.007149 -0.030790 0.425000 -0.003599 0.016000 0.425000 0.017000 0.013810 0.425000 0.019026 0.011366 0.425000 0.020737 0.008712 0.425000 0.022102 0.005899 0.425000 0.023095 0.002977 0.425000 0.023698 0.000000 0.425000 0.023900 -0.002977 0.425000 0.023698 -0.005899 0.425000 0.023095 -0.008712 0.425000 0.022102 -0.011366 0.425000 0.020737 -0.013810 0.425000 0.019026 -0.016000 0.425000 0.017000 -0.016000 0.425000 -0.017000 -0.013810 0.425000 -0.019026 -0.011366 0.425000 -0.020737 -0.008712 0.425000 -0.022102 -0.005899 0.425000 -0.023095 -0.002977 0.425000 -0.023698 -0.000000 0.425000 -0.023900 0.002977 0.425000 -0.023698 0.005899 0.425000 -0.023095 0.008712 0.425000 -0.022102 0.011366 0.425000 -0.020737 0.013810 0.425000 -0.019026 0.016000 0.425000 -0.017000 -0.031000 0.415000 -0.000000 -0.030790 0.415000 0.003599 -0.030164 0.415000 0.007149 -0.029130 0.415000 0.010603 -0.027703 0.415000 0.013913 -0.025900 0.415000 0.017035 -0.023747 0.415000 0.019926 -0.021273 0.415000 0.022549 -0.018512 0.415000 0.024866 -0.015500 0.415000 0.026847 -0.012278 0.415000 0.028465 -0.008891 0.415000 0.029698 -0.005383 0.415000 0.030529 -0.001802 0.415000 0.030948 0.001802 0.415000 0.030948 0.005383 0.415000 0.030529 0.008891 0.415000 0.029698 0.012278 0.415000 0.028465 0.015500 0.415000 0.026847 0.018512 0.415000 0.024866 0.021273 0.415000 0.022549 0.023747 0.415000 0.019926 0.025900 0.415000 0.017035 0.027703 0.415000 0.013913 0.029130 0.415000 0.010603 0.030164 0.415000 0.007149 0.030790 0.415000 0.003599 0.031000 0.415000 0.000000 0.030790 0.415000 -0.003599 0.030164 0.415000 -0.007149 0.029130 0.415000 -0.010603 0.027703 0.415000 -0.013913 0.025900 0.415000 -0.017035 0.023747 0.415000 -0.019926 0.021273 0.415000 -0.022549 0.018512 0.415000 -0.024866 0.015500 0.415000 -0.026847 0.012278 0.415000 -0.028465 0.008891 0.415000 -0.029698 0.005383 0.415000 -0.030529 0.001802 0.415000 -0.030948 -0.001802 0.415000 -0.030948 -0.005383 0.415000 -0.030529 -0.008891 0.415000 -0.029698 -0.012278 0.415000 -0.028465 -0.015500 0.415000 -0.026847 -0.018512 0.415000 -0.024866 -0.021273 0.415000 -0.022549 -0.023747 0.415000 -0.019926 -0.025900 0.415000 -0.017035 -0.027703 0.415000 -0.013913 -0.029130 0.415000 -0.010603 -0.030164 0.415000 -0.007149 -0.030790 0.415000 -0.003599 0.016000 0.525000 0.017000 0.013810 0.525000 0.019026 0.011366 0.525000 0.020737 0.008712 0.525000 0.022102 0.005899 0.525000 0.023095 0.002977 0.525000 0.023698 0.000000 0.525000 0.023900 -0.002977 0.525000 0.023698 -0.005899 0.525000 0.023095 -0.008712 0.525000 0.022102 -0.011366 0.525000 0.020737 -0.013810 0.525000 0.019026 -0.016000 0.525000 0.017000 0.013810 0.475000 0.019026 0.011366 0.475000 0.020737 0.008712 0.475000 0.022102 0.005899 0.475000 0.023095 0.002977 0.475000 0.023698 -0.000000 0.475000 0.023900 -0.002977 0.475000 0.023698 -0.005899 0.475000 0.023095 -0.008712 0.475000 0.022102 -0.011366 0.475000 0.020737 -0.013810 0.475000 0.019026 0.016000 0.525000 -0.017000 -0.016000 0.525000 -0.017000 -0.013810 0.525000 -0.019026 -0.011366 0.525000 -0.020737 -0.008712 0.525000 -0.022102 -0.005899 0.525000 -0.023095 -0.002977 0.525000 -0.023698 -0.000000 0.525000 -0.023900 0.002977 0.525000 -0.023698 0.005899 0.525000 -0.023095 0.008712 0.525000 -0.022102 0.011366 0.525000 -0.020737 0.013810 0.525000 -0.019026 -0.013810 0.475000 -0.019026 -0.011366 0.475000 -0.020737 -0.008712 0.475000 -0.022102 -0.005899 0.475000 -0.023095 -0.002977 0.475000 -0.023698 -0.000000 0.475000 -0.023900 0.002977 0.475000 -0.023698 0.005899 0.475000 -0.023095 0.008712 0.475000 -0.022102 0.011366 0.475000 -0.020737 0.013810 0.475000 -0.019026 0.022084 0.524000 -0.012750 0.021934 0.524000 -0.013112 0.021883 0.524000 -0.013500 0.021934 0.524000 -0.013888 0.022084 0.524000 -0.014250 0.022322 0.524000 -0.014561 0.022633 0.524000 -0.014799 0.022994 0.524000 -0.014949 0.023383 0.524000 -0.015000 0.023771 0.524000 -0.014949 0.024133 0.524000 -0.014799 0.024443 0.524000 -0.014561 0.024682 0.524000 -0.014250 0.024832 0.524000 -0.013888 0.024883 0.524000 -0.013500 0.024832 0.524000 -0.013112 0.024682 0.524000 -0.012750 0.024443 0.524000 -0.012439 0.024133 0.524000 -0.012201 0.023771 0.524000 -0.012051 0.023383 0.524000 -0.012000 0.022994 0.524000 -0.012051 0.022633 0.524000 -0.012201 0.022322 0.524000 -0.012439 0.022084 0.525000 -0.012750 0.022322 0.525000 -0.012439 0.022633 0.525000 -0.012201 0.022994 0.525000 -0.012051 0.023383 0.525000 -0.012000 0.023771 0.525000 -0.012051 0.024133 0.525000 -0.012201 0.024443 0.525000 -0.012439 0.024682 0.525000 -0.012750 0.024832 0.525000 -0.013112 0.024883 0.525000 -0.013500 0.024832 0.525000 -0.013888 0.024682 0.525000 -0.014250 0.024443 0.525000 -0.014561 0.024133 0.525000 -0.014799 0.023771 0.525000 -0.014949 0.023383 0.525000 -0.015000 0.022994 0.525000 -0.014949 0.022633 0.525000 -0.014799 0.022322 0.525000 -0.014561 0.022084 0.525000 -0.014250 0.021934 0.525000 -0.013888 0.021883 0.525000 -0.013500 0.021934 0.525000 -0.013112 0.021218 0.524000 -0.012250 0.021615 0.524000 -0.011732 0.022133 0.524000 -0.011335 0.022736 0.524000 -0.011085 0.023383 0.524000 -0.011000 0.024030 0.524000 -0.011085 0.024633 0.524000 -0.011335 0.025150 0.524000 -0.011732 0.025548 0.524000 -0.012250 0.025798 0.524000 -0.012853 0.025883 0.524000 -0.013500 0.025798 0.524000 -0.014147 0.025548 0.524000 -0.014750 0.025150 0.524000 -0.015268 0.024633 0.524000 -0.015665 0.024030 0.524000 -0.015915 0.023383 0.524000 -0.016000 0.022736 0.524000 -0.015915 0.022133 0.524000 -0.015665 0.021615 0.524000 -0.015268 0.021218 0.524000 -0.014750 0.020968 0.524000 -0.014147 0.020883 0.524000 -0.013500 0.020968 0.524000 -0.012853 0.021218 0.525000 -0.012250 0.020968 0.525000 -0.012853 0.020883 0.525000 -0.013500 0.020968 0.525000 -0.014147 0.021218 0.525000 -0.014750 0.021615 0.525000 -0.015268 0.022133 0.525000 -0.015665 0.022736 0.525000 -0.015915 0.023383 0.525000 -0.016000 0.024030 0.525000 -0.015915 0.024633 0.525000 -0.015665 0.025150 0.525000 -0.015268 0.025548 0.525000 -0.014750 0.025798 0.525000 -0.014147 0.025883 0.525000 -0.013500 0.025798 0.525000 -0.012853 0.025548 0.525000 -0.012250 0.025150 0.525000 -0.011732 0.024633 0.525000 -0.011335 0.024030 0.525000 -0.011085 0.023383 0.525000 -0.011000 0.022736 0.525000 -0.011085 0.022133 0.525000 -0.011335 0.021615 0.525000 -0.011732 0.012250 0.525000 -0.021218 0.012853 0.525000 -0.020968 0.013500 0.525000 -0.020883 0.014147 0.525000 -0.020968 0.014750 0.525000 -0.021218 0.015268 0.525000 -0.021615 0.015665 0.525000 -0.022133 0.015915 0.525000 -0.022736 0.016000 0.525000 -0.023383 0.015915 0.525000 -0.024030 0.015665 0.525000 -0.024633 0.015268 0.525000 -0.025150 0.014750 0.525000 -0.025548 0.014147 0.525000 -0.025798 0.013500 0.525000 -0.025883 0.012853 0.525000 -0.025798 0.012250 0.525000 -0.025548 0.011732 0.525000 -0.025150 0.011335 0.525000 -0.024633 0.011085 0.525000 -0.024030 0.011000 0.525000 -0.023383 0.011085 0.525000 -0.022736 0.011335 0.525000 -0.022133 0.011732 0.525000 -0.021615 -0.012250 0.525000 -0.021218 -0.011732 0.525000 -0.021615 -0.011335 0.525000 -0.022133 -0.011085 0.525000 -0.022736 -0.011000 0.525000 -0.023383 -0.011085 0.525000 -0.024030 -0.011335 0.525000 -0.024633 -0.011732 0.525000 -0.025150 -0.012250 0.525000 -0.025548 -0.012853 0.525000 -0.025798 -0.013500 0.525000 -0.025883 -0.014147 0.525000 -0.025798 -0.014750 0.525000 -0.025548 -0.015268 0.525000 -0.025150 -0.015665 0.525000 -0.024633 -0.015915 0.525000 -0.024030 -0.016000 0.525000 -0.023383 -0.015915 0.525000 -0.022736 -0.015665 0.525000 -0.022133 -0.015268 0.525000 -0.021615 -0.014750 0.525000 -0.021218 -0.014147 0.525000 -0.020968 -0.013500 0.525000 -0.020883 -0.012853 0.525000 -0.020968 -0.024500 0.525000 0.000000 -0.024585 0.525000 -0.000647 -0.024835 0.525000 -0.001250 -0.025232 0.525000 -0.001768 -0.025750 0.525000 -0.002165 -0.026353 0.525000 -0.002415 -0.027000 0.525000 -0.002500 -0.027647 0.525000 -0.002415 -0.028250 0.525000 -0.002165 -0.028768 0.525000 -0.001768 -0.029165 0.525000 -0.001250 -0.029415 0.525000 -0.000647 -0.029500 0.525000 0.000000 -0.029415 0.525000 0.000647 -0.029165 0.525000 0.001250 -0.028768 0.525000 0.001768 -0.028250 0.525000 0.002165 -0.027647 0.525000 0.002415 -0.027000 0.525000 0.002500 -0.026353 0.525000 0.002415 -0.025750 0.525000 0.002165 -0.025232 0.525000 0.001768 -0.024835 0.525000 0.001250 -0.024585 0.525000 0.000647 -0.012250 0.525000 0.021218 -0.012853 0.525000 0.020968 -0.013500 0.525000 0.020883 -0.014147 0.525000 0.020968 -0.014750 0.525000 0.021218 -0.015268 0.525000 0.021615 -0.015665 0.525000 0.022133 -0.015915 0.525000 0.022736 -0.016000 0.525000 0.023383 -0.015915 0.525000 0.024030 -0.015665 0.525000 0.024633 -0.015268 0.525000 0.025150 -0.014750 0.525000 0.025548 -0.014147 0.525000 0.025798 -0.013500 0.525000 0.025883 -0.012853 0.525000 0.025798 -0.012250 0.525000 0.025548 -0.011732 0.525000 0.025150 -0.011335 0.525000 0.024633 -0.011085 0.525000 0.024030 -0.011000 0.525000 0.023383 -0.011085 0.525000 0.022736 -0.011335 0.525000 0.022133 -0.011732 0.525000 0.021615 0.012250 0.525000 0.021218 0.011732 0.525000 0.021615 0.011335 0.525000 0.022133 0.011085 0.525000 0.022736 0.011000 0.525000 0.023383 0.011085 0.525000 0.024030 0.011335 0.525000 0.024633 0.011732 0.525000 0.025150 0.012250 0.525000 0.025548 0.012853 0.525000 0.025798 0.013500 0.525000 0.025883 0.014147 0.525000 0.025798 0.014750 0.525000 0.025548 0.015268 0.525000 0.025150 0.015665 0.525000 0.024633 0.015915 0.525000 0.024030 0.016000 0.525000 0.023383 0.015915 0.525000 0.022736 0.015665 0.525000 0.022133 0.015268 0.525000 0.021615 0.014750 0.525000 0.021218 0.014147 0.525000 0.020968 0.013500 0.525000 0.020883 0.012853 0.525000 0.020968 0.024500 0.525000 -0.000000 0.024585 0.525000 0.000647 0.024835 0.525000 0.001250 0.025232 0.525000 0.001768 0.025750 0.525000 0.002165 0.026353 0.525000 0.002415 0.027000 0.525000 0.002500 0.027647 0.525000 0.002415 0.028250 0.525000 0.002165 0.028768 0.525000 0.001768 0.029165 0.525000 0.001250 0.029415 0.525000 0.000647 0.029500 0.525000 0.000000 0.029415 0.525000 -0.000647 0.029165 0.525000 -0.001250 0.028768 0.525000 -0.001768 0.028250 0.525000 -0.002165 0.027647 0.525000 -0.002415 0.027000 0.525000 -0.002500 0.026353 0.525000 -0.002415 0.025750 0.525000 -0.002165 0.025232 0.525000 -0.001768 0.024835 0.525000 -0.001250 0.024585 0.525000 -0.000647 -0.031000 0.525000 -0.000000 -0.030790 0.525000 -0.003599 -0.030164 0.525000 -0.007149 -0.029130 0.525000 -0.010603 -0.027703 0.525000 -0.013913 -0.025900 0.525000 -0.017035 -0.023747 0.525000 -0.019926 -0.021273 0.525000 -0.022549 -0.018512 0.525000 -0.024866 -0.015500 0.525000 -0.026847 -0.012278 0.525000 -0.028465 -0.008891 0.525000 -0.029698 -0.005383 0.525000 -0.030529 -0.001802 0.525000 -0.030948 0.001802 0.525000 -0.030948 0.005383 0.525000 -0.030529 0.008891 0.525000 -0.029698 0.012278 0.525000 -0.028465 0.015500 0.525000 -0.026847 0.018512 0.525000 -0.024866 0.021273 0.525000 -0.022549 0.023747 0.525000 -0.019926 0.025900 0.525000 -0.017035 0.027703 0.525000 -0.013913 0.029130 0.525000 -0.010603 0.030164 0.525000 -0.007149 0.030790 0.525000 -0.003599 0.031000 0.525000 0.000000 0.030790 0.525000 0.003599 0.030164 0.525000 0.007149 0.029130 0.525000 0.010603 0.027703 0.525000 0.013913 0.025900 0.525000 0.017035 0.023747 0.525000 0.019926 0.021273 0.525000 0.022549 0.018512 0.525000 0.024866 0.015500 0.525000 0.026847 0.012278 0.525000 0.028465 0.008891 0.525000 0.029698 0.005383 0.525000 0.030529 0.001802 0.525000 0.030948 -0.001802 0.525000 0.030948 -0.005383 0.525000 0.030529 -0.008891 0.525000 0.029698 -0.012278 0.525000 0.028465 -0.015500 0.525000 0.026847 -0.018512 0.525000 0.024866 -0.021273 0.525000 0.022549 -0.023747 0.525000 0.019926 -0.025900 0.525000 0.017035 -0.027703 0.525000 0.013913 -0.029130 0.525000 0.010603 -0.030164 0.525000 0.007149 -0.030790 0.525000 0.003599 0.021218 0.525000 0.012250 0.020968 0.525000 0.012853 0.020883 0.525000 0.013500 0.020968 0.525000 0.014147 0.021218 0.525000 0.014750 0.021615 0.525000 0.015268 0.022133 0.525000 0.015665 0.022736 0.525000 0.015915 0.023383 0.525000 0.016000 0.024030 0.525000 0.015915 0.024633 0.525000 0.015665 0.025150 0.525000 0.015268 0.025548 0.525000 0.014750 0.025798 0.525000 0.014147 0.025883 0.525000 0.013500 0.025798 0.525000 0.012853 0.025548 0.525000 0.012250 0.025150 0.525000 0.011732 0.024633 0.525000 0.011335 0.024030 0.525000 0.011085 0.023383 0.525000 0.011000 0.022736 0.525000 0.011085 0.022133 0.525000 0.011335 0.021615 0.525000 0.011732 0.000000 0.525000 0.024500 -0.000647 0.525000 0.024585 -0.001250 0.525000 0.024835 -0.001768 0.525000 0.025232 -0.002165 0.525000 0.025750 -0.002415 0.525000 0.026353 -0.002500 0.525000 0.027000 -0.002415 0.525000 0.027647 -0.002165 0.525000 0.028250 -0.001768 0.525000 0.028768 -0.001250 0.525000 0.029165 -0.000647 0.525000 0.029415 0.000000 0.525000 0.029500 0.000647 0.525000 0.029415 0.001250 0.525000 0.029165 0.001768 0.525000 0.028768 0.002165 0.525000 0.028250 0.002415 0.525000 0.027647 0.002500 0.525000 0.027000 0.002415 0.525000 0.026353 0.002165 0.525000 0.025750 0.001768 0.525000 0.025232 0.001250 0.525000 0.024835 0.000647 0.525000 0.024585 -0.021218 0.525000 0.012250 -0.021615 0.525000 0.011732 -0.022133 0.525000 0.011335 -0.022736 0.525000 0.011085 -0.023383 0.525000 0.011000 -0.024030 0.525000 0.011085 -0.024633 0.525000 0.011335 -0.025150 0.525000 0.011732 -0.025548 0.525000 0.012250 -0.025798 0.525000 0.012853 -0.025883 0.525000 0.013500 -0.025798 0.525000 0.014147 -0.025548 0.525000 0.014750 -0.025150 0.525000 0.015268 -0.024633 0.525000 0.015665 -0.024030 0.525000 0.015915 -0.023383 0.525000 0.016000 -0.022736 0.525000 0.015915 -0.022133 0.525000 0.015665 -0.021615 0.525000 0.015268 -0.021218 0.525000 0.014750 -0.020968 0.525000 0.014147 -0.020883 0.525000 0.013500 -0.020968 0.525000 0.012853 -0.021218 0.525000 -0.012250 -0.020968 0.525000 -0.012853 -0.020883 0.525000 -0.013500 -0.020968 0.525000 -0.014147 -0.021218 0.525000 -0.014750 -0.021615 0.525000 -0.015268 -0.022133 0.525000 -0.015665 -0.022736 0.525000 -0.015915 -0.023383 0.525000 -0.016000 -0.024030 0.525000 -0.015915 -0.024633 0.525000 -0.015665 -0.025150 0.525000 -0.015268 -0.025548 0.525000 -0.014750 -0.025798 0.525000 -0.014147 -0.025883 0.525000 -0.013500 -0.025798 0.525000 -0.012853 -0.025548 0.525000 -0.012250 -0.025150 0.525000 -0.011732 -0.024633 0.525000 -0.011335 -0.024030 0.525000 -0.011085 -0.023383 0.525000 -0.011000 -0.022736 0.525000 -0.011085 -0.022133 0.525000 -0.011335 -0.021615 0.525000 -0.011732 -0.000000 0.525000 -0.024500 0.000647 0.525000 -0.024585 0.001250 0.525000 -0.024835 0.001768 0.525000 -0.025232 0.002165 0.525000 -0.025750 0.002415 0.525000 -0.026353 0.002500 0.525000 -0.027000 0.002415 0.525000 -0.027647 0.002165 0.525000 -0.028250 0.001768 0.525000 -0.028768 0.001250 0.525000 -0.029165 0.000647 0.525000 -0.029415 -0.000000 0.525000 -0.029500 -0.000647 0.525000 -0.029415 -0.001250 0.525000 -0.029165 -0.001768 0.525000 -0.028768 -0.002165 0.525000 -0.028250 -0.002415 0.525000 -0.027647 -0.002500 0.525000 -0.027000 -0.002415 0.525000 -0.026353 -0.002165 0.525000 -0.025750 -0.001768 0.525000 -0.025232 -0.001250 0.525000 -0.024835 -0.000647 0.525000 -0.024585 0.012750 0.524000 -0.022084 0.012439 0.524000 -0.022322 0.012201 0.524000 -0.022633 0.012051 0.524000 -0.022994 0.012000 0.524000 -0.023383 0.012051 0.524000 -0.023771 0.012201 0.524000 -0.024133 0.012439 0.524000 -0.024443 0.012750 0.524000 -0.024682 0.013112 0.524000 -0.024832 0.013500 0.524000 -0.024883 0.013888 0.524000 -0.024832 0.014250 0.524000 -0.024682 0.014561 0.524000 -0.024443 0.014799 0.524000 -0.024133 0.014949 0.524000 -0.023771 0.015000 0.524000 -0.023383 0.014949 0.524000 -0.022994 0.014799 0.524000 -0.022633 0.014561 0.524000 -0.022322 0.014250 0.524000 -0.022084 0.013888 0.524000 -0.021934 0.013500 0.524000 -0.021883 0.013112 0.524000 -0.021934 0.012750 0.525000 -0.022084 0.013112 0.525000 -0.021934 0.013500 0.525000 -0.021883 0.013888 0.525000 -0.021934 0.014250 0.525000 -0.022084 0.014561 0.525000 -0.022322 0.014799 0.525000 -0.022633 0.014949 0.525000 -0.022994 0.015000 0.525000 -0.023383 0.014949 0.525000 -0.023771 0.014799 0.525000 -0.024133 0.014561 0.525000 -0.024443 0.014250 0.525000 -0.024682 0.013888 0.525000 -0.024832 0.013500 0.525000 -0.024883 0.013112 0.525000 -0.024832 0.012750 0.525000 -0.024682 0.012439 0.525000 -0.024443 0.012201 0.525000 -0.024133 0.012051 0.525000 -0.023771 0.012000 0.525000 -0.023383 0.012051 0.525000 -0.022994 0.012201 0.525000 -0.022633 0.012439 0.525000 -0.022322 0.012250 0.524000 -0.021218 0.012853 0.524000 -0.020968 0.013500 0.524000 -0.020883 0.014147 0.524000 -0.020968 0.014750 0.524000 -0.021218 0.015268 0.524000 -0.021615 0.015665 0.524000 -0.022133 0.015915 0.524000 -0.022736 0.016000 0.524000 -0.023383 0.015915 0.524000 -0.024030 0.015665 0.524000 -0.024633 0.015268 0.524000 -0.025150 0.014750 0.524000 -0.025548 0.014147 0.524000 -0.025798 0.013500 0.524000 -0.025883 0.012853 0.524000 -0.025798 0.012250 0.524000 -0.025548 0.011732 0.524000 -0.025150 0.011335 0.524000 -0.024633 0.011085 0.524000 -0.024030 0.011000 0.524000 -0.023383 0.011085 0.524000 -0.022736 0.011335 0.524000 -0.022133 0.011732 0.524000 -0.021615 -0.000000 0.524000 -0.025500 -0.000388 0.524000 -0.025551 -0.000750 0.524000 -0.025701 -0.001061 0.524000 -0.025939 -0.001299 0.524000 -0.026250 -0.001449 0.524000 -0.026612 -0.001500 0.524000 -0.027000 -0.001449 0.524000 -0.027388 -0.001299 0.524000 -0.027750 -0.001061 0.524000 -0.028061 -0.000750 0.524000 -0.028299 -0.000388 0.524000 -0.028449 -0.000000 0.524000 -0.028500 0.000388 0.524000 -0.028449 0.000750 0.524000 -0.028299 0.001061 0.524000 -0.028061 0.001299 0.524000 -0.027750 0.001449 0.524000 -0.027388 0.001500 0.524000 -0.027000 0.001449 0.524000 -0.026612 0.001299 0.524000 -0.026250 0.001061 0.524000 -0.025939 0.000750 0.524000 -0.025701 0.000388 0.524000 -0.025551 -0.000000 0.525000 -0.025500 0.000388 0.525000 -0.025551 0.000750 0.525000 -0.025701 0.001061 0.525000 -0.025939 0.001299 0.525000 -0.026250 0.001449 0.525000 -0.026612 0.001500 0.525000 -0.027000 0.001449 0.525000 -0.027388 0.001299 0.525000 -0.027750 0.001061 0.525000 -0.028061 0.000750 0.525000 -0.028299 0.000388 0.525000 -0.028449 -0.000000 0.525000 -0.028500 -0.000388 0.525000 -0.028449 -0.000750 0.525000 -0.028299 -0.001061 0.525000 -0.028061 -0.001299 0.525000 -0.027750 -0.001449 0.525000 -0.027388 -0.001500 0.525000 -0.027000 -0.001449 0.525000 -0.026612 -0.001299 0.525000 -0.026250 -0.001061 0.525000 -0.025939 -0.000750 0.525000 -0.025701 -0.000388 0.525000 -0.025551 -0.000000 0.524000 -0.024500 0.000647 0.524000 -0.024585 0.001250 0.524000 -0.024835 0.001768 0.524000 -0.025232 0.002165 0.524000 -0.025750 0.002415 0.524000 -0.026353 0.002500 0.524000 -0.027000 0.002415 0.524000 -0.027647 0.002165 0.524000 -0.028250 0.001768 0.524000 -0.028768 0.001250 0.524000 -0.029165 0.000647 0.524000 -0.029415 -0.000000 0.524000 -0.029500 -0.000647 0.524000 -0.029415 -0.001250 0.524000 -0.029165 -0.001768 0.524000 -0.028768 -0.002165 0.524000 -0.028250 -0.002415 0.524000 -0.027647 -0.002500 0.524000 -0.027000 -0.002415 0.524000 -0.026353 -0.002165 0.524000 -0.025750 -0.001768 0.524000 -0.025232 -0.001250 0.524000 -0.024835 -0.000647 0.524000 -0.024585 -0.012750 0.524000 -0.022084 -0.013112 0.524000 -0.021934 -0.013500 0.524000 -0.021883 -0.013888 0.524000 -0.021934 -0.014250 0.524000 -0.022084 -0.014561 0.524000 -0.022322 -0.014799 0.524000 -0.022633 -0.014949 0.524000 -0.022994 -0.015000 0.524000 -0.023383 -0.014949 0.524000 -0.023771 -0.014799 0.524000 -0.024133 -0.014561 0.524000 -0.024443 -0.014250 0.524000 -0.024682 -0.013888 0.524000 -0.024832 -0.013500 0.524000 -0.024883 -0.013112 0.524000 -0.024832 -0.012750 0.524000 -0.024682 -0.012439 0.524000 -0.024443 -0.012201 0.524000 -0.024133 -0.012051 0.524000 -0.023771 -0.012000 0.524000 -0.023383 -0.012051 0.524000 -0.022994 -0.012201 0.524000 -0.022633 -0.012439 0.524000 -0.022322 -0.012750 0.525000 -0.022084 -0.012439 0.525000 -0.022322 -0.012201 0.525000 -0.022633 -0.012051 0.525000 -0.022994 -0.012000 0.525000 -0.023383 -0.012051 0.525000 -0.023771 -0.012201 0.525000 -0.024133 -0.012439 0.525000 -0.024443 -0.012750 0.525000 -0.024682 -0.013112 0.525000 -0.024832 -0.013500 0.525000 -0.024883 -0.013888 0.525000 -0.024832 -0.014250 0.525000 -0.024682 -0.014561 0.525000 -0.024443 -0.014799 0.525000 -0.024133 -0.014949 0.525000 -0.023771 -0.015000 0.525000 -0.023383 -0.014949 0.525000 -0.022994 -0.014799 0.525000 -0.022633 -0.014561 0.525000 -0.022322 -0.014250 0.525000 -0.022084 -0.013888 0.525000 -0.021934 -0.013500 0.525000 -0.021883 -0.013112 0.525000 -0.021934 -0.012250 0.524000 -0.021218 -0.011732 0.524000 -0.021615 -0.011335 0.524000 -0.022133 -0.011085 0.524000 -0.022736 -0.011000 0.524000 -0.023383 -0.011085 0.524000 -0.024030 -0.011335 0.524000 -0.024633 -0.011732 0.524000 -0.025150 -0.012250 0.524000 -0.025548 -0.012853 0.524000 -0.025798 -0.013500 0.524000 -0.025883 -0.014147 0.524000 -0.025798 -0.014750 0.524000 -0.025548 -0.015268 0.524000 -0.025150 -0.015665 0.524000 -0.024633 -0.015915 0.524000 -0.024030 -0.016000 0.524000 -0.023383 -0.015915 0.524000 -0.022736 -0.015665 0.524000 -0.022133 -0.015268 0.524000 -0.021615 -0.014750 0.524000 -0.021218 -0.014147 0.524000 -0.020968 -0.013500 0.524000 -0.020883 -0.012853 0.524000 -0.020968 -0.022084 0.524000 -0.012750 -0.022322 0.524000 -0.012439 -0.022633 0.524000 -0.012201 -0.022994 0.524000 -0.012051 -0.023383 0.524000 -0.012000 -0.023771 0.524000 -0.012051 -0.024133 0.524000 -0.012201 -0.024443 0.524000 -0.012439 -0.024682 0.524000 -0.012750 -0.024832 0.524000 -0.013112 -0.024883 0.524000 -0.013500 -0.024832 0.524000 -0.013888 -0.024682 0.524000 -0.014250 -0.024443 0.524000 -0.014561 -0.024133 0.524000 -0.014799 -0.023771 0.524000 -0.014949 -0.023383 0.524000 -0.015000 -0.022994 0.524000 -0.014949 -0.022633 0.524000 -0.014799 -0.022322 0.524000 -0.014561 -0.022084 0.524000 -0.014250 -0.021934 0.524000 -0.013888 -0.021883 0.524000 -0.013500 -0.021934 0.524000 -0.013112 -0.022084 0.525000 -0.012750 -0.021934 0.525000 -0.013112 -0.021883 0.525000 -0.013500 -0.021934 0.525000 -0.013888 -0.022084 0.525000 -0.014250 -0.022322 0.525000 -0.014561 -0.022633 0.525000 -0.014799 -0.022994 0.525000 -0.014949 -0.023383 0.525000 -0.015000 -0.023771 0.525000 -0.014949 -0.024133 0.525000 -0.014799 -0.024443 0.525000 -0.014561 -0.024682 0.525000 -0.014250 -0.024832 0.525000 -0.013888 -0.024883 0.525000 -0.013500 -0.024832 0.525000 -0.013112 -0.024682 0.525000 -0.012750 -0.024443 0.525000 -0.012439 -0.024133 0.525000 -0.012201 -0.023771 0.525000 -0.012051 -0.023383 0.525000 -0.012000 -0.022994 0.525000 -0.012051 -0.022633 0.525000 -0.012201 -0.022322 0.525000 -0.012439 -0.021218 0.524000 -0.012250 -0.020968 0.524000 -0.012853 -0.020883 0.524000 -0.013500 -0.020968 0.524000 -0.014147 -0.021218 0.524000 -0.014750 -0.021615 0.524000 -0.015268 -0.022133 0.524000 -0.015665 -0.022736 0.524000 -0.015915 -0.023383 0.524000 -0.016000 -0.024030 0.524000 -0.015915 -0.024633 0.524000 -0.015665 -0.025150 0.524000 -0.015268 -0.025548 0.524000 -0.014750 -0.025798 0.524000 -0.014147 -0.025883 0.524000 -0.013500 -0.025798 0.524000 -0.012853 -0.025548 0.524000 -0.012250 -0.025150 0.524000 -0.011732 -0.024633 0.524000 -0.011335 -0.024030 0.524000 -0.011085 -0.023383 0.524000 -0.011000 -0.022736 0.524000 -0.011085 -0.022133 0.524000 -0.011335 -0.021615 0.524000 -0.011732 -0.025500 0.524000 0.000000 -0.025551 0.524000 0.000388 -0.025701 0.524000 0.000750 -0.025939 0.524000 0.001061 -0.026250 0.524000 0.001299 -0.026612 0.524000 0.001449 -0.027000 0.524000 0.001500 -0.027388 0.524000 0.001449 -0.027750 0.524000 0.001299 -0.028061 0.524000 0.001061 -0.028299 0.524000 0.000750 -0.028449 0.524000 0.000388 -0.028500 0.524000 0.000000 -0.028449 0.524000 -0.000388 -0.028299 0.524000 -0.000750 -0.028061 0.524000 -0.001061 -0.027750 0.524000 -0.001299 -0.027388 0.524000 -0.001449 -0.027000 0.524000 -0.001500 -0.026612 0.524000 -0.001449 -0.026250 0.524000 -0.001299 -0.025939 0.524000 -0.001061 -0.025701 0.524000 -0.000750 -0.025551 0.524000 -0.000388 -0.025500 0.525000 0.000000 -0.025551 0.525000 -0.000388 -0.025701 0.525000 -0.000750 -0.025939 0.525000 -0.001061 -0.026250 0.525000 -0.001299 -0.026612 0.525000 -0.001449 -0.027000 0.525000 -0.001500 -0.027388 0.525000 -0.001449 -0.027750 0.525000 -0.001299 -0.028061 0.525000 -0.001061 -0.028299 0.525000 -0.000750 -0.028449 0.525000 -0.000388 -0.028500 0.525000 0.000000 -0.028449 0.525000 0.000388 -0.028299 0.525000 0.000750 -0.028061 0.525000 0.001061 -0.027750 0.525000 0.001299 -0.027388 0.525000 0.001449 -0.027000 0.525000 0.001500 -0.026612 0.525000 0.001449 -0.026250 0.525000 0.001299 -0.025939 0.525000 0.001061 -0.025701 0.525000 0.000750 -0.025551 0.525000 0.000388 -0.024500 0.524000 0.000000 -0.024585 0.524000 -0.000647 -0.024835 0.524000 -0.001250 -0.025232 0.524000 -0.001768 -0.025750 0.524000 -0.002165 -0.026353 0.524000 -0.002415 -0.027000 0.524000 -0.002500 -0.027647 0.524000 -0.002415 -0.028250 0.524000 -0.002165 -0.028768 0.524000 -0.001768 -0.029165 0.524000 -0.001250 -0.029415 0.524000 -0.000647 -0.029500 0.524000 0.000000 -0.029415 0.524000 0.000647 -0.029165 0.524000 0.001250 -0.028768 0.524000 0.001768 -0.028250 0.524000 0.002165 -0.027647 0.524000 0.002415 -0.027000 0.524000 0.002500 -0.026353 0.524000 0.002415 -0.025750 0.524000 0.002165 -0.025232 0.524000 0.001768 -0.024835 0.524000 0.001250 -0.024585 0.524000 0.000647 -0.022084 0.524000 0.012750 -0.021934 0.524000 0.013112 -0.021883 0.524000 0.013500 -0.021934 0.524000 0.013888 -0.022084 0.524000 0.014250 -0.022322 0.524000 0.014561 -0.022633 0.524000 0.014799 -0.022994 0.524000 0.014949 -0.023383 0.524000 0.015000 -0.023771 0.524000 0.014949 -0.024133 0.524000 0.014799 -0.024443 0.524000 0.014561 -0.024682 0.524000 0.014250 -0.024832 0.524000 0.013888 -0.024883 0.524000 0.013500 -0.024832 0.524000 0.013112 -0.024682 0.524000 0.012750 -0.024443 0.524000 0.012439 -0.024133 0.524000 0.012201 -0.023771 0.524000 0.012051 -0.023383 0.524000 0.012000 -0.022994 0.524000 0.012051 -0.022633 0.524000 0.012201 -0.022322 0.524000 0.012439 -0.022084 0.525000 0.012750 -0.022322 0.525000 0.012439 -0.022633 0.525000 0.012201 -0.022994 0.525000 0.012051 -0.023383 0.525000 0.012000 -0.023771 0.525000 0.012051 -0.024133 0.525000 0.012201 -0.024443 0.525000 0.012439 -0.024682 0.525000 0.012750 -0.024832 0.525000 0.013112 -0.024883 0.525000 0.013500 -0.024832 0.525000 0.013888 -0.024682 0.525000 0.014250 -0.024443 0.525000 0.014561 -0.024133 0.525000 0.014799 -0.023771 0.525000 0.014949 -0.023383 0.525000 0.015000 -0.022994 0.525000 0.014949 -0.022633 0.525000 0.014799 -0.022322 0.525000 0.014561 -0.022084 0.525000 0.014250 -0.021934 0.525000 0.013888 -0.021883 0.525000 0.013500 -0.021934 0.525000 0.013112 -0.021218 0.524000 0.012250 -0.021615 0.524000 0.011732 -0.022133 0.524000 0.011335 -0.022736 0.524000 0.011085 -0.023383 0.524000 0.011000 -0.024030 0.524000 0.011085 -0.024633 0.524000 0.011335 -0.025150 0.524000 0.011732 -0.025548 0.524000 0.012250 -0.025798 0.524000 0.012853 -0.025883 0.524000 0.013500 -0.025798 0.524000 0.014147 -0.025548 0.524000 0.014750 -0.025150 0.524000 0.015268 -0.024633 0.524000 0.015665 -0.024030 0.524000 0.015915 -0.023383 0.524000 0.016000 -0.022736 0.524000 0.015915 -0.022133 0.524000 0.015665 -0.021615 0.524000 0.015268 -0.021218 0.524000 0.014750 -0.020968 0.524000 0.014147 -0.020883 0.524000 0.013500 -0.020968 0.524000 0.012853 -0.012750 0.524000 0.022084 -0.012439 0.524000 0.022322 -0.012201 0.524000 0.022633 -0.012051 0.524000 0.022994 -0.012000 0.524000 0.023383 -0.012051 0.524000 0.023771 -0.012201 0.524000 0.024133 -0.012439 0.524000 0.024443 -0.012750 0.524000 0.024682 -0.013112 0.524000 0.024832 -0.013500 0.524000 0.024883 -0.013888 0.524000 0.024832 -0.014250 0.524000 0.024682 -0.014561 0.524000 0.024443 -0.014799 0.524000 0.024133 -0.014949 0.524000 0.023771 -0.015000 0.524000 0.023383 -0.014949 0.524000 0.022994 -0.014799 0.524000 0.022633 -0.014561 0.524000 0.022322 -0.014250 0.524000 0.022084 -0.013888 0.524000 0.021934 -0.013500 0.524000 0.021883 -0.013112 0.524000 0.021934 -0.012750 0.525000 0.022084 -0.013112 0.525000 0.021934 -0.013500 0.525000 0.021883 -0.013888 0.525000 0.021934 -0.014250 0.525000 0.022084 -0.014561 0.525000 0.022322 -0.014799 0.525000 0.022633 -0.014949 0.525000 0.022994 -0.015000 0.525000 0.023383 -0.014949 0.525000 0.023771 -0.014799 0.525000 0.024133 -0.014561 0.525000 0.024443 -0.014250 0.525000 0.024682 -0.013888 0.525000 0.024832 -0.013500 0.525000 0.024883 -0.013112 0.525000 0.024832 -0.012750 0.525000 0.024682 -0.012439 0.525000 0.024443 -0.012201 0.525000 0.024133 -0.012051 0.525000 0.023771 -0.012000 0.525000 0.023383 -0.012051 0.525000 0.022994 -0.012201 0.525000 0.022633 -0.012439 0.525000 0.022322 -0.012250 0.524000 0.021218 -0.012853 0.524000 0.020968 -0.013500 0.524000 0.020883 -0.014147 0.524000 0.020968 -0.014750 0.524000 0.021218 -0.015268 0.524000 0.021615 -0.015665 0.524000 0.022133 -0.015915 0.524000 0.022736 -0.016000 0.524000 0.023383 -0.015915 0.524000 0.024030 -0.015665 0.524000 0.024633 -0.015268 0.524000 0.025150 -0.014750 0.524000 0.025548 -0.014147 0.524000 0.025798 -0.013500 0.524000 0.025883 -0.012853 0.524000 0.025798 -0.012250 0.524000 0.025548 -0.011732 0.524000 0.025150 -0.011335 0.524000 0.024633 -0.011085 0.524000 0.024030 -0.011000 0.524000 0.023383 -0.011085 0.524000 0.022736 -0.011335 0.524000 0.022133 -0.011732 0.524000 0.021615 0.000000 0.524000 0.025500 0.000388 0.524000 0.025551 0.000750 0.524000 0.025701 0.001061 0.524000 0.025939 0.001299 0.524000 0.026250 0.001449 0.524000 0.026612 0.001500 0.524000 0.027000 0.001449 0.524000 0.027388 0.001299 0.524000 0.027750 0.001061 0.524000 0.028061 0.000750 0.524000 0.028299 0.000388 0.524000 0.028449 0.000000 0.524000 0.028500 -0.000388 0.524000 0.028449 -0.000750 0.524000 0.028299 -0.001061 0.524000 0.028061 -0.001299 0.524000 0.027750 -0.001449 0.524000 0.027388 -0.001500 0.524000 0.027000 -0.001449 0.524000 0.026612 -0.001299 0.524000 0.026250 -0.001061 0.524000 0.025939 -0.000750 0.524000 0.025701 -0.000388 0.524000 0.025551 0.000000 0.525000 0.025500 -0.000388 0.525000 0.025551 -0.000750 0.525000 0.025701 -0.001061 0.525000 0.025939 -0.001299 0.525000 0.026250 -0.001449 0.525000 0.026612 -0.001500 0.525000 0.027000 -0.001449 0.525000 0.027388 -0.001299 0.525000 0.027750 -0.001061 0.525000 0.028061 -0.000750 0.525000 0.028299 -0.000388 0.525000 0.028449 0.000000 0.525000 0.028500 0.000388 0.525000 0.028449 0.000750 0.525000 0.028299 0.001061 0.525000 0.028061 0.001299 0.525000 0.027750 0.001449 0.525000 0.027388 0.001500 0.525000 0.027000 0.001449 0.525000 0.026612 0.001299 0.525000 0.026250 0.001061 0.525000 0.025939 0.000750 0.525000 0.025701 0.000388 0.525000 0.025551 0.000000 0.524000 0.024500 -0.000647 0.524000 0.024585 -0.001250 0.524000 0.024835 -0.001768 0.524000 0.025232 -0.002165 0.524000 0.025750 -0.002415 0.524000 0.026353 -0.002500 0.524000 0.027000 -0.002415 0.524000 0.027647 -0.002165 0.524000 0.028250 -0.001768 0.524000 0.028768 -0.001250 0.524000 0.029165 -0.000647 0.524000 0.029415 0.000000 0.524000 0.029500 0.000647 0.524000 0.029415 0.001250 0.524000 0.029165 0.001768 0.524000 0.028768 0.002165 0.524000 0.028250 0.002415 0.524000 0.027647 0.002500 0.524000 0.027000 0.002415 0.524000 0.026353 0.002165 0.524000 0.025750 0.001768 0.524000 0.025232 0.001250 0.524000 0.024835 0.000647 0.524000 0.024585 0.012750 0.524000 0.022084 0.013112 0.524000 0.021934 0.013500 0.524000 0.021883 0.013888 0.524000 0.021934 0.014250 0.524000 0.022084 0.014561 0.524000 0.022322 0.014799 0.524000 0.022633 0.014949 0.524000 0.022994 0.015000 0.524000 0.023383 0.014949 0.524000 0.023771 0.014799 0.524000 0.024133 0.014561 0.524000 0.024443 0.014250 0.524000 0.024682 0.013888 0.524000 0.024832 0.013500 0.524000 0.024883 0.013112 0.524000 0.024832 0.012750 0.524000 0.024682 0.012439 0.524000 0.024443 0.012201 0.524000 0.024133 0.012051 0.524000 0.023771 0.012000 0.524000 0.023383 0.012051 0.524000 0.022994 0.012201 0.524000 0.022633 0.012439 0.524000 0.022322 0.012750 0.525000 0.022084 0.012439 0.525000 0.022322 0.012201 0.525000 0.022633 0.012051 0.525000 0.022994 0.012000 0.525000 0.023383 0.012051 0.525000 0.023771 0.012201 0.525000 0.024133 0.012439 0.525000 0.024443 0.012750 0.525000 0.024682 0.013112 0.525000 0.024832 0.013500 0.525000 0.024883 0.013888 0.525000 0.024832 0.014250 0.525000 0.024682 0.014561 0.525000 0.024443 0.014799 0.525000 0.024133 0.014949 0.525000 0.023771 0.015000 0.525000 0.023383 0.014949 0.525000 0.022994 0.014799 0.525000 0.022633 0.014561 0.525000 0.022322 0.014250 0.525000 0.022084 0.013888 0.525000 0.021934 0.013500 0.525000 0.021883 0.013112 0.525000 0.021934 0.012250 0.524000 0.021218 0.011732 0.524000 0.021615 0.011335 0.524000 0.022133 0.011085 0.524000 0.022736 0.011000 0.524000 0.023383 0.011085 0.524000 0.024030 0.011335 0.524000 0.024633 0.011732 0.524000 0.025150 0.012250 0.524000 0.025548 0.012853 0.524000 0.025798 0.013500 0.524000 0.025883 0.014147 0.524000 0.025798 0.014750 0.524000 0.025548 0.015268 0.524000 0.025150 0.015665 0.524000 0.024633 0.015915 0.524000 0.024030 0.016000 0.524000 0.023383 0.015915 0.524000 0.022736 0.015665 0.524000 0.022133 0.015268 0.524000 0.021615 0.014750 0.524000 0.021218 0.014147 0.524000 0.020968 0.013500 0.524000 0.020883 0.012853 0.524000 0.020968 0.022084 0.524000 0.012750 0.022322 0.524000 0.012439 0.022633 0.524000 0.012201 0.022994 0.524000 0.012051 0.023383 0.524000 0.012000 0.023771 0.524000 0.012051 0.024133 0.524000 0.012201 0.024443 0.524000 0.012439 0.024682 0.524000 0.012750 0.024832 0.524000 0.013112 0.024883 0.524000 0.013500 0.024832 0.524000 0.013888 0.024682 0.524000 0.014250 0.024443 0.524000 0.014561 0.024133 0.524000 0.014799 0.023771 0.524000 0.014949 0.023383 0.524000 0.015000 0.022994 0.524000 0.014949 0.022633 0.524000 0.014799 0.022322 0.524000 0.014561 0.022084 0.524000 0.014250 0.021934 0.524000 0.013888 0.021883 0.524000 0.013500 0.021934 0.524000 0.013112 0.022084 0.525000 0.012750 0.021934 0.525000 0.013112 0.021883 0.525000 0.013500 0.021934 0.525000 0.013888 0.022084 0.525000 0.014250 0.022322 0.525000 0.014561 0.022633 0.525000 0.014799 0.022994 0.525000 0.014949 0.023383 0.525000 0.015000 0.023771 0.525000 0.014949 0.024133 0.525000 0.014799 0.024443 0.525000 0.014561 0.024682 0.525000 0.014250 0.024832 0.525000 0.013888 0.024883 0.525000 0.013500 0.024832 0.525000 0.013112 0.024682 0.525000 0.012750 0.024443 0.525000 0.012439 0.024133 0.525000 0.012201 0.023771 0.525000 0.012051 0.023383 0.525000 0.012000 0.022994 0.525000 0.012051 0.022633 0.525000 0.012201 0.022322 0.525000 0.012439 0.021218 0.524000 0.012250 0.020968 0.524000 0.012853 0.020883 0.524000 0.013500 0.020968 0.524000 0.014147 0.021218 0.524000 0.014750 0.021615 0.524000 0.015268 0.022133 0.524000 0.015665 0.022736 0.524000 0.015915 0.023383 0.524000 0.016000 0.024030 0.524000 0.015915 0.024633 0.524000 0.015665 0.025150 0.524000 0.015268 0.025548 0.524000 0.014750 0.025798 0.524000 0.014147 0.025883 0.524000 0.013500 0.025798 0.524000 0.012853 0.025548 0.524000 0.012250 0.025150 0.524000 0.011732 0.024633 0.524000 0.011335 0.024030 0.524000 0.011085 0.023383 0.524000 0.011000 0.022736 0.524000 0.011085 0.022133 0.524000 0.011335 0.021615 0.524000 0.011732 0.025500 0.524000 -0.000000 0.025551 0.524000 -0.000388 0.025701 0.524000 -0.000750 0.025939 0.524000 -0.001061 0.026250 0.524000 -0.001299 0.026612 0.524000 -0.001449 0.027000 0.524000 -0.001500 0.027388 0.524000 -0.001449 0.027750 0.524000 -0.001299 0.028061 0.524000 -0.001061 0.028299 0.524000 -0.000750 0.028449 0.524000 -0.000388 0.028500 0.524000 0.000000 0.028449 0.524000 0.000388 0.028299 0.524000 0.000750 0.028061 0.524000 0.001061 0.027750 0.524000 0.001299 0.027388 0.524000 0.001449 0.027000 0.524000 0.001500 0.026612 0.524000 0.001449 0.026250 0.524000 0.001299 0.025939 0.524000 0.001061 0.025701 0.524000 0.000750 0.025551 0.524000 0.000388 0.025500 0.525000 -0.000000 0.025551 0.525000 0.000388 0.025701 0.525000 0.000750 0.025939 0.525000 0.001061 0.026250 0.525000 0.001299 0.026612 0.525000 0.001449 0.027000 0.525000 0.001500 0.027388 0.525000 0.001449 0.027750 0.525000 0.001299 0.028061 0.525000 0.001061 0.028299 0.525000 0.000750 0.028449 0.525000 0.000388 0.028500 0.525000 0.000000 0.028449 0.525000 -0.000388 0.028299 0.525000 -0.000750 0.028061 0.525000 -0.001061 0.027750 0.525000 -0.001299 0.027388 0.525000 -0.001449 0.027000 0.525000 -0.001500 0.026612 0.525000 -0.001449 0.026250 0.525000 -0.001299 0.025939 0.525000 -0.001061 0.025701 0.525000 -0.000750 0.025551 0.525000 -0.000388 0.024500 0.524000 -0.000000 0.024585 0.524000 0.000647 0.024835 0.524000 0.001250 0.025232 0.524000 0.001768 0.025750 0.524000 0.002165 0.026353 0.524000 0.002415 0.027000 0.524000 0.002500 0.027647 0.524000 0.002415 0.028250 0.524000 0.002165 0.028768 0.524000 0.001768 0.029165 0.524000 0.001250 0.029415 0.524000 0.000647 0.029500 0.524000 0.000000 0.029415 0.524000 -0.000647 0.029165 0.524000 -0.001250 0.028768 0.524000 -0.001768 0.028250 0.524000 -0.002165 0.027647 0.524000 -0.002415 0.027000 0.524000 -0.002500 0.026353 0.524000 -0.002415 0.025750 0.524000 -0.002165 0.025232 0.524000 -0.001768 0.024835 0.524000 -0.001250 0.024585 0.524000 -0.000647 -0.031000 0.555000 -0.000000 -0.030790 0.555000 -0.003599 -0.030164 0.555000 -0.007149 -0.029130 0.555000 -0.010603 -0.027703 0.555000 -0.013913 -0.025900 0.555000 -0.017035 -0.023747 0.555000 -0.019926 -0.021273 0.555000 -0.022549 -0.018512 0.555000 -0.024866 -0.015500 0.555000 -0.026847 -0.012278 0.555000 -0.028465 -0.008891 0.555000 -0.029698 -0.005383 0.555000 -0.030529 -0.001802 0.555000 -0.030948 0.001802 0.555000 -0.030948 0.005383 0.555000 -0.030529 0.008891 0.555000 -0.029698 0.012278 0.555000 -0.028465 0.015500 0.555000 -0.026847 0.018512 0.555000 -0.024866 0.021273 0.555000 -0.022549 0.023747 0.555000 -0.019926 0.025900 0.555000 -0.017035 0.027703 0.555000 -0.013913 0.029130 0.555000 -0.010603 0.030164 0.555000 -0.007149 0.030790 0.555000 -0.003599 0.031000 0.555000 0.000000 0.030790 0.555000 0.003599 0.030164 0.555000 0.007149 0.029130 0.555000 0.010603 0.027703 0.555000 0.013913 0.025900 0.555000 0.017035 0.023747 0.555000 0.019926 0.021273 0.555000 0.022549 0.018512 0.555000 0.024866 0.015500 0.555000 0.026847 0.012278 0.555000 0.028465 0.008891 0.555000 0.029698 0.005383 0.555000 0.030529 0.001802 0.555000 0.030948 -0.001802 0.555000 0.030948 -0.005383 0.555000 0.030529 -0.008891 0.555000 0.029698 -0.012278 0.555000 0.028465 -0.015500 0.555000 0.026847 -0.018512 0.555000 0.024866 -0.021273 0.555000 0.022549 -0.023747 0.555000 0.019926 -0.025900 0.555000 0.017035 -0.027703 0.555000 0.013913 -0.029130 0.555000 0.010603 -0.030164 0.555000 0.007149 -0.030790 0.555000 0.003599 -0.034500 0.555000 -0.000000 -0.034291 0.555000 0.003795 -0.033665 0.555000 0.007544 -0.032631 0.555000 0.011202 -0.031200 0.555000 0.014724 -0.029391 0.555000 0.018067 -0.027225 0.555000 0.021190 -0.024729 0.555000 0.024057 -0.021932 0.555000 0.026631 -0.018870 0.555000 0.028882 -0.015578 0.555000 0.030783 -0.012097 0.555000 0.032310 -0.008469 0.555000 0.033444 -0.004739 0.555000 0.034173 -0.000951 0.555000 0.034487 0.002849 0.555000 0.034382 0.006614 0.555000 0.033860 0.010299 0.555000 0.032927 0.013858 0.555000 0.031594 0.017250 0.555000 0.029878 0.020432 0.555000 0.027799 0.023366 0.555000 0.025382 0.026017 0.555000 0.022658 0.028351 0.555000 0.019658 0.030342 0.555000 0.016420 0.031964 0.555000 0.012983 0.033198 0.555000 0.009388 0.034029 0.555000 0.005679 0.034448 0.555000 0.001901 0.034448 0.555000 -0.001901 0.034029 0.555000 -0.005679 0.033198 0.555000 -0.009388 0.031964 0.555000 -0.012983 0.030342 0.555000 -0.016420 0.028351 0.555000 -0.019658 0.026017 0.555000 -0.022658 0.023366 0.555000 -0.025382 0.020432 0.555000 -0.027799 0.017250 0.555000 -0.029878 0.013858 0.555000 -0.031594 0.010299 0.555000 -0.032927 0.006614 0.555000 -0.033860 0.002849 0.555000 -0.034382 -0.000951 0.555000 -0.034487 -0.004739 0.555000 -0.034173 -0.008469 0.555000 -0.033444 -0.012097 0.555000 -0.032310 -0.015578 0.555000 -0.030783 -0.018870 0.555000 -0.028882 -0.021932 0.555000 -0.026631 -0.024729 0.555000 -0.024057 -0.027225 0.555000 -0.021190 -0.029391 0.555000 -0.018067 -0.031200 0.555000 -0.014724 -0.032631 0.555000 -0.011202 -0.033665 0.555000 -0.007544 -0.034291 0.555000 -0.003795 -0.034500 0.565000 -0.000000 -0.034291 0.565000 -0.003795 -0.033665 0.565000 -0.007544 -0.032631 0.565000 -0.011202 -0.031200 0.565000 -0.014724 -0.029391 0.565000 -0.018067 -0.027225 0.565000 -0.021190 -0.024729 0.565000 -0.024057 -0.021932 0.565000 -0.026631 -0.018870 0.565000 -0.028882 -0.015578 0.565000 -0.030783 -0.012097 0.565000 -0.032310 -0.008469 0.565000 -0.033444 -0.004739 0.565000 -0.034173 -0.000951 0.565000 -0.034487 0.002849 0.565000 -0.034382 0.006614 0.565000 -0.033860 0.010299 0.565000 -0.032927 0.013858 0.565000 -0.031594 0.017250 0.565000 -0.029878 0.020432 0.565000 -0.027799 0.023366 0.565000 -0.025382 0.026017 0.565000 -0.022658 0.028351 0.565000 -0.019658 0.030342 0.565000 -0.016420 0.031964 0.565000 -0.012983 0.033198 0.565000 -0.009388 0.034029 0.565000 -0.005679 0.034448 0.565000 -0.001901 0.034448 0.565000 0.001901 0.034029 0.565000 0.005679 0.033198 0.565000 0.009388 0.031964 0.565000 0.012983 0.030342 0.565000 0.016420 0.028351 0.565000 0.019658 0.026017 0.565000 0.022658 0.023366 0.565000 0.025382 0.020432 0.565000 0.027799 0.017250 0.565000 0.029878 0.013858 0.565000 0.031594 0.010299 0.565000 0.032927 0.006614 0.565000 0.033860 0.002849 0.565000 0.034382 -0.000951 0.565000 0.034487 -0.004739 0.565000 0.034173 -0.008469 0.565000 0.033444 -0.012097 0.565000 0.032310 -0.015578 0.565000 0.030783 -0.018870 0.565000 0.028882 -0.021932 0.565000 0.026631 -0.024729 0.565000 0.024057 -0.027225 0.565000 0.021190 -0.029391 0.565000 0.018067 -0.031200 0.565000 0.014724 -0.032631 0.565000 0.011202 -0.033665 0.565000 0.007544 -0.034291 0.565000 0.003795 -0.030879 0.565000 0.035622 0.030879 0.565000 0.035622 0.032534 0.573558 0.037915 0.034189 0.582244 0.040242 0.035845 0.591058 0.042604 0.037500 0.600000 0.045000 -0.037500 0.600000 0.045000 -0.035845 0.591058 0.042604 -0.034189 0.582244 0.040242 -0.032534 0.573558 0.037915 0.032728 0.565000 0.029304 0.034214 0.565000 0.022891 0.035333 0.565000 0.016404 0.036081 0.565000 0.009864 0.036456 0.565000 0.003291 0.036456 0.565000 -0.003291 0.036081 0.565000 -0.009864 0.035333 0.565000 -0.016404 0.034214 0.565000 -0.022891 0.032728 0.565000 -0.029304 0.030879 0.565000 -0.035622 0.032534 0.573558 -0.037915 0.034189 0.582244 -0.040242 0.035845 0.591058 -0.042604 0.039861 0.600000 -0.038324 0.041840 0.600000 -0.031525 0.043431 0.600000 -0.024625 0.044629 0.600000 -0.017646 0.045430 0.600000 -0.010610 0.045831 0.600000 -0.003541 0.045831 0.600000 0.003541 0.045430 0.600000 0.010610 0.044629 0.600000 0.017646 0.043431 0.600000 0.024625 0.041840 0.600000 0.031525 0.039861 0.600000 0.038324 -0.030879 0.565000 -0.035622 -0.032534 0.573558 -0.037915 -0.034189 0.582244 -0.040242 -0.035845 0.591058 -0.042604 -0.032728 0.565000 -0.029304 -0.034214 0.565000 -0.022891 -0.035333 0.565000 -0.016404 -0.036081 0.565000 -0.009864 -0.036456 0.565000 -0.003291 -0.036456 0.565000 0.003291 -0.036081 0.565000 0.009864 -0.035333 0.565000 0.016404 -0.034214 0.565000 0.022891 -0.032728 0.565000 0.029304 -0.039861 0.600000 0.038324 -0.041840 0.600000 0.031525 -0.043431 0.600000 0.024625 -0.044629 0.600000 0.017646 -0.045430 0.600000 0.010610 -0.045831 0.600000 0.003541 -0.045831 0.600000 -0.003541 -0.045430 0.600000 -0.010610 -0.044629 0.600000 -0.017646 -0.043431 0.600000 -0.024625 -0.041840 0.600000 -0.031525 -0.039861 0.600000 -0.038324 -0.037500 0.700000 0.045000 -0.039861 0.700000 0.038324 -0.041840 0.700000 0.031525 -0.043431 0.700000 0.024625 -0.044629 0.700000 0.017646 -0.045430 0.700000 0.010610 -0.045831 0.700000 0.003541 -0.045831 0.700000 -0.003541 -0.045430 0.700000 -0.010610 -0.044629 0.700000 -0.017646 -0.043431 0.700000 -0.024625 -0.041840 0.700000 -0.031525 -0.039861 0.700000 -0.038324 0.039861 0.700000 -0.038324 0.041840 0.700000 -0.031525 0.043431 0.700000 -0.024625 0.044629 0.700000 -0.017646 0.045430 0.700000 -0.010610 0.045831 0.700000 -0.003541 0.045831 0.700000 0.003541 0.045430 0.700000 0.010610 0.044629 0.700000 0.017646 0.043431 0.700000 0.024625 0.041840 0.700000 0.031525 0.039861 0.700000 0.038324 0.037500 0.700000 0.045000</float_array>
          <technique_common>
            <accessor source="#JAW_3-mesh-positions-array" count="2204" stride="3">
              <param name="X" type="float"/>
              <param name="Y" type="float"/>
              <param name="Z" type="float"/>
            </accessor>
          </technique_common>
        </source>
        <source id="JAW_3-mesh-normals">
          <float_array id="JAW_3-mesh-normals-array" count="13266">0.000000 -0.986361 -0.164595 0.000000 -0.986361 -0.164595 0.000000 -1.000000 -0.000000 0.000000 -1.000000 -0.000000 0.000000 -0.986361 0.164595 0.000000 -0.986361 0.164595 0.000000 -0.945817 0.324699 0.000000 -0.945817 0.324699 0.000000 -0.879474 0.475947 0.000000 -0.879474 0.475947 0.000000 -0.789141 0.614213 0.000000 -0.789141 0.614213 0.000000 -0.677282 0.735724 0.000000 -0.677282 0.735724 0.000000 -0.546948 0.837166 0.000000 -0.546948 0.837166 0.000000 -0.401695 0.915773 0.000000 -0.401695 0.915773 0.000000 -0.245485 0.969400 0.000000 -0.245485 0.969400 0.000000 -0.082579 0.996584 0.000000 -0.082579 0.996584 -0.000000 0.082579 0.996584 -0.000000 0.082579 0.996584 -0.000000 0.245485 0.969400 -0.000000 0.245485 0.969400 -0.000000 0.401695 0.915773 -0.000000 0.401695 0.915773 -0.000000 0.546948 0.837166 -0.000000 0.546948 0.837166 -0.000000 0.677282 0.735724 -0.000000 0.677282 0.735724 -0.000000 0.789141 0.614213 -0.000000 0.789141 0.614213 -0.000000 0.879474 0.475947 -0.000000 0.879474 0.475947 -0.000000 0.945817 0.324699 -0.000000 0.945817 0.324699 -0.000000 0.986361 0.164595 -0.000000 0.986361 0.164595 -0.000000 1.000000 0.000000 -0.000000 1.000000 0.000000 0.000000 0.986361 -0.164595 0.000000 0.986361 -0.164595 0.000000 0.945817 -0.324699 0.000000 0.945817 -0.324699 0.000000 0.879474 -0.475947 0.000000 0.879474 -0.475947 0.000000 0.789141 -0.614213 0.000000 0.789141 -0.614213 0.000000 0.677282 -0.735724 0.000000 0.677282 -0.735724 0.000000 0.546948 -0.837166 0.000000 0.546948 -0.837166 0.000000 0.401695 -0.915773 0.000000 0.401695 -0.915773 0.000000 0.245485 -0.969400 0.000000 0.245485 -0.969400 0.000000 0.082579 -0.996584 0.000000 0.082579 -0.996584 0.000000 -0.082579 -0.996584 0.000000 -0.082579 -0.996584 0.000000 -0.245485 -0.969400 0.000000 -0.245485 -0.969400 0.000000 -0.401695 -0.915773 0.000000 -0.401695 -0.915773 0.000000 -0.546948 -0.837166 0.000000 -0.546948 -0.837166 0.000000 -0.677282 -0.735724 0.000000 -0.677282 -0.735724 0.000000 -0.789141 -0.614213 0.000000 -0.789141 -0.614213 0.000000 -0.879474 -0.475947 0.000000 -0.879474 -0.475947 0.000000 -0.945817 -0.324699 0.000000 -0.945817 -0.324699 -1.000000 0.000000 0.000000 -1.000000 0.000000 0.000000 -1.000000 0.000000 0.000000 -1.000000 0.000000 0.000000 -1.000000 0.000000 0.000000 -1.000000 0.000000 0.000000 -1.000000 0.000000 0.000000 -1.000000 0.000000 0.000000 -1.000000 0.000000 0.000000 -1.000000 0.000000 0.000000 -1.000000 0.000000 0.000000 -1.000000 0.000000 0.000000 -1.000000 0.000000 0.000000 -1.000000 0.000000 0.000000 -1.000000 0.000000 0.000000 -1.000000 0.000000 0.000000 -1.000000 0.000000 0.000000 -1.000000 0.000000 0.000000 -1.000000 0.000000 0.000000 -1.000000 0.000000 0.000000 -1.000000 0.000000 0.000000 -1.000000 0.000000 0.000000 -1.000000 0.000000 0.000000 -1.000000 0.000000 0.000000 -1.000000 0.000000 0.000000 -1.000000 0.000000 0.000000 -1.000000 0.000000 0.000000 -1.000000 0.000000 0.000000 -1.000000 0.000000 0.000000 -1.000000 0.000000 0.000000 -1.000000 0.000000 0.000000 -1.000000 0.000000 0.000000 -1.000000 0.000000 0.000000 -1.000000 0.000000 0.000000 -1.000000 0.000000 0.000000 -1.000000 0.000000 0.000000 -1.000000 0.000000 0.000000 -1.000000 0.000000 0.000000 0.986361 0.000000 -0.164595 0.986361 0.000000 -0.164595 1.000000 0.000000 -0.000000 1.000000 0.000000 -0.000000 0.986361 -0.000000 0.164595 0.986361 -0.000000 0.164595 0.945817 -0.000000 0.324699 0.945817 -0.000000 0.324699 0.879474 -0.000000 0.475947 0.879474 -0.000000 0.475947 0.789141 -0.000000 0.614213 0.789141 -0.000000 0.614213 0.677282 -0.000000 0.735724 0.677282 -0.000000 0.735724 0.546948 -0.000000 0.837166 0.546948 -0.000000 0.837166 0.401695 -0.000000 0.915773 0.401695 -0.000000 0.915773 0.245485 -0.000000 0.969400 0.245485 -0.000000 0.969400 0.082579 -0.000000 0.996584 0.082579 -0.000000 0.996584 -0.082579 0.000000 0.996584 -0.082579 0.000000 0.996584 -0.245485 0.000000 0.969400 -0.245485 0.000000 0.969400 -0.401695 0.000000 0.915773 -0.401695 0.000000 0.915773 -0.546948 0.000000 0.837166 -0.546948 0.000000 0.837166 -0.677282 0.000000 0.735724 -0.677282 0.000000 0.735724 -0.789141 0.000000 0.614213 -0.789141 0.000000 0.614213 -0.879474 0.000000 0.475947 -0.879474 0.000000 0.475947 -0.945817 0.000000 0.324699 -0.945817 0.000000 0.324699 -0.986361 0.000000 0.164595 -0.986361 0.000000 0.164595 -1.000000 0.000000 0.000000 -1.000000 0.000000 0.000000 -0.986361 0.000000 -0.164595 -0.986361 0.000000 -0.164595 -0.945817 0.000000 -0.324699 -0.945817 0.000000 -0.324699 -0.879474 0.000000 -0.475947 -0.879474 0.000000 -0.475947 -0.789141 0.000000 -0.614213 -0.789141 0.000000 -0.614213 -0.677282 0.000000 -0.735724 -0.677282 0.000000 -0.735724 -0.546948 0.000000 -0.837166 -0.546948 0.000000 -0.837166 -0.401695 0.000000 -0.915773 -0.401695 0.000000 -0.915773 -0.245485 0.000000 -0.969400 -0.245485 0.000000 -0.969400 -0.082579 0.000000 -0.996584 -0.082579 0.000000 -0.996584 0.082579 0.000000 -0.996584 0.082579 0.000000 -0.996584 0.245485 0.000000 -0.969400 0.245485 0.000000 -0.969400 0.401695 0.000000 -0.915773 0.401695 0.000000 -0.915773 0.546948 0.000000 -0.837166 0.546948 0.000000 -0.837166 0.677282 0.000000 -0.735724 0.677282 0.000000 -0.735724 0.789141 0.000000 -0.614213 0.789141 0.000000 -0.614213 0.879474 0.000000 -0.475947 0.879474 0.000000 -0.475947 0.945817 0.000000 -0.324699 0.945817 0.000000 -0.324699 0.000000 -1.000000 0.000000 0.000000 -1.000000 0.000000 0.000000 -1.000000 0.000000 0.000000 -1.000000 0.000000 0.000000 -1.000000 0.000000 0.000000 -1.000000 0.000000 0.000000 -1.000000 0.000000 0.000000 -1.000000 0.000000 0.000000 -1.000000 0.000000 0.000000 -1.000000 0.000000 0.000000 -1.000000 0.000000 0.000000 -1.000000 0.000000 0.000000 -1.000000 0.000000 0.000000 -1.000000 0.000000 0.000000 -1.000000 0.000000 0.000000 -1.000000 0.000000 0.000000 -1.000000 0.000000 0.000000 -1.000000 0.000000 0.000000 -1.000000 0.000000 0.000000 -1.000000 0.000000 0.000000 -1.000000 0.000000 0.000000 -1.000000 0.000000 0.000000 -1.000000 0.000000 0.000000 -1.000000 0.000000 0.000000 -1.000000 0.000000 0.000000 -1.000000 0.000000 0.000000 -1.000000 0.000000 0.000000 -1.000000 0.000000 0.000000 -1.000000 0.000000 0.000000 -1.000000 0.000000 0.000000 -1.000000 0.000000 0.000000 -1.000000 0.000000 0.000000 -1.000000 0.000000 0.000000 -1.000000 0.000000 0.000000 -1.000000 0.000000 0.000000 -1.000000 0.000000 0.000000 -1.000000 0.000000 0.000000 -1.000000 0.000000 0.000000 -1.000000 0.000000 0.000000 -1.000000 0.000000 0.000000 -1.000000 0.000000 0.000000 -1.000000 0.000000 0.000000 -1.000000 0.000000 0.000000 -1.000000 0.000000 0.000000 -1.000000 0.000000 0.000000 -1.000000 0.000000 0.000000 -1.000000 0.000000 0.000000 -1.000000 0.000000 0.758611 -0.000000 -0.651544 0.783134 -0.000000 -0.621853 0.783134 -0.000000 -0.621853 0.833071 -0.000000 -0.553166 0.833071 -0.000000 -0.553166 0.877001 -0.000000 -0.480489 0.877001 -0.000000 -0.480489 0.914606 -0.000000 -0.404346 0.914606 -0.000000 -0.404346 0.945615 -0.000000 -0.325288 0.945615 -0.000000 -0.325288 0.969804 -0.000000 -0.243884 0.969804 -0.000000 -0.243884 0.987000 -0.000000 -0.160721 0.987000 -0.000000 -0.160721 0.997077 -0.000000 -0.076399 0.997077 -0.000000 -0.076399 0.734444 -0.000000 -0.678669 0.734444 -0.000000 -0.678669 0.758611 -0.000000 -0.651544 0.711555 -0.000000 -0.702630 0.711555 -0.000000 -0.702630 0.690908 -0.000000 -0.722942 0.690908 -0.000000 -0.722942 0.673479 -0.000000 -0.739206 0.673479 -0.000000 -0.739206 0.660196 -0.000000 -0.751093 0.660196 -0.000000 -0.751093 0.651891 -0.000000 -0.758313 0.651891 -0.000000 -0.758313 0.649045 -0.000000 -0.760750 0.000000 1.000000 0.000000 0.000000 1.000000 0.000000 0.000000 1.000000 0.000000 0.000000 1.000000 0.000000 0.000000 1.000000 0.000000 0.000000 1.000000 0.000000 0.000000 1.000000 0.000000 0.000000 1.000000 0.000000 0.000000 1.000000 0.000000 0.000000 1.000000 0.000000 0.000000 -0.666667 -0.745356 0.000000 -0.666667 -0.745356 0.000000 -0.600280 -0.799790 0.000000 -0.578968 -0.815351 0.000000 -0.527559 -0.849518 0.000000 -0.483979 -0.875080 0.000000 -0.449163 -0.893450 0.000000 -0.382897 -0.923791 0.000000 -0.365816 -0.930687 0.000000 -0.276994 -0.960872 0.000000 -0.278234 -0.960513 0.000000 -0.187334 -0.982296 0.000000 -0.167604 -0.985854 0.000000 -0.094173 -0.995556 0.000000 -0.056103 -0.998425 -0.000000 -0.000000 -1.000000 -0.000000 0.056103 -0.998425 -0.000000 0.094173 -0.995556 -0.000000 0.167604 -0.985854 -0.000000 0.187334 -0.982296 -0.000000 0.276994 -0.960872 -0.000000 0.278234 -0.960513 -0.000000 0.365816 -0.930687 -0.000000 0.382897 -0.923791 -0.000000 0.449163 -0.893450 -0.000000 0.483979 -0.875080 -0.000000 0.527559 -0.849518 -0.000000 0.578968 -0.815351 -0.000000 0.600280 -0.799790 -0.000000 0.666667 -0.745356 -0.000000 0.666667 -0.745356 1.000000 0.000000 0.000000 1.000000 0.000000 0.000000 1.000000 0.000000 0.000000 1.000000 0.000000 0.000000 1.000000 0.000000 0.000000 1.000000 0.000000 0.000000 1.000000 0.000000 0.000000 1.000000 0.000000 0.000000 1.000000 0.000000 0.000000 1.000000 0.000000 0.000000 1.000000 0.000000 0.000000 1.000000 0.000000 0.000000 1.000000 0.000000 0.000000 1.000000 0.000000 0.000000 1.000000 0.000000 0.000000 1.000000 0.000000 0.000000 1.000000 0.000000 0.000000 1.000000 0.000000 0.000000 1.000000 0.000000 0.000000 1.000000 0.000000 0.000000 1.000000 0.000000 0.000000 1.000000 0.000000 0.000000 1.000000 0.000000 0.000000 1.000000 0.000000 0.000000 1.000000 0.000000 0.000000 1.000000 0.000000 0.000000 1.000000 0.000000 0.000000 1.000000 0.000000 0.000000 1.000000 0.000000 0.000000 1.000000 0.000000 0.000000 1.000000 0.000000 0.000000 1.000000 0.000000 0.000000 1.000000 0.000000 0.000000 1.000000 0.000000 0.000000 1.000000 0.000000 0.000000 1.000000 0.000000 0.000000 1.000000 0.000000 0.000000 1.000000 0.000000 0.000000 1.000000 0.000000 0.000000 1.000000 0.000000 0.000000 1.000000 0.000000 0.000000 1.000000 0.000000 0.000000 1.000000 0.000000 0.000000 1.000000 0.000000 0.000000 1.000000 0.000000 0.000000 1.000000 0.000000 0.000000 1.000000 0.000000 0.000000 1.000000 0.000000 0.000000 1.000000 0.000000 0.000000 0.000000 -1.000000 -0.000000 0.000000 -1.000000 -0.000000 0.000000 -0.995185 -0.098017 0.000000 -1.000000 -0.000000 0.000000 -0.995031 -0.099568 -0.000000 -0.995527 0.094477 -0.000000 -0.995031 0.099568 -0.000000 -0.981994 0.188912 -0.000000 -0.980172 0.198146 -0.000000 -0.959364 0.282172 -0.000000 -0.955573 0.294755 -0.000000 -0.927769 0.373154 -0.000000 -0.921476 0.388435 -0.000000 -0.887537 0.460737 -0.000000 -0.878222 0.478254 -0.000000 -0.839084 0.544001 -0.000000 -0.826239 0.563320 -0.000000 -0.782046 0.623221 -0.000000 -0.766044 0.642788 -0.000000 -0.750368 0.661020 -0.000000 -0.716684 0.697398 -0.000000 -0.698237 0.715867 -0.000000 -0.681080 0.732209 -0.000000 -0.643654 0.765317 -0.000000 -0.623490 0.781831 -0.000000 -0.604513 0.796595 -0.000000 -0.563778 0.825927 -0.000000 -0.542546 0.840026 -0.000000 -0.521577 0.853204 -0.000000 -0.456211 0.889872 -0.000000 -0.478042 0.878337 -0.000000 -0.433278 0.901260 -0.000000 -0.365341 0.930874 -0.000000 -0.387417 0.921904 -0.000000 -0.340612 0.940204 -0.000000 -0.270840 0.962624 -0.000000 -0.293019 0.956107 -0.000000 -0.244796 0.969575 -0.000000 -0.173648 0.984808 -0.000000 -0.196104 0.980583 -0.000000 -0.097974 0.995189 -0.000000 -0.074730 0.997204 -0.000000 0.000000 1.000000 -0.000000 0.024931 0.999689 -0.000000 0.097974 0.995189 -0.000000 0.124344 0.992239 -0.000000 0.196104 0.980583 -0.000000 0.222521 0.974928 -0.000000 0.244796 0.969575 -0.000000 0.293019 0.956107 -0.000000 0.318487 0.947927 -0.000000 0.340612 0.940204 -0.000000 0.387417 0.921904 -0.000000 0.411287 0.911506 -0.000000 0.433278 0.901260 -0.000000 0.500000 0.866025 -0.000000 0.478042 0.878337 -0.000000 0.521577 0.853204 -0.000000 0.583744 0.811938 -0.000000 0.563778 0.825927 -0.000000 0.604513 0.796595 -0.000000 0.661686 0.749781 -0.000000 0.643654 0.765317 -0.000000 0.681080 0.732209 -0.000000 0.733052 0.680173 -0.000000 0.716684 0.697398 -0.000000 0.750368 0.661020 -0.000000 0.797133 0.603804 -0.000000 0.782046 0.623221 -0.000000 0.839084 0.544001 -0.000000 0.853291 0.521435 -0.000000 0.887537 0.460737 -0.000000 0.900969 0.433884 -0.000000 0.927769 0.373154 -0.000000 0.939693 0.342020 -0.000000 0.959364 0.282172 -0.000000 0.969077 0.246757 -0.000000 0.981994 0.188912 -0.000000 0.988831 0.149042 -0.000000 0.995527 0.094477 -0.000000 0.998757 0.049846 -0.000000 1.000000 -0.000000 -0.000000 0.998757 -0.049846 -0.000000 1.000000 -0.000000 -0.000000 0.995185 -0.098017 -0.000000 0.988831 -0.149042 -0.000000 0.980785 -0.195090 -0.000000 0.969077 -0.246757 -0.000000 0.956940 -0.290285 -0.000000 0.939693 -0.342020 -0.000000 0.923880 -0.382683 -0.000000 0.900969 -0.433884 -0.000000 0.881921 -0.471397 -0.000000 0.853291 -0.521435 -0.000000 0.831470 -0.555570 -0.000000 0.797133 -0.603804 -0.000000 0.773010 -0.634393 -0.000000 0.733052 -0.680173 -0.000000 0.707107 -0.707107 -0.000000 0.661686 -0.749781 -0.000000 0.634393 -0.773010 -0.000000 0.583744 -0.811938 -0.000000 0.555570 -0.831470 -0.000000 0.500000 -0.866025 -0.000000 0.471397 -0.881921 -0.000000 0.411287 -0.911506 -0.000000 0.382683 -0.923880 -0.000000 0.318487 -0.947927 -0.000000 0.290285 -0.956940 -0.000000 0.222521 -0.974928 -0.000000 0.195090 -0.980785 -0.000000 0.124344 -0.992239 -0.000000 0.098017 -0.995185 -0.000000 0.024931 -0.999689 -0.000000 0.000000 -1.000000 0.000000 -0.074730 -0.997204 0.000000 -0.098017 -0.995185 0.000000 -0.173648 -0.984808 0.000000 -0.195090 -0.980785 0.000000 -0.270840 -0.962624 0.000000 -0.290285 -0.956940 0.000000 -0.365341 -0.930874 0.000000 -0.382683 -0.923880 0.000000 -0.456211 -0.889872 0.000000 -0.471397 -0.881921 0.000000 -0.542546 -0.840026 0.000000 -0.555570 -0.831470 0.000000 -0.623490 -0.781831 0.000000 -0.634393 -0.773010 0.000000 -0.698237 -0.715867 0.000000 -0.707107 -0.707107 0.000000 -0.766044 -0.642788 0.000000 -0.773010 -0.634393 0.000000 -0.826239 -0.563320 0.000000 -0.831470 -0.555570 0.000000 -0.878222 -0.478254 0.000000 -0.881921 -0.471397 0.000000 -0.921476 -0.388435 0.000000 -0.923880 -0.382683 0.000000 -0.955573 -0.294755 0.000000 -0.956940 -0.290285 0.000000 -0.980172 -0.198146 0.000000 -0.980785 -0.195090 -1.000000 -0.000000 -0.000000 -1.000000 -0.000000 -0.000000 -1.000000 -0.000000 -0.000000 -1.000000 -0.000000 -0.000000 -1.000000 -0.000000 -0.000000 -1.000000 -0.000000 -0.000000 -1.000000 -0.000000 -0.000000 -1.000000 -0.000000 -0.000000 -1.000000 -0.000000 -0.000000 -1.000000 -0.000000 -0.000000 -1.000000 -0.000000 -0.000000 -1.000000 -0.000000 -0.000000 -1.000000 -0.000000 -0.000000 -1.000000 -0.000000 -0.000000 -1.000000 -0.000000 -0.000000 -1.000000 -0.000000 -0.000000 -1.000000 -0.000000 -0.000000 -1.000000 -0.000000 -0.000000 -1.000000 -0.000000 -0.000000 -1.000000 -0.000000 -0.000000 -1.000000 -0.000000 -0.000000 -1.000000 -0.000000 -0.000000 -1.000000 -0.000000 -0.000000 -1.000000 -0.000000 -0.000000 -1.000000 -0.000000 -0.000000 -1.000000 -0.000000 -0.000000 -1.000000 -0.000000 -0.000000 -1.000000 -0.000000 -0.000000 -1.000000 -0.000000 -0.000000 -1.000000 -0.000000 -0.000000 -1.000000 -0.000000 -0.000000 -1.000000 -0.000000 -0.000000 -1.000000 -0.000000 -0.000000 -1.000000 -0.000000 -0.000000 -1.000000 -0.000000 -0.000000 -1.000000 -0.000000 -0.000000 -1.000000 -0.000000 -0.000000 -1.000000 -0.000000 -0.000000 -1.000000 -0.000000 -0.000000 -1.000000 -0.000000 -0.000000 -1.000000 -0.000000 -0.000000 -1.000000 -0.000000 -0.000000 -1.000000 -0.000000 -0.000000 -1.000000 -0.000000 -0.000000 -1.000000 -0.000000 -0.000000 -1.000000 -0.000000 -0.000000 -1.000000 -0.000000 -0.000000 -1.000000 -0.000000 -0.000000 -1.000000 -0.000000 -0.000000 -1.000000 -0.000000 -0.000000 -1.000000 -0.000000 -0.000000 -1.000000 -0.000000 -0.000000 -1.000000 -0.000000 -0.000000 -1.000000 -0.000000 -0.000000 -1.000000 -0.000000 -0.000000 -1.000000 -0.000000 -0.000000 -1.000000 -0.000000 -0.000000 -1.000000 -0.000000 -0.000000 -1.000000 -0.000000 -0.000000 -1.000000 -0.000000 -0.000000 -1.000000 -0.000000 -0.000000 -1.000000 -0.000000 -0.000000 -1.000000 -0.000000 -0.000000 -1.000000 -0.000000 -0.000000 -1.000000 -0.000000 -0.000000 -1.000000 -0.000000 -0.000000 -1.000000 -0.000000 -0.000000 -1.000000 -0.000000 -0.000000 -1.000000 -0.000000 -0.000000 -1.000000 -0.000000 -0.000000 -1.000000 -0.000000 -0.000000 -1.000000 -0.000000 -0.000000 -1.000000 -0.000000 -0.000000 -1.000000 -0.000000 -0.000000 -1.000000 -0.000000 -0.000000 -1.000000 -0.000000 -0.000000 -1.000000 -0.000000 -0.000000 -1.000000 -0.000000 -0.000000 -1.000000 -0.000000 -0.000000 -1.000000 -0.000000 -0.000000 -1.000000 -0.000000 -0.000000 -1.000000 -0.000000 -0.000000 -1.000000 -0.000000 -0.000000 -1.000000 -0.000000 -0.000000 -1.000000 -0.000000 -0.000000 -1.000000 -0.000000 -0.000000 -1.000000 -0.000000 -0.000000 -1.000000 -0.000000 -0.000000 -1.000000 -0.000000 -0.000000 -1.000000 -0.000000 -0.000000 -1.000000 -0.000000 -0.000000 -1.000000 -0.000000 -0.000000 -1.000000 -0.000000 -0.000000 -1.000000 -0.000000 -0.000000 -1.000000 -0.000000 -0.000000 -1.000000 -0.000000 -0.000000 -1.000000 -0.000000 -0.000000 -1.000000 -0.000000 -0.000000 -1.000000 -0.000000 -0.000000 -1.000000 -0.000000 -0.000000 -1.000000 -0.000000 -0.000000 0.000000 0.000000 -1.000000 0.000000 0.000000 -1.000000 0.000000 0.000000 -1.000000 0.000000 0.000000 -1.000000 0.000000 0.000000 -1.000000 0.000000 0.000000 -1.000000 0.000000 0.000000 -1.000000 0.000000 0.000000 -1.000000 0.000000 0.000000 -1.000000 0.000000 0.000000 -1.000000 0.000000 0.000000 -1.000000 0.000000 0.000000 -1.000000 -0.000000 1.000000 -0.000000 -0.000000 1.000000 -0.000000 -0.000000 1.000000 -0.000000 -0.000000 1.000000 -0.000000 -0.000000 1.000000 -0.000000 -0.000000 1.000000 -0.000000 -0.000000 1.000000 -0.000000 -0.000000 1.000000 -0.000000 -0.000000 1.000000 -0.000000 -0.000000 1.000000 -0.000000 -0.000000 1.000000 -0.000000 -0.000000 1.000000 -0.000000 -0.000000 1.000000 -0.000000 -0.000000 1.000000 -0.000000 -0.000000 1.000000 -0.000000 -0.000000 1.000000 -0.000000 -0.000000 1.000000 -0.000000 -0.000000 1.000000 -0.000000 -0.000000 1.000000 -0.000000 -0.000000 1.000000 -0.000000 -0.000000 1.000000 -0.000000 -0.000000 1.000000 -0.000000 -0.000000 1.000000 -0.000000 -0.000000 1.000000 -0.000000 -0.000000 1.000000 -0.000000 -0.000000 1.000000 -0.000000 -0.000000 1.000000 -0.000000 -0.000000 1.000000 -0.000000 -0.000000 1.000000 -0.000000 -0.000000 1.000000 -0.000000 -0.000000 1.000000 -0.000000 -0.000000 1.000000 -0.000000 -0.000000 1.000000 -0.000000 -0.000000 1.000000 -0.000000 -0.000000 1.000000 -0.000000 -0.000000 1.000000 -0.000000 -0.000000 1.000000 -0.000000 -0.000000 1.000000 -0.000000 -0.000000 1.000000 -0.000000 -0.000000 1.000000 -0.000000 -0.000000 1.000000 -0.000000 -0.000000 1.000000 -0.000000 -0.000000 1.000000 -0.000000 -0.000000 1.000000 -0.000000 -0.000000 1.000000 -0.000000 -0.000000 1.000000 -0.000000 -0.000000 1.000000 -0.000000 -0.000000 1.000000 -0.000000 -0.000000 1.000000 -0.000000 -0.000000 1.000000 -0.000000 -0.000000 1.000000 -0.000000 -0.000000 1.000000 -0.000000 -0.000000 1.000000 -0.000000 -0.000000 1.000000 -0.000000 -0.000000 1.000000 -0.000000 -0.000000 1.000000 -0.000000 -0.000000 1.000000 -0.000000 -0.000000 1.000000 -0.000000 -0.000000 1.000000 -0.000000 -0.000000 1.000000 -0.000000 -0.000000 1.000000 -0.000000 -0.000000 1.000000 -0.000000 -0.000000 1.000000 -0.000000 -0.000000 1.000000 -0.000000 -0.000000 1.000000 -0.000000 -0.000000 1.000000 -0.000000 -0.000000 1.000000 -0.000000 -0.000000 1.000000 -0.000000 -0.000000 1.000000 -0.000000 -0.000000 1.000000 -0.000000 -0.000000 1.000000 -0.000000 -0.000000 1.000000 -0.000000 -0.000000 1.000000 -0.000000 -0.000000 1.000000 -0.000000 -0.000000 1.000000 -0.000000 -0.000000 1.000000 -0.000000 -0.000000 1.000000 -0.000000 -0.000000 1.000000 -0.000000 -0.000000 1.000000 -0.000000 -0.000000 1.000000 -0.000000 -0.000000 1.000000 -0.000000 -0.000000 1.000000 -0.000000 -0.000000 1.000000 -0.000000 -0.000000 1.000000 -0.000000 -0.000000 1.000000 -0.000000 -0.000000 1.000000 -0.000000 -0.000000 1.000000 -0.000000 -0.000000 1.000000 -0.000000 -0.000000 1.000000 -0.000000 -0.000000 1.000000 -0.000000 -0.000000 1.000000 -0.000000 -0.000000 1.000000 -0.000000 -0.000000 1.000000 -0.000000 -0.000000 1.000000 -0.000000 -0.000000 1.000000 -0.000000 -0.000000 1.000000 -0.000000 -0.000000 1.000000 -0.000000 -0.000000 1.000000 -0.000000 -0.000000 1.000000 -0.000000 -0.000000 1.000000 -0.000000 -0.000000 1.000000 -0.000000 -0.000000 1.000000 -0.000000 -0.000000 1.000000 -0.000000 -0.000000 1.000000 -0.000000 -0.000000 1.000000 -0.000000 -0.000000 1.000000 -0.000000 -0.000000 1.000000 -0.000000 -0.993238 -0.000000 0.116093 -0.993238 -0.000000 0.116093 -1.000000 -0.000000 0.000000 -1.000000 -0.000000 0.000000 -0.993238 -0.000000 -0.116093 -0.993238 -0.000000 -0.116093 -0.973045 -0.000000 -0.230616 -0.973045 -0.000000 -0.230616 -0.939693 -0.000000 -0.342020 -0.939693 -0.000000 -0.342020 -0.893633 -0.000000 -0.448799 -0.893633 -0.000000 -0.448799 -0.835488 -0.000000 -0.549509 -0.835488 -0.000000 -0.549509 -0.766044 -0.000000 -0.642788 -0.766044 -0.000000 -0.642788 -0.686242 -0.000000 -0.727374 -0.686242 -0.000000 -0.727374 -0.597159 -0.000000 -0.802123 -0.597159 -0.000000 -0.802123 -0.500000 -0.000000 -0.866025 -0.500000 -0.000000 -0.866025 -0.396080 -0.000000 -0.918216 -0.396080 -0.000000 -0.918216 -0.286803 -0.000000 -0.957990 -0.286803 -0.000000 -0.957990 -0.173648 -0.000000 -0.984808 -0.173648 -0.000000 -0.984808 -0.058145 -0.000000 -0.998308 -0.058145 -0.000000 -0.998308 0.058145 -0.000000 -0.998308 0.058145 -0.000000 -0.998308 0.173648 -0.000000 -0.984808 0.173648 -0.000000 -0.984808 0.286803 -0.000000 -0.957990 0.286803 -0.000000 -0.957990 0.396080 -0.000000 -0.918216 0.396080 -0.000000 -0.918216 0.500000 -0.000000 -0.866025 0.500000 -0.000000 -0.866025 0.597159 -0.000000 -0.802123 0.597159 -0.000000 -0.802123 0.686242 -0.000000 -0.727374 0.686242 -0.000000 -0.727374 0.766044 -0.000000 -0.642788 0.766044 -0.000000 -0.642788 0.835488 -0.000000 -0.549509 0.835488 -0.000000 -0.549509 0.893633 -0.000000 -0.448799 0.893633 -0.000000 -0.448799 0.939693 -0.000000 -0.342020 0.939693 -0.000000 -0.342020 0.973045 -0.000000 -0.230616 0.973045 -0.000000 -0.230616 0.993238 -0.000000 -0.116093 0.993238 -0.000000 -0.116093 1.000000 0.000000 -0.000000 1.000000 0.000000 -0.000000 0.993238 0.000000 0.116093 0.993238 0.000000 0.116093 0.973045 0.000000 0.230616 0.973045 0.000000 0.230616 0.939693 0.000000 0.342020 0.939693 0.000000 0.342020 0.893633 0.000000 0.448799 0.893633 0.000000 0.448799 0.835488 0.000000 0.549509 0.835488 0.000000 0.549509 0.766044 0.000000 0.642788 0.766044 0.000000 0.642788 0.686242 0.000000 0.727374 0.686242 0.000000 0.727374 0.597159 0.000000 0.802123 0.597159 0.000000 0.802123 0.500000 0.000000 0.866025 0.500000 0.000000 0.866025 0.396080 0.000000 0.918216 0.396080 0.000000 0.918216 0.286803 0.000000 0.957990 0.286803 0.000000 0.957990 0.173648 0.000000 0.984808 0.173648 0.000000 0.984808 0.058145 0.000000 0.998308 0.058145 0.000000 0.998308 -0.058145 -0.000000 0.998308 -0.058145 -0.000000 0.998308 -0.173648 -0.000000 0.984808 -0.173648 -0.000000 0.984808 -0.286803 -0.000000 0.957990 -0.286803 -0.000000 0.957990 -0.396080 -0.000000 0.918216 -0.396080 -0.000000 0.918216 -0.500000 -0.000000 0.866025 -0.500000 -0.000000 0.866025 -0.597159 -0.000000 0.802123 -0.597159 -0.000000 0.802123 -0.686242 -0.000000 0.727374 -0.686242 -0.000000 0.727374 -0.766044 -0.000000 0.642788 -0.766044 -0.000000 0.642788 -0.835488 -0.000000 0.549509 -0.835488 -0.000000 0.549509 -0.893633 -0.000000 0.448799 -0.893633 -0.000000 0.448799 -0.939693 -0.000000 0.342020 -0.939693 -0.000000 0.342020 -0.973045 -0.000000 0.230616 -0.973045 -0.000000 0.230616 0.000000 -1.000000 0.000000 0.000000 -1.000000 0.000000 0.000000 -1.000000 0.000000 0.000000 -1.000000 0.000000 0.000000 -1.000000 0.000000 0.000000 -1.000000 0.000000 0.000000 -1.000000 0.000000 0.000000 -1.000000 0.000000 0.000000 -1.000000 0.000000 0.000000 -1.000000 0.000000 0.000000 -1.000000 0.000000 0.000000 -1.000000 0.000000 0.000000 -1.000000 0.000000 0.000000 -1.000000 0.000000 0.000000 -1.000000 0.000000 0.000000 -1.000000 0.000000 0.000000 -1.000000 0.000000 0.000000 -1.000000 0.000000 0.000000 -1.000000 0.000000 0.000000 -1.000000 0.000000 0.000000 -1.000000 0.000000 0.000000 -1.000000 0.000000 0.000000 -1.000000 0.000000 0.000000 -1.000000 0.000000 0.000000 -1.000000 0.000000 0.000000 -1.000000 0.000000 0.000000 -1.000000 0.000000 0.000000 -1.000000 0.000000 0.000000 -1.000000 0.000000 0.000000 -1.000000 0.000000 0.000000 -1.000000 0.000000 0.000000 -1.000000 0.000000 0.000000 -1.000000 0.000000 0.000000 -1.000000 0.000000 0.000000 -1.000000 0.000000 0.000000 -1.000000 0.000000 0.000000 -1.000000 0.000000 0.000000 -1.000000 0.000000 0.000000 -1.000000 0.000000 0.000000 -1.000000 0.000000 0.000000 -1.000000 0.000000 0.000000 -1.000000 0.000000 0.000000 -1.000000 0.000000 0.000000 -1.000000 0.000000 0.000000 -1.000000 0.000000 0.000000 -1.000000 0.000000 0.000000 -1.000000 0.000000 0.000000 -1.000000 0.000000 0.000000 -1.000000 0.000000 0.000000 -1.000000 0.000000 0.000000 -1.000000 0.000000 0.000000 -1.000000 0.000000 0.000000 -1.000000 0.000000 0.000000 -1.000000 0.000000 0.000000 -1.000000 0.000000 0.000000 -1.000000 0.000000 0.000000 -1.000000 0.000000 0.000000 -1.000000 0.000000 0.000000 -1.000000 0.000000 0.000000 -1.000000 0.000000 0.000000 -1.000000 0.000000 0.000000 -1.000000 0.000000 0.000000 -1.000000 0.000000 0.000000 -1.000000 0.000000 0.000000 -1.000000 0.000000 0.000000 -1.000000 0.000000 0.000000 -1.000000 0.000000 0.000000 -1.000000 0.000000 0.000000 -1.000000 0.000000 0.000000 -1.000000 0.000000 0.000000 -1.000000 0.000000 0.000000 -1.000000 0.000000 0.000000 -1.000000 0.000000 0.000000 -1.000000 0.000000 0.000000 -1.000000 0.000000 0.000000 -1.000000 0.000000 0.000000 -1.000000 0.000000 0.000000 -1.000000 0.000000 0.000000 -1.000000 0.000000 0.000000 -1.000000 0.000000 0.000000 -1.000000 0.000000 0.000000 -1.000000 0.000000 0.000000 -1.000000 0.000000 0.000000 -1.000000 0.000000 0.000000 -1.000000 0.000000 0.000000 -1.000000 0.000000 0.000000 -1.000000 0.000000 0.000000 -1.000000 0.000000 0.000000 -1.000000 0.000000 0.000000 -1.000000 0.000000 0.000000 -1.000000 0.000000 0.000000 -1.000000 0.000000 -0.992981 -0.000000 0.118273 -0.992981 -0.000000 0.118273 -1.000000 -0.000000 0.000000 -1.000000 -0.000000 0.000000 -0.992981 -0.000000 -0.118273 -0.992981 -0.000000 -0.118273 -0.972023 -0.000000 -0.234886 -0.972023 -0.000000 -0.234886 -0.937420 -0.000000 -0.348202 -0.937420 -0.000000 -0.348202 -0.889657 -0.000000 -0.456629 -0.889657 -0.000000 -0.456629 -0.829406 -0.000000 -0.558647 -0.829406 -0.000000 -0.558647 -0.757511 -0.000000 -0.652822 -0.757511 -0.000000 -0.652822 -0.674983 -0.000000 -0.737833 -0.674983 -0.000000 -0.737833 -0.582979 -0.000000 -0.812487 -0.582979 -0.000000 -0.812487 -0.482792 -0.000000 -0.875735 -0.482792 -0.000000 -0.875735 -0.375828 -0.000000 -0.926690 -0.375828 -0.000000 -0.926690 -0.263587 -0.000000 -0.964636 -0.263587 -0.000000 -0.964636 -0.147647 -0.000000 -0.989040 -0.147647 -0.000000 -0.989040 -0.029633 -0.000000 -0.999561 -0.029633 -0.000000 -0.999561 0.088796 -0.000000 -0.996050 0.088796 -0.000000 -0.996050 0.205979 -0.000000 -0.978556 0.205979 -0.000000 -0.978556 0.320270 -0.000000 -0.947326 0.320270 -0.000000 -0.947326 0.430065 -0.000000 -0.902798 0.430065 -0.000000 -0.902798 0.533823 -0.000000 -0.845596 0.533823 -0.000000 -0.845596 0.630088 -0.000000 -0.776524 0.630088 -0.000000 -0.776524 0.717507 -0.000000 -0.696551 0.717507 -0.000000 -0.696551 0.794854 -0.000000 -0.606800 0.794854 -0.000000 -0.606800 0.861044 -0.000000 -0.508531 0.861044 -0.000000 -0.508531 0.915146 -0.000000 -0.403123 0.915146 -0.000000 -0.403123 0.956401 -0.000000 -0.292057 0.956401 -0.000000 -0.292057 0.984231 -0.000000 -0.176890 0.984231 -0.000000 -0.176890 0.998244 -0.000000 -0.059241 0.998244 -0.000000 -0.059241 0.998244 0.000000 0.059241 0.998244 0.000000 0.059241 0.984231 0.000000 0.176890 0.984231 0.000000 0.176890 0.956401 0.000000 0.292057 0.956401 0.000000 0.292057 0.915146 0.000000 0.403123 0.915146 0.000000 0.403123 0.861044 0.000000 0.508531 0.861044 0.000000 0.508531 0.794854 0.000000 0.606800 0.794854 0.000000 0.606800 0.717507 0.000000 0.696551 0.717507 0.000000 0.696551 0.630088 0.000000 0.776524 0.630088 0.000000 0.776524 0.533823 0.000000 0.845596 0.533823 0.000000 0.845596 0.430065 0.000000 0.902798 0.430065 0.000000 0.902798 0.320270 0.000000 0.947326 0.320270 0.000000 0.947326 0.205979 0.000000 0.978556 0.205979 0.000000 0.978556 0.088796 0.000000 0.996050 0.088796 0.000000 0.996050 -0.029633 -0.000000 0.999561 -0.029633 -0.000000 0.999561 -0.147647 -0.000000 0.989040 -0.147647 -0.000000 0.989040 -0.263587 -0.000000 0.964636 -0.263587 -0.000000 0.964636 -0.375828 -0.000000 0.926690 -0.375828 -0.000000 0.926690 -0.482792 -0.000000 0.875735 -0.482792 -0.000000 0.875735 -0.582979 -0.000000 0.812487 -0.582979 -0.000000 0.812487 -0.674983 -0.000000 0.737833 -0.674983 -0.000000 0.737833 -0.757511 -0.000000 0.652822 -0.757511 -0.000000 0.652822 -0.829406 -0.000000 0.558647 -0.829406 -0.000000 0.558647 -0.889657 -0.000000 0.456629 -0.889657 -0.000000 0.456629 -0.937420 -0.000000 0.348202 -0.937420 -0.000000 0.348202 -0.972023 -0.000000 0.234886 -0.972023 -0.000000 0.234886 -0.000000 1.000000 -0.000000 -0.000000 1.000000 -0.000000 -0.000000 1.000000 -0.000000 -0.000000 1.000000 -0.000000 -0.000000 1.000000 -0.000000 -0.000000 1.000000 -0.000000 -0.000000 1.000000 -0.000000 -0.000000 1.000000 -0.000000 -0.000000 1.000000 -0.000000 -0.000000 1.000000 -0.000000 -0.000000 1.000000 -0.000000 -0.000000 1.000000 -0.000000 -0.000000 1.000000 -0.000000 -0.000000 1.000000 -0.000000 -0.000000 1.000000 -0.000000 -0.000000 1.000000 -0.000000 -0.000000 1.000000 -0.000000 -0.000000 1.000000 -0.000000 -0.000000 1.000000 -0.000000 -0.000000 1.000000 -0.000000 -0.000000 1.000000 -0.000000 -0.000000 1.000000 -0.000000 -0.000000 1.000000 -0.000000 -0.000000 1.000000 -0.000000 -0.000000 1.000000 -0.000000 -0.000000 1.000000 -0.000000 -0.000000 1.000000 -0.000000 -0.000000 1.000000 -0.000000 -0.000000 1.000000 -0.000000 -0.000000 1.000000 -0.000000 -0.000000 1.000000 -0.000000 -0.000000 1.000000 -0.000000 -0.000000 1.000000 -0.000000 -0.000000 1.000000 -0.000000 -0.000000 1.000000 -0.000000 -0.000000 1.000000 -0.000000 -0.000000 1.000000 -0.000000 -0.000000 1.000000 -0.000000 -0.000000 1.000000 -0.000000 -0.000000 1.000000 -0.000000 -0.000000 1.000000 -0.000000 -0.000000 1.000000 -0.000000 -0.000000 1.000000 -0.000000 -0.000000 1.000000 -0.000000 -0.000000 1.000000 -0.000000 -0.000000 1.000000 -0.000000 -0.000000 1.000000 -0.000000 -0.000000 1.000000 -0.000000 -0.000000 1.000000 -0.000000 -0.000000 1.000000 -0.000000 -0.000000 1.000000 -0.000000 -0.000000 1.000000 -0.000000 -0.000000 1.000000 -0.000000 -0.000000 1.000000 -0.000000 -0.000000 1.000000 -0.000000 -0.000000 1.000000 -0.000000 -0.000000 1.000000 -0.000000 -0.000000 1.000000 -0.000000 -0.000000 1.000000 -0.000000 -0.000000 1.000000 -0.000000 -0.000000 1.000000 -0.000000 -0.000000 1.000000 -0.000000 -0.000000 1.000000 -0.000000 -0.000000 1.000000 -0.000000 -0.000000 1.000000 -0.000000 -0.000000 1.000000 -0.000000 -0.000000 1.000000 -0.000000 -0.000000 1.000000 -0.000000 -0.000000 1.000000 -0.000000 -0.000000 1.000000 -0.000000 -0.000000 1.000000 -0.000000 -0.000000 1.000000 -0.000000 -0.000000 1.000000 -0.000000 -0.000000 1.000000 -0.000000 -0.000000 1.000000 -0.000000 -0.000000 1.000000 -0.000000 -0.000000 1.000000 -0.000000 -0.000000 1.000000 -0.000000 -0.000000 1.000000 -0.000000 -0.000000 1.000000 -0.000000 -0.993238 -0.000000 0.116093 -0.993238 -0.000000 0.116093 -1.000000 -0.000000 0.000000 -1.000000 -0.000000 0.000000 -0.993238 -0.000000 -0.116093 -0.993238 -0.000000 -0.116093 -0.973045 -0.000000 -0.230616 -0.973045 -0.000000 -0.230616 -0.939693 -0.000000 -0.342020 -0.939693 -0.000000 -0.342020 -0.893633 -0.000000 -0.448799 -0.893633 -0.000000 -0.448799 -0.835488 -0.000000 -0.549509 -0.835488 -0.000000 -0.549509 -0.766044 -0.000000 -0.642788 -0.766044 -0.000000 -0.642788 -0.686242 -0.000000 -0.727374 -0.686242 -0.000000 -0.727374 -0.597159 -0.000000 -0.802123 -0.597159 -0.000000 -0.802123 -0.500000 -0.000000 -0.866025 -0.500000 -0.000000 -0.866025 -0.396080 -0.000000 -0.918216 -0.396080 -0.000000 -0.918216 -0.286803 -0.000000 -0.957990 -0.286803 -0.000000 -0.957990 -0.173648 -0.000000 -0.984808 -0.173648 -0.000000 -0.984808 -0.058145 -0.000000 -0.998308 -0.058145 -0.000000 -0.998308 0.058145 -0.000000 -0.998308 0.058145 -0.000000 -0.998308 0.173648 -0.000000 -0.984808 0.173648 -0.000000 -0.984808 0.286803 -0.000000 -0.957990 0.286803 -0.000000 -0.957990 0.396080 -0.000000 -0.918216 0.396080 -0.000000 -0.918216 0.500000 -0.000000 -0.866025 0.500000 -0.000000 -0.866025 0.597159 -0.000000 -0.802123 0.597159 -0.000000 -0.802123 0.686242 -0.000000 -0.727374 0.686242 -0.000000 -0.727374 0.766044 -0.000000 -0.642788 0.766044 -0.000000 -0.642788 0.835488 -0.000000 -0.549509 0.835488 -0.000000 -0.549509 0.893633 -0.000000 -0.448799 0.893633 -0.000000 -0.448799 0.939693 -0.000000 -0.342020 0.939693 -0.000000 -0.342020 0.973045 -0.000000 -0.230616 0.973045 -0.000000 -0.230616 0.993238 -0.000000 -0.116093 0.993238 -0.000000 -0.116093 1.000000 0.000000 -0.000000 1.000000 0.000000 -0.000000 0.993238 0.000000 0.116093 0.993238 0.000000 0.116093 0.973045 0.000000 0.230616 0.973045 0.000000 0.230616 0.939693 0.000000 0.342020 0.939693 0.000000 0.342020 0.893633 0.000000 0.448799 0.893633 0.000000 0.448799 0.835488 0.000000 0.549509 0.835488 0.000000 0.549509 0.766044 0.000000 0.642788 0.766044 0.000000 0.642788 0.686242 0.000000 0.727374 0.686242 0.000000 0.727374 0.597159 0.000000 0.802123 0.597159 0.000000 0.802123 0.500000 0.000000 0.866025 0.500000 0.000000 0.866025 0.396080 0.000000 0.918216 0.396080 0.000000 0.918216 0.286803 0.000000 0.957990 0.286803 0.000000 0.957990 0.173648 0.000000 0.984808 0.173648 0.000000 0.984808 0.058145 0.000000 0.998308 0.058145 0.000000 0.998308 -0.058145 -0.000000 0.998308 -0.058145 -0.000000 0.998308 -0.173648 -0.000000 0.984808 -0.173648 -0.000000 0.984808 -0.286803 -0.000000 0.957990 -0.286803 -0.000000 0.957990 -0.396080 -0.000000 0.918216 -0.396080 -0.000000 0.918216 -0.500000 -0.000000 0.866025 -0.500000 -0.000000 0.866025 -0.597159 -0.000000 0.802123 -0.597159 -0.000000 0.802123 -0.686242 -0.000000 0.727374 -0.686242 -0.000000 0.727374 -0.766044 -0.000000 0.642788 -0.766044 -0.000000 0.642788 -0.835488 -0.000000 0.549509 -0.835488 -0.000000 0.549509 -0.893633 -0.000000 0.448799 -0.893633 -0.000000 0.448799 -0.939693 -0.000000 0.342020 -0.939693 -0.000000 0.342020 -0.973045 -0.000000 0.230616 -0.973045 -0.000000 0.230616 0.000000 -1.000000 0.000000 0.000000 -1.000000 0.000000 0.000000 -1.000000 0.000000 0.000000 -1.000000 0.000000 0.000000 -1.000000 0.000000 0.000000 -1.000000 0.000000 0.000000 -1.000000 0.000000 0.000000 -1.000000 0.000000 0.000000 -1.000000 0.000000 0.000000 -1.000000 0.000000 0.000000 -1.000000 0.000000 0.000000 -1.000000 0.000000 0.000000 -1.000000 0.000000 0.000000 -1.000000 0.000000 0.000000 -1.000000 0.000000 0.000000 -1.000000 0.000000 0.000000 -1.000000 0.000000 0.000000 -1.000000 0.000000 0.000000 -1.000000 0.000000 0.000000 -1.000000 0.000000 0.000000 -1.000000 0.000000 0.000000 -1.000000 0.000000 0.000000 -1.000000 0.000000 0.000000 -1.000000 0.000000 0.000000 -1.000000 0.000000 0.000000 -1.000000 0.000000 0.000000 -1.000000 0.000000 0.000000 -1.000000 0.000000 0.000000 -1.000000 0.000000 0.000000 -1.000000 0.000000 0.000000 -1.000000 0.000000 0.000000 -1.000000 0.000000 0.000000 -1.000000 0.000000 0.000000 -1.000000 0.000000 0.000000 -1.000000 0.000000 0.000000 -1.000000 0.000000 0.000000 -1.000000 0.000000 0.000000 -1.000000 0.000000 0.000000 -1.000000 0.000000 0.000000 -1.000000 0.000000 0.000000 -1.000000 0.000000 0.000000 -1.000000 0.000000 0.000000 -1.000000 0.000000 0.000000 -1.000000 0.000000 0.000000 -1.000000 0.000000 0.000000 -1.000000 0.000000 0.000000 -1.000000 0.000000 0.000000 -1.000000 0.000000 0.000000 -1.000000 0.000000 0.000000 -1.000000 0.000000 0.000000 -1.000000 0.000000 0.000000 -1.000000 0.000000 0.000000 -1.000000 0.000000 0.000000 -1.000000 0.000000 0.000000 -1.000000 0.000000 0.000000 -1.000000 0.000000 0.000000 -1.000000 0.000000 0.000000 -1.000000 0.000000 0.000000 -1.000000 0.000000 0.000000 -1.000000 0.000000 0.000000 -1.000000 0.000000 0.000000 -1.000000 0.000000 0.000000 -1.000000 0.000000 0.000000 -1.000000 0.000000 0.000000 -1.000000 0.000000 0.000000 -1.000000 0.000000 0.000000 -1.000000 0.000000 0.000000 -1.000000 0.000000 0.000000 -1.000000 0.000000 0.000000 -1.000000 0.000000 0.000000 -1.000000 0.000000 0.000000 -1.000000 0.000000 0.000000 -1.000000 0.000000 0.000000 -1.000000 0.000000 0.000000 -1.000000 0.000000 0.000000 -1.000000 0.000000 0.000000 -1.000000 0.000000 0.000000 -1.000000 0.000000 0.000000 -1.000000 0.000000 0.000000 -1.000000 0.000000 0.000000 -1.000000 0.000000 0.000000 -1.000000 0.000000 0.000000 -1.000000 0.000000 0.000000 -1.000000 0.000000 0.000000 -1.000000 0.000000 0.000000 -1.000000 0.000000 0.000000 -1.000000 0.000000 0.000000 -1.000000 0.000000 0.000000 -1.000000 0.000000 0.000000 -1.000000 0.000000 0.000000 -1.000000 0.000000 0.000000 -1.000000 0.000000 0.000000 -1.000000 0.000000 0.000000 -1.000000 0.000000 0.000000 -1.000000 0.000000 0.000000 -1.000000 0.000000 0.000000 -1.000000 0.000000 0.000000 -1.000000 0.000000 0.000000 -1.000000 0.000000 0.000000 -1.000000 0.000000 0.000000 -1.000000 0.000000 0.000000 -1.000000 0.000000 0.000000 -1.000000 0.000000 0.000000 -1.000000 0.000000 0.000000 -1.000000 0.000000 0.000000 -1.000000 0.000000 0.000000 -1.000000 0.000000 0.727273 0.000000 0.686349 0.727273 0.000000 0.686349 0.627717 0.000000 0.778442 0.627717 0.000000 0.778442 0.516615 0.000000 0.856218 0.516615 0.000000 0.856218 0.396012 0.000000 0.918245 0.396012 0.000000 0.918245 0.268125 0.000000 0.963384 0.268125 0.000000 0.963384 0.135307 0.000000 0.990804 0.135307 0.000000 0.990804 -0.000000 -0.000000 1.000000 -0.000000 -0.000000 1.000000 -0.135307 -0.000000 0.990804 -0.135307 -0.000000 0.990804 -0.268125 -0.000000 0.963384 -0.268125 -0.000000 0.963384 -0.396012 -0.000000 0.918245 -0.396012 -0.000000 0.918245 -0.516615 -0.000000 0.856218 -0.516615 -0.000000 0.856218 -0.627717 -0.000000 0.778442 -0.627717 -0.000000 0.778442 -0.727273 -0.000000 0.686349 -0.727273 -0.000000 0.686349 -0.627717 -0.000000 0.778442 -0.516615 -0.000000 0.856218 -0.396012 -0.000000 0.918245 -0.268125 -0.000000 0.963384 -0.135307 -0.000000 0.990804 -0.000000 -0.000000 1.000000 0.135307 0.000000 0.990804 0.268125 0.000000 0.963384 0.396012 0.000000 0.918245 0.516615 0.000000 0.856218 0.627717 0.000000 0.778442 1.000000 0.000000 0.000000 1.000000 0.000000 0.000000 1.000000 0.000000 0.000000 1.000000 0.000000 0.000000 -0.727273 -0.000000 -0.686349 -0.727273 -0.000000 -0.686349 -0.627717 -0.000000 -0.778442 -0.627717 -0.000000 -0.778442 -0.516615 -0.000000 -0.856218 -0.516615 -0.000000 -0.856218 -0.396012 -0.000000 -0.918245 -0.396012 -0.000000 -0.918245 -0.268125 -0.000000 -0.963384 -0.268125 -0.000000 -0.963384 -0.135307 -0.000000 -0.990804 -0.135307 -0.000000 -0.990804 0.000000 -0.000000 -1.000000 0.000000 -0.000000 -1.000000 0.135307 -0.000000 -0.990804 0.135307 -0.000000 -0.990804 0.268125 -0.000000 -0.963384 0.268125 -0.000000 -0.963384 0.396012 -0.000000 -0.918245 0.396012 -0.000000 -0.918245 0.516615 -0.000000 -0.856218 0.516615 -0.000000 -0.856218 0.627717 -0.000000 -0.778442 0.627717 -0.000000 -0.778442 0.727273 -0.000000 -0.686349 0.727273 -0.000000 -0.686349 0.627717 -0.000000 -0.778442 0.516615 -0.000000 -0.856218 0.396012 -0.000000 -0.918245 0.268125 -0.000000 -0.963384 0.135307 -0.000000 -0.990804 0.000000 -0.000000 -1.000000 -0.135307 -0.000000 -0.990804 -0.268125 -0.000000 -0.963384 -0.396012 -0.000000 -0.918245 -0.516615 -0.000000 -0.856218 -0.627717 -0.000000 -0.778442 -1.000000 -0.000000 -0.000000 -1.000000 -0.000000 -0.000000 -1.000000 -0.000000 -0.000000 -1.000000 -0.000000 -0.000000 0.965926 0.000000 -0.258819 0.965926 0.000000 -0.258819 0.866025 0.000000 -0.500000 0.866025 0.000000 -0.500000 0.707107 0.000000 -0.707107 0.707107 0.000000 -0.707107 0.500000 0.000000 -0.866025 0.500000 0.000000 -0.866025 0.258819 0.000000 -0.965926 0.258819 0.000000 -0.965926 0.000000 0.000000 -1.000000 -0.000000 -0.000000 -1.000000 -0.258819 -0.000000 -0.965926 -0.258819 -0.000000 -0.965926 -0.500000 -0.000000 -0.866025 -0.500000 -0.000000 -0.866025 -0.707107 -0.000000 -0.707107 -0.707107 -0.000000 -0.707107 -0.866025 -0.000000 -0.500000 -0.866025 -0.000000 -0.500000 -0.965926 -0.000000 -0.258819 -0.965926 -0.000000 -0.258819 -1.000000 0.000000 0.000000 -1.000000 0.000000 0.000000 -0.965926 0.000000 0.258819 -0.965926 0.000000 0.258819 -0.866025 0.000000 0.500000 -0.866025 0.000000 0.500000 -0.707107 0.000000 0.707107 -0.707107 0.000000 0.707107 -0.500000 0.000000 0.866025 -0.500000 0.000000 0.866025 -0.258819 0.000000 0.965926 -0.258819 0.000000 0.965926 0.000000 0.000000 1.000000 0.000000 0.000000 1.000000 0.258819 0.000000 0.965926 0.258819 0.000000 0.965926 0.500000 0.000000 0.866025 0.500000 0.000000 0.866025 0.707107 0.000000 0.707107 0.707107 0.000000 0.707107 0.866025 0.000000 0.500000 0.866025 0.000000 0.500000 0.965926 0.000000 0.258819 0.965926 0.000000 0.258819 1.000000 0.000000 -0.000000 1.000000 0.000000 -0.000000 -0.707107 -0.000000 0.707107 -0.707107 -0.000000 0.707107 -0.866025 -0.000000 0.500000 -0.866025 -0.000000 0.500000 -0.965926 -0.000000 0.258819 -0.965926 -0.000000 0.258819 -1.000000 -0.000000 0.000000 -1.000000 -0.000000 0.000000 -0.965926 -0.000000 -0.258819 -0.965926 -0.000000 -0.258819 -0.866025 -0.000000 -0.500000 -0.866025 -0.000000 -0.500000 -0.707107 -0.000000 -0.707107 -0.707107 -0.000000 -0.707107 -0.500000 -0.000000 -0.866025 -0.500000 -0.000000 -0.866025 -0.258819 -0.000000 -0.965926 -0.258819 -0.000000 -0.965926 -0.000000 -0.000000 -1.000000 -0.000000 -0.000000 -1.000000 0.258819 -0.000000 -0.965926 0.258819 -0.000000 -0.965926 0.500000 -0.000000 -0.866025 0.500000 -0.000000 -0.866025 0.707107 -0.000000 -0.707107 0.707107 -0.000000 -0.707107 0.866025 -0.000000 -0.500000 0.866025 -0.000000 -0.500000 0.965926 -0.000000 -0.258819 0.965926 -0.000000 -0.258819 1.000000 -0.000000 -0.000000 1.000000 -0.000000 -0.000000 0.965926 0.000000 0.258819 0.965926 0.000000 0.258819 0.866025 0.000000 0.500000 0.866025 0.000000 0.500000 0.707107 0.000000 0.707107 0.707107 0.000000 0.707107 0.500000 0.000000 0.866025 0.500000 0.000000 0.866025 0.258819 0.000000 0.965926 0.258819 0.000000 0.965926 0.000000 0.000000 1.000000 0.000000 0.000000 1.000000 -0.258819 -0.000000 0.965926 -0.258819 -0.000000 0.965926 -0.500000 -0.000000 0.866025 -0.500000 -0.000000 0.866025 0.000000 -1.000000 0.000000 0.000000 -1.000000 0.000000 0.000000 -1.000000 0.000000 0.000000 -1.000000 0.000000 0.000000 -1.000000 0.000000 0.000000 -1.000000 0.000000 0.000000 -1.000000 0.000000 0.000000 -1.000000 0.000000 0.000000 -1.000000 0.000000 0.000000 -1.000000 0.000000 0.000000 -1.000000 0.000000 0.000000 -1.000000 0.000000 0.000000 -1.000000 0.000000 0.000000 -1.000000 0.000000 0.000000 -1.000000 0.000000 0.000000 -1.000000 0.000000 0.000000 -1.000000 0.000000 0.000000 -1.000000 0.000000 0.000000 -1.000000 0.000000 0.000000 -1.000000 0.000000 0.000000 -1.000000 0.000000 0.000000 -1.000000 0.000000 0.000000 -1.000000 0.000000 0.000000 -1.000000 0.000000 0.000000 -1.000000 0.000000 0.000000 -1.000000 0.000000 0.000000 -1.000000 0.000000 0.000000 -1.000000 0.000000 0.000000 -1.000000 0.000000 0.000000 -1.000000 0.000000 0.000000 -1.000000 0.000000 0.000000 -1.000000 0.000000 0.000000 -1.000000 0.000000 0.000000 -1.000000 0.000000 0.000000 -1.000000 0.000000 0.000000 -1.000000 0.000000 0.000000 -1.000000 0.000000 0.000000 -1.000000 0.000000 0.000000 -1.000000 0.000000 0.000000 -1.000000 0.000000 0.000000 -1.000000 0.000000 0.000000 -1.000000 0.000000 0.000000 -1.000000 0.000000 0.000000 -1.000000 0.000000 0.000000 -1.000000 0.000000 0.000000 -1.000000 0.000000 0.000000 -1.000000 0.000000 0.000000 -1.000000 0.000000 0.000000 -1.000000 0.000000 0.000000 -1.000000 0.000000 0.000000 -1.000000 0.000000 0.000000 -1.000000 0.000000 0.000000 -1.000000 0.000000 0.000000 -1.000000 0.000000 0.000000 -1.000000 0.000000 0.000000 -1.000000 0.000000 0.000000 -1.000000 0.000000 0.000000 -1.000000 0.000000 0.000000 -1.000000 0.000000 0.000000 -1.000000 0.000000 0.000000 -1.000000 0.000000 0.000000 -1.000000 0.000000 0.000000 -1.000000 0.000000 0.000000 -1.000000 0.000000 0.000000 -1.000000 0.000000 0.000000 -1.000000 0.000000 0.000000 -1.000000 0.000000 0.000000 -1.000000 0.000000 0.000000 -1.000000 0.000000 0.000000 -1.000000 0.000000 0.000000 -1.000000 0.000000 0.000000 -1.000000 0.000000 0.000000 -1.000000 0.000000 0.000000 -1.000000 0.000000 0.000000 -1.000000 0.000000 0.000000 -1.000000 0.000000 0.000000 -1.000000 0.000000 0.000000 -1.000000 0.000000 0.000000 -1.000000 0.000000 0.000000 -1.000000 0.000000 0.000000 -1.000000 0.000000 0.000000 -1.000000 0.000000 0.000000 -1.000000 0.000000 0.000000 -1.000000 0.000000 0.000000 -1.000000 0.000000 0.000000 -1.000000 0.000000 0.000000 -1.000000 0.000000 0.000000 -1.000000 0.000000 0.000000 -1.000000 0.000000 0.000000 -1.000000 0.000000 0.000000 -1.000000 0.000000 0.000000 -1.000000 0.000000 0.000000 -1.000000 0.000000 0.000000 -1.000000 0.000000 0.000000 -1.000000 0.000000 0.000000 -1.000000 0.000000 0.000000 -1.000000 0.000000 0.000000 -1.000000 0.000000 0.000000 -1.000000 0.000000 0.000000 -1.000000 0.000000 0.000000 -1.000000 0.000000 0.000000 -1.000000 0.000000 0.000000 -1.000000 0.000000 0.000000 -1.000000 0.000000 0.000000 -1.000000 0.000000 0.000000 -1.000000 0.000000 0.000000 -1.000000 0.000000 0.000000 -1.000000 0.000000 0.000000 -1.000000 0.000000 0.000000 -1.000000 0.000000 0.000000 -1.000000 0.000000 0.000000 -1.000000 0.000000 0.000000 -1.000000 0.000000 0.000000 -1.000000 0.000000 0.000000 -1.000000 0.000000 0.000000 -1.000000 0.000000 0.000000 -1.000000 0.000000 0.000000 -1.000000 0.000000 0.000000 -1.000000 0.000000 0.000000 -1.000000 0.000000 0.000000 -1.000000 0.000000 0.000000 -1.000000 0.000000 0.000000 -1.000000 0.000000 0.000000 -1.000000 0.000000 0.000000 -1.000000 0.000000 0.000000 -1.000000 0.000000 0.000000 -1.000000 0.000000 0.000000 -1.000000 0.000000 0.000000 -1.000000 0.000000 0.000000 -1.000000 0.000000 0.000000 -1.000000 0.000000 0.000000 -1.000000 0.000000 0.000000 -1.000000 0.000000 0.000000 -1.000000 0.000000 0.000000 -1.000000 0.000000 0.000000 -1.000000 0.000000 0.000000 -1.000000 0.000000 0.000000 -1.000000 0.000000 0.000000 -1.000000 0.000000 0.000000 -1.000000 0.000000 0.000000 -1.000000 0.000000 0.000000 -1.000000 0.000000 0.000000 -1.000000 0.000000 0.000000 -1.000000 0.000000 0.000000 -1.000000 0.000000 0.000000 -1.000000 0.000000 0.000000 -1.000000 0.000000 0.000000 -1.000000 0.000000 0.000000 -1.000000 0.000000 0.000000 -1.000000 0.000000 0.000000 -1.000000 0.000000 0.000000 -1.000000 0.000000 0.000000 -1.000000 0.000000 0.000000 -1.000000 0.000000 0.000000 -1.000000 0.000000 0.000000 -1.000000 0.000000 0.000000 -1.000000 0.000000 0.000000 -1.000000 0.000000 0.000000 -1.000000 0.000000 0.000000 -1.000000 0.000000 0.000000 -1.000000 0.000000 0.000000 -1.000000 0.000000 0.000000 -1.000000 0.000000 0.000000 -1.000000 0.000000 0.000000 -1.000000 0.000000 0.000000 -1.000000 0.000000 0.000000 -1.000000 0.000000 0.000000 -1.000000 0.000000 0.000000 -1.000000 0.000000 0.000000 -1.000000 0.000000 0.000000 -1.000000 0.000000 0.000000 -1.000000 0.000000 0.000000 -1.000000 0.000000 0.000000 -1.000000 0.000000 0.000000 -1.000000 0.000000 0.000000 -1.000000 0.000000 0.000000 -1.000000 0.000000 0.000000 -1.000000 0.000000 0.000000 -1.000000 0.000000 0.000000 -1.000000 0.000000 0.000000 -1.000000 0.000000 0.000000 -1.000000 0.000000 0.000000 -1.000000 0.000000 0.000000 -1.000000 0.000000 0.000000 -1.000000 0.000000 0.000000 -1.000000 0.000000 0.000000 -1.000000 0.000000 0.000000 -1.000000 0.000000 0.000000 -1.000000 0.000000 0.000000 -1.000000 0.000000 0.000000 -1.000000 0.000000 0.000000 -1.000000 0.000000 0.000000 -1.000000 0.000000 0.000000 -1.000000 0.000000 0.000000 -1.000000 0.000000 0.000000 -1.000000 0.000000 0.000000 -1.000000 0.000000 0.000000 -1.000000 0.000000 0.000000 -1.000000 0.000000 0.000000 -1.000000 0.000000 0.000000 -1.000000 0.000000 0.000000 -1.000000 0.000000 0.000000 -1.000000 0.000000 0.000000 -1.000000 0.000000 0.000000 -1.000000 0.000000 0.000000 -1.000000 0.000000 0.000000 -1.000000 0.000000 0.000000 -1.000000 0.000000 0.000000 -1.000000 0.000000 0.000000 -1.000000 0.000000 0.000000 -1.000000 0.000000 0.000000 -1.000000 0.000000 0.000000 -1.000000 0.000000 0.000000 -1.000000 0.000000 0.000000 -1.000000 0.000000 0.000000 -1.000000 0.000000 0.000000 -1.000000 0.000000 0.000000 -1.000000 0.000000 0.000000 -1.000000 0.000000 0.000000 -1.000000 0.000000 0.000000 -1.000000 0.000000 0.000000 -1.000000 0.000000 0.000000 -1.000000 0.000000 0.000000 -1.000000 0.000000 0.000000 -1.000000 0.000000 0.000000 -1.000000 0.000000 0.000000 -1.000000 0.000000 0.000000 -1.000000 0.000000 0.000000 -1.000000 0.000000 0.000000 -1.000000 0.000000 0.000000 -1.000000 0.000000 0.000000 -1.000000 0.000000 0.000000 -1.000000 0.000000 0.000000 -1.000000 0.000000 0.000000 -1.000000 0.000000 0.000000 -1.000000 0.000000 0.000000 -1.000000 0.000000 0.000000 -1.000000 0.000000 0.000000 -1.000000 0.000000 0.000000 -1.000000 0.000000 0.000000 -1.000000 0.000000 0.000000 -1.000000 0.000000 0.000000 -1.000000 0.000000 0.000000 -1.000000 0.000000 0.000000 -1.000000 0.000000 0.000000 -1.000000 0.000000 0.000000 -1.000000 0.000000 0.000000 -1.000000 0.000000 0.000000 -1.000000 0.000000 0.000000 -1.000000 0.000000 0.000000 -1.000000 0.000000 0.000000 -1.000000 0.000000 0.000000 -1.000000 0.000000 0.000000 -1.000000 0.000000 0.000000 -1.000000 0.000000 0.000000 -1.000000 0.000000 0.000000 -1.000000 0.000000 0.000000 -1.000000 0.000000 0.000000 -1.000000 0.000000 0.000000 -1.000000 0.000000 0.000000 -1.000000 0.000000 0.000000 -1.000000 0.000000 0.000000 -1.000000 0.000000 0.000000 -1.000000 0.000000 0.000000 -1.000000 0.000000 0.000000 -1.000000 0.000000 0.000000 -1.000000 0.000000 0.000000 -1.000000 0.000000 0.000000 -1.000000 0.000000 0.000000 -1.000000 0.000000 0.000000 -1.000000 0.000000 0.000000 -1.000000 0.000000 0.000000 -1.000000 0.000000 0.000000 -1.000000 0.000000 0.000000 -1.000000 0.000000 0.000000 -1.000000 0.000000 0.000000 -1.000000 0.000000 0.000000 -1.000000 0.000000 0.000000 -1.000000 0.000000 0.000000 -1.000000 0.000000 0.000000 -1.000000 0.000000 0.000000 -1.000000 0.000000 0.000000 -1.000000 0.000000 0.000000 -1.000000 0.000000 0.000000 -1.000000 0.000000 0.000000 -1.000000 0.000000 0.000000 -1.000000 0.000000 0.000000 -1.000000 0.000000 0.000000 -1.000000 0.000000 0.000000 -1.000000 0.000000 0.000000 -1.000000 0.000000 0.000000 -1.000000 0.000000 0.000000 -1.000000 0.000000 0.000000 -1.000000 0.000000 0.000000 -1.000000 0.000000 0.000000 -1.000000 0.000000 0.000000 -1.000000 0.000000 0.000000 -1.000000 0.000000 0.000000 -1.000000 0.000000 0.000000 -1.000000 0.000000 0.000000 -1.000000 0.000000 0.000000 -1.000000 0.000000 0.000000 -1.000000 0.000000 0.000000 -1.000000 0.000000 0.000000 -1.000000 0.000000 0.000000 -1.000000 0.000000 0.000000 -1.000000 0.000000 0.000000 -1.000000 0.000000 0.000000 -1.000000 0.000000 0.000000 -1.000000 0.000000 0.000000 -1.000000 0.000000 0.000000 -1.000000 0.000000 0.000000 -1.000000 0.000000 0.000000 -1.000000 0.000000 0.000000 -1.000000 0.000000 0.000000 -1.000000 0.000000 0.000000 -1.000000 0.000000 0.000000 -1.000000 0.000000 0.000000 -1.000000 0.000000 0.000000 -1.000000 0.000000 0.000000 -1.000000 0.000000 0.000000 -1.000000 0.000000 0.000000 -1.000000 0.000000 0.000000 -1.000000 0.000000 0.000000 -1.000000 0.000000 0.000000 -1.000000 0.000000 0.000000 -1.000000 0.000000 0.000000 -1.000000 0.000000 0.000000 -1.000000 0.000000 0.000000 -1.000000 0.000000 0.000000 -1.000000 0.000000 0.000000 -1.000000 0.000000 0.000000 -1.000000 0.000000 0.000000 -1.000000 0.000000 0.000000 -1.000000 0.000000 0.000000 -1.000000 0.000000 0.000000 -1.000000 0.000000 0.000000 -1.000000 0.000000 0.000000 -1.000000 0.000000 0.000000 -1.000000 0.000000 0.000000 -1.000000 0.000000 0.000000 -1.000000 0.000000 0.000000 -1.000000 0.000000 0.000000 -1.000000 0.000000 0.000000 -1.000000 0.000000 0.000000 -1.000000 0.000000 0.000000 -1.000000 0.000000 0.000000 -1.000000 0.000000 0.000000 -1.000000 0.000000 0.000000 -1.000000 0.000000 0.000000 -1.000000 0.000000 0.000000 -1.000000 0.000000 0.000000 -1.000000 0.000000 0.000000 -1.000000 0.000000 0.000000 -1.000000 0.000000 0.000000 -1.000000 0.000000 0.000000 -1.000000 0.000000 0.000000 -1.000000 0.000000 0.000000 -1.000000 0.000000 0.000000 -1.000000 0.000000 0.000000 -1.000000 0.000000 0.000000 -1.000000 0.000000 0.000000 -1.000000 0.000000 0.000000 -1.000000 0.000000 0.000000 -1.000000 0.000000 0.000000 -1.000000 0.000000 0.000000 -1.000000 0.000000 0.000000 -1.000000 0.000000 0.000000 -1.000000 0.000000 0.000000 -1.000000 0.000000 0.000000 -1.000000 0.000000 0.000000 -1.000000 0.000000 0.000000 -1.000000 0.000000 0.000000 -1.000000 0.000000 0.000000 -1.000000 0.000000 0.000000 -1.000000 0.000000 0.000000 -1.000000 0.000000 0.000000 -1.000000 0.000000 0.000000 -1.000000 0.000000 0.000000 -1.000000 0.000000 0.000000 -1.000000 0.000000 0.000000 -1.000000 0.000000 0.000000 -1.000000 0.000000 0.000000 -1.000000 0.000000 0.000000 -1.000000 0.000000 0.000000 -1.000000 0.000000 0.000000 -1.000000 0.000000 0.000000 -1.000000 0.000000 0.000000 -1.000000 0.000000 0.000000 -1.000000 0.000000 0.000000 -1.000000 0.000000 0.000000 -1.000000 0.000000 0.000000 -1.000000 0.000000 0.000000 -1.000000 0.000000 0.000000 -1.000000 0.000000 0.000000 -1.000000 0.000000 0.000000 -1.000000 0.000000 0.000000 -1.000000 0.000000 0.000000 -1.000000 0.000000 0.000000 -1.000000 0.000000 0.000000 -1.000000 0.000000 0.000000 -1.000000 0.000000 0.000000 -1.000000 0.000000 0.000000 -1.000000 0.000000 0.000000 -1.000000 0.000000 0.000000 -1.000000 0.000000 0.000000 -1.000000 0.000000 0.000000 -1.000000 0.000000 0.000000 -1.000000 0.000000 0.000000 -1.000000 0.000000 0.000000 -1.000000 0.000000 0.000000 -1.000000 0.000000 0.000000 -1.000000 0.000000 0.000000 -1.000000 0.000000 0.000000 -1.000000 0.000000 0.000000 -1.000000 0.000000 0.707107 0.000000 -0.707107 0.707107 0.000000 -0.707107 0.500000 0.000000 -0.866025 0.500000 0.000000 -0.866025 0.258819 0.000000 -0.965926 0.258819 0.000000 -0.965926 -0.000000 -0.000000 -1.000000 -0.000000 -0.000000 -1.000000 -0.258819 -0.000000 -0.965926 -0.258819 -0.000000 -0.965926 -0.500000 -0.000000 -0.866025 -0.500000 -0.000000 -0.866025 -0.707107 -0.000000 -0.707107 -0.707107 -0.000000 -0.707107 -0.866025 -0.000000 -0.500000 -0.866025 -0.000000 -0.500000 -0.965926 -0.000000 -0.258819 -0.965926 -0.000000 -0.258819 -1.000000 0.000000 0.000000 -1.000000 0.000000 0.000000 -0.965926 0.000000 0.258819 -0.965926 0.000000 0.258819 -0.866025 0.000000 0.500000 -0.866025 0.000000 0.500000 -0.707107 0.000000 0.707107 -0.707107 0.000000 0.707107 -0.500000 0.000000 0.866025 -0.500000 0.000000 0.866025 -0.258819 0.000000 0.965926 -0.258819 0.000000 0.965926 -0.000000 0.000000 1.000000 0.000000 0.000000 1.000000 0.258819 0.000000 0.965926 0.258819 0.000000 0.965926 0.500000 0.000000 0.866025 0.500000 0.000000 0.866025 0.707107 0.000000 0.707107 0.707107 0.000000 0.707107 0.866025 0.000000 0.500000 0.866025 0.000000 0.500000 0.965926 0.000000 0.258819 0.965926 0.000000 0.258819 1.000000 0.000000 -0.000000 1.000000 0.000000 -0.000000 0.965926 0.000000 -0.258819 0.965926 0.000000 -0.258819 0.866025 0.000000 -0.500000 0.866025 0.000000 -0.500000 -0.258819 -0.000000 0.965926 -0.258819 -0.000000 0.965926 -0.500000 -0.000000 0.866025 -0.500000 -0.000000 0.866025 -0.707107 -0.000000 0.707107 -0.707107 -0.000000 0.707107 -0.866025 -0.000000 0.500000 -0.866025 -0.000000 0.500000 -0.965926 -0.000000 0.258819 -0.965926 -0.000000 0.258819 -1.000000 -0.000000 0.000000 -1.000000 -0.000000 0.000000 -0.965926 -0.000000 -0.258819 -0.965926 -0.000000 -0.258819 -0.866025 -0.000000 -0.500000 -0.866025 -0.000000 -0.500000 -0.707107 -0.000000 -0.707107 -0.707107 -0.000000 -0.707107 -0.500000 -0.000000 -0.866025 -0.500000 -0.000000 -0.866025 -0.258819 -0.000000 -0.965926 -0.258819 -0.000000 -0.965926 -0.000000 -0.000000 -1.000000 0.000000 -0.000000 -1.000000 0.258819 -0.000000 -0.965926 0.258819 -0.000000 -0.965926 0.500000 -0.000000 -0.866025 0.500000 -0.000000 -0.866025 0.707107 -0.000000 -0.707107 0.707107 -0.000000 -0.707107 0.866025 -0.000000 -0.500000 0.866025 -0.000000 -0.500000 0.965926 -0.000000 -0.258819 0.965926 -0.000000 -0.258819 1.000000 -0.000000 -0.000000 1.000000 -0.000000 -0.000000 0.965926 0.000000 0.258819 0.965926 0.000000 0.258819 0.866025 0.000000 0.500000 0.866025 0.000000 0.500000 0.707107 0.000000 0.707107 0.707107 0.000000 0.707107 0.500000 0.000000 0.866025 0.500000 0.000000 0.866025 0.258819 0.000000 0.965926 0.258819 0.000000 0.965926 0.000000 0.000000 1.000000 -0.000000 -0.000000 1.000000 0.000000 -1.000000 0.000000 0.000000 -1.000000 0.000000 0.000000 -1.000000 0.000000 0.000000 -1.000000 0.000000 0.000000 -1.000000 0.000000 0.000000 -1.000000 0.000000 0.000000 -1.000000 0.000000 0.000000 -1.000000 0.000000 0.000000 -1.000000 0.000000 0.000000 -1.000000 0.000000 0.000000 -1.000000 0.000000 0.000000 -1.000000 0.000000 0.000000 -1.000000 0.000000 0.000000 -1.000000 0.000000 0.000000 -1.000000 0.000000 0.000000 -1.000000 0.000000 0.000000 -1.000000 0.000000 0.000000 -1.000000 0.000000 0.000000 -1.000000 0.000000 0.000000 -1.000000 0.000000 0.000000 -1.000000 0.000000 0.000000 -1.000000 0.000000 0.000000 -1.000000 0.000000 0.000000 -1.000000 0.000000 0.000000 -1.000000 0.000000 0.000000 -1.000000 0.000000 0.000000 -1.000000 0.000000 0.000000 -1.000000 0.000000 0.000000 -1.000000 0.000000 0.000000 -1.000000 0.000000 0.000000 -1.000000 0.000000 0.000000 -1.000000 0.000000 0.000000 -1.000000 0.000000 0.000000 -1.000000 0.000000 0.000000 -1.000000 0.000000 0.000000 -1.000000 0.000000 0.000000 -1.000000 0.000000 0.000000 -1.000000 0.000000 0.000000 -1.000000 0.000000 0.000000 -1.000000 0.000000 0.000000 -1.000000 0.000000 0.000000 -1.000000 0.000000 0.000000 -1.000000 0.000000 0.000000 -1.000000 0.000000 0.000000 -1.000000 0.000000 0.000000 -1.000000 0.000000 0.000000 -1.000000 0.000000 0.000000 -1.000000 0.000000 0.000000 -1.000000 0.000000 0.000000 -1.000000 0.000000 0.000000 -1.000000 0.000000 0.000000 -1.000000 0.000000 0.000000 -1.000000 0.000000 0.000000 -1.000000 0.000000 0.000000 -1.000000 0.000000 0.000000 -1.000000 0.000000 0.000000 -1.000000 0.000000 0.000000 -1.000000 0.000000 0.000000 -1.000000 0.000000 0.000000 -1.000000 0.000000 0.000000 -1.000000 0.000000 0.000000 -1.000000 0.000000 0.000000 -1.000000 0.000000 0.000000 -1.000000 0.000000 0.000000 -1.000000 0.000000 0.000000 -1.000000 0.000000 0.000000 -1.000000 0.000000 0.000000 -1.000000 0.000000 0.000000 -1.000000 0.000000 0.000000 -1.000000 0.000000 0.000000 -1.000000 0.000000 0.000000 -1.000000 0.000000 0.258819 0.000000 -0.965926 0.258819 0.000000 -0.965926 -0.000000 -0.000000 -1.000000 -0.000000 -0.000000 -1.000000 -0.258819 -0.000000 -0.965926 -0.258819 -0.000000 -0.965926 -0.500000 -0.000000 -0.866025 -0.500000 -0.000000 -0.866025 -0.707107 -0.000000 -0.707107 -0.707107 -0.000000 -0.707107 -0.866025 -0.000000 -0.500000 -0.866025 -0.000000 -0.500000 -0.965926 -0.000000 -0.258819 -0.965926 -0.000000 -0.258819 -1.000000 0.000000 0.000000 -1.000000 0.000000 0.000000 -0.965926 0.000000 0.258819 -0.965926 0.000000 0.258819 -0.866025 0.000000 0.500000 -0.866025 0.000000 0.500000 -0.707107 0.000000 0.707107 -0.707107 0.000000 0.707107 -0.500000 0.000000 0.866025 -0.500000 0.000000 0.866025 -0.258819 0.000000 0.965926 -0.258819 0.000000 0.965926 0.000000 0.000000 1.000000 0.000000 0.000000 1.000000 0.258819 0.000000 0.965926 0.258819 0.000000 0.965926 0.500000 0.000000 0.866025 0.500000 0.000000 0.866025 0.707107 0.000000 0.707107 0.707107 0.000000 0.707107 0.866025 0.000000 0.500000 0.866025 0.000000 0.500000 0.965926 0.000000 0.258819 0.965926 0.000000 0.258819 1.000000 0.000000 0.000000 1.000000 0.000000 0.000000 0.965926 0.000000 -0.258819 0.965926 0.000000 -0.258819 0.866025 0.000000 -0.500000 0.866025 0.000000 -0.500000 0.707107 0.000000 -0.707107 0.707107 0.000000 -0.707107 0.500000 0.000000 -0.866025 0.500000 0.000000 -0.866025 0.258819 0.000000 0.965926 0.258819 0.000000 0.965926 0.000000 0.000000 1.000000 0.000000 0.000000 1.000000 -0.258819 -0.000000 0.965926 -0.258819 -0.000000 0.965926 -0.500000 -0.000000 0.866025 -0.500000 -0.000000 0.866025 -0.707107 -0.000000 0.707107 -0.707107 -0.000000 0.707107 -0.866025 -0.000000 0.500000 -0.866025 -0.000000 0.500000 -0.965926 -0.000000 0.258819 -0.965926 -0.000000 0.258819 -1.000000 -0.000000 -0.000000 -1.000000 -0.000000 -0.000000 -0.965926 -0.000000 -0.258819 -0.965926 -0.000000 -0.258819 -0.866025 -0.000000 -0.500000 -0.866025 -0.000000 -0.500000 -0.707107 -0.000000 -0.707107 -0.707107 -0.000000 -0.707107 -0.500000 -0.000000 -0.866025 -0.500000 -0.000000 -0.866025 -0.258819 -0.000000 -0.965926 -0.258819 -0.000000 -0.965926 -0.000000 -0.000000 -1.000000 -0.000000 -0.000000 -1.000000 0.258819 -0.000000 -0.965926 0.258819 -0.000000 -0.965926 0.500000 -0.000000 -0.866025 0.500000 -0.000000 -0.866025 0.707107 -0.000000 -0.707107 0.707107 -0.000000 -0.707107 0.866025 -0.000000 -0.500000 0.866025 -0.000000 -0.500000 0.965926 -0.000000 -0.258819 0.965926 -0.000000 -0.258819 1.000000 -0.000000 -0.000000 1.000000 -0.000000 -0.000000 0.965926 0.000000 0.258819 0.965926 0.000000 0.258819 0.866025 0.000000 0.500000 0.866025 0.000000 0.500000 0.707107 0.000000 0.707107 0.707107 0.000000 0.707107 0.500000 0.000000 0.866025 0.500000 0.000000 0.866025 0.000000 -1.000000 0.000000 0.000000 -1.000000 0.000000 0.000000 -1.000000 0.000000 0.000000 -1.000000 0.000000 0.000000 -1.000000 0.000000 0.000000 -1.000000 0.000000 0.000000 -1.000000 0.000000 0.000000 -1.000000 0.000000 0.000000 -1.000000 0.000000 0.000000 -1.000000 0.000000 0.000000 -1.000000 0.000000 0.000000 -1.000000 0.000000 0.000000 -1.000000 0.000000 0.000000 -1.000000 0.000000 0.000000 -1.000000 0.000000 0.000000 -1.000000 0.000000 0.000000 -1.000000 0.000000 0.000000 -1.000000 0.000000 0.000000 -1.000000 0.000000 0.000000 -1.000000 0.000000 0.000000 -1.000000 0.000000 0.000000 -1.000000 0.000000 0.000000 -1.000000 0.000000 0.000000 -1.000000 0.000000 0.000000 -1.000000 0.000000 0.000000 -1.000000 0.000000 0.000000 -1.000000 0.000000 0.000000 -1.000000 0.000000 0.000000 -1.000000 0.000000 0.000000 -1.000000 0.000000 0.000000 -1.000000 0.000000 0.000000 -1.000000 0.000000 0.000000 -1.000000 0.000000 0.000000 -1.000000 0.000000 0.000000 -1.000000 0.000000 0.000000 -1.000000 0.000000 0.000000 -1.000000 0.000000 0.000000 -1.000000 0.000000 0.000000 -1.000000 0.000000 0.000000 -1.000000 0.000000 0.000000 -1.000000 0.000000 0.000000 -1.000000 0.000000 0.000000 -1.000000 0.000000 0.000000 -1.000000 0.000000 0.000000 -1.000000 0.000000 0.000000 -1.000000 0.000000 0.000000 -1.000000 0.000000 0.000000 -1.000000 0.000000 0.000000 -1.000000 0.000000 0.000000 -1.000000 0.000000 0.000000 -1.000000 0.000000 0.000000 -1.000000 0.000000 0.000000 -1.000000 0.000000 0.000000 -1.000000 0.000000 0.000000 -1.000000 0.000000 0.000000 -1.000000 0.000000 0.000000 -1.000000 0.000000 0.000000 -1.000000 0.000000 0.000000 -1.000000 0.000000 0.000000 -1.000000 0.000000 0.000000 -1.000000 0.000000 0.000000 -1.000000 0.000000 0.000000 -1.000000 0.000000 0.000000 -1.000000 0.000000 0.000000 -1.000000 0.000000 0.000000 -1.000000 0.000000 0.000000 -1.000000 0.000000 0.000000 -1.000000 0.000000 0.000000 -1.000000 0.000000 0.000000 -1.000000 0.000000 0.000000 -1.000000 0.000000 0.000000 -1.000000 0.000000 -0.258819 -0.000000 -0.965926 -0.258819 -0.000000 -0.965926 -0.500000 -0.000000 -0.866025 -0.500000 -0.000000 -0.866025 -0.707107 -0.000000 -0.707107 -0.707107 -0.000000 -0.707107 -0.866025 -0.000000 -0.500000 -0.866025 -0.000000 -0.500000 -0.965926 -0.000000 -0.258819 -0.965926 -0.000000 -0.258819 -1.000000 -0.000000 -0.000000 -1.000000 0.000000 0.000000 -0.965926 0.000000 0.258819 -0.965926 0.000000 0.258819 -0.866025 0.000000 0.500000 -0.866025 0.000000 0.500000 -0.707107 0.000000 0.707107 -0.707107 0.000000 0.707107 -0.500000 0.000000 0.866025 -0.500000 0.000000 0.866025 -0.258819 0.000000 0.965926 -0.258819 0.000000 0.965926 0.000000 0.000000 1.000000 0.000000 0.000000 1.000000 0.258819 0.000000 0.965926 0.258819 0.000000 0.965926 0.500000 0.000000 0.866025 0.500000 0.000000 0.866025 0.707107 0.000000 0.707107 0.707107 0.000000 0.707107 0.866025 0.000000 0.500000 0.866025 0.000000 0.500000 0.965926 0.000000 0.258819 0.965926 0.000000 0.258819 1.000000 0.000000 -0.000000 1.000000 0.000000 -0.000000 0.965926 0.000000 -0.258819 0.965926 0.000000 -0.258819 0.866025 0.000000 -0.500000 0.866025 0.000000 -0.500000 0.707107 0.000000 -0.707107 0.707107 0.000000 -0.707107 0.500000 0.000000 -0.866025 0.500000 0.000000 -0.866025 0.258819 0.000000 -0.965926 0.258819 0.000000 -0.965926 -0.000000 -0.000000 -1.000000 -0.000000 -0.000000 -1.000000 0.707107 0.000000 0.707107 0.707107 0.000000 0.707107 0.500000 0.000000 0.866025 0.500000 0.000000 0.866025 0.258819 0.000000 0.965926 0.258819 0.000000 0.965926 0.000000 0.000000 1.000000 0.000000 0.000000 1.000000 -0.258819 -0.000000 0.965926 -0.258819 -0.000000 0.965926 -0.500000 -0.000000 0.866025 -0.500000 -0.000000 0.866025 -0.707107 -0.000000 0.707107 -0.707107 -0.000000 0.707107 -0.866025 -0.000000 0.500000 -0.866025 -0.000000 0.500000 -0.965926 -0.000000 0.258819 -0.965926 -0.000000 0.258819 -1.000000 -0.000000 0.000000 -1.000000 -0.000000 0.000000 -0.965926 -0.000000 -0.258819 -0.965926 -0.000000 -0.258819 -0.866025 -0.000000 -0.500000 -0.866025 -0.000000 -0.500000 -0.707107 -0.000000 -0.707107 -0.707107 -0.000000 -0.707107 -0.500000 -0.000000 -0.866025 -0.500000 -0.000000 -0.866025 -0.258819 -0.000000 -0.965926 -0.258819 -0.000000 -0.965926 -0.000000 -0.000000 -1.000000 0.000000 -0.000000 -1.000000 0.258819 -0.000000 -0.965926 0.258819 -0.000000 -0.965926 0.500000 -0.000000 -0.866025 0.500000 -0.000000 -0.866025 0.707107 -0.000000 -0.707107 0.707107 -0.000000 -0.707107 0.866025 -0.000000 -0.500000 0.866025 -0.000000 -0.500000 0.965926 -0.000000 -0.258819 0.965926 -0.000000 -0.258819 1.000000 -0.000000 -0.000000 1.000000 -0.000000 -0.000000 0.965926 0.000000 0.258819 0.965926 0.000000 0.258819 0.866025 0.000000 0.500000 0.866025 0.000000 0.500000 0.000000 -1.000000 0.000000 0.000000 -1.000000 0.000000 0.000000 -1.000000 0.000000 0.000000 -1.000000 0.000000 0.000000 -1.000000 0.000000 0.000000 -1.000000 0.000000 0.000000 -1.000000 0.000000 0.000000 -1.000000 0.000000 0.000000 -1.000000 0.000000 0.000000 -1.000000 0.000000 0.000000 -1.000000 0.000000 0.000000 -1.000000 0.000000 0.000000 -1.000000 0.000000 0.000000 -1.000000 0.000000 0.000000 -1.000000 0.000000 0.000000 -1.000000 0.000000 0.000000 -1.000000 0.000000 0.000000 -1.000000 0.000000 0.000000 -1.000000 0.000000 0.000000 -1.000000 0.000000 0.000000 -1.000000 0.000000 0.000000 -1.000000 0.000000 0.000000 -1.000000 0.000000 0.000000 -1.000000 0.000000 0.000000 -1.000000 0.000000 0.000000 -1.000000 0.000000 0.000000 -1.000000 0.000000 0.000000 -1.000000 0.000000 0.000000 -1.000000 0.000000 0.000000 -1.000000 0.000000 0.000000 -1.000000 0.000000 0.000000 -1.000000 0.000000 0.000000 -1.000000 0.000000 0.000000 -1.000000 0.000000 0.000000 -1.000000 0.000000 0.000000 -1.000000 0.000000 0.000000 -1.000000 0.000000 0.000000 -1.000000 0.000000 0.000000 -1.000000 0.000000 0.000000 -1.000000 0.000000 0.000000 -1.000000 0.000000 0.000000 -1.000000 0.000000 0.000000 -1.000000 0.000000 0.000000 -1.000000 0.000000 0.000000 -1.000000 0.000000 0.000000 -1.000000 0.000000 0.000000 -1.000000 0.000000 0.000000 -1.000000 0.000000 0.000000 -1.000000 0.000000 0.000000 -1.000000 0.000000 0.000000 -1.000000 0.000000 0.000000 -1.000000 0.000000 0.000000 -1.000000 0.000000 0.000000 -1.000000 0.000000 0.000000 -1.000000 0.000000 0.000000 -1.000000 0.000000 0.000000 -1.000000 0.000000 0.000000 -1.000000 0.000000 0.000000 -1.000000 0.000000 0.000000 -1.000000 0.000000 0.000000 -1.000000 0.000000 0.000000 -1.000000 0.000000 0.000000 -1.000000 0.000000 0.000000 -1.000000 0.000000 0.000000 -1.000000 0.000000 0.000000 -1.000000 0.000000 0.000000 -1.000000 0.000000 0.000000 -1.000000 0.000000 0.000000 -1.000000 0.000000 0.000000 -1.000000 0.000000 0.000000 -1.000000 0.000000 0.000000 -1.000000 0.000000 -0.707107 -0.000000 -0.707107 -0.707107 -0.000000 -0.707107 -0.866025 -0.000000 -0.500000 -0.866025 -0.000000 -0.500000 -0.965926 -0.000000 -0.258819 -0.965926 -0.000000 -0.258819 -1.000000 -0.000000 -0.000000 -1.000000 -0.000000 -0.000000 -0.965926 0.000000 0.258819 -0.965926 0.000000 0.258819 -0.866025 0.000000 0.500000 -0.866025 0.000000 0.500000 -0.707107 0.000000 0.707107 -0.707107 0.000000 0.707107 -0.500000 0.000000 0.866025 -0.500000 0.000000 0.866025 -0.258819 0.000000 0.965926 -0.258819 0.000000 0.965926 -0.000000 0.000000 1.000000 -0.000000 0.000000 1.000000 0.258819 0.000000 0.965926 0.258819 0.000000 0.965926 0.500000 0.000000 0.866025 0.500000 0.000000 0.866025 0.707107 0.000000 0.707107 0.707107 0.000000 0.707107 0.866025 0.000000 0.500000 0.866025 0.000000 0.500000 0.965926 0.000000 0.258819 0.965926 0.000000 0.258819 1.000000 0.000000 0.000000 1.000000 0.000000 0.000000 0.965926 0.000000 -0.258819 0.965926 0.000000 -0.258819 0.866025 0.000000 -0.500000 0.866025 0.000000 -0.500000 0.707107 0.000000 -0.707107 0.707107 0.000000 -0.707107 0.500000 0.000000 -0.866025 0.500000 0.000000 -0.866025 0.258819 0.000000 -0.965926 0.258819 0.000000 -0.965926 -0.000000 -0.000000 -1.000000 -0.000000 -0.000000 -1.000000 -0.258819 -0.000000 -0.965926 -0.258819 -0.000000 -0.965926 -0.500000 -0.000000 -0.866025 -0.500000 -0.000000 -0.866025 0.965926 0.000000 0.258819 0.965926 0.000000 0.258819 0.866025 0.000000 0.500000 0.866025 0.000000 0.500000 0.707107 0.000000 0.707107 0.707107 0.000000 0.707107 0.500000 0.000000 0.866025 0.500000 0.000000 0.866025 0.258819 0.000000 0.965926 0.258819 0.000000 0.965926 0.000000 0.000000 1.000000 0.000000 0.000000 1.000000 -0.258819 -0.000000 0.965926 -0.258819 -0.000000 0.965926 -0.500000 -0.000000 0.866025 -0.500000 -0.000000 0.866025 -0.707107 -0.000000 0.707107 -0.707107 -0.000000 0.707107 -0.866025 -0.000000 0.500000 -0.866025 -0.000000 0.500000 -0.965926 -0.000000 0.258819 -0.965926 -0.000000 0.258819 -1.000000 -0.000000 0.000000 -1.000000 -0.000000 0.000000 -0.965926 -0.000000 -0.258819 -0.965926 -0.000000 -0.258819 -0.866025 -0.000000 -0.500000 -0.866025 -0.000000 -0.500000 -0.707107 -0.000000 -0.707107 -0.707107 -0.000000 -0.707107 -0.500000 -0.000000 -0.866025 -0.500000 -0.000000 -0.866025 -0.258819 -0.000000 -0.965926 -0.258819 -0.000000 -0.965926 -0.000000 -0.000000 -1.000000 0.000000 -0.000000 -1.000000 0.258819 -0.000000 -0.965926 0.258819 -0.000000 -0.965926 0.500000 -0.000000 -0.866025 0.500000 -0.000000 -0.866025 0.707107 -0.000000 -0.707107 0.707107 -0.000000 -0.707107 0.866025 -0.000000 -0.500000 0.866025 -0.000000 -0.500000 0.965926 -0.000000 -0.258819 0.965926 -0.000000 -0.258819 1.000000 -0.000000 -0.000000 1.000000 -0.000000 -0.000000 0.000000 -1.000000 0.000000 0.000000 -1.000000 0.000000 0.000000 -1.000000 0.000000 0.000000 -1.000000 0.000000 0.000000 -1.000000 0.000000 0.000000 -1.000000 0.000000 0.000000 -1.000000 0.000000 0.000000 -1.000000 0.000000 0.000000 -1.000000 0.000000 0.000000 -1.000000 0.000000 0.000000 -1.000000 0.000000 0.000000 -1.000000 0.000000 0.000000 -1.000000 0.000000 0.000000 -1.000000 0.000000 0.000000 -1.000000 0.000000 0.000000 -1.000000 0.000000 0.000000 -1.000000 0.000000 0.000000 -1.000000 0.000000 0.000000 -1.000000 0.000000 0.000000 -1.000000 0.000000 0.000000 -1.000000 0.000000 0.000000 -1.000000 0.000000 0.000000 -1.000000 0.000000 0.000000 -1.000000 0.000000 0.000000 -1.000000 0.000000 0.000000 -1.000000 0.000000 0.000000 -1.000000 0.000000 0.000000 -1.000000 0.000000 0.000000 -1.000000 0.000000 0.000000 -1.000000 0.000000 0.000000 -1.000000 0.000000 0.000000 -1.000000 0.000000 0.000000 -1.000000 0.000000 0.000000 -1.000000 0.000000 0.000000 -1.000000 0.000000 0.000000 -1.000000 0.000000 0.000000 -1.000000 0.000000 0.000000 -1.000000 0.000000 0.000000 -1.000000 0.000000 0.000000 -1.000000 0.000000 0.000000 -1.000000 0.000000 0.000000 -1.000000 0.000000 0.000000 -1.000000 0.000000 0.000000 -1.000000 0.000000 0.000000 -1.000000 0.000000 0.000000 -1.000000 0.000000 0.000000 -1.000000 0.000000 0.000000 -1.000000 0.000000 0.000000 -1.000000 0.000000 0.000000 -1.000000 0.000000 0.000000 -1.000000 0.000000 0.000000 -1.000000 0.000000 0.000000 -1.000000 0.000000 0.000000 -1.000000 0.000000 0.000000 -1.000000 0.000000 0.000000 -1.000000 0.000000 0.000000 -1.000000 0.000000 0.000000 -1.000000 0.000000 0.000000 -1.000000 0.000000 0.000000 -1.000000 0.000000 0.000000 -1.000000 0.000000 0.000000 -1.000000 0.000000 0.000000 -1.000000 0.000000 0.000000 -1.000000 0.000000 0.000000 -1.000000 0.000000 0.000000 -1.000000 0.000000 0.000000 -1.000000 0.000000 0.000000 -1.000000 0.000000 0.000000 -1.000000 0.000000 0.000000 -1.000000 0.000000 0.000000 -1.000000 0.000000 0.000000 -1.000000 0.000000 -0.965926 -0.000000 -0.258819 -0.965926 -0.000000 -0.258819 -1.000000 0.000000 0.000000 -1.000000 0.000000 0.000000 -0.965926 0.000000 0.258819 -0.965926 0.000000 0.258819 -0.866025 0.000000 0.500000 -0.866025 0.000000 0.500000 -0.707107 0.000000 0.707107 -0.707107 0.000000 0.707107 -0.500000 0.000000 0.866025 -0.500000 0.000000 0.866025 -0.258819 0.000000 0.965926 -0.258819 0.000000 0.965926 -0.000000 0.000000 1.000000 -0.000000 0.000000 1.000000 0.258819 0.000000 0.965926 0.258819 0.000000 0.965926 0.500000 0.000000 0.866025 0.500000 0.000000 0.866025 0.707107 0.000000 0.707107 0.707107 0.000000 0.707107 0.866025 0.000000 0.500000 0.866025 0.000000 0.500000 0.965926 0.000000 0.258819 0.965926 0.000000 0.258819 1.000000 0.000000 -0.000000 1.000000 0.000000 -0.000000 0.965926 0.000000 -0.258819 0.965926 0.000000 -0.258819 0.866025 0.000000 -0.500000 0.866025 0.000000 -0.500000 0.707107 0.000000 -0.707107 0.707107 0.000000 -0.707107 0.500000 0.000000 -0.866025 0.500000 0.000000 -0.866025 0.258819 0.000000 -0.965926 0.258819 0.000000 -0.965926 -0.000000 -0.000000 -1.000000 -0.000000 -0.000000 -1.000000 -0.258819 -0.000000 -0.965926 -0.258819 -0.000000 -0.965926 -0.500000 -0.000000 -0.866025 -0.500000 -0.000000 -0.866025 -0.707107 -0.000000 -0.707107 -0.707107 -0.000000 -0.707107 -0.866025 -0.000000 -0.500000 -0.866025 -0.000000 -0.500000 0.965926 -0.000000 -0.258819 0.965926 -0.000000 -0.258819 1.000000 -0.000000 -0.000000 1.000000 -0.000000 -0.000000 0.965926 0.000000 0.258819 0.965926 0.000000 0.258819 0.866025 0.000000 0.500000 0.866025 0.000000 0.500000 0.707107 0.000000 0.707107 0.707107 0.000000 0.707107 0.500000 0.000000 0.866025 0.500000 0.000000 0.866025 0.258819 0.000000 0.965926 0.258819 0.000000 0.965926 0.000000 0.000000 1.000000 0.000000 0.000000 1.000000 -0.258819 -0.000000 0.965926 -0.258819 -0.000000 0.965926 -0.500000 -0.000000 0.866025 -0.500000 -0.000000 0.866025 -0.707107 -0.000000 0.707107 -0.707107 -0.000000 0.707107 -0.866025 -0.000000 0.500000 -0.866025 -0.000000 0.500000 -0.965926 -0.000000 0.258819 -0.965926 -0.000000 0.258819 -1.000000 -0.000000 0.000000 -1.000000 -0.000000 0.000000 -0.965926 -0.000000 -0.258819 -0.965926 -0.000000 -0.258819 -0.866025 -0.000000 -0.500000 -0.866025 -0.000000 -0.500000 -0.707107 -0.000000 -0.707107 -0.707107 -0.000000 -0.707107 -0.500000 -0.000000 -0.866025 -0.500000 -0.000000 -0.866025 -0.258819 -0.000000 -0.965926 -0.258819 -0.000000 -0.965926 0.000000 -0.000000 -1.000000 0.000000 -0.000000 -1.000000 0.258819 -0.000000 -0.965926 0.258819 -0.000000 -0.965926 0.500000 -0.000000 -0.866025 0.500000 -0.000000 -0.866025 0.707107 -0.000000 -0.707107 0.707107 -0.000000 -0.707107 0.866025 -0.000000 -0.500000 0.866025 -0.000000 -0.500000 0.000000 -1.000000 0.000000 0.000000 -1.000000 0.000000 0.000000 -1.000000 0.000000 0.000000 -1.000000 0.000000 0.000000 -1.000000 0.000000 0.000000 -1.000000 0.000000 0.000000 -1.000000 0.000000 0.000000 -1.000000 0.000000 0.000000 -1.000000 0.000000 0.000000 -1.000000 0.000000 0.000000 -1.000000 0.000000 0.000000 -1.000000 0.000000 0.000000 -1.000000 0.000000 0.000000 -1.000000 0.000000 0.000000 -1.000000 0.000000 0.000000 -1.000000 0.000000 0.000000 -1.000000 0.000000 0.000000 -1.000000 0.000000 0.000000 -1.000000 0.000000 0.000000 -1.000000 0.000000 0.000000 -1.000000 0.000000 0.000000 -1.000000 0.000000 0.000000 -1.000000 0.000000 0.000000 -1.000000 0.000000 0.000000 -1.000000 0.000000 0.000000 -1.000000 0.000000 0.000000 -1.000000 0.000000 0.000000 -1.000000 0.000000 0.000000 -1.000000 0.000000 0.000000 -1.000000 0.000000 0.000000 -1.000000 0.000000 0.000000 -1.000000 0.000000 0.000000 -1.000000 0.000000 0.000000 -1.000000 0.000000 0.000000 -1.000000 0.000000 0.000000 -1.000000 0.000000 0.000000 -1.000000 0.000000 0.000000 -1.000000 0.000000 0.000000 -1.000000 0.000000 0.000000 -1.000000 0.000000 0.000000 -1.000000 0.000000 0.000000 -1.000000 0.000000 0.000000 -1.000000 0.000000 0.000000 -1.000000 0.000000 0.000000 -1.000000 0.000000 0.000000 -1.000000 0.000000 0.000000 -1.000000 0.000000 0.000000 -1.000000 0.000000 0.000000 -1.000000 0.000000 0.000000 -1.000000 0.000000 0.000000 -1.000000 0.000000 0.000000 -1.000000 0.000000 0.000000 -1.000000 0.000000 0.000000 -1.000000 0.000000 0.000000 -1.000000 0.000000 0.000000 -1.000000 0.000000 0.000000 -1.000000 0.000000 0.000000 -1.000000 0.000000 0.000000 -1.000000 0.000000 0.000000 -1.000000 0.000000 0.000000 -1.000000 0.000000 0.000000 -1.000000 0.000000 0.000000 -1.000000 0.000000 0.000000 -1.000000 0.000000 0.000000 -1.000000 0.000000 0.000000 -1.000000 0.000000 0.000000 -1.000000 0.000000 0.000000 -1.000000 0.000000 0.000000 -1.000000 0.000000 0.000000 -1.000000 0.000000 0.000000 -1.000000 0.000000 0.000000 -1.000000 0.000000 -0.965926 0.000000 0.258819 -0.965926 0.000000 0.258819 -0.866025 0.000000 0.500000 -0.866025 0.000000 0.500000 -0.707107 0.000000 0.707107 -0.707107 0.000000 0.707107 -0.500000 0.000000 0.866025 -0.500000 0.000000 0.866025 -0.258819 0.000000 0.965926 -0.258819 0.000000 0.965926 0.000000 0.000000 1.000000 0.000000 0.000000 1.000000 0.258819 0.000000 0.965926 0.258819 0.000000 0.965926 0.500000 0.000000 0.866025 0.500000 0.000000 0.866025 0.707107 0.000000 0.707107 0.707107 0.000000 0.707107 0.866025 0.000000 0.500000 0.866025 0.000000 0.500000 0.965926 0.000000 0.258819 0.965926 0.000000 0.258819 1.000000 0.000000 0.000000 1.000000 0.000000 -0.000000 0.965926 0.000000 -0.258819 0.965926 0.000000 -0.258819 0.866025 0.000000 -0.500000 0.866025 0.000000 -0.500000 0.707107 0.000000 -0.707107 0.707107 0.000000 -0.707107 0.500000 0.000000 -0.866025 0.500000 0.000000 -0.866025 0.258819 0.000000 -0.965926 0.258819 0.000000 -0.965926 -0.000000 -0.000000 -1.000000 -0.000000 -0.000000 -1.000000 -0.258819 -0.000000 -0.965926 -0.258819 -0.000000 -0.965926 -0.500000 -0.000000 -0.866025 -0.500000 -0.000000 -0.866025 -0.707107 -0.000000 -0.707107 -0.707107 -0.000000 -0.707107 -0.866025 -0.000000 -0.500000 -0.866025 -0.000000 -0.500000 -0.965926 -0.000000 -0.258819 -0.965926 -0.000000 -0.258819 -1.000000 0.000000 0.000000 -1.000000 0.000000 0.000000 0.707107 -0.000000 -0.707107 0.707107 -0.000000 -0.707107 0.866025 -0.000000 -0.500000 0.866025 -0.000000 -0.500000 0.965926 -0.000000 -0.258819 0.965926 -0.000000 -0.258819 1.000000 -0.000000 -0.000000 1.000000 -0.000000 -0.000000 0.965926 0.000000 0.258819 0.965926 0.000000 0.258819 0.866025 0.000000 0.500000 0.866025 0.000000 0.500000 0.707107 0.000000 0.707107 0.707107 0.000000 0.707107 0.500000 0.000000 0.866025 0.500000 0.000000 0.866025 0.258819 0.000000 0.965926 0.258819 0.000000 0.965926 0.000000 0.000000 1.000000 -0.000000 -0.000000 1.000000 -0.258819 -0.000000 0.965926 -0.258819 -0.000000 0.965926 -0.500000 -0.000000 0.866025 -0.500000 -0.000000 0.866025 -0.707107 -0.000000 0.707107 -0.707107 -0.000000 0.707107 -0.866025 -0.000000 0.500000 -0.866025 -0.000000 0.500000 -0.965926 -0.000000 0.258819 -0.965926 -0.000000 0.258819 -1.000000 -0.000000 0.000000 -1.000000 -0.000000 -0.000000 -0.965926 -0.000000 -0.258819 -0.965926 -0.000000 -0.258819 -0.866025 -0.000000 -0.500000 -0.866025 -0.000000 -0.500000 -0.707107 -0.000000 -0.707107 -0.707107 -0.000000 -0.707107 -0.500000 -0.000000 -0.866025 -0.500000 -0.000000 -0.866025 -0.258819 -0.000000 -0.965926 -0.258819 -0.000000 -0.965926 -0.000000 -0.000000 -1.000000 -0.000000 -0.000000 -1.000000 0.258819 -0.000000 -0.965926 0.258819 -0.000000 -0.965926 0.500000 -0.000000 -0.866025 0.500000 -0.000000 -0.866025 0.000000 -1.000000 0.000000 0.000000 -1.000000 0.000000 0.000000 -1.000000 0.000000 0.000000 -1.000000 0.000000 0.000000 -1.000000 0.000000 0.000000 -1.000000 0.000000 0.000000 -1.000000 0.000000 0.000000 -1.000000 0.000000 0.000000 -1.000000 0.000000 0.000000 -1.000000 0.000000 0.000000 -1.000000 0.000000 0.000000 -1.000000 0.000000 0.000000 -1.000000 0.000000 0.000000 -1.000000 0.000000 0.000000 -1.000000 0.000000 0.000000 -1.000000 0.000000 0.000000 -1.000000 0.000000 0.000000 -1.000000 0.000000 0.000000 -1.000000 0.000000 0.000000 -1.000000 0.000000 0.000000 -1.000000 0.000000 0.000000 -1.000000 0.000000 0.000000 -1.000000 0.000000 0.000000 -1.000000 0.000000 0.000000 -1.000000 0.000000 0.000000 -1.000000 0.000000 0.000000 -1.000000 0.000000 0.000000 -1.000000 0.000000 0.000000 -1.000000 0.000000 0.000000 -1.000000 0.000000 0.000000 -1.000000 0.000000 0.000000 -1.000000 0.000000 0.000000 -1.000000 0.000000 0.000000 -1.000000 0.000000 0.000000 -1.000000 0.000000 0.000000 -1.000000 0.000000 0.000000 -1.000000 0.000000 0.000000 -1.000000 0.000000 0.000000 -1.000000 0.000000 0.000000 -1.000000 0.000000 0.000000 -1.000000 0.000000 0.000000 -1.000000 0.000000 0.000000 -1.000000 0.000000 0.000000 -1.000000 0.000000 0.000000 -1.000000 0.000000 0.000000 -1.000000 0.000000 0.000000 -1.000000 0.000000 0.000000 -1.000000 0.000000 0.000000 -1.000000 0.000000 0.000000 -1.000000 0.000000 0.000000 -1.000000 0.000000 0.000000 -1.000000 0.000000 0.000000 -1.000000 0.000000 0.000000 -1.000000 0.000000 0.000000 -1.000000 0.000000 0.000000 -1.000000 0.000000 0.000000 -1.000000 0.000000 0.000000 -1.000000 0.000000 0.000000 -1.000000 0.000000 0.000000 -1.000000 0.000000 0.000000 -1.000000 0.000000 0.000000 -1.000000 0.000000 0.000000 -1.000000 0.000000 0.000000 -1.000000 0.000000 0.000000 -1.000000 0.000000 0.000000 -1.000000 0.000000 0.000000 -1.000000 0.000000 0.000000 -1.000000 0.000000 0.000000 -1.000000 0.000000 0.000000 -1.000000 0.000000 0.000000 -1.000000 0.000000 0.000000 -1.000000 0.000000 -0.707107 0.000000 0.707107 -0.707107 0.000000 0.707107 -0.500000 0.000000 0.866025 -0.500000 0.000000 0.866025 -0.258819 0.000000 0.965926 -0.258819 0.000000 0.965926 -0.000000 0.000000 1.000000 -0.000000 0.000000 1.000000 0.258819 0.000000 0.965926 0.258819 0.000000 0.965926 0.500000 0.000000 0.866025 0.500000 0.000000 0.866025 0.707107 0.000000 0.707107 0.707107 0.000000 0.707107 0.866025 0.000000 0.500000 0.866025 0.000000 0.500000 0.965926 0.000000 0.258819 0.965926 0.000000 0.258819 1.000000 0.000000 0.000000 1.000000 0.000000 0.000000 0.965926 0.000000 -0.258819 0.965926 0.000000 -0.258819 0.866025 0.000000 -0.500000 0.866025 0.000000 -0.500000 0.707107 0.000000 -0.707107 0.707107 0.000000 -0.707107 0.500000 0.000000 -0.866025 0.500000 0.000000 -0.866025 0.258819 0.000000 -0.965926 0.258819 0.000000 -0.965926 -0.000000 -0.000000 -1.000000 -0.000000 -0.000000 -1.000000 -0.258819 -0.000000 -0.965926 -0.258819 -0.000000 -0.965926 -0.500000 -0.000000 -0.866025 -0.500000 -0.000000 -0.866025 -0.707107 -0.000000 -0.707107 -0.707107 -0.000000 -0.707107 -0.866025 -0.000000 -0.500000 -0.866025 -0.000000 -0.500000 -0.965926 -0.000000 -0.258819 -0.965926 -0.000000 -0.258819 -1.000000 0.000000 0.000000 -1.000000 0.000000 0.000000 -0.965926 0.000000 0.258819 -0.965926 0.000000 0.258819 -0.866025 0.000000 0.500000 -0.866025 0.000000 0.500000 0.258819 -0.000000 -0.965926 0.258819 -0.000000 -0.965926 0.500000 -0.000000 -0.866025 0.500000 -0.000000 -0.866025 0.707107 -0.000000 -0.707107 0.707107 -0.000000 -0.707107 0.866025 -0.000000 -0.500000 0.866025 -0.000000 -0.500000 0.965926 -0.000000 -0.258819 0.965926 -0.000000 -0.258819 1.000000 -0.000000 -0.000000 1.000000 -0.000000 -0.000000 0.965926 0.000000 0.258819 0.965926 0.000000 0.258819 0.866025 0.000000 0.500000 0.866025 0.000000 0.500000 0.707107 0.000000 0.707107 0.707107 0.000000 0.707107 0.500000 0.000000 0.866025 0.500000 0.000000 0.866025 0.258819 0.000000 0.965926 0.258819 0.000000 0.965926 0.000000 0.000000 1.000000 0.000000 0.000000 1.000000 -0.258819 -0.000000 0.965926 -0.258819 -0.000000 0.965926 -0.500000 -0.000000 0.866025 -0.500000 -0.000000 0.866025 -0.707107 -0.000000 0.707107 -0.707107 -0.000000 0.707107 -0.866025 -0.000000 0.500000 -0.866025 -0.000000 0.500000 -0.965926 -0.000000 0.258819 -0.965926 -0.000000 0.258819 -1.000000 -0.000000 0.000000 -1.000000 -0.000000 -0.000000 -0.965926 -0.000000 -0.258819 -0.965926 -0.000000 -0.258819 -0.866025 -0.000000 -0.500000 -0.866025 -0.000000 -0.500000 -0.707107 -0.000000 -0.707107 -0.707107 -0.000000 -0.707107 -0.500000 -0.000000 -0.866025 -0.500000 -0.000000 -0.866025 -0.258819 -0.000000 -0.965926 -0.258819 -0.000000 -0.965926 -0.000000 -0.000000 -1.000000 -0.000000 -0.000000 -1.000000 0.000000 -1.000000 0.000000 0.000000 -1.000000 0.000000 0.000000 -1.000000 0.000000 0.000000 -1.000000 0.000000 0.000000 -1.000000 0.000000 0.000000 -1.000000 0.000000 0.000000 -1.000000 0.000000 0.000000 -1.000000 0.000000 0.000000 -1.000000 0.000000 0.000000 -1.000000 0.000000 0.000000 -1.000000 0.000000 0.000000 -1.000000 0.000000 0.000000 -1.000000 0.000000 0.000000 -1.000000 0.000000 0.000000 -1.000000 0.000000 0.000000 -1.000000 0.000000 0.000000 -1.000000 0.000000 0.000000 -1.000000 0.000000 0.000000 -1.000000 0.000000 0.000000 -1.000000 0.000000 0.000000 -1.000000 0.000000 0.000000 -1.000000 0.000000 0.000000 -1.000000 0.000000 0.000000 -1.000000 0.000000 0.000000 -1.000000 0.000000 0.000000 -1.000000 0.000000 0.000000 -1.000000 0.000000 0.000000 -1.000000 0.000000 0.000000 -1.000000 0.000000 0.000000 -1.000000 0.000000 0.000000 -1.000000 0.000000 0.000000 -1.000000 0.000000 0.000000 -1.000000 0.000000 0.000000 -1.000000 0.000000 0.000000 -1.000000 0.000000 0.000000 -1.000000 0.000000 0.000000 -1.000000 0.000000 0.000000 -1.000000 0.000000 0.000000 -1.000000 0.000000 0.000000 -1.000000 0.000000 0.000000 -1.000000 0.000000 0.000000 -1.000000 0.000000 0.000000 -1.000000 0.000000 0.000000 -1.000000 0.000000 0.000000 -1.000000 0.000000 0.000000 -1.000000 0.000000 0.000000 -1.000000 0.000000 0.000000 -1.000000 0.000000 0.000000 -1.000000 0.000000 0.000000 -1.000000 0.000000 0.000000 -1.000000 0.000000 0.000000 -1.000000 0.000000 0.000000 -1.000000 0.000000 0.000000 -1.000000 0.000000 0.000000 -1.000000 0.000000 0.000000 -1.000000 0.000000 0.000000 -1.000000 0.000000 0.000000 -1.000000 0.000000 0.000000 -1.000000 0.000000 0.000000 -1.000000 0.000000 0.000000 -1.000000 0.000000 0.000000 -1.000000 0.000000 0.000000 -1.000000 0.000000 0.000000 -1.000000 0.000000 0.000000 -1.000000 0.000000 0.000000 -1.000000 0.000000 0.000000 -1.000000 0.000000 0.000000 -1.000000 0.000000 0.000000 -1.000000 0.000000 0.000000 -1.000000 0.000000 0.000000 -1.000000 0.000000 0.000000 -1.000000 0.000000 -0.258819 0.000000 0.965926 -0.258819 0.000000 0.965926 -0.000000 0.000000 1.000000 -0.000000 0.000000 1.000000 0.258819 0.000000 0.965926 0.258819 0.000000 0.965926 0.500000 0.000000 0.866025 0.500000 0.000000 0.866025 0.707107 0.000000 0.707107 0.707107 0.000000 0.707107 0.866025 0.000000 0.500000 0.866025 0.000000 0.500000 0.965926 0.000000 0.258819 0.965926 0.000000 0.258819 1.000000 0.000000 0.000000 1.000000 0.000000 0.000000 0.965926 0.000000 -0.258819 0.965926 0.000000 -0.258819 0.866025 0.000000 -0.500000 0.866025 0.000000 -0.500000 0.707107 0.000000 -0.707107 0.707107 0.000000 -0.707107 0.500000 0.000000 -0.866025 0.500000 0.000000 -0.866025 0.258819 0.000000 -0.965926 0.258819 0.000000 -0.965926 -0.000000 -0.000000 -1.000000 -0.000000 -0.000000 -1.000000 -0.258819 -0.000000 -0.965926 -0.258819 -0.000000 -0.965926 -0.500000 -0.000000 -0.866025 -0.500000 -0.000000 -0.866025 -0.707107 -0.000000 -0.707107 -0.707107 -0.000000 -0.707107 -0.866025 -0.000000 -0.500000 -0.866025 -0.000000 -0.500000 -0.965926 -0.000000 -0.258819 -0.965926 -0.000000 -0.258819 -1.000000 0.000000 0.000000 -1.000000 0.000000 0.000000 -0.965926 0.000000 0.258819 -0.965926 0.000000 0.258819 -0.866025 0.000000 0.500000 -0.866025 0.000000 0.500000 -0.707107 0.000000 0.707107 -0.707107 0.000000 0.707107 -0.500000 0.000000 0.866025 -0.500000 0.000000 0.866025 -0.258819 -0.000000 -0.965926 -0.258819 -0.000000 -0.965926 -0.000000 -0.000000 -1.000000 -0.000000 -0.000000 -1.000000 0.258819 -0.000000 -0.965926 0.258819 -0.000000 -0.965926 0.500000 -0.000000 -0.866025 0.500000 -0.000000 -0.866025 0.707107 -0.000000 -0.707107 0.707107 -0.000000 -0.707107 0.866025 -0.000000 -0.500000 0.866025 -0.000000 -0.500000 0.965926 -0.000000 -0.258819 0.965926 -0.000000 -0.258819 1.000000 -0.000000 -0.000000 1.000000 -0.000000 -0.000000 0.965926 0.000000 0.258819 0.965926 0.000000 0.258819 0.866025 0.000000 0.500000 0.866025 0.000000 0.500000 0.707107 0.000000 0.707107 0.707107 0.000000 0.707107 0.500000 0.000000 0.866025 0.500000 0.000000 0.866025 0.258819 0.000000 0.965926 0.258819 0.000000 0.965926 0.000000 0.000000 1.000000 0.000000 0.000000 1.000000 -0.258819 -0.000000 0.965926 -0.258819 -0.000000 0.965926 -0.500000 -0.000000 0.866025 -0.500000 -0.000000 0.866025 -0.707107 -0.000000 0.707107 -0.707107 -0.000000 0.707107 -0.866025 -0.000000 0.500000 -0.866025 -0.000000 0.500000 -0.965926 -0.000000 0.258819 -0.965926 -0.000000 0.258819 -1.000000 -0.000000 -0.000000 -1.000000 -0.000000 -0.000000 -0.965926 -0.000000 -0.258819 -0.965926 -0.000000 -0.258819 -0.866025 -0.000000 -0.500000 -0.866025 -0.000000 -0.500000 -0.707107 -0.000000 -0.707107 -0.707107 -0.000000 -0.707107 -0.500000 -0.000000 -0.866025 -0.500000 -0.000000 -0.866025 0.000000 -1.000000 0.000000 0.000000 -1.000000 0.000000 0.000000 -1.000000 0.000000 0.000000 -1.000000 0.000000 0.000000 -1.000000 0.000000 0.000000 -1.000000 0.000000 0.000000 -1.000000 0.000000 0.000000 -1.000000 0.000000 0.000000 -1.000000 0.000000 0.000000 -1.000000 0.000000 0.000000 -1.000000 0.000000 0.000000 -1.000000 0.000000 0.000000 -1.000000 0.000000 0.000000 -1.000000 0.000000 0.000000 -1.000000 0.000000 0.000000 -1.000000 0.000000 0.000000 -1.000000 0.000000 0.000000 -1.000000 0.000000 0.000000 -1.000000 0.000000 0.000000 -1.000000 0.000000 0.000000 -1.000000 0.000000 0.000000 -1.000000 0.000000 0.000000 -1.000000 0.000000 0.000000 -1.000000 0.000000 0.000000 -1.000000 0.000000 0.000000 -1.000000 0.000000 0.000000 -1.000000 0.000000 0.000000 -1.000000 0.000000 0.000000 -1.000000 0.000000 0.000000 -1.000000 0.000000 0.000000 -1.000000 0.000000 0.000000 -1.000000 0.000000 0.000000 -1.000000 0.000000 0.000000 -1.000000 0.000000 0.000000 -1.000000 0.000000 0.000000 -1.000000 0.000000 0.000000 -1.000000 0.000000 0.000000 -1.000000 0.000000 0.000000 -1.000000 0.000000 0.000000 -1.000000 0.000000 0.000000 -1.000000 0.000000 0.000000 -1.000000 0.000000 0.000000 -1.000000 0.000000 0.000000 -1.000000 0.000000 0.000000 -1.000000 0.000000 0.000000 -1.000000 0.000000 0.000000 -1.000000 0.000000 0.000000 -1.000000 0.000000 0.000000 -1.000000 0.000000 0.000000 -1.000000 0.000000 0.000000 -1.000000 0.000000 0.000000 -1.000000 0.000000 0.000000 -1.000000 0.000000 0.000000 -1.000000 0.000000 0.000000 -1.000000 0.000000 0.000000 -1.000000 0.000000 0.000000 -1.000000 0.000000 0.000000 -1.000000 0.000000 0.000000 -1.000000 0.000000 0.000000 -1.000000 0.000000 0.000000 -1.000000 0.000000 0.000000 -1.000000 0.000000 0.000000 -1.000000 0.000000 0.000000 -1.000000 0.000000 0.000000 -1.000000 0.000000 0.000000 -1.000000 0.000000 0.000000 -1.000000 0.000000 0.000000 -1.000000 0.000000 0.000000 -1.000000 0.000000 0.000000 -1.000000 0.000000 0.000000 -1.000000 0.000000 0.000000 -1.000000 0.000000 0.258819 0.000000 0.965926 0.258819 0.000000 0.965926 0.500000 0.000000 0.866025 0.500000 0.000000 0.866025 0.707107 0.000000 0.707107 0.707107 0.000000 0.707107 0.866025 0.000000 0.500000 0.866025 0.000000 0.500000 0.965926 0.000000 0.258819 0.965926 0.000000 0.258819 1.000000 0.000000 0.000000 1.000000 0.000000 0.000000 0.965926 0.000000 -0.258819 0.965926 0.000000 -0.258819 0.866025 0.000000 -0.500000 0.866025 0.000000 -0.500000 0.707107 0.000000 -0.707107 0.707107 0.000000 -0.707107 0.500000 0.000000 -0.866025 0.500000 0.000000 -0.866025 0.258819 0.000000 -0.965926 0.258819 0.000000 -0.965926 0.000000 0.000000 -1.000000 0.000000 0.000000 -1.000000 -0.258819 -0.000000 -0.965926 -0.258819 -0.000000 -0.965926 -0.500000 -0.000000 -0.866025 -0.500000 -0.000000 -0.866025 -0.707107 -0.000000 -0.707107 -0.707107 -0.000000 -0.707107 -0.866025 -0.000000 -0.500000 -0.866025 -0.000000 -0.500000 -0.965926 -0.000000 -0.258819 -0.965926 -0.000000 -0.258819 -1.000000 0.000000 0.000000 -1.000000 0.000000 0.000000 -0.965926 0.000000 0.258819 -0.965926 0.000000 0.258819 -0.866025 0.000000 0.500000 -0.866025 0.000000 0.500000 -0.707107 0.000000 0.707107 -0.707107 0.000000 0.707107 -0.500000 0.000000 0.866025 -0.500000 0.000000 0.866025 -0.258819 0.000000 0.965926 -0.258819 0.000000 0.965926 -0.000000 0.000000 1.000000 -0.000000 0.000000 1.000000 -0.707107 -0.000000 -0.707107 -0.707107 -0.000000 -0.707107 -0.500000 -0.000000 -0.866025 -0.500000 -0.000000 -0.866025 -0.258819 -0.000000 -0.965926 -0.258819 -0.000000 -0.965926 -0.000000 -0.000000 -1.000000 -0.000000 -0.000000 -1.000000 0.258819 -0.000000 -0.965926 0.258819 -0.000000 -0.965926 0.500000 -0.000000 -0.866025 0.500000 -0.000000 -0.866025 0.707107 -0.000000 -0.707107 0.707107 -0.000000 -0.707107 0.866025 -0.000000 -0.500000 0.866025 -0.000000 -0.500000 0.965926 -0.000000 -0.258819 0.965926 -0.000000 -0.258819 1.000000 -0.000000 -0.000000 1.000000 0.000000 0.000000 0.965926 0.000000 0.258819 0.965926 0.000000 0.258819 0.866025 0.000000 0.500000 0.866025 0.000000 0.500000 0.707107 0.000000 0.707107 0.707107 0.000000 0.707107 0.500000 0.000000 0.866025 0.500000 0.000000 0.866025 0.258819 0.000000 0.965926 0.258819 0.000000 0.965926 0.000000 0.000000 1.000000 0.000000 0.000000 1.000000 -0.258819 -0.000000 0.965926 -0.258819 -0.000000 0.965926 -0.500000 -0.000000 0.866025 -0.500000 -0.000000 0.866025 -0.707107 -0.000000 0.707107 -0.707107 -0.000000 0.707107 -0.866025 -0.000000 0.500000 -0.866025 -0.000000 0.500000 -0.965926 -0.000000 0.258819 -0.965926 -0.000000 0.258819 -1.000000 -0.000000 0.000000 -1.000000 -0.000000 -0.000000 -0.965926 -0.000000 -0.258819 -0.965926 -0.000000 -0.258819 -0.866025 -0.000000 -0.500000 -0.866025 -0.000000 -0.500000 0.000000 -1.000000 0.000000 0.000000 -1.000000 0.000000 0.000000 -1.000000 0.000000 0.000000 -1.000000 0.000000 0.000000 -1.000000 0.000000 0.000000 -1.000000 0.000000 0.000000 -1.000000 0.000000 0.000000 -1.000000 0.000000 0.000000 -1.000000 0.000000 0.000000 -1.000000 0.000000 0.000000 -1.000000 0.000000 0.000000 -1.000000 0.000000 0.000000 -1.000000 0.000000 0.000000 -1.000000 0.000000 0.000000 -1.000000 0.000000 0.000000 -1.000000 0.000000 0.000000 -1.000000 0.000000 0.000000 -1.000000 0.000000 0.000000 -1.000000 0.000000 0.000000 -1.000000 0.000000 0.000000 -1.000000 0.000000 0.000000 -1.000000 0.000000 0.000000 -1.000000 0.000000 0.000000 -1.000000 0.000000 0.000000 -1.000000 0.000000 0.000000 -1.000000 0.000000 0.000000 -1.000000 0.000000 0.000000 -1.000000 0.000000 0.000000 -1.000000 0.000000 0.000000 -1.000000 0.000000 0.000000 -1.000000 0.000000 0.000000 -1.000000 0.000000 0.000000 -1.000000 0.000000 0.000000 -1.000000 0.000000 0.000000 -1.000000 0.000000 0.000000 -1.000000 0.000000 0.000000 -1.000000 0.000000 0.000000 -1.000000 0.000000 0.000000 -1.000000 0.000000 0.000000 -1.000000 0.000000 0.000000 -1.000000 0.000000 0.000000 -1.000000 0.000000 0.000000 -1.000000 0.000000 0.000000 -1.000000 0.000000 0.000000 -1.000000 0.000000 0.000000 -1.000000 0.000000 0.000000 -1.000000 0.000000 0.000000 -1.000000 0.000000 0.000000 -1.000000 0.000000 0.000000 -1.000000 0.000000 0.000000 -1.000000 0.000000 0.000000 -1.000000 0.000000 0.000000 -1.000000 0.000000 0.000000 -1.000000 0.000000 0.000000 -1.000000 0.000000 0.000000 -1.000000 0.000000 0.000000 -1.000000 0.000000 0.000000 -1.000000 0.000000 0.000000 -1.000000 0.000000 0.000000 -1.000000 0.000000 0.000000 -1.000000 0.000000 0.000000 -1.000000 0.000000 0.000000 -1.000000 0.000000 0.000000 -1.000000 0.000000 0.000000 -1.000000 0.000000 0.000000 -1.000000 0.000000 0.000000 -1.000000 0.000000 0.000000 -1.000000 0.000000 0.000000 -1.000000 0.000000 0.000000 -1.000000 0.000000 0.000000 -1.000000 0.000000 0.000000 -1.000000 0.000000 0.707107 0.000000 0.707107 0.707107 0.000000 0.707107 0.866025 0.000000 0.500000 0.866025 0.000000 0.500000 0.965926 0.000000 0.258819 0.965926 0.000000 0.258819 1.000000 0.000000 0.000000 1.000000 0.000000 0.000000 0.965926 0.000000 -0.258819 0.965926 0.000000 -0.258819 0.866025 0.000000 -0.500000 0.866025 0.000000 -0.500000 0.707107 0.000000 -0.707107 0.707107 0.000000 -0.707107 0.500000 0.000000 -0.866025 0.500000 0.000000 -0.866025 0.258819 0.000000 -0.965926 0.258819 0.000000 -0.965926 -0.000000 -0.000000 -1.000000 -0.000000 -0.000000 -1.000000 -0.258819 -0.000000 -0.965926 -0.258819 -0.000000 -0.965926 -0.500000 -0.000000 -0.866025 -0.500000 -0.000000 -0.866025 -0.707107 -0.000000 -0.707107 -0.707107 -0.000000 -0.707107 -0.866025 -0.000000 -0.500000 -0.866025 -0.000000 -0.500000 -0.965926 -0.000000 -0.258819 -0.965926 -0.000000 -0.258819 -1.000000 0.000000 0.000000 -1.000000 0.000000 0.000000 -0.965926 0.000000 0.258819 -0.965926 0.000000 0.258819 -0.866025 0.000000 0.500000 -0.866025 0.000000 0.500000 -0.707107 0.000000 0.707107 -0.707107 0.000000 0.707107 -0.500000 0.000000 0.866025 -0.500000 0.000000 0.866025 -0.258819 0.000000 0.965926 -0.258819 0.000000 0.965926 -0.000000 0.000000 1.000000 -0.000000 0.000000 1.000000 0.258819 0.000000 0.965926 0.258819 0.000000 0.965926 0.500000 0.000000 0.866025 0.500000 0.000000 0.866025 -0.965926 -0.000000 -0.258819 -0.965926 -0.000000 -0.258819 -0.866025 -0.000000 -0.500000 -0.866025 -0.000000 -0.500000 -0.707107 -0.000000 -0.707107 -0.707107 -0.000000 -0.707107 -0.500000 -0.000000 -0.866025 -0.500000 -0.000000 -0.866025 -0.258819 -0.000000 -0.965926 -0.258819 -0.000000 -0.965926 0.000000 -0.000000 -1.000000 0.000000 -0.000000 -1.000000 0.258819 -0.000000 -0.965926 0.258819 -0.000000 -0.965926 0.500000 -0.000000 -0.866025 0.500000 -0.000000 -0.866025 0.707107 -0.000000 -0.707107 0.707107 -0.000000 -0.707107 0.866025 -0.000000 -0.500000 0.866025 -0.000000 -0.500000 0.965926 -0.000000 -0.258819 0.965926 -0.000000 -0.258819 1.000000 -0.000000 -0.000000 1.000000 0.000000 0.000000 0.965926 0.000000 0.258819 0.965926 0.000000 0.258819 0.866025 0.000000 0.500000 0.866025 0.000000 0.500000 0.707107 0.000000 0.707107 0.707107 0.000000 0.707107 0.500000 0.000000 0.866025 0.500000 0.000000 0.866025 0.258819 0.000000 0.965926 0.258819 0.000000 0.965926 -0.000000 -0.000000 1.000000 -0.000000 -0.000000 1.000000 -0.258819 -0.000000 0.965926 -0.258819 -0.000000 0.965926 -0.500000 -0.000000 0.866025 -0.500000 -0.000000 0.866025 -0.707107 -0.000000 0.707107 -0.707107 -0.000000 0.707107 -0.866025 -0.000000 0.500000 -0.866025 -0.000000 0.500000 -0.965926 -0.000000 0.258819 -0.965926 -0.000000 0.258819 -1.000000 -0.000000 -0.000000 -1.000000 -0.000000 -0.000000 0.000000 -1.000000 0.000000 0.000000 -1.000000 0.000000 0.000000 -1.000000 0.000000 0.000000 -1.000000 0.000000 0.000000 -1.000000 0.000000 0.000000 -1.000000 0.000000 0.000000 -1.000000 0.000000 0.000000 -1.000000 0.000000 0.000000 -1.000000 0.000000 0.000000 -1.000000 0.000000 0.000000 -1.000000 0.000000 0.000000 -1.000000 0.000000 0.000000 -1.000000 0.000000 0.000000 -1.000000 0.000000 0.000000 -1.000000 0.000000 0.000000 -1.000000 0.000000 0.000000 -1.000000 0.000000 0.000000 -1.000000 0.000000 0.000000 -1.000000 0.000000 0.000000 -1.000000 0.000000 0.000000 -1.000000 0.000000 0.000000 -1.000000 0.000000 0.000000 -1.000000 0.000000 0.000000 -1.000000 0.000000 0.000000 -1.000000 0.000000 0.000000 -1.000000 0.000000 0.000000 -1.000000 0.000000 0.000000 -1.000000 0.000000 0.000000 -1.000000 0.000000 0.000000 -1.000000 0.000000 0.000000 -1.000000 0.000000 0.000000 -1.000000 0.000000 0.000000 -1.000000 0.000000 0.000000 -1.000000 0.000000 0.000000 -1.000000 0.000000 0.000000 -1.000000 0.000000 0.000000 -1.000000 0.000000 0.000000 -1.000000 0.000000 0.000000 -1.000000 0.000000 0.000000 -1.000000 0.000000 0.000000 -1.000000 0.000000 0.000000 -1.000000 0.000000 0.000000 -1.000000 0.000000 0.000000 -1.000000 0.000000 0.000000 -1.000000 0.000000 0.000000 -1.000000 0.000000 0.000000 -1.000000 0.000000 0.000000 -1.000000 0.000000 0.000000 -1.000000 0.000000 0.000000 -1.000000 0.000000 0.000000 -1.000000 0.000000 0.000000 -1.000000 0.000000 0.000000 -1.000000 0.000000 0.000000 -1.000000 0.000000 0.000000 -1.000000 0.000000 0.000000 -1.000000 0.000000 0.000000 -1.000000 0.000000 0.000000 -1.000000 0.000000 0.000000 -1.000000 0.000000 0.000000 -1.000000 0.000000 0.000000 -1.000000 0.000000 0.000000 -1.000000 0.000000 0.000000 -1.000000 0.000000 0.000000 -1.000000 0.000000 0.000000 -1.000000 0.000000 0.000000 -1.000000 0.000000 0.000000 -1.000000 0.000000 0.000000 -1.000000 0.000000 0.000000 -1.000000 0.000000 0.000000 -1.000000 0.000000 0.000000 -1.000000 0.000000 0.000000 -1.000000 0.000000 0.965926 0.000000 0.258819 0.965926 0.000000 0.258819 1.000000 0.000000 0.000000 1.000000 0.000000 0.000000 0.965926 0.000000 -0.258819 0.965926 0.000000 -0.258819 0.866025 0.000000 -0.500000 0.866025 0.000000 -0.500000 0.707107 0.000000 -0.707107 0.707107 0.000000 -0.707107 0.500000 0.000000 -0.866025 0.500000 0.000000 -0.866025 0.258819 0.000000 -0.965926 0.258819 0.000000 -0.965926 -0.000000 -0.000000 -1.000000 -0.000000 -0.000000 -1.000000 -0.258819 -0.000000 -0.965926 -0.258819 -0.000000 -0.965926 -0.500000 -0.000000 -0.866025 -0.500000 -0.000000 -0.866025 -0.707107 -0.000000 -0.707107 -0.707107 -0.000000 -0.707107 -0.866025 -0.000000 -0.500000 -0.866025 -0.000000 -0.500000 -0.965926 -0.000000 -0.258819 -0.965926 -0.000000 -0.258819 -1.000000 -0.000000 0.000000 -1.000000 -0.000000 0.000000 -0.965926 0.000000 0.258819 -0.965926 0.000000 0.258819 -0.866025 0.000000 0.500000 -0.866025 0.000000 0.500000 -0.707107 0.000000 0.707107 -0.707107 0.000000 0.707107 -0.500000 0.000000 0.866025 -0.500000 0.000000 0.866025 -0.258819 0.000000 0.965926 -0.258819 0.000000 0.965926 -0.000000 0.000000 1.000000 -0.000000 0.000000 1.000000 0.258819 0.000000 0.965926 0.258819 0.000000 0.965926 0.500000 0.000000 0.866025 0.500000 0.000000 0.866025 0.707107 0.000000 0.707107 0.707107 0.000000 0.707107 0.866025 0.000000 0.500000 0.866025 0.000000 0.500000 -0.965926 -0.000000 0.258819 -0.965926 -0.000000 0.258819 -1.000000 -0.000000 0.000000 -1.000000 -0.000000 0.000000 -0.965926 -0.000000 -0.258819 -0.965926 -0.000000 -0.258819 -0.866025 -0.000000 -0.500000 -0.866025 -0.000000 -0.500000 -0.707107 -0.000000 -0.707107 -0.707107 -0.000000 -0.707107 -0.500000 -0.000000 -0.866025 -0.500000 -0.000000 -0.866025 -0.258819 -0.000000 -0.965926 -0.258819 -0.000000 -0.965926 0.000000 -0.000000 -1.000000 0.000000 -0.000000 -1.000000 0.258819 -0.000000 -0.965926 0.258819 -0.000000 -0.965926 0.500000 -0.000000 -0.866025 0.500000 -0.000000 -0.866025 0.707107 -0.000000 -0.707107 0.707107 -0.000000 -0.707107 0.866025 -0.000000 -0.500000 0.866025 -0.000000 -0.500000 0.965926 -0.000000 -0.258819 0.965926 -0.000000 -0.258819 1.000000 0.000000 -0.000000 1.000000 0.000000 -0.000000 0.965926 0.000000 0.258819 0.965926 0.000000 0.258819 0.866025 0.000000 0.500000 0.866025 0.000000 0.500000 0.707107 0.000000 0.707107 0.707107 0.000000 0.707107 0.500000 0.000000 0.866025 0.500000 0.000000 0.866025 0.258819 0.000000 0.965926 0.258819 0.000000 0.965926 0.000000 0.000000 1.000000 0.000000 0.000000 1.000000 -0.258819 -0.000000 0.965926 -0.258819 -0.000000 0.965926 -0.500000 -0.000000 0.866025 -0.500000 -0.000000 0.866025 -0.707107 -0.000000 0.707107 -0.707107 -0.000000 0.707107 -0.866025 -0.000000 0.500000 -0.866025 -0.000000 0.500000 0.000000 -1.000000 0.000000 0.000000 -1.000000 0.000000 0.000000 -1.000000 0.000000 0.000000 -1.000000 0.000000 0.000000 -1.000000 0.000000 0.000000 -1.000000 0.000000 0.000000 -1.000000 0.000000 0.000000 -1.000000 0.000000 0.000000 -1.000000 0.000000 0.000000 -1.000000 0.000000 0.000000 -1.000000 0.000000 0.000000 -1.000000 0.000000 0.000000 -1.000000 0.000000 0.000000 -1.000000 0.000000 0.000000 -1.000000 0.000000 0.000000 -1.000000 0.000000 0.000000 -1.000000 0.000000 0.000000 -1.000000 0.000000 0.000000 -1.000000 0.000000 0.000000 -1.000000 0.000000 0.000000 -1.000000 0.000000 0.000000 -1.000000 0.000000 0.000000 -1.000000 0.000000 0.000000 -1.000000 0.000000 0.000000 -1.000000 0.000000 0.000000 -1.000000 0.000000 0.000000 -1.000000 0.000000 0.000000 -1.000000 0.000000 0.000000 -1.000000 0.000000 0.000000 -1.000000 0.000000 0.000000 -1.000000 0.000000 0.000000 -1.000000 0.000000 0.000000 -1.000000 0.000000 0.000000 -1.000000 0.000000 0.000000 -1.000000 0.000000 0.000000 -1.000000 0.000000 0.000000 -1.000000 0.000000 0.000000 -1.000000 0.000000 0.000000 -1.000000 0.000000 0.000000 -1.000000 0.000000 0.000000 -1.000000 0.000000 0.000000 -1.000000 0.000000 0.000000 -1.000000 0.000000 0.000000 -1.000000 0.000000 0.000000 -1.000000 0.000000 0.000000 -1.000000 0.000000 0.000000 -1.000000 0.000000 0.000000 -1.000000 0.000000 0.000000 -1.000000 0.000000 0.000000 -1.000000 0.000000 0.000000 -1.000000 0.000000 0.000000 -1.000000 0.000000 0.000000 -1.000000 0.000000 0.000000 -1.000000 0.000000 0.000000 -1.000000 0.000000 0.000000 -1.000000 0.000000 0.000000 -1.000000 0.000000 0.000000 -1.000000 0.000000 0.000000 -1.000000 0.000000 0.000000 -1.000000 0.000000 0.000000 -1.000000 0.000000 0.000000 -1.000000 0.000000 0.000000 -1.000000 0.000000 0.000000 -1.000000 0.000000 0.000000 -1.000000 0.000000 0.000000 -1.000000 0.000000 0.000000 -1.000000 0.000000 0.000000 -1.000000 0.000000 0.000000 -1.000000 0.000000 0.000000 -1.000000 0.000000 0.000000 -1.000000 0.000000 0.000000 -1.000000 0.000000 -0.993238 -0.000000 0.116093 -0.993238 -0.000000 0.116093 -1.000000 -0.000000 0.000000 -1.000000 -0.000000 0.000000 -0.993238 -0.000000 -0.116093 -0.993238 -0.000000 -0.116093 -0.973045 -0.000000 -0.230616 -0.973045 -0.000000 -0.230616 -0.939693 -0.000000 -0.342020 -0.939693 -0.000000 -0.342020 -0.893633 -0.000000 -0.448799 -0.893633 -0.000000 -0.448799 -0.835488 -0.000000 -0.549509 -0.835488 -0.000000 -0.549509 -0.766044 -0.000000 -0.642788 -0.766044 -0.000000 -0.642788 -0.686242 -0.000000 -0.727374 -0.686242 -0.000000 -0.727374 -0.597159 -0.000000 -0.802123 -0.597159 -0.000000 -0.802123 -0.500000 -0.000000 -0.866025 -0.500000 -0.000000 -0.866025 -0.396080 -0.000000 -0.918216 -0.396080 -0.000000 -0.918216 -0.286803 -0.000000 -0.957990 -0.286803 -0.000000 -0.957990 -0.173648 -0.000000 -0.984808 -0.173648 -0.000000 -0.984808 -0.058145 -0.000000 -0.998308 -0.058145 -0.000000 -0.998308 0.058145 -0.000000 -0.998308 0.058145 -0.000000 -0.998308 0.173648 -0.000000 -0.984808 0.173648 -0.000000 -0.984808 0.286803 -0.000000 -0.957990 0.286803 -0.000000 -0.957990 0.396080 -0.000000 -0.918216 0.396080 -0.000000 -0.918216 0.500000 -0.000000 -0.866025 0.500000 -0.000000 -0.866025 0.597159 -0.000000 -0.802123 0.597159 -0.000000 -0.802123 0.686242 -0.000000 -0.727374 0.686242 -0.000000 -0.727374 0.766044 -0.000000 -0.642788 0.766044 -0.000000 -0.642788 0.835488 -0.000000 -0.549509 0.835488 -0.000000 -0.549509 0.893633 -0.000000 -0.448799 0.893633 -0.000000 -0.448799 0.939693 -0.000000 -0.342020 0.939693 -0.000000 -0.342020 0.973045 -0.000000 -0.230616 0.973045 -0.000000 -0.230616 0.993238 -0.000000 -0.116093 0.993238 -0.000000 -0.116093 1.000000 0.000000 -0.000000 1.000000 0.000000 -0.000000 0.993238 0.000000 0.116093 0.993238 0.000000 0.116093 0.973045 0.000000 0.230616 0.973045 0.000000 0.230616 0.939693 0.000000 0.342020 0.939693 0.000000 0.342020 0.893633 0.000000 0.448799 0.893633 0.000000 0.448799 0.835488 0.000000 0.549509 0.835488 0.000000 0.549509 0.766044 0.000000 0.642788 0.766044 0.000000 0.642788 0.686242 0.000000 0.727374 0.686242 0.000000 0.727374 0.597159 0.000000 0.802123 0.597159 0.000000 0.802123 0.500000 0.000000 0.866025 0.500000 0.000000 0.866025 0.396080 0.000000 0.918216 0.396080 0.000000 0.918216 0.286803 0.000000 0.957990 0.286803 0.000000 0.957990 0.173648 0.000000 0.984808 0.173648 0.000000 0.984808 0.058145 0.000000 0.998308 0.058145 0.000000 0.998308 -0.058145 -0.000000 0.998308 -0.058145 -0.000000 0.998308 -0.173648 -0.000000 0.984808 -0.173648 -0.000000 0.984808 -0.286803 -0.000000 0.957990 -0.286803 -0.000000 0.957990 -0.396080 -0.000000 0.918216 -0.396080 -0.000000 0.918216 -0.500000 -0.000000 0.866025 -0.500000 -0.000000 0.866025 -0.597159 -0.000000 0.802123 -0.597159 -0.000000 0.802123 -0.686242 -0.000000 0.727374 -0.686242 -0.000000 0.727374 -0.766044 -0.000000 0.642788 -0.766044 -0.000000 0.642788 -0.835488 -0.000000 0.549509 -0.835488 -0.000000 0.549509 -0.893633 -0.000000 0.448799 -0.893633 -0.000000 0.448799 -0.939693 -0.000000 0.342020 -0.939693 -0.000000 0.342020 -0.973045 -0.000000 0.230616 -0.973045 -0.000000 0.230616 0.000000 -1.000000 0.000000 0.000000 -1.000000 0.000000 0.000000 -1.000000 0.000000 0.000000 -1.000000 0.000000 0.000000 -1.000000 0.000000 0.000000 -1.000000 0.000000 0.000000 -1.000000 0.000000 0.000000 -1.000000 0.000000 0.000000 -1.000000 0.000000 0.000000 -1.000000 0.000000 0.000000 -1.000000 0.000000 0.000000 -1.000000 0.000000 0.000000 -1.000000 0.000000 0.000000 -1.000000 0.000000 0.000000 -1.000000 0.000000 0.000000 -1.000000 0.000000 0.000000 -1.000000 0.000000 0.000000 -1.000000 0.000000 0.000000 -1.000000 0.000000 0.000000 -1.000000 0.000000 0.000000 -1.000000 0.000000 0.000000 -1.000000 0.000000 0.000000 -1.000000 0.000000 0.000000 -1.000000 0.000000 -0.993931 -0.000000 0.110008 -0.993931 -0.000000 0.110008 -1.000000 -0.000000 0.000000 -1.000000 -0.000000 0.000000 -0.993931 -0.000000 -0.110008 -0.993931 -0.000000 -0.110008 -0.975796 -0.000000 -0.218681 -0.975796 -0.000000 -0.218681 -0.945817 -0.000000 -0.324699 -0.945817 -0.000000 -0.324699 -0.904357 -0.000000 -0.426776 -0.904357 -0.000000 -0.426776 -0.851919 -0.000000 -0.523673 -0.851919 -0.000000 -0.523673 -0.789141 -0.000000 -0.614213 -0.789141 -0.000000 -0.614213 -0.716783 -0.000000 -0.697297 -0.716783 -0.000000 -0.697297 -0.635724 -0.000000 -0.771917 -0.635724 -0.000000 -0.771917 -0.546948 -0.000000 -0.837166 -0.546948 -0.000000 -0.837166 -0.451533 -0.000000 -0.892254 -0.451533 -0.000000 -0.892254 -0.350638 -0.000000 -0.936511 -0.350638 -0.000000 -0.936511 -0.245485 -0.000000 -0.969400 -0.245485 -0.000000 -0.969400 -0.137354 -0.000000 -0.990522 -0.137354 -0.000000 -0.990522 -0.027554 -0.000000 -0.999620 -0.027554 -0.000000 -0.999620 0.082579 -0.000000 -0.996584 0.082579 -0.000000 -0.996584 0.191711 -0.000000 -0.981451 0.191711 -0.000000 -0.981451 0.298515 -0.000000 -0.954405 0.298515 -0.000000 -0.954405 0.401695 -0.000000 -0.915773 0.401695 -0.000000 -0.915773 0.500000 -0.000000 -0.866025 0.500000 -0.000000 -0.866025 0.592235 -0.000000 -0.805765 0.592235 -0.000000 -0.805765 0.677282 -0.000000 -0.735724 0.677282 -0.000000 -0.735724 0.754107 -0.000000 -0.656752 0.754107 -0.000000 -0.656752 0.821778 -0.000000 -0.569808 0.821778 -0.000000 -0.569808 0.879474 -0.000000 -0.475947 0.879474 -0.000000 -0.475947 0.926494 -0.000000 -0.376309 0.926494 -0.000000 -0.376309 0.962268 -0.000000 -0.272103 0.962268 -0.000000 -0.272103 0.986361 -0.000000 -0.164595 0.986361 -0.000000 -0.164595 0.998482 -0.000000 -0.055088 0.998482 -0.000000 -0.055088 0.998482 0.000000 0.055088 0.998482 0.000000 0.055088 0.986361 0.000000 0.164595 0.986361 0.000000 0.164595 0.962268 0.000000 0.272103 0.962268 0.000000 0.272103 0.926494 0.000000 0.376309 0.926494 0.000000 0.376309 0.879474 0.000000 0.475947 0.879474 0.000000 0.475947 0.821778 0.000000 0.569808 0.821778 0.000000 0.569808 0.754107 0.000000 0.656752 0.754107 0.000000 0.656752 0.677282 0.000000 0.735724 0.677282 0.000000 0.735724 0.592235 0.000000 0.805765 0.592235 0.000000 0.805765 0.500000 0.000000 0.866025 0.500000 0.000000 0.866025 0.401695 0.000000 0.915773 0.401695 0.000000 0.915773 0.298515 0.000000 0.954405 0.298515 0.000000 0.954405 0.191711 0.000000 0.981451 0.191711 0.000000 0.981451 0.082579 0.000000 0.996584 0.082579 0.000000 0.996584 -0.027554 -0.000000 0.999620 -0.027554 -0.000000 0.999620 -0.137354 -0.000000 0.990522 -0.137354 -0.000000 0.990522 -0.245485 -0.000000 0.969400 -0.245485 -0.000000 0.969400 -0.350638 -0.000000 0.936511 -0.350638 -0.000000 0.936511 -0.451533 -0.000000 0.892254 -0.451533 -0.000000 0.892254 -0.546948 -0.000000 0.837166 -0.546948 -0.000000 0.837166 -0.635724 -0.000000 0.771917 -0.635724 -0.000000 0.771917 -0.716783 -0.000000 0.697297 -0.716783 -0.000000 0.697297 -0.789141 -0.000000 0.614213 -0.789141 -0.000000 0.614213 -0.851919 -0.000000 0.523673 -0.851919 -0.000000 0.523673 -0.904357 -0.000000 0.426776 -0.904357 -0.000000 0.426776 -0.945817 -0.000000 0.324699 -0.945817 -0.000000 0.324699 -0.975796 -0.000000 0.218681 -0.975796 -0.000000 0.218681 0.000000 -1.000000 0.000000 0.000000 -1.000000 0.000000 0.000000 -1.000000 0.000000 0.000000 -1.000000 0.000000 0.000000 -1.000000 0.000000 0.000000 -1.000000 0.000000 0.000000 -1.000000 0.000000 0.000000 -1.000000 0.000000 0.000000 -1.000000 0.000000 0.000000 -1.000000 0.000000 0.000000 -1.000000 0.000000 0.000000 -1.000000 0.000000 0.000000 -1.000000 0.000000 0.000000 -1.000000 0.000000 0.000000 -1.000000 0.000000 0.000000 -1.000000 0.000000 0.000000 -1.000000 0.000000 0.000000 -1.000000 0.000000 0.000000 -1.000000 0.000000 0.000000 -1.000000 0.000000 0.000000 -1.000000 0.000000 0.000000 -1.000000 0.000000 0.000000 -1.000000 0.000000 0.000000 -1.000000 0.000000 0.000000 -1.000000 0.000000 0.000000 -1.000000 0.000000 0.000000 -1.000000 0.000000 0.000000 -1.000000 0.000000 0.000000 -1.000000 0.000000 0.000000 -1.000000 0.000000 0.000000 -1.000000 0.000000 0.000000 -1.000000 0.000000 0.000000 -1.000000 0.000000 0.000000 -1.000000 0.000000 0.000000 -1.000000 0.000000 0.000000 -1.000000 0.000000 0.000000 -1.000000 0.000000 0.000000 -1.000000 0.000000 0.000000 -1.000000 0.000000 0.000000 -1.000000 0.000000 0.000000 -1.000000 0.000000 0.000000 -1.000000 0.000000 0.000000 -1.000000 0.000000 0.000000 -1.000000 0.000000 0.000000 -1.000000 0.000000 0.000000 -1.000000 0.000000 0.000000 -1.000000 0.000000 0.000000 -1.000000 0.000000 0.000000 -1.000000 0.000000 0.000000 -1.000000 0.000000 0.000000 -1.000000 0.000000 0.000000 -1.000000 0.000000 0.000000 -1.000000 0.000000 0.000000 -1.000000 0.000000 0.000000 -1.000000 0.000000 0.000000 -1.000000 0.000000 0.000000 -1.000000 0.000000 0.000000 -1.000000 0.000000 0.000000 -1.000000 0.000000 0.000000 -1.000000 0.000000 0.000000 -1.000000 0.000000 0.000000 -1.000000 0.000000 0.000000 -1.000000 0.000000 0.000000 -1.000000 0.000000 0.000000 -1.000000 0.000000 0.000000 -1.000000 0.000000 0.000000 -1.000000 0.000000 0.000000 -1.000000 0.000000 0.000000 -1.000000 0.000000 0.000000 -1.000000 0.000000 0.000000 -1.000000 0.000000 0.000000 -1.000000 0.000000 0.000000 -1.000000 0.000000 0.000000 -1.000000 0.000000 0.000000 -1.000000 0.000000 0.000000 -1.000000 0.000000 0.000000 -1.000000 0.000000 0.000000 -1.000000 0.000000 0.000000 -1.000000 0.000000 0.000000 -1.000000 0.000000 0.000000 -1.000000 0.000000 0.000000 -1.000000 0.000000 0.000000 -1.000000 0.000000 0.000000 -1.000000 0.000000 0.000000 -1.000000 0.000000 0.000000 -1.000000 0.000000 0.000000 -1.000000 0.000000 0.000000 -1.000000 0.000000 0.000000 -1.000000 0.000000 0.000000 -1.000000 0.000000 0.000000 -1.000000 0.000000 0.000000 -1.000000 0.000000 0.000000 -1.000000 0.000000 0.000000 -1.000000 0.000000 0.000000 -1.000000 0.000000 0.000000 -1.000000 0.000000 0.000000 -1.000000 0.000000 0.000000 -1.000000 0.000000 0.000000 -1.000000 0.000000 0.000000 -1.000000 0.000000 0.000000 -1.000000 0.000000 0.000000 -1.000000 0.000000 0.000000 -1.000000 0.000000 0.000000 -1.000000 0.000000 0.000000 -1.000000 0.000000 0.000000 -1.000000 0.000000 0.000000 -1.000000 0.000000 0.000000 -1.000000 0.000000 0.000000 -1.000000 0.000000 0.000000 -1.000000 0.000000 0.000000 -1.000000 0.000000 0.000000 -0.258819 0.965926 0.000000 -0.258819 0.965926 0.000000 -0.258819 0.965926 0.000000 -0.258819 0.965926 0.000000 -0.258819 0.965926 0.000000 -0.258819 0.965926 0.000000 -0.258819 0.965926 0.000000 -0.258819 0.965926 0.000000 -0.258819 0.965926 0.000000 -0.258819 0.965926 0.914630 -0.258819 0.310589 0.918941 -0.258819 0.297591 0.919408 -0.258819 0.296146 0.934388 -0.258819 0.244810 0.934702 -0.258819 0.243608 0.946806 -0.258819 0.191236 0.946997 -0.258819 0.190288 0.956155 -0.258819 0.137042 0.956253 -0.258819 0.136358 0.962405 -0.258819 0.082403 0.962440 -0.258819 0.081990 0.965534 -0.258819 0.027497 0.965538 -0.258819 0.027359 0.965534 -0.258819 -0.027497 0.965538 -0.258819 -0.027359 0.962440 -0.258819 -0.081990 0.962405 -0.258819 -0.082403 0.956253 -0.258819 -0.136358 0.956155 -0.258819 -0.137042 0.946997 -0.258819 -0.190288 0.946806 -0.258819 -0.191236 0.934702 -0.258819 -0.243608 0.934388 -0.258819 -0.244810 0.919408 -0.258819 -0.296146 0.918941 -0.258819 -0.297591 0.914630 -0.258819 -0.310589 0.910224 -0.258819 -0.323273 0.901163 -0.258819 -0.347733 0.905732 -0.258819 -0.335653 0.901163 -0.258819 0.347733 0.905732 -0.258819 0.335653 0.910224 -0.258819 0.323273 0.000000 -0.258819 -0.965926 0.000000 -0.258819 -0.965926 0.000000 -0.258819 -0.965926 0.000000 -0.258819 -0.965926 0.000000 -0.258819 -0.965926 0.000000 -0.258819 -0.965926 0.000000 -0.258819 -0.965926 0.000000 -0.258819 -0.965926 0.000000 -0.258819 -0.965926 0.000000 -0.258819 -0.965926 -0.914630 -0.258819 -0.310589 -0.918941 -0.258819 -0.297591 -0.919408 -0.258819 -0.296146 -0.934388 -0.258819 -0.244810 -0.934702 -0.258819 -0.243608 -0.946806 -0.258819 -0.191236 -0.946997 -0.258819 -0.190288 -0.956155 -0.258819 -0.137042 -0.956253 -0.258819 -0.136358 -0.962405 -0.258819 -0.082403 -0.962440 -0.258819 -0.081990 -0.965534 -0.258819 -0.027497 -0.965538 -0.258819 -0.027359 -0.965534 -0.258819 0.027497 -0.965538 -0.258819 0.027359 -0.962440 -0.258819 0.081990 -0.962405 -0.258819 0.082403 -0.956253 -0.258819 0.136358 -0.956155 -0.258819 0.137042 -0.946997 -0.258819 0.190288 -0.946806 -0.258819 0.191236 -0.934702 -0.258819 0.243608 -0.934388 -0.258819 0.244810 -0.919408 -0.258819 0.296146 -0.918941 -0.258819 0.297591 -0.914630 -0.258819 0.310589 -0.910224 -0.258819 0.323273 -0.901163 -0.258819 0.347733 -0.905732 -0.258819 0.335653 -0.901163 -0.258819 -0.347733 -0.905732 -0.258819 -0.335653 -0.910224 -0.258819 -0.323273 -0.000000 -1.000000 -0.000000 -0.000000 -1.000000 -0.000000 -0.000000 -1.000000 -0.000000 -0.000000 -1.000000 -0.000000 -0.000000 -1.000000 -0.000000 -0.000000 -1.000000 -0.000000 -0.000000 -1.000000 -0.000000 -0.000000 -1.000000 -0.000000 -0.000000 -1.000000 -0.000000 -0.000000 -1.000000 -0.000000 -0.000000 -1.000000 -0.000000 -0.000000 -1.000000 -0.000000 -0.000000 -1.000000 -0.000000 -0.000000 -1.000000 -0.000000 -0.000000 -1.000000 -0.000000 -0.000000 -1.000000 -0.000000 -0.000000 -1.000000 -0.000000 -0.000000 -1.000000 -0.000000 -0.000000 -1.000000 -0.000000 -0.000000 -1.000000 -0.000000 -0.000000 -1.000000 -0.000000 -0.000000 -1.000000 -0.000000 -0.000000 -1.000000 -0.000000 -0.000000 -1.000000 -0.000000 -0.000000 -1.000000 -0.000000 -0.000000 -1.000000 -0.000000 -0.000000 -1.000000 -0.000000 -0.000000 -1.000000 -0.000000 -0.000000 -1.000000 -0.000000 -0.000000 -1.000000 -0.000000 -0.000000 -1.000000 -0.000000 -0.000000 -1.000000 -0.000000 -0.000000 -1.000000 -0.000000 -0.000000 -1.000000 -0.000000 -0.000000 -1.000000 -0.000000 -0.000000 -1.000000 -0.000000 -0.000000 -1.000000 -0.000000 -0.000000 -1.000000 -0.000000 -0.000000 -1.000000 -0.000000 -0.000000 -1.000000 -0.000000 -0.000000 -1.000000 -0.000000 -0.000000 -1.000000 -0.000000 -0.000000 -1.000000 -0.000000 -0.000000 -1.000000 -0.000000 -0.000000 -1.000000 -0.000000 -0.000000 -1.000000 -0.000000 -0.000000 -1.000000 -0.000000 -0.000000 -1.000000 -0.000000 -0.000000 -1.000000 -0.000000 -0.000000 -1.000000 -0.000000 -0.000000 -1.000000 -0.000000 -0.000000 -1.000000 -0.000000 -0.000000 -1.000000 -0.000000 -0.000000 -1.000000 -0.000000 -0.000000 -1.000000 -0.000000 -0.000000 -1.000000 -0.000000 -0.000000 -1.000000 -0.000000 -0.000000 -1.000000 -0.000000 -0.000000 -1.000000 -0.000000 -0.000000 -1.000000 -0.000000 -0.000000 -1.000000 -0.000000 -0.000000 -1.000000 -0.000000 -0.000000 -1.000000 -0.000000 -0.000000 -1.000000 -0.000000 -0.000000 -1.000000 -0.000000 -0.000000 -1.000000 -0.000000 -0.000000 -1.000000 -0.000000 -0.000000 -1.000000 -0.000000 -0.000000 -1.000000 -0.000000 -0.000000 -1.000000 -0.000000 -0.000000 -1.000000 -0.000000 -0.000000 -1.000000 -0.000000 -0.000000 -1.000000 -0.000000 -0.000000 -1.000000 -0.000000 -0.000000 -1.000000 -0.000000 -0.000000 -1.000000 -0.000000 -0.000000 -1.000000 -0.000000 -0.000000 -1.000000 -0.000000 -0.000000 -1.000000 -0.000000 -0.000000 -1.000000 -0.000000 -0.000000 -1.000000 -0.000000 -0.932952 0.000000 -0.360000 -0.944719 0.000000 -0.327880 -0.932952 0.000000 -0.360000 -0.951841 0.000000 -0.306593 -0.955258 0.000000 -0.295773 -0.964506 0.000000 -0.264062 -0.967675 0.000000 -0.252202 -0.972445 0.000000 -0.233132 -0.980403 0.000000 -0.197001 -0.979106 0.000000 -0.203352 -0.984561 0.000000 -0.175041 -0.989986 0.000000 -0.141168 -0.988971 0.000000 -0.148112 -0.990810 0.000000 -0.135258 -0.992421 0.000000 -0.122885 -0.993815 0.000000 -0.111050 -0.996391 0.000000 -0.084883 -0.995008 0.000000 -0.099797 -0.996017 0.000000 -0.089165 -0.996860 0.000000 -0.079190 -0.997553 0.000000 -0.069912 -0.998115 0.000000 -0.061366 -0.998564 0.000000 -0.053576 -0.999599 0.000000 -0.028325 -0.998915 0.000000 -0.046560 -0.999186 0.000000 -0.040337 -0.999390 0.000000 -0.034926 -0.999539 0.000000 -0.030345 -0.999646 0.000000 -0.026606 -0.999766 0.000000 -0.021644 -0.999800 0.000000 -0.020000 -0.999599 -0.000000 0.028325 -0.999599 -0.000000 0.028325 -0.996391 -0.000000 0.084883 -0.996391 -0.000000 0.084883 -0.989986 -0.000000 0.141168 -0.989986 -0.000000 0.141168 -0.980403 -0.000000 0.197001 -0.980403 -0.000000 0.197001 -0.967675 -0.000000 0.252202 -0.967675 -0.000000 0.252202 -0.951841 -0.000000 0.306593 -0.951841 -0.000000 0.306593 -0.932952 -0.000000 0.360000 -0.932952 -0.000000 0.360000 -0.999599 0.000000 -0.028325 -0.999766 0.000000 -0.021644 -0.999646 0.000000 -0.026606 -0.999539 0.000000 -0.030345 -0.999390 0.000000 -0.034926 -0.999186 0.000000 -0.040337 -0.998915 0.000000 -0.046560 -0.998564 0.000000 -0.053576 -0.996391 0.000000 -0.084883 -0.998115 0.000000 -0.061366 -0.997553 0.000000 -0.069912 -0.996860 0.000000 -0.079190 -0.996017 0.000000 -0.089165 -0.995008 0.000000 -0.099797 -0.993815 0.000000 -0.111050 -0.989986 0.000000 -0.141168 -0.992421 0.000000 -0.122885 -0.990810 0.000000 -0.135258 -0.988971 0.000000 -0.148112 -0.984561 0.000000 -0.175041 -0.980403 0.000000 -0.197001 -0.979106 0.000000 -0.203352 -0.972445 0.000000 -0.233132 -0.967675 0.000000 -0.252202 -0.964506 0.000000 -0.264062 -0.951841 0.000000 -0.306593 -0.955258 0.000000 -0.295773 -0.944719 0.000000 -0.327880 -0.932952 0.000000 -0.360000 -0.932952 0.000000 -0.360000 0.932952 -0.000000 0.360000 0.932952 -0.000000 0.360000 0.951841 -0.000000 0.306593 0.951841 -0.000000 0.306593 0.967675 -0.000000 0.252202 0.967675 -0.000000 0.252202 0.980403 -0.000000 0.197001 0.980403 -0.000000 0.197001 0.989986 -0.000000 0.141168 0.989986 -0.000000 0.141168 0.996391 -0.000000 0.084883 0.996391 -0.000000 0.084883 0.999599 -0.000000 0.028325 0.999599 -0.000000 0.028325 0.999599 -0.000000 -0.028325 0.999599 -0.000000 -0.028325 0.996391 -0.000000 -0.084883 0.996391 -0.000000 -0.084883 0.989986 -0.000000 -0.141168 0.989986 -0.000000 -0.141168 0.980403 -0.000000 -0.197001 0.980403 -0.000000 -0.197001 0.967675 -0.000000 -0.252202 0.967675 -0.000000 -0.252202 0.951841 -0.000000 -0.306593 0.951841 -0.000000 -0.306593 0.932952 -0.000000 -0.360000 0.932952 -0.000000 -0.360000 0.000000 0.000000 1.000000 0.000000 0.000000 1.000000 0.000000 0.000000 1.000000 0.000000 0.000000 1.000000 0.000000 1.000000 0.000000 0.000000 1.000000 0.000000 0.000000 1.000000 0.000000 0.000000 1.000000 0.000000 0.000000 1.000000 0.000000 0.000000 1.000000 0.000000 0.000000 1.000000 0.000000 0.000000 1.000000 0.000000 0.000000 1.000000 0.000000 0.000000 1.000000 0.000000 0.000000 1.000000 0.000000 0.000000 1.000000 0.000000 0.000000 1.000000 0.000000 0.000000 1.000000 0.000000 0.000000 1.000000 0.000000 0.000000 1.000000 0.000000 0.000000 1.000000 0.000000 0.000000 1.000000 0.000000 0.000000 1.000000 0.000000 0.000000 1.000000 0.000000 0.000000 1.000000 0.000000 0.000000 1.000000 0.000000 0.000000 1.000000 0.000000 0.000000 1.000000 0.000000 0.000000 1.000000 0.000000 0.000000 1.000000 0.000000 0.000000 1.000000 0.000000 0.000000 1.000000 0.000000</float_array>
          <technique_common>
            <accessor source="#JAW_3-mesh-normals-array" count="4422" stride="3">
              <param name="X" type="float"/>
              <param name="Y" type="float"/>
              <param name="Z" type="float"/>
            </accessor>
          </technique_common>
        </source>
        <vertices id="JAW_3-mesh-vertices">
          <input semantic="POSITION" source="#JAW_3-mesh-positions"/>
        </vertices>
        <triangles material="ABS__White_" count="4404">
          <input semantic="VERTEX" source="#JAW_3-mesh-vertices" offset="0"/>
          <input semantic="NORMAL" source="#JAW_3-mesh-normals" offset="1"/>
          <p>1 0 75 1 0 2 0 2 75 1 38 3 0 2 38 3 37 4 37 4 38 3 39 5 37 4 39 5 36 6 36 6 39 5 40 7 36 6 40 7 35 8 35 8 40 7 41 9 35 8 41 9 34 10 34 10 41 9 42 11 34 10 42 11 33 12 33 12 42 11 43 13 33 12 43 13 32 14 32 14 43 13 44 15 32 14 44 15 31 16 31 16 44 15 45 17 31 16 45 17 30 18 30 18 45 17 46 19 30 18 46 19 29 20 29 20 46 19 47 21 29 20 47 21 28 22 28 22 47 21 48 23 28 22 48 23 27 24 27 24 48 23 49 25 27 24 49 25 26 26 26 26 49 25 50 27 26 26 50 27 25 28 25 28 50 27 51 29 25 28 51 29 24 30 24 30 51 29 52 31 24 30 52 31 23 32 23 32 52 31 53 33 23 32 53 33 22 34 22 34 53 33 54 35 22 34 54 35 21 36 21 36 54 35 55 37 21 36 55 37 20 38 20 38 55 37 56 39 20 38 56 39 19 40 19 40 56 39 57 41 19 40 57 41 18 42 18 42 57 41 58 43 18 42 58 43 17 44 17 44 58 43 59 45 17 44 59 45 16 46 16 46 59 45 60 47 16 46 60 47 15 48 15 48 60 47 61 49 15 48 61 49 14 50 14 50 61 49 62 51 14 50 62 51 13 52 13 52 62 51 63 53 13 52 63 53 12 54 12 54 63 53 64 55 12 54 64 55 11 56 11 56 64 55 65 57 11 56 65 57 10 58 10 58 65 57 66 59 10 58 66 59 9 60 9 60 66 59 67 61 9 60 67 61 8 62 8 62 67 61 68 63 8 62 68 63 7 64 7 64 68 63 69 65 7 64 69 65 6 66 6 66 69 65 70 67 6 66 70 67 5 68 5 68 70 67 71 69 5 68 71 69 4 70 4 70 71 69 72 71 4 70 72 71 3 72 3 72 72 71 73 73 3 72 73 73 2 74 2 74 73 73 74 75 2 74 74 75 1 0 1 0 74 75 75 1 37 76 20 77 0 78 0 78 20 77 19 79 0 78 19 79 1 80 1 80 19 79 18 81 1 80 18 81 2 82 2 82 18 81 17 83 2 82 17 83 3 84 3 84 17 83 16 85 3 84 16 85 4 86 4 86 16 85 15 87 4 86 15 87 5 88 5 88 15 87 14 89 5 88 14 89 6 90 6 90 14 89 13 91 6 90 13 91 7 92 7 92 13 91 12 93 7 92 12 93 8 94 8 94 12 93 11 95 8 94 11 95 9 96 9 96 11 95 10 97 20 77 37 76 21 98 21 98 37 76 36 99 21 98 36 99 22 100 22 100 36 99 35 101 22 100 35 101 23 102 23 102 35 101 34 103 23 102 34 103 24 104 24 104 34 103 33 105 24 104 33 105 25 106 25 106 33 105 32 107 25 106 32 107 26 108 26 108 32 107 31 109 26 108 31 109 27 110 27 110 31 109 30 111 27 110 30 111 28 112 28 112 30 111 29 113 77 114 151 115 76 116 76 116 151 115 114 117 76 116 114 117 113 118 113 118 114 117 115 119 113 118 115 119 112 120 112 120 115 119 116 121 112 120 116 121 111 122 111 122 116 121 117 123 111 122 117 123 110 124 110 124 117 123 118 125 110 124 118 125 109 126 109 126 118 125 119 127 109 126 119 127 108 128 108 128 119 127 120 129 108 128 120 129 107 130 107 130 120 129 121 131 107 130 121 131 106 132 106 132 121 131 122 133 106 132 122 133 105 134 105 134 122 133 123 135 105 134 123 135 104 136 104 136 123 135 124 137 104 136 124 137 103 138 103 138 124 137 125 139 103 138 125 139 102 140 102 140 125 139 126 141 102 140 126 141 101 142 101 142 126 141 127 143 101 142 127 143 100 144 100 144 127 143 128 145 100 144 128 145 99 146 99 146 128 145 129 147 99 146 129 147 98 148 98 148 129 147 130 149 98 148 130 149 97 150 97 150 130 149 131 151 97 150 131 151 96 152 96 152 131 151 132 153 96 152 132 153 95 154 95 154 132 153 133 155 95 154 133 155 94 156 94 156 133 155 134 157 94 156 134 157 93 158 93 158 134 157 135 159 93 158 135 159 92 160 92 160 135 159 136 161 92 160 136 161 91 162 91 162 136 161 137 163 91 162 137 163 90 164 90 164 137 163 138 165 90 164 138 165 89 166 89 166 138 165 139 167 89 166 139 167 88 168 88 168 139 167 140 169 88 168 140 169 87 170 87 170 140 169 141 171 87 170 141 171 86 172 86 172 141 171 142 173 86 172 142 173 85 174 85 174 142 173 143 175 85 174 143 175 84 176 84 176 143 175 144 177 84 176 144 177 83 178 83 178 144 177 145 179 83 178 145 179 82 180 82 180 145 179 146 181 82 180 146 181 81 182 81 182 146 181 147 183 81 182 147 183 80 184 80 184 147 183 148 185 80 184 148 185 79 186 79 186 148 185 149 187 79 186 149 187 78 188 78 188 149 187 150 189 78 188 150 189 77 114 77 114 150 189 151 115 113 190 96 191 76 192 76 192 96 191 95 193 76 192 95 193 77 194 77 194 95 193 94 195 77 194 94 195 78 196 78 196 94 195 93 197 78 196 93 197 79 198 79 198 93 197 92 199 79 198 92 199 80 200 80 200 92 199 91 201 80 200 91 201 81 202 81 202 91 201 90 203 81 202 90 203 82 204 82 204 90 203 89 205 82 204 89 205 83 206 83 206 89 205 88 207 83 206 88 207 84 208 84 208 88 207 87 209 84 208 87 209 85 210 85 210 87 209 86 211 96 191 113 190 97 212 97 212 113 190 112 213 97 212 112 213 98 214 98 214 112 213 111 215 98 214 111 215 99 216 99 216 111 215 110 217 99 216 110 217 100 218 100 218 110 217 109 219 100 218 109 219 101 220 101 220 109 219 108 221 101 220 108 221 102 222 102 222 108 221 107 223 102 222 107 223 103 224 103 224 107 223 106 225 103 224 106 225 104 226 104 226 106 225 105 227 153 228 154 229 152 230 152 230 154 229 155 231 152 230 155 231 156 232 152 230 156 232 161 233 161 233 156 232 157 234 161 233 157 234 158 235 158 235 159 236 161 233 161 233 159 236 160 237 162 238 177 239 153 240 153 240 177 239 178 241 153 240 178 241 154 242 154 242 178 241 179 243 154 242 179 243 155 244 155 244 179 243 180 245 155 244 180 245 156 246 156 246 180 245 181 247 156 246 181 247 157 248 157 248 181 247 182 249 157 248 182 249 158 250 158 250 182 249 183 251 158 250 183 251 159 252 159 252 183 251 160 253 160 253 183 251 184 254 163 255 175 256 162 238 162 238 175 256 176 257 162 238 176 257 177 239 163 255 164 258 175 256 175 256 164 258 174 259 174 259 164 258 173 260 173 260 164 258 165 261 173 260 165 261 172 262 172 262 165 261 166 263 172 262 166 263 171 264 171 264 166 263 167 265 171 264 167 265 170 266 170 266 167 265 168 267 170 266 168 267 169 268 177 269 185 270 178 271 178 271 185 270 179 272 179 272 185 270 180 273 180 273 185 270 186 274 180 273 186 274 181 275 181 275 186 274 182 276 182 276 186 274 183 277 183 277 186 274 184 278 153 279 152 280 162 281 162 281 152 280 187 282 162 281 187 282 163 283 163 283 187 282 188 284 163 283 188 284 164 285 164 285 188 284 189 286 164 285 189 286 165 287 165 287 189 286 190 288 165 287 190 288 166 289 166 289 190 288 167 290 167 290 190 288 191 291 167 290 191 291 168 292 168 292 191 291 192 293 168 292 192 293 169 294 169 294 192 293 193 295 169 294 193 295 170 296 170 296 193 295 194 297 170 296 194 297 171 298 171 298 194 297 195 299 171 298 195 299 172 300 172 300 195 299 173 301 173 301 195 299 196 302 173 301 196 302 174 303 174 303 196 302 197 304 174 303 197 304 175 305 175 305 197 304 198 306 175 305 198 306 176 307 176 307 198 306 185 308 176 307 185 308 177 309 185 310 226 311 186 312 186 312 226 311 227 313 186 312 227 313 228 314 198 315 222 316 185 310 185 310 222 316 223 317 185 310 223 317 224 318 222 316 198 315 221 319 221 319 198 315 197 320 221 319 197 320 220 321 220 321 197 320 196 322 220 321 196 322 219 323 219 323 196 322 195 324 219 323 195 324 218 325 218 325 195 324 194 326 218 325 194 326 217 327 217 327 194 326 216 328 216 328 194 326 193 329 216 328 193 329 215 330 215 330 193 329 192 331 215 330 192 331 214 332 214 332 192 331 191 333 214 332 191 333 213 334 213 334 191 333 212 335 212 335 191 333 190 336 212 335 190 336 211 337 211 337 190 336 189 338 211 337 189 338 210 339 210 339 189 338 188 340 210 339 188 340 209 341 209 341 188 340 187 342 209 341 187 342 208 343 208 343 187 342 152 344 208 343 152 344 207 345 207 345 152 344 206 346 206 346 152 344 205 347 205 347 152 344 204 348 204 348 152 344 161 349 204 348 161 349 203 350 203 350 161 349 202 351 202 351 161 349 201 352 201 352 161 349 200 353 200 353 161 349 199 354 224 318 225 355 185 310 185 310 225 355 226 311 228 314 229 356 186 312 186 312 229 356 230 357 186 312 230 357 231 358 199 359 232 360 200 361 200 361 232 360 279 362 200 361 279 362 280 363 232 360 233 364 279 362 279 362 233 364 341 365 341 365 233 364 234 366 341 365 234 366 340 367 340 367 234 366 235 368 340 367 235 368 339 369 339 369 235 368 236 370 339 369 236 370 338 371 338 371 236 370 237 372 338 371 237 372 337 373 337 373 237 372 238 374 337 373 238 374 336 375 336 375 238 374 239 376 336 375 239 376 335 377 335 377 239 376 240 378 335 377 240 378 241 379 335 377 241 379 334 380 334 380 241 379 242 381 334 380 242 381 243 382 334 380 243 382 333 383 333 383 243 382 244 384 333 383 244 384 245 385 333 383 245 385 332 386 332 386 245 385 246 387 332 386 246 387 331 388 331 388 246 387 247 389 331 388 247 389 248 390 331 388 248 390 330 391 330 391 248 390 249 392 330 391 249 392 250 393 330 391 250 393 329 394 329 394 250 393 251 395 329 394 251 395 252 396 329 394 252 396 328 397 328 397 252 396 253 398 328 397 253 398 254 399 328 397 254 399 327 400 327 400 254 399 255 401 327 400 255 401 326 402 326 402 255 401 256 403 326 402 256 403 325 404 325 404 256 403 257 405 325 404 257 405 324 406 324 406 257 405 258 407 324 406 258 407 259 408 324 406 259 408 323 409 323 409 259 408 260 410 323 409 260 410 261 411 323 409 261 411 322 412 322 412 261 411 262 413 322 412 262 413 321 414 321 414 262 413 263 415 321 414 263 415 264 416 321 414 264 416 320 417 320 417 264 416 265 418 320 417 265 418 266 419 320 417 266 419 319 420 319 420 266 419 267 421 319 420 267 421 268 422 319 420 268 422 318 423 318 423 268 422 269 424 318 423 269 424 270 425 318 423 270 425 317 426 317 426 270 425 271 427 317 426 271 427 272 428 317 426 272 428 316 429 316 429 272 428 273 430 316 429 273 430 315 431 315 431 273 430 274 432 315 431 274 432 314 433 314 433 274 432 275 434 314 433 275 434 313 435 313 435 275 434 276 436 313 435 276 436 312 437 312 437 276 436 277 438 312 437 277 438 311 439 311 439 277 438 278 440 311 439 278 440 310 441 310 441 278 440 231 442 310 441 231 442 230 443 310 441 230 443 309 444 309 444 230 443 229 445 309 444 229 445 308 446 308 446 229 445 228 447 308 446 228 447 307 448 307 448 228 447 227 449 307 448 227 449 306 450 306 450 227 449 226 451 306 450 226 451 305 452 305 452 226 451 225 453 305 452 225 453 304 454 304 454 225 453 224 455 304 454 224 455 303 456 303 456 224 455 223 457 303 456 223 457 302 458 302 458 223 457 222 459 302 458 222 459 301 460 301 460 222 459 221 461 301 460 221 461 300 462 300 462 221 461 220 463 300 462 220 463 299 464 299 464 220 463 219 465 299 464 219 465 298 466 298 466 219 465 218 467 298 466 218 467 297 468 297 468 218 467 217 469 297 468 217 469 296 470 296 470 217 469 216 471 296 470 216 471 295 472 295 472 216 471 215 473 295 472 215 473 294 474 294 474 215 473 214 475 294 474 214 475 293 476 293 476 214 475 213 477 293 476 213 477 292 478 292 478 213 477 212 479 292 478 212 479 291 480 291 480 212 479 211 481 291 480 211 481 290 482 290 482 211 481 210 483 290 482 210 483 289 484 289 484 210 483 209 485 289 484 209 485 288 486 288 486 209 485 208 487 288 486 208 487 287 488 287 488 208 487 207 489 287 488 207 489 286 490 286 490 207 489 206 491 286 490 206 491 285 492 285 492 206 491 205 493 285 492 205 493 284 494 284 494 205 493 204 495 284 494 204 495 283 496 283 496 204 495 203 497 283 496 203 497 282 498 282 498 203 497 202 499 282 498 202 499 281 500 281 500 202 499 201 501 281 500 201 501 280 363 280 363 201 501 200 361 75 502 311 503 38 504 38 504 311 503 310 505 38 504 310 505 39 506 39 506 310 505 309 507 39 506 309 507 308 508 74 509 313 510 75 502 75 502 313 510 312 511 75 502 312 511 311 503 73 512 315 513 74 509 74 509 315 513 314 514 74 509 314 514 313 510 315 513 73 512 316 515 316 515 73 512 72 516 316 515 72 516 317 517 317 517 72 516 318 518 318 518 72 516 71 519 318 518 71 519 319 520 319 520 71 519 320 521 320 521 71 519 70 522 320 521 70 522 321 523 321 523 70 522 69 524 321 523 69 524 322 525 322 525 69 524 323 526 323 526 69 524 68 527 323 526 68 527 324 528 324 528 68 527 325 529 325 529 68 527 67 530 325 529 67 530 326 531 326 531 67 530 66 532 326 531 66 532 327 533 327 533 66 532 328 534 328 534 66 532 65 535 328 534 65 535 329 536 329 536 65 535 330 537 330 537 65 535 64 538 330 537 64 538 331 539 331 539 64 538 63 540 331 539 63 540 332 541 332 541 63 540 333 542 333 542 63 540 62 543 333 542 62 543 334 544 334 544 62 543 335 545 335 545 62 543 61 546 335 545 61 546 336 547 336 547 61 546 60 548 336 547 60 548 337 549 337 549 60 548 338 550 338 550 60 548 59 551 338 550 59 551 339 552 339 552 59 551 340 553 340 553 59 551 58 554 340 553 58 554 341 555 341 555 58 554 57 556 341 555 57 556 279 557 279 557 57 556 280 558 280 558 57 556 56 559 280 558 56 559 281 560 281 560 56 559 55 561 281 560 55 561 282 562 282 562 55 561 283 563 283 563 55 561 54 564 283 563 54 564 284 565 284 565 54 564 53 566 284 565 53 566 52 567 52 567 51 568 284 565 284 565 51 568 50 569 284 565 50 569 49 570 48 571 293 572 49 570 49 570 293 572 292 573 49 570 292 573 291 574 47 575 295 576 48 571 48 571 295 576 294 577 48 571 294 577 293 572 295 576 47 575 296 578 296 578 47 575 46 579 296 578 46 579 297 580 297 580 46 579 298 581 298 581 46 579 45 582 298 581 45 582 299 583 299 583 45 582 300 584 300 584 45 582 44 585 300 584 44 585 301 586 301 586 44 585 43 587 301 586 43 587 302 588 302 588 43 587 303 589 303 589 43 587 42 590 303 589 42 590 304 591 304 591 42 590 305 592 305 592 42 590 41 593 305 592 41 593 306 594 306 594 41 593 40 595 306 594 40 595 307 596 307 596 40 595 308 508 308 508 40 595 39 506 291 574 290 597 49 570 49 570 290 597 289 598 49 570 289 598 288 599 288 599 287 600 49 570 49 570 287 600 286 601 49 570 286 601 285 602 285 602 284 565 49 570 186 603 231 604 184 605 184 605 231 604 343 606 184 605 343 606 344 607 278 608 342 609 231 604 231 604 342 609 343 606 345 610 199 611 344 607 344 607 199 611 160 612 344 607 160 612 184 605 345 610 232 613 199 611 199 611 161 614 160 612 399 615 346 616 400 617 400 617 346 616 347 618 400 617 347 618 452 619 452 619 347 618 348 620 452 619 348 620 451 621 451 621 348 620 349 622 451 621 349 622 450 623 450 623 349 622 350 624 450 623 350 624 449 625 449 625 350 624 351 626 449 625 351 626 448 627 448 627 351 626 352 628 448 627 352 628 447 629 447 629 352 628 353 630 447 629 353 630 446 631 446 631 353 630 354 632 446 631 354 632 445 633 445 633 354 632 355 634 445 633 355 634 444 635 444 635 355 634 356 636 444 635 356 636 443 637 443 637 356 636 357 638 443 637 357 638 442 639 442 639 357 638 358 640 442 639 358 640 441 641 441 641 358 640 359 642 441 641 359 642 440 643 440 643 359 642 360 644 440 643 360 644 439 645 439 645 360 644 361 646 439 645 361 646 438 647 438 647 361 646 362 648 438 647 362 648 437 649 437 649 362 648 363 650 437 649 363 650 436 651 436 651 363 650 364 652 436 651 364 652 435 653 435 653 364 652 365 654 435 653 365 654 434 655 434 655 365 654 366 656 434 655 366 656 433 657 433 657 366 656 367 658 433 657 367 658 432 659 432 659 367 658 368 660 432 659 368 660 431 661 431 661 368 660 369 662 431 661 369 662 430 663 430 663 369 662 370 664 430 663 370 664 429 665 429 665 370 664 371 666 429 665 371 666 428 667 428 667 371 666 372 668 428 667 372 668 427 669 427 669 372 668 373 670 427 669 373 670 426 671 426 671 373 670 374 672 426 671 374 672 425 673 425 673 374 672 375 674 425 673 375 674 424 675 424 675 375 674 376 676 424 675 376 676 423 677 423 677 376 676 377 678 423 677 377 678 422 679 422 679 377 678 378 680 422 679 378 680 421 681 421 681 378 680 379 682 421 681 379 682 420 683 420 683 379 682 380 684 420 683 380 684 419 685 419 685 380 684 381 686 419 685 381 686 418 687 418 687 381 686 382 688 418 687 382 688 417 689 417 689 382 688 383 690 417 689 383 690 416 691 416 691 383 690 384 692 416 691 384 692 415 693 415 693 384 692 385 694 415 693 385 694 414 695 414 695 385 694 386 696 414 695 386 696 413 697 413 697 386 696 387 698 413 697 387 698 412 699 412 699 387 698 388 700 412 699 388 700 411 701 411 701 388 700 389 702 411 701 389 702 410 703 410 703 389 702 390 704 410 703 390 704 409 705 409 705 390 704 391 706 409 705 391 706 408 707 408 707 391 706 392 708 408 707 392 708 407 709 407 709 392 708 393 710 407 709 393 710 406 711 406 711 393 710 394 712 406 711 394 712 405 713 405 713 394 712 395 714 405 713 395 714 404 715 404 715 395 714 396 716 404 715 396 716 403 717 403 717 396 716 397 718 403 717 397 718 402 719 402 719 397 718 398 720 402 719 398 720 401 721 401 721 398 720 399 615 401 721 399 615 400 617 454 722 347 723 453 724 453 724 347 723 346 725 453 724 346 725 506 726 506 726 346 725 399 727 506 726 399 727 505 728 505 728 399 727 398 729 505 728 398 729 504 730 504 730 398 729 397 731 504 730 397 731 503 732 503 732 397 731 396 733 503 732 396 733 502 734 502 734 396 733 395 735 502 734 395 735 501 736 501 736 395 735 394 737 501 736 394 737 500 738 500 738 394 737 393 739 500 738 393 739 499 740 499 740 393 739 392 741 499 740 392 741 498 742 498 742 392 741 391 743 498 742 391 743 497 744 497 744 391 743 390 745 497 744 390 745 496 746 496 746 390 745 389 747 496 746 389 747 495 748 495 748 389 747 388 749 495 748 388 749 494 750 494 750 388 749 387 751 494 750 387 751 493 752 493 752 387 751 386 753 493 752 386 753 492 754 492 754 386 753 385 755 492 754 385 755 491 756 491 756 385 755 384 757 491 756 384 757 490 758 490 758 384 757 383 759 490 758 383 759 489 760 489 760 383 759 382 761 489 760 382 761 488 762 488 762 382 761 381 763 488 762 381 763 487 764 487 764 381 763 380 765 487 764 380 765 486 766 486 766 380 765 379 767 486 766 379 767 485 768 485 768 379 767 378 769 485 768 378 769 484 770 484 770 378 769 377 771 484 770 377 771 483 772 483 772 377 771 376 773 483 772 376 773 482 774 482 774 376 773 375 775 482 774 375 775 481 776 481 776 375 775 374 777 481 776 374 777 480 778 480 778 374 777 373 779 480 778 373 779 479 780 479 780 373 779 372 781 479 780 372 781 478 782 478 782 372 781 371 783 478 782 371 783 477 784 477 784 371 783 370 785 477 784 370 785 476 786 476 786 370 785 369 787 476 786 369 787 475 788 475 788 369 787 368 789 475 788 368 789 474 790 474 790 368 789 367 791 474 790 367 791 473 792 473 792 367 791 366 793 473 792 366 793 472 794 472 794 366 793 365 795 472 794 365 795 471 796 471 796 365 795 364 797 471 796 364 797 470 798 470 798 364 797 363 799 470 798 363 799 469 800 469 800 363 799 362 801 469 800 362 801 468 802 468 802 362 801 361 803 468 802 361 803 467 804 467 804 361 803 360 805 467 804 360 805 466 806 466 806 360 805 359 807 466 806 359 807 465 808 465 808 359 807 358 809 465 808 358 809 464 810 464 810 358 809 357 811 464 810 357 811 463 812 463 812 357 811 356 813 463 812 356 813 462 814 462 814 356 813 355 815 462 814 355 815 461 816 461 816 355 815 354 817 461 816 354 817 460 818 460 818 354 817 353 819 460 818 353 819 459 820 459 820 353 819 352 821 459 820 352 821 458 822 458 822 352 821 351 823 458 822 351 823 457 824 457 824 351 823 350 825 457 824 350 825 456 826 456 826 350 825 349 827 456 826 349 827 455 828 455 828 349 827 348 829 455 828 348 829 454 722 454 722 348 829 347 723 151 830 454 831 114 832 114 832 454 831 453 833 114 832 453 833 506 834 454 831 151 830 455 835 455 835 151 830 150 836 455 835 150 836 456 837 456 837 150 836 457 838 457 838 150 836 149 839 457 838 149 839 458 840 458 840 149 839 148 841 458 840 148 841 459 842 459 842 148 841 147 843 459 842 147 843 460 844 460 844 147 843 461 845 461 845 147 843 146 846 461 845 146 846 462 847 462 847 146 846 145 848 462 847 145 848 463 849 463 849 145 848 464 850 464 850 145 848 144 851 464 850 144 851 465 852 465 852 144 851 143 853 465 852 143 853 466 854 466 854 143 853 142 855 466 854 142 855 467 856 467 856 142 855 468 857 468 857 142 855 141 858 468 857 141 858 469 859 469 859 141 858 140 860 469 859 140 860 470 861 470 861 140 860 471 862 471 862 140 860 139 863 471 862 139 863 472 864 472 864 139 863 138 865 472 864 138 865 473 866 473 866 138 865 474 867 474 867 138 865 137 868 474 867 137 868 475 869 475 869 137 868 136 870 475 869 136 870 476 871 476 871 136 870 135 872 476 871 135 872 477 873 477 873 135 872 478 874 478 874 135 872 134 875 478 874 134 875 479 876 479 876 134 875 133 877 479 876 133 877 480 878 480 878 133 877 481 879 481 879 133 877 132 880 481 879 132 880 482 881 482 881 132 880 131 882 482 881 131 882 483 883 483 883 131 882 484 884 484 884 131 882 130 885 484 884 130 885 485 886 485 886 130 885 129 887 485 886 129 887 486 888 486 888 129 887 128 889 486 888 128 889 487 890 487 890 128 889 488 891 488 891 128 889 127 892 488 891 127 892 489 893 489 893 127 892 126 894 489 893 126 894 490 895 490 895 126 894 491 896 491 896 126 894 125 897 491 896 125 897 492 898 492 898 125 897 124 899 492 898 124 899 493 900 493 900 124 899 123 901 493 900 123 901 494 902 494 902 123 901 495 903 495 903 123 901 122 904 495 903 122 904 496 905 496 905 122 904 121 906 496 905 121 906 497 907 497 907 121 906 498 908 498 908 121 906 120 909 498 908 120 909 499 910 499 910 120 909 119 911 499 910 119 911 500 912 500 912 119 911 501 913 501 913 119 911 118 914 501 913 118 914 502 915 502 915 118 914 117 916 502 915 117 916 503 917 503 917 117 916 116 918 503 917 116 918 504 919 504 919 116 918 505 920 505 920 116 918 115 921 505 920 115 921 506 834 506 834 115 921 114 832 452 922 559 923 400 924 400 924 559 923 507 925 400 924 507 925 401 926 401 926 507 925 508 927 401 926 508 927 402 928 402 928 508 927 509 929 402 928 509 929 403 930 403 930 509 929 510 931 403 930 510 931 404 932 404 932 510 931 511 933 404 932 511 933 405 934 405 934 511 933 512 935 405 934 512 935 406 936 406 936 512 935 513 937 406 936 513 937 407 938 407 938 513 937 514 939 407 938 514 939 408 940 408 940 514 939 515 941 408 940 515 941 409 942 409 942 515 941 516 943 409 942 516 943 410 944 410 944 516 943 517 945 410 944 517 945 411 946 411 946 517 945 518 947 411 946 518 947 412 948 412 948 518 947 519 949 412 948 519 949 413 950 413 950 519 949 520 951 413 950 520 951 414 952 414 952 520 951 521 953 414 952 521 953 415 954 415 954 521 953 522 955 415 954 522 955 416 956 416 956 522 955 523 957 416 956 523 957 417 958 417 958 523 957 524 959 417 958 524 959 418 960 418 960 524 959 525 961 418 960 525 961 419 962 419 962 525 961 526 963 419 962 526 963 420 964 420 964 526 963 527 965 420 964 527 965 421 966 421 966 527 965 528 967 421 966 528 967 422 968 422 968 528 967 529 969 422 968 529 969 423 970 423 970 529 969 530 971 423 970 530 971 424 972 424 972 530 971 531 973 424 972 531 973 425 974 425 974 531 973 532 975 425 974 532 975 426 976 426 976 532 975 533 977 426 976 533 977 427 978 427 978 533 977 534 979 427 978 534 979 428 980 428 980 534 979 535 981 428 980 535 981 429 982 429 982 535 981 536 983 429 982 536 983 430 984 430 984 536 983 537 985 430 984 537 985 431 986 431 986 537 985 538 987 431 986 538 987 432 988 432 988 538 987 539 989 432 988 539 989 433 990 433 990 539 989 540 991 433 990 540 991 434 992 434 992 540 991 541 993 434 992 541 993 435 994 435 994 541 993 542 995 435 994 542 995 436 996 436 996 542 995 543 997 436 996 543 997 437 998 437 998 543 997 544 999 437 998 544 999 438 1000 438 1000 544 999 545 1001 438 1000 545 1001 439 1002 439 1002 545 1001 546 1003 439 1002 546 1003 440 1004 440 1004 546 1003 547 1005 440 1004 547 1005 441 1006 441 1006 547 1005 548 1007 441 1006 548 1007 442 1008 442 1008 548 1007 549 1009 442 1008 549 1009 443 1010 443 1010 549 1009 550 1011 443 1010 550 1011 444 1012 444 1012 550 1011 551 1013 444 1012 551 1013 445 1014 445 1014 551 1013 552 1015 445 1014 552 1015 446 1016 446 1016 552 1015 553 1017 446 1016 553 1017 447 1018 447 1018 553 1017 554 1019 447 1018 554 1019 448 1020 448 1020 554 1019 555 1021 448 1020 555 1021 449 1022 449 1022 555 1021 556 1023 449 1022 556 1023 450 1024 450 1024 556 1023 557 1025 450 1024 557 1025 451 1026 451 1026 557 1025 558 1027 451 1026 558 1027 452 922 452 922 558 1027 559 923 561 1028 626 1029 560 1030 560 1030 626 1029 627 1031 560 1030 627 1031 613 1032 613 1032 627 1031 612 1033 612 1033 627 1031 611 1034 611 1034 627 1031 610 1035 610 1035 627 1031 609 1036 609 1036 627 1031 608 1037 608 1037 627 1031 607 1038 607 1038 627 1031 628 1039 607 1038 628 1039 606 1040 606 1040 628 1039 605 1041 605 1041 628 1039 629 1042 605 1041 629 1042 604 1043 604 1043 629 1042 630 1044 604 1043 630 1044 603 1045 603 1045 630 1044 631 1046 603 1045 631 1046 602 1047 602 1047 631 1046 632 1048 602 1047 632 1048 601 1049 601 1049 632 1048 633 1050 601 1049 633 1050 600 1051 600 1051 633 1050 634 1052 600 1051 634 1052 599 1053 599 1053 634 1052 635 1054 599 1053 635 1054 598 1055 598 1055 635 1054 636 1056 598 1055 636 1056 597 1057 597 1057 636 1056 637 1058 597 1057 637 1058 596 1059 596 1059 637 1058 638 1060 596 1059 638 1060 595 1061 595 1061 638 1060 594 1062 594 1062 638 1060 639 1063 594 1062 639 1063 593 1064 593 1064 639 1063 592 1065 592 1065 639 1063 591 1066 591 1066 639 1063 590 1067 590 1067 639 1063 589 1068 589 1068 639 1063 588 1069 588 1069 639 1063 587 1070 587 1070 639 1063 614 1071 587 1070 614 1071 586 1072 586 1072 614 1071 585 1073 585 1073 614 1071 584 1074 584 1074 614 1071 583 1075 583 1075 614 1071 582 1076 582 1076 614 1071 581 1077 581 1077 614 1071 580 1078 580 1078 614 1071 615 1079 580 1078 615 1079 579 1080 579 1080 615 1079 578 1081 578 1081 615 1079 616 1082 578 1081 616 1082 577 1083 577 1083 616 1082 617 1084 577 1083 617 1084 576 1085 576 1085 617 1084 618 1086 576 1085 618 1086 575 1087 575 1087 618 1086 619 1088 575 1087 619 1088 574 1089 574 1089 619 1088 620 1090 574 1089 620 1090 573 1091 573 1091 620 1090 621 1092 573 1091 621 1092 572 1093 572 1093 621 1092 622 1094 572 1093 622 1094 571 1095 571 1095 622 1094 623 1096 571 1095 623 1096 570 1097 570 1097 623 1096 624 1098 570 1097 624 1098 569 1099 569 1099 624 1098 625 1100 569 1099 625 1100 568 1101 568 1101 625 1100 567 1102 567 1102 625 1100 626 1029 567 1102 626 1029 566 1103 566 1103 626 1029 565 1104 565 1104 626 1029 564 1105 564 1105 626 1029 563 1106 563 1106 626 1029 562 1107 562 1107 626 1029 561 1028 641 1108 561 1109 640 1110 640 1110 561 1109 560 1111 640 1110 560 1111 693 1112 693 1112 560 1111 613 1113 693 1112 613 1113 692 1114 692 1114 613 1113 612 1115 692 1114 612 1115 691 1116 691 1116 612 1115 611 1117 691 1116 611 1117 690 1118 690 1118 611 1117 610 1119 690 1118 610 1119 689 1120 689 1120 610 1119 609 1121 689 1120 609 1121 688 1122 688 1122 609 1121 608 1123 688 1122 608 1123 687 1124 687 1124 608 1123 607 1125 687 1124 607 1125 686 1126 686 1126 607 1125 606 1127 686 1126 606 1127 685 1128 685 1128 606 1127 605 1129 685 1128 605 1129 684 1130 684 1130 605 1129 604 1131 684 1130 604 1131 683 1132 683 1132 604 1131 603 1133 683 1132 603 1133 682 1134 682 1134 603 1133 602 1135 682 1134 602 1135 681 1136 681 1136 602 1135 601 1137 681 1136 601 1137 680 1138 680 1138 601 1137 600 1139 680 1138 600 1139 679 1140 679 1140 600 1139 599 1141 679 1140 599 1141 678 1142 678 1142 599 1141 598 1143 678 1142 598 1143 677 1144 677 1144 598 1143 597 1145 677 1144 597 1145 676 1146 676 1146 597 1145 596 1147 676 1146 596 1147 675 1148 675 1148 596 1147 595 1149 675 1148 595 1149 674 1150 674 1150 595 1149 594 1151 674 1150 594 1151 673 1152 673 1152 594 1151 593 1153 673 1152 593 1153 672 1154 672 1154 593 1153 592 1155 672 1154 592 1155 671 1156 671 1156 592 1155 591 1157 671 1156 591 1157 670 1158 670 1158 591 1157 590 1159 670 1158 590 1159 669 1160 669 1160 590 1159 589 1161 669 1160 589 1161 668 1162 668 1162 589 1161 588 1163 668 1162 588 1163 667 1164 667 1164 588 1163 587 1165 667 1164 587 1165 666 1166 666 1166 587 1165 586 1167 666 1166 586 1167 665 1168 665 1168 586 1167 585 1169 665 1168 585 1169 664 1170 664 1170 585 1169 584 1171 664 1170 584 1171 663 1172 663 1172 584 1171 583 1173 663 1172 583 1173 662 1174 662 1174 583 1173 582 1175 662 1174 582 1175 661 1176 661 1176 582 1175 581 1177 661 1176 581 1177 660 1178 660 1178 581 1177 580 1179 660 1178 580 1179 659 1180 659 1180 580 1179 579 1181 659 1180 579 1181 658 1182 658 1182 579 1181 578 1183 658 1182 578 1183 657 1184 657 1184 578 1183 577 1185 657 1184 577 1185 656 1186 656 1186 577 1185 576 1187 656 1186 576 1187 655 1188 655 1188 576 1187 575 1189 655 1188 575 1189 654 1190 654 1190 575 1189 574 1191 654 1190 574 1191 653 1192 653 1192 574 1191 573 1193 653 1192 573 1193 652 1194 652 1194 573 1193 572 1195 652 1194 572 1195 651 1196 651 1196 572 1195 571 1197 651 1196 571 1197 650 1198 650 1198 571 1197 570 1199 650 1198 570 1199 649 1200 649 1200 570 1199 569 1201 649 1200 569 1201 648 1202 648 1202 569 1201 568 1203 648 1202 568 1203 647 1204 647 1204 568 1203 567 1205 647 1204 567 1205 646 1206 646 1206 567 1205 566 1207 646 1206 566 1207 645 1208 645 1208 566 1207 565 1209 645 1208 565 1209 644 1210 644 1210 565 1209 564 1211 644 1210 564 1211 643 1212 643 1212 564 1211 563 1213 643 1212 563 1213 642 1214 642 1214 563 1213 562 1215 642 1214 562 1215 641 1108 641 1108 562 1215 561 1109 559 1216 641 1217 507 1218 507 1218 641 1217 640 1219 507 1218 640 1219 693 1220 641 1217 559 1216 642 1221 642 1221 559 1216 558 1222 642 1221 558 1222 643 1223 643 1223 558 1222 557 1224 643 1223 557 1224 644 1225 644 1225 557 1224 556 1226 644 1225 556 1226 645 1227 645 1227 556 1226 555 1228 645 1227 555 1228 646 1229 646 1229 555 1228 554 1230 646 1229 554 1230 647 1231 647 1231 554 1230 553 1232 647 1231 553 1232 648 1233 648 1233 553 1232 552 1234 648 1233 552 1234 649 1235 649 1235 552 1234 551 1236 649 1235 551 1236 650 1237 650 1237 551 1236 550 1238 650 1237 550 1238 651 1239 651 1239 550 1238 549 1240 651 1239 549 1240 652 1241 652 1241 549 1240 548 1242 652 1241 548 1242 653 1243 653 1243 548 1242 547 1244 653 1243 547 1244 654 1245 654 1245 547 1244 546 1246 654 1245 546 1246 655 1247 655 1247 546 1246 545 1248 655 1247 545 1248 656 1249 656 1249 545 1248 544 1250 656 1249 544 1250 657 1251 657 1251 544 1250 543 1252 657 1251 543 1252 658 1253 658 1253 543 1252 542 1254 658 1253 542 1254 659 1255 659 1255 542 1254 541 1256 659 1255 541 1256 660 1257 660 1257 541 1256 540 1258 660 1257 540 1258 661 1259 661 1259 540 1258 539 1260 661 1259 539 1260 662 1261 662 1261 539 1260 538 1262 662 1261 538 1262 663 1263 663 1263 538 1262 537 1264 663 1263 537 1264 664 1265 664 1265 537 1264 536 1266 664 1265 536 1266 665 1267 665 1267 536 1266 535 1268 665 1267 535 1268 666 1269 666 1269 535 1268 534 1270 666 1269 534 1270 667 1271 667 1271 534 1270 533 1272 667 1271 533 1272 668 1273 668 1273 533 1272 532 1274 668 1273 532 1274 669 1275 669 1275 532 1274 531 1276 669 1275 531 1276 670 1277 670 1277 531 1276 530 1278 670 1277 530 1278 671 1279 671 1279 530 1278 529 1280 671 1279 529 1280 672 1281 672 1281 529 1280 528 1282 672 1281 528 1282 673 1283 673 1283 528 1282 527 1284 673 1283 527 1284 674 1285 674 1285 527 1284 526 1286 674 1285 526 1286 675 1287 675 1287 526 1286 525 1288 675 1287 525 1288 676 1289 676 1289 525 1288 524 1290 676 1289 524 1290 677 1291 677 1291 524 1290 523 1292 677 1291 523 1292 678 1293 678 1293 523 1292 522 1294 678 1293 522 1294 679 1295 679 1295 522 1294 521 1296 679 1295 521 1296 680 1297 680 1297 521 1296 520 1298 680 1297 520 1298 681 1299 681 1299 520 1298 519 1300 681 1299 519 1300 682 1301 682 1301 519 1300 518 1302 682 1301 518 1302 683 1303 683 1303 518 1302 517 1304 683 1303 517 1304 684 1305 684 1305 517 1304 516 1306 684 1305 516 1306 685 1307 685 1307 516 1306 515 1308 685 1307 515 1308 686 1309 686 1309 515 1308 514 1310 686 1309 514 1310 687 1311 687 1311 514 1310 513 1312 687 1311 513 1312 688 1313 688 1313 513 1312 512 1314 688 1313 512 1314 689 1315 689 1315 512 1314 511 1316 689 1315 511 1316 690 1317 690 1317 511 1316 510 1318 690 1317 510 1318 691 1319 691 1319 510 1318 509 1320 691 1319 509 1320 692 1321 692 1321 509 1320 508 1322 692 1321 508 1322 693 1220 693 1220 508 1322 507 1218 614 1323 694 1324 707 1325 707 1325 694 1324 695 1326 707 1325 695 1326 708 1327 708 1327 695 1326 696 1328 708 1327 696 1328 709 1329 709 1329 696 1328 697 1330 709 1329 697 1330 710 1331 710 1331 697 1330 698 1332 710 1331 698 1332 711 1333 711 1333 698 1332 699 1334 711 1333 699 1334 712 1335 712 1335 699 1334 700 1336 712 1335 700 1336 713 1337 713 1337 700 1336 701 1338 713 1337 701 1338 714 1339 714 1339 701 1338 702 1340 714 1339 702 1340 715 1341 715 1341 702 1340 703 1342 715 1341 703 1342 716 1343 716 1343 703 1342 704 1344 716 1343 704 1344 717 1345 717 1345 704 1344 705 1346 717 1345 705 1346 706 1347 706 1347 626 1348 717 1345 717 1345 626 1348 625 1349 717 1345 625 1349 716 1343 716 1343 625 1349 624 1350 716 1343 624 1350 715 1341 715 1341 624 1350 623 1351 715 1341 623 1351 714 1339 714 1339 623 1351 622 1352 714 1339 622 1352 713 1337 713 1337 622 1352 621 1353 713 1337 621 1353 712 1335 712 1335 621 1353 620 1354 712 1335 620 1354 711 1333 711 1333 620 1354 619 1355 711 1333 619 1355 710 1331 710 1331 619 1355 618 1356 710 1331 618 1356 709 1329 709 1329 618 1356 617 1357 709 1329 617 1357 708 1327 708 1327 617 1357 616 1358 708 1327 616 1358 707 1325 707 1325 616 1358 615 1359 707 1325 615 1359 614 1323 718 1360 694 1361 639 1362 639 1362 694 1361 614 1363 627 1364 719 1365 731 1366 731 1366 719 1365 720 1367 731 1366 720 1367 732 1368 732 1368 720 1367 721 1369 732 1368 721 1369 733 1370 733 1370 721 1369 722 1371 733 1370 722 1371 734 1372 734 1372 722 1371 723 1373 734 1372 723 1373 735 1374 735 1374 723 1373 724 1375 735 1374 724 1375 736 1376 736 1376 724 1375 725 1377 736 1376 725 1377 737 1378 737 1378 725 1377 726 1379 737 1378 726 1379 738 1380 738 1380 726 1379 727 1381 738 1380 727 1381 739 1382 739 1382 727 1381 728 1383 739 1382 728 1383 740 1384 740 1384 728 1383 729 1385 740 1384 729 1385 741 1386 741 1386 729 1385 730 1387 741 1386 730 1387 718 1388 718 1388 639 1389 741 1386 741 1386 639 1389 638 1390 741 1386 638 1390 740 1384 740 1384 638 1390 637 1391 740 1384 637 1391 739 1382 739 1382 637 1391 636 1392 739 1382 636 1392 738 1380 738 1380 636 1392 635 1393 738 1380 635 1393 737 1378 737 1378 635 1393 634 1394 737 1378 634 1394 736 1376 736 1376 634 1394 633 1395 736 1376 633 1395 735 1374 735 1374 633 1395 632 1396 735 1374 632 1396 734 1372 734 1372 632 1396 631 1397 734 1372 631 1397 733 1370 733 1370 631 1397 630 1398 733 1370 630 1398 732 1368 732 1368 630 1398 629 1399 732 1368 629 1399 731 1366 731 1366 629 1399 628 1400 731 1366 628 1400 627 1364 706 1401 719 1402 626 1403 626 1403 719 1402 627 1404 743 1405 789 1406 742 1407 742 1407 789 1406 766 1408 742 1407 766 1408 765 1409 765 1409 766 1408 767 1410 765 1409 767 1410 764 1411 764 1411 767 1410 768 1412 764 1411 768 1412 763 1413 763 1413 768 1412 769 1414 763 1413 769 1414 762 1415 762 1415 769 1414 770 1416 762 1415 770 1416 761 1417 761 1417 770 1416 771 1418 761 1417 771 1418 760 1419 760 1419 771 1418 772 1420 760 1419 772 1420 759 1421 759 1421 772 1420 773 1422 759 1421 773 1422 758 1423 758 1423 773 1422 774 1424 758 1423 774 1424 757 1425 757 1425 774 1424 775 1426 757 1425 775 1426 756 1427 756 1427 775 1426 776 1428 756 1427 776 1428 755 1429 755 1429 776 1428 777 1430 755 1429 777 1430 754 1431 754 1431 777 1430 778 1432 754 1431 778 1432 753 1433 753 1433 778 1432 779 1434 753 1433 779 1434 752 1435 752 1435 779 1434 780 1436 752 1435 780 1436 751 1437 751 1437 780 1436 781 1438 751 1437 781 1438 750 1439 750 1439 781 1438 782 1440 750 1439 782 1440 749 1441 749 1441 782 1440 783 1442 749 1441 783 1442 748 1443 748 1443 783 1442 784 1444 748 1443 784 1444 747 1445 747 1445 784 1444 785 1446 747 1445 785 1446 746 1447 746 1447 785 1446 786 1448 746 1447 786 1448 745 1449 745 1449 786 1448 787 1450 745 1449 787 1450 744 1451 744 1451 787 1450 788 1452 744 1451 788 1452 743 1405 743 1405 788 1452 789 1406 791 1453 837 1454 790 1455 790 1455 837 1454 814 1456 790 1455 814 1456 813 1457 813 1457 814 1456 815 1458 813 1457 815 1458 812 1459 812 1459 815 1458 816 1460 812 1459 816 1460 811 1461 811 1461 816 1460 817 1462 811 1461 817 1462 810 1463 810 1463 817 1462 818 1464 810 1463 818 1464 809 1465 809 1465 818 1464 819 1466 809 1465 819 1466 808 1467 808 1467 819 1466 820 1468 808 1467 820 1468 807 1469 807 1469 820 1468 821 1470 807 1469 821 1470 806 1471 806 1471 821 1470 822 1472 806 1471 822 1472 805 1473 805 1473 822 1472 823 1474 805 1473 823 1474 804 1475 804 1475 823 1474 824 1476 804 1475 824 1476 803 1477 803 1477 824 1476 825 1478 803 1477 825 1478 802 1479 802 1479 825 1478 826 1480 802 1479 826 1480 801 1481 801 1481 826 1480 827 1482 801 1481 827 1482 800 1483 800 1483 827 1482 828 1484 800 1483 828 1484 799 1485 799 1485 828 1484 829 1486 799 1485 829 1486 798 1487 798 1487 829 1486 830 1488 798 1487 830 1488 797 1489 797 1489 830 1488 831 1490 797 1489 831 1490 796 1491 796 1491 831 1490 832 1492 796 1491 832 1492 795 1493 795 1493 832 1492 833 1494 795 1493 833 1494 794 1495 794 1495 833 1494 834 1496 794 1495 834 1496 793 1497 793 1497 834 1496 835 1498 793 1497 835 1498 792 1499 792 1499 835 1498 836 1500 792 1499 836 1500 791 1453 791 1453 836 1500 837 1454 743 1501 742 1502 790 1503 790 1503 742 1502 765 1504 790 1503 765 1504 791 1505 791 1505 765 1504 764 1506 791 1505 764 1506 792 1507 792 1507 764 1506 763 1508 792 1507 763 1508 793 1509 793 1509 763 1508 762 1510 793 1509 762 1510 794 1511 794 1511 762 1510 761 1512 794 1511 761 1512 795 1513 795 1513 761 1512 760 1514 795 1513 760 1514 796 1515 796 1515 760 1514 797 1516 797 1516 760 1514 759 1517 797 1516 759 1517 798 1518 798 1518 759 1517 758 1519 798 1518 758 1519 799 1520 799 1520 758 1519 757 1521 799 1520 757 1521 800 1522 800 1522 757 1521 756 1523 800 1522 756 1523 801 1524 801 1524 756 1523 755 1525 801 1524 755 1525 802 1526 802 1526 755 1525 754 1527 802 1526 754 1527 803 1528 803 1528 754 1527 753 1529 803 1528 753 1529 752 1530 803 1528 752 1530 804 1531 804 1531 752 1530 751 1532 804 1531 751 1532 805 1533 805 1533 751 1532 750 1534 805 1533 750 1534 806 1535 806 1535 750 1534 749 1536 806 1535 749 1536 807 1537 807 1537 749 1536 748 1538 807 1537 748 1538 808 1539 808 1539 748 1538 809 1540 809 1540 748 1538 747 1541 809 1540 747 1541 810 1542 810 1542 747 1541 746 1543 810 1542 746 1543 811 1544 811 1544 746 1543 745 1545 811 1544 745 1545 812 1546 812 1546 745 1545 744 1547 812 1546 744 1547 813 1548 813 1548 744 1547 743 1501 813 1548 743 1501 790 1503 705 1549 914 1550 706 1551 706 1551 914 1550 915 1552 706 1551 915 1552 916 1553 704 1554 911 1555 705 1549 705 1549 911 1555 912 1556 705 1549 912 1556 913 1557 703 1558 932 1559 704 1554 704 1554 932 1559 933 1560 704 1554 933 1560 910 1561 702 1562 929 1563 703 1558 703 1558 929 1563 930 1564 703 1558 930 1564 931 1565 701 1566 1065 1567 702 1562 702 1562 1065 1567 1066 1568 702 1562 1066 1568 1024 1569 1024 1569 1066 1568 1067 1570 1024 1569 1067 1570 1068 1571 700 1572 1061 1573 701 1566 701 1566 1061 1573 1062 1574 701 1566 1062 1574 1063 1575 699 1576 1083 1577 700 1572 700 1572 1083 1577 1060 1578 700 1572 1060 1578 1061 1573 698 1579 1079 1580 699 1576 699 1576 1079 1580 1080 1581 699 1576 1080 1581 1081 1582 697 1583 1020 1584 698 1579 698 1579 1020 1584 1021 1585 698 1579 1021 1585 1078 1586 1078 1586 1021 1585 1077 1587 1077 1587 1021 1585 1076 1588 1076 1588 1021 1585 1075 1589 1075 1589 1021 1585 1022 1590 1075 1589 1022 1590 1074 1591 1074 1591 1022 1590 1073 1592 1073 1592 1022 1590 1072 1593 1072 1593 1022 1590 1023 1594 1072 1593 1023 1594 1071 1595 1071 1595 1023 1594 1070 1596 1070 1596 1023 1594 1069 1597 1069 1597 1023 1594 1024 1569 1069 1597 1024 1569 1068 1571 696 1598 936 1599 697 1583 697 1583 936 1599 937 1600 697 1583 937 1600 938 1601 695 1602 957 1603 696 1598 696 1598 957 1603 934 1604 696 1598 934 1604 935 1605 694 1606 954 1607 695 1602 695 1602 954 1607 955 1608 695 1602 955 1608 956 1609 718 1610 1036 1611 694 1606 694 1606 1036 1611 1037 1612 694 1606 1037 1612 1038 1613 730 1614 842 1615 718 1610 718 1610 842 1615 843 1616 718 1610 843 1616 844 1617 729 1618 839 1619 730 1614 730 1614 839 1619 840 1620 730 1614 840 1620 841 1621 728 1622 860 1623 729 1618 729 1618 860 1623 861 1624 729 1618 861 1624 838 1625 727 1626 857 1627 728 1622 728 1622 857 1627 858 1628 728 1622 858 1628 859 1629 726 1630 1137 1631 727 1626 727 1626 1137 1631 1138 1632 727 1626 1138 1632 997 1633 997 1633 1138 1632 1139 1634 997 1633 1139 1634 1140 1635 725 1636 1133 1637 726 1630 726 1630 1133 1637 1134 1638 726 1630 1134 1638 1135 1639 724 1640 1155 1641 725 1636 725 1636 1155 1641 1132 1642 725 1636 1132 1642 1133 1637 723 1643 1151 1644 724 1640 724 1640 1151 1644 1152 1645 724 1640 1152 1645 1153 1646 722 1647 867 1648 723 1643 723 1643 867 1648 868 1649 723 1643 868 1649 993 1650 993 1650 868 1649 869 1651 993 1650 869 1651 992 1652 992 1652 869 1651 870 1653 992 1652 870 1653 871 1654 721 1655 864 1656 722 1647 722 1647 864 1656 865 1657 722 1647 865 1657 866 1658 720 1659 885 1660 721 1655 721 1655 885 1660 862 1661 721 1655 862 1661 863 1662 719 1663 882 1664 720 1659 720 1659 882 1664 883 1665 720 1659 883 1665 884 1666 706 1551 1084 1667 719 1663 719 1663 1084 1667 886 1668 719 1663 886 1668 1108 1669 1108 1669 886 1668 887 1670 1108 1669 887 1670 1131 1671 1131 1671 887 1670 888 1672 1131 1671 888 1672 1130 1673 1130 1673 888 1672 889 1674 1130 1673 889 1674 1129 1675 1129 1675 889 1674 890 1676 1129 1675 890 1676 1128 1677 1128 1677 890 1676 891 1678 1128 1677 891 1678 1127 1679 1127 1679 891 1678 984 1680 1127 1679 984 1680 1126 1681 1126 1681 984 1680 985 1682 1126 1681 985 1682 1125 1683 1125 1683 985 1682 1124 1684 1124 1684 985 1682 1123 1685 1123 1685 985 1682 986 1686 1123 1685 986 1686 1122 1687 1122 1687 986 1686 1121 1688 1121 1688 986 1686 1120 1689 1120 1689 986 1686 987 1690 1120 1689 987 1690 1119 1691 1119 1691 987 1690 1118 1692 1118 1692 987 1690 1117 1693 1117 1693 987 1690 988 1694 1117 1693 988 1694 1116 1695 1116 1695 988 1694 1115 1696 1115 1696 988 1694 1114 1697 1114 1697 988 1694 719 1663 1114 1697 719 1663 1113 1698 1113 1698 719 1663 1112 1699 1112 1699 719 1663 1111 1700 1111 1700 719 1663 1110 1701 1110 1701 719 1663 1109 1702 1109 1702 719 1663 1108 1669 838 1625 839 1619 729 1618 841 1621 842 1615 730 1614 718 1610 844 1617 1002 1703 1002 1703 844 1617 845 1704 1002 1703 845 1704 1001 1705 1001 1705 845 1704 846 1706 1001 1705 846 1706 847 1707 847 1707 848 1708 1001 1705 1001 1705 848 1708 1000 1709 1000 1709 848 1708 849 1710 1000 1709 849 1710 850 1711 850 1711 851 1712 1000 1709 1000 1709 851 1712 852 1713 1000 1709 852 1713 999 1714 999 1714 852 1713 853 1715 999 1714 853 1715 854 1716 854 1716 855 1717 999 1714 999 1714 855 1717 998 1718 998 1718 855 1717 856 1719 998 1718 856 1719 727 1626 727 1626 856 1719 857 1627 859 1629 860 1623 728 1622 863 1662 864 1656 721 1655 866 1658 867 1648 722 1647 871 1654 872 1720 992 1652 992 1652 872 1720 991 1721 991 1721 872 1720 873 1722 991 1721 873 1722 874 1723 874 1723 875 1724 991 1721 991 1721 875 1724 876 1725 991 1721 876 1725 990 1726 990 1726 876 1725 877 1727 990 1726 877 1727 878 1728 878 1728 879 1729 990 1726 990 1726 879 1729 989 1730 989 1730 879 1729 880 1731 989 1730 880 1731 719 1663 719 1663 880 1731 881 1732 719 1663 881 1732 882 1664 884 1666 885 1660 720 1659 891 1678 892 1733 984 1680 984 1680 892 1733 893 1734 984 1680 893 1734 983 1735 983 1735 893 1734 894 1736 983 1735 894 1736 895 1737 895 1737 896 1738 983 1735 983 1735 896 1738 982 1739 982 1739 896 1738 897 1740 982 1739 897 1740 898 1741 898 1741 899 1742 982 1739 982 1739 899 1742 900 1743 982 1739 900 1743 1035 1744 1035 1744 900 1743 901 1745 1035 1744 901 1745 902 1746 902 1746 903 1747 1035 1744 1035 1744 903 1747 1034 1748 1034 1748 903 1747 904 1749 1034 1748 904 1749 905 1750 906 1751 1088 1752 905 1750 905 1750 1088 1752 1089 1753 905 1750 1089 1753 1034 1748 1034 1748 1089 1753 1090 1754 1034 1748 1090 1754 1033 1755 1033 1755 1090 1754 1091 1756 1033 1755 1091 1756 1092 1757 1088 1752 906 1751 1087 1758 1087 1758 906 1751 907 1759 1087 1758 907 1759 1086 1760 1086 1760 907 1759 908 1761 1086 1760 908 1761 1085 1762 1085 1762 908 1761 909 1763 1085 1762 909 1763 1084 1667 1084 1667 909 1763 886 1668 910 1561 911 1555 704 1554 913 1557 914 1550 705 1549 706 1551 916 1553 1029 1764 1029 1764 916 1553 917 1765 1029 1764 917 1765 1028 1766 1028 1766 917 1765 918 1767 1028 1766 918 1767 919 1768 919 1768 920 1769 1028 1766 1028 1766 920 1769 1027 1770 1027 1770 920 1769 921 1771 1027 1770 921 1771 922 1772 922 1772 923 1773 1027 1770 1027 1770 923 1773 924 1774 1027 1770 924 1774 1026 1775 1026 1775 924 1774 925 1776 1026 1775 925 1776 926 1777 926 1777 927 1778 1026 1775 1026 1775 927 1778 1025 1779 1025 1779 927 1778 928 1780 1025 1779 928 1780 702 1562 702 1562 928 1780 929 1563 931 1565 932 1559 703 1558 935 1605 936 1599 696 1598 938 1601 939 1781 697 1583 697 1583 939 1781 940 1782 697 1583 940 1782 1020 1584 1020 1584 940 1782 941 1783 1020 1584 941 1783 1019 1784 1019 1784 941 1783 942 1785 1019 1784 942 1785 943 1786 943 1786 944 1787 1019 1784 1019 1784 944 1787 1018 1788 1018 1788 944 1787 945 1789 1018 1788 945 1789 946 1790 946 1790 947 1791 1018 1788 1018 1788 947 1791 948 1792 1018 1788 948 1792 1017 1793 1017 1793 948 1792 949 1794 1017 1793 949 1794 950 1795 950 1795 951 1796 1017 1793 1017 1793 951 1796 1016 1797 1016 1797 951 1796 952 1798 1016 1797 952 1798 694 1606 694 1606 952 1798 953 1799 694 1606 953 1799 954 1607 956 1609 957 1603 695 1602 959 1800 1036 1611 958 1801 958 1801 1036 1611 718 1610 958 1801 718 1610 814 1802 814 1802 718 1610 815 1803 815 1803 718 1610 816 1804 816 1804 718 1610 817 1805 817 1805 718 1610 818 1806 818 1806 718 1610 819 1807 819 1807 718 1610 820 1808 820 1808 718 1610 1003 1809 820 1808 1003 1809 821 1810 821 1810 1003 1809 822 1811 822 1811 1003 1809 823 1812 823 1812 1003 1809 1004 1813 823 1812 1004 1813 824 1814 824 1814 1004 1813 825 1815 825 1815 1004 1813 826 1816 826 1816 1004 1813 1005 1817 826 1816 1005 1817 827 1818 827 1818 1005 1817 828 1819 828 1819 1005 1817 829 1820 829 1820 1005 1817 1006 1821 829 1820 1006 1821 830 1822 830 1822 1006 1821 831 1823 831 1823 1006 1821 832 1824 832 1824 1006 1821 1007 1825 832 1824 1007 1825 833 1826 833 1826 1007 1825 977 1827 833 1826 977 1827 834 1828 834 1828 977 1827 978 1829 834 1828 978 1829 835 1830 835 1830 978 1829 979 1831 835 1830 979 1831 836 1832 836 1832 979 1831 980 1833 836 1832 980 1833 837 1834 837 1834 980 1833 981 1835 837 1834 981 1835 814 1802 814 1802 981 1835 958 1801 1036 1611 959 1800 1059 1836 1059 1836 959 1800 960 1837 1059 1836 960 1837 1058 1838 1058 1838 960 1837 961 1839 1058 1838 961 1839 1057 1840 1057 1840 961 1839 962 1841 1057 1840 962 1841 1056 1842 1056 1842 962 1841 963 1843 1056 1842 963 1843 1055 1844 1055 1844 963 1843 1011 1845 1055 1844 1011 1845 1054 1846 1054 1846 1011 1845 1012 1847 1054 1846 1012 1847 1053 1848 1053 1848 1012 1847 1052 1849 1052 1849 1012 1847 1051 1850 1051 1850 1012 1847 1013 1851 1051 1850 1013 1851 1050 1852 1050 1852 1013 1851 1049 1853 1049 1853 1013 1851 1048 1854 1048 1854 1013 1851 1014 1855 1048 1854 1014 1855 1047 1856 1047 1856 1014 1855 1046 1857 1046 1857 1014 1855 1045 1858 1045 1858 1014 1855 1015 1859 1045 1858 1015 1859 1044 1860 1044 1860 1015 1859 1043 1861 1043 1861 1015 1859 1042 1862 1042 1862 1015 1859 694 1606 1042 1862 694 1606 1041 1863 1041 1863 694 1606 1040 1864 1040 1864 694 1606 1039 1865 1039 1865 694 1606 1038 1613 963 1843 964 1866 1011 1845 1011 1845 964 1866 965 1867 1011 1845 965 1867 1010 1868 1010 1868 965 1867 966 1869 1010 1868 966 1869 967 1870 967 1870 968 1871 1010 1868 1010 1868 968 1871 1009 1872 1009 1872 968 1871 969 1873 1009 1872 969 1873 970 1874 970 1874 971 1875 1009 1872 1009 1872 971 1875 972 1876 1009 1872 972 1876 1008 1877 1008 1877 972 1876 973 1878 1008 1877 973 1878 974 1879 974 1879 975 1880 1008 1877 1008 1877 975 1880 1007 1825 1007 1825 975 1880 976 1881 1007 1825 976 1881 977 1827 988 1694 989 1730 719 1663 993 1650 994 1882 723 1643 723 1643 994 1882 1150 1883 723 1643 1150 1883 1151 1644 995 1884 1147 1885 994 1882 994 1882 1147 1885 1148 1886 994 1882 1148 1886 1149 1887 996 1888 1144 1889 995 1884 995 1884 1144 1889 1145 1890 995 1884 1145 1890 1146 1891 997 1633 1141 1892 996 1888 996 1888 1141 1892 1142 1893 996 1888 1142 1893 1143 1894 997 1633 998 1718 727 1626 1002 1703 1003 1809 718 1610 1015 1859 1016 1797 694 1606 1024 1569 1025 1779 702 1562 1029 1764 1030 1895 706 1551 706 1551 1030 1895 1102 1896 706 1551 1102 1896 1103 1897 1031 1898 1099 1899 1030 1895 1030 1895 1099 1899 1100 1900 1030 1895 1100 1900 1101 1901 1032 1902 1096 1903 1031 1898 1031 1898 1096 1903 1097 1904 1031 1898 1097 1904 1098 1905 1033 1755 1093 1906 1032 1902 1032 1902 1093 1906 1094 1907 1032 1902 1094 1907 1095 1908 1063 1575 1064 1909 701 1566 701 1566 1064 1909 1065 1567 1078 1586 1079 1580 698 1579 1081 1582 1082 1910 699 1576 699 1576 1082 1910 1083 1577 1092 1757 1093 1906 1033 1755 1095 1908 1096 1903 1032 1902 1098 1905 1099 1899 1031 1898 1101 1901 1102 1896 1030 1895 1103 1897 1104 1911 706 1551 706 1551 1104 1911 1105 1912 706 1551 1105 1912 1106 1913 1106 1913 1107 1914 706 1551 706 1551 1107 1914 1084 1667 1135 1639 1136 1915 726 1630 726 1630 1136 1915 1137 1631 1140 1635 1141 1892 997 1633 1143 1894 1144 1889 996 1888 1146 1891 1147 1885 995 1884 1149 1887 1150 1883 994 1882 1153 1646 1154 1916 724 1640 724 1640 1154 1916 1155 1641 1157 1917 1203 1918 1156 1919 1156 1919 1203 1918 1180 1920 1156 1919 1180 1920 1179 1921 1179 1921 1180 1920 1181 1922 1179 1921 1181 1922 1178 1923 1178 1923 1181 1922 1182 1924 1178 1923 1182 1924 1177 1925 1177 1925 1182 1924 1183 1926 1177 1925 1183 1926 1176 1927 1176 1927 1183 1926 1184 1928 1176 1927 1184 1928 1175 1929 1175 1929 1184 1928 1185 1930 1175 1929 1185 1930 1174 1931 1174 1931 1185 1930 1186 1932 1174 1931 1186 1932 1173 1933 1173 1933 1186 1932 1187 1934 1173 1933 1187 1934 1172 1935 1172 1935 1187 1934 1188 1936 1172 1935 1188 1936 1171 1937 1171 1937 1188 1936 1189 1938 1171 1937 1189 1938 1170 1939 1170 1939 1189 1938 1190 1940 1170 1939 1190 1940 1169 1941 1169 1941 1190 1940 1191 1942 1169 1941 1191 1942 1168 1943 1168 1943 1191 1942 1192 1944 1168 1943 1192 1944 1167 1945 1167 1945 1192 1944 1193 1946 1167 1945 1193 1946 1166 1947 1166 1947 1193 1946 1194 1948 1166 1947 1194 1948 1165 1949 1165 1949 1194 1948 1195 1950 1165 1949 1195 1950 1164 1951 1164 1951 1195 1950 1196 1952 1164 1951 1196 1952 1163 1953 1163 1953 1196 1952 1197 1954 1163 1953 1197 1954 1162 1955 1162 1955 1197 1954 1198 1956 1162 1955 1198 1956 1161 1957 1161 1957 1198 1956 1199 1958 1161 1957 1199 1958 1160 1959 1160 1959 1199 1958 1200 1960 1160 1959 1200 1960 1159 1961 1159 1961 1200 1960 1201 1962 1159 1961 1201 1962 1158 1963 1158 1963 1201 1962 1202 1964 1158 1963 1202 1964 1157 1917 1157 1917 1202 1964 1203 1918 1205 1965 839 1966 1204 1967 1204 1967 839 1966 838 1968 1204 1967 838 1968 1227 1969 1227 1969 838 1968 861 1970 1227 1969 861 1970 1226 1971 1226 1971 861 1970 860 1972 1226 1971 860 1972 1225 1973 1225 1973 860 1972 859 1974 1225 1973 859 1974 1224 1975 1224 1975 859 1974 858 1976 1224 1975 858 1976 1223 1977 1223 1977 858 1976 857 1978 1223 1977 857 1978 1222 1979 1222 1979 857 1978 856 1980 1222 1979 856 1980 1221 1981 1221 1981 856 1980 855 1982 1221 1981 855 1982 1220 1983 1220 1983 855 1982 854 1984 1220 1983 854 1984 1219 1985 1219 1985 854 1984 853 1986 1219 1985 853 1986 1218 1987 1218 1987 853 1986 852 1988 1218 1987 852 1988 1217 1989 1217 1989 852 1988 851 1990 1217 1989 851 1990 1216 1991 1216 1991 851 1990 850 1992 1216 1991 850 1992 1215 1993 1215 1993 850 1992 849 1994 1215 1993 849 1994 1214 1995 1214 1995 849 1994 848 1996 1214 1995 848 1996 1213 1997 1213 1997 848 1996 847 1998 1213 1997 847 1998 1212 1999 1212 1999 847 1998 846 2000 1212 1999 846 2000 1211 2001 1211 2001 846 2000 845 2002 1211 2001 845 2002 1210 2003 1210 2003 845 2002 844 2004 1210 2003 844 2004 1209 2005 1209 2005 844 2004 843 2006 1209 2005 843 2006 1208 2007 1208 2007 843 2006 842 2008 1208 2007 842 2008 1207 2009 1207 2009 842 2008 841 2010 1207 2009 841 2010 1206 2011 1206 2011 841 2010 840 2012 1206 2011 840 2012 1205 1965 1205 1965 840 2012 839 1966 1157 2013 1156 2014 1204 2015 1204 2015 1156 2014 1179 2016 1204 2015 1179 2016 1205 2017 1205 2017 1179 2016 1178 2018 1205 2017 1178 2018 1206 2019 1206 2019 1178 2018 1177 2020 1206 2019 1177 2020 1207 2021 1207 2021 1177 2020 1176 2022 1207 2021 1176 2022 1208 2023 1208 2023 1176 2022 1175 2024 1208 2023 1175 2024 1209 2025 1209 2025 1175 2024 1174 2026 1209 2025 1174 2026 1210 2027 1210 2027 1174 2026 1211 2028 1211 2028 1174 2026 1173 2029 1211 2028 1173 2029 1212 2030 1212 2030 1173 2029 1172 2031 1212 2030 1172 2031 1213 2032 1213 2032 1172 2031 1171 2033 1213 2032 1171 2033 1214 2034 1214 2034 1171 2033 1170 2035 1214 2034 1170 2035 1215 2036 1215 2036 1170 2035 1169 2037 1215 2036 1169 2037 1216 2038 1216 2038 1169 2037 1168 2039 1216 2038 1168 2039 1217 2040 1217 2040 1168 2039 1167 2041 1217 2040 1167 2041 1166 2042 1217 2040 1166 2042 1218 2043 1218 2043 1166 2042 1165 2044 1218 2043 1165 2044 1219 2045 1219 2045 1165 2044 1164 2046 1219 2045 1164 2046 1220 2047 1220 2047 1164 2046 1163 2048 1220 2047 1163 2048 1221 2049 1221 2049 1163 2048 1162 2050 1221 2049 1162 2050 1222 2051 1222 2051 1162 2050 1223 2052 1223 2052 1162 2050 1161 2053 1223 2052 1161 2053 1224 2054 1224 2054 1161 2053 1160 2055 1224 2054 1160 2055 1225 2056 1225 2056 1160 2055 1159 2057 1225 2056 1159 2057 1226 2058 1226 2058 1159 2057 1158 2059 1226 2058 1158 2059 1227 2060 1227 2060 1158 2059 1157 2013 1227 2060 1157 2013 1204 2015 789 2061 775 2062 766 2063 766 2063 775 2062 774 2064 766 2063 774 2064 767 2065 767 2065 774 2064 773 2066 767 2065 773 2066 768 2067 768 2067 773 2066 772 2068 768 2067 772 2068 769 2069 769 2069 772 2068 771 2070 769 2069 771 2070 770 2071 775 2062 789 2061 776 2072 776 2072 789 2061 788 2073 776 2072 788 2073 777 2074 777 2074 788 2073 787 2075 777 2074 787 2075 778 2076 778 2076 787 2075 786 2077 778 2076 786 2077 779 2078 779 2078 786 2077 785 2079 779 2078 785 2079 780 2080 780 2080 785 2079 784 2081 780 2080 784 2081 781 2082 781 2082 784 2081 783 2083 781 2082 783 2083 782 2084 1229 2085 1275 2086 1228 2087 1228 2087 1275 2086 1252 2088 1228 2087 1252 2088 1251 2089 1251 2089 1252 2088 1253 2090 1251 2089 1253 2090 1250 2091 1250 2091 1253 2090 1254 2092 1250 2091 1254 2092 1249 2093 1249 2093 1254 2092 1255 2094 1249 2093 1255 2094 1248 2095 1248 2095 1255 2094 1256 2096 1248 2095 1256 2096 1247 2097 1247 2097 1256 2096 1257 2098 1247 2097 1257 2098 1246 2099 1246 2099 1257 2098 1258 2100 1246 2099 1258 2100 1245 2101 1245 2101 1258 2100 1259 2102 1245 2101 1259 2102 1244 2103 1244 2103 1259 2102 1260 2104 1244 2103 1260 2104 1243 2105 1243 2105 1260 2104 1261 2106 1243 2105 1261 2106 1242 2107 1242 2107 1261 2106 1262 2108 1242 2107 1262 2108 1241 2109 1241 2109 1262 2108 1263 2110 1241 2109 1263 2110 1240 2111 1240 2111 1263 2110 1264 2112 1240 2111 1264 2112 1239 2113 1239 2113 1264 2112 1265 2114 1239 2113 1265 2114 1238 2115 1238 2115 1265 2114 1266 2116 1238 2115 1266 2116 1237 2117 1237 2117 1266 2116 1267 2118 1237 2117 1267 2118 1236 2119 1236 2119 1267 2118 1268 2120 1236 2119 1268 2120 1235 2121 1235 2121 1268 2120 1269 2122 1235 2121 1269 2122 1234 2123 1234 2123 1269 2122 1270 2124 1234 2123 1270 2124 1233 2125 1233 2125 1270 2124 1271 2126 1233 2125 1271 2126 1232 2127 1232 2127 1271 2126 1272 2128 1232 2127 1272 2128 1231 2129 1231 2129 1272 2128 1273 2130 1231 2129 1273 2130 1230 2131 1230 2131 1273 2130 1274 2132 1230 2131 1274 2132 1229 2085 1229 2085 1274 2132 1275 2086 1277 2133 1133 2134 1276 2135 1276 2135 1133 2134 1132 2136 1276 2135 1132 2136 1299 2137 1299 2137 1132 2136 1155 2138 1299 2137 1155 2138 1298 2139 1298 2139 1155 2138 1154 2140 1298 2139 1154 2140 1297 2141 1297 2141 1154 2140 1153 2142 1297 2141 1153 2142 1296 2143 1296 2143 1153 2142 1152 2144 1296 2143 1152 2144 1295 2145 1295 2145 1152 2144 1151 2146 1295 2145 1151 2146 1294 2147 1294 2147 1151 2146 1150 2148 1294 2147 1150 2148 1293 2149 1293 2149 1150 2148 1149 2150 1293 2149 1149 2150 1292 2151 1292 2151 1149 2150 1148 2152 1292 2151 1148 2152 1291 2153 1291 2153 1148 2152 1147 2154 1291 2153 1147 2154 1290 2155 1290 2155 1147 2154 1146 2156 1290 2155 1146 2156 1289 2157 1289 2157 1146 2156 1145 2158 1289 2157 1145 2158 1288 2159 1288 2159 1145 2158 1144 2160 1288 2159 1144 2160 1287 2161 1287 2161 1144 2160 1143 2162 1287 2161 1143 2162 1286 2163 1286 2163 1143 2162 1142 2164 1286 2163 1142 2164 1285 2165 1285 2165 1142 2164 1141 2166 1285 2165 1141 2166 1284 2167 1284 2167 1141 2166 1140 2168 1284 2167 1140 2168 1283 2169 1283 2169 1140 2168 1139 2170 1283 2169 1139 2170 1282 2171 1282 2171 1139 2170 1138 2172 1282 2171 1138 2172 1281 2173 1281 2173 1138 2172 1137 2174 1281 2173 1137 2174 1280 2175 1280 2175 1137 2174 1136 2176 1280 2175 1136 2176 1279 2177 1279 2177 1136 2176 1135 2178 1279 2177 1135 2178 1278 2179 1278 2179 1135 2178 1134 2180 1278 2179 1134 2180 1277 2133 1277 2133 1134 2180 1133 2134 1229 2181 1228 2182 1276 2183 1276 2183 1228 2182 1251 2184 1276 2183 1251 2184 1277 2185 1277 2185 1251 2184 1250 2186 1277 2185 1250 2186 1278 2187 1278 2187 1250 2186 1249 2188 1278 2187 1249 2188 1279 2189 1279 2189 1249 2188 1248 2190 1279 2189 1248 2190 1280 2191 1280 2191 1248 2190 1247 2192 1280 2191 1247 2192 1281 2193 1281 2193 1247 2192 1246 2194 1281 2193 1246 2194 1282 2195 1282 2195 1246 2194 1283 2196 1283 2196 1246 2194 1245 2197 1283 2196 1245 2197 1284 2198 1284 2198 1245 2197 1244 2199 1284 2198 1244 2199 1285 2200 1285 2200 1244 2199 1243 2201 1285 2200 1243 2201 1286 2202 1286 2202 1243 2201 1242 2203 1286 2202 1242 2203 1287 2204 1287 2204 1242 2203 1241 2205 1287 2204 1241 2205 1288 2206 1288 2206 1241 2205 1240 2207 1288 2206 1240 2207 1289 2208 1289 2208 1240 2207 1239 2209 1289 2208 1239 2209 1238 2210 1289 2208 1238 2210 1290 2211 1290 2211 1238 2210 1237 2212 1290 2211 1237 2212 1291 2213 1291 2213 1237 2212 1236 2214 1291 2213 1236 2214 1292 2215 1292 2215 1236 2214 1235 2216 1292 2215 1235 2216 1293 2217 1293 2217 1235 2216 1234 2218 1293 2217 1234 2218 1294 2219 1294 2219 1234 2218 1295 2220 1295 2220 1234 2218 1233 2221 1295 2220 1233 2221 1296 2222 1296 2222 1233 2221 1232 2223 1296 2222 1232 2223 1297 2224 1297 2224 1232 2223 1231 2225 1297 2224 1231 2225 1298 2226 1298 2226 1231 2225 1230 2227 1298 2226 1230 2227 1299 2228 1299 2228 1230 2227 1229 2181 1299 2228 1229 2181 1276 2183 1203 2229 1185 2230 1180 2231 1180 2231 1185 2230 1184 2232 1180 2231 1184 2232 1181 2233 1181 2233 1184 2232 1183 2234 1181 2233 1183 2234 1182 2235 1185 2230 1203 2229 1186 2236 1186 2236 1203 2229 1202 2237 1186 2236 1202 2237 1187 2238 1187 2238 1202 2237 1201 2239 1187 2238 1201 2239 1188 2240 1188 2240 1201 2239 1200 2241 1188 2240 1200 2241 1189 2242 1189 2242 1200 2241 1199 2243 1189 2242 1199 2243 1190 2244 1190 2244 1199 2243 1198 2245 1190 2244 1198 2245 1191 2246 1191 2246 1198 2245 1197 2247 1191 2246 1197 2247 1192 2248 1192 2248 1197 2247 1196 2249 1192 2248 1196 2249 1193 2250 1193 2250 1196 2249 1195 2251 1193 2250 1195 2251 1194 2252 1301 2253 1347 2254 1300 2255 1300 2255 1347 2254 1324 2256 1300 2255 1324 2256 1323 2257 1323 2257 1324 2256 1325 2258 1323 2257 1325 2258 1322 2259 1322 2259 1325 2258 1326 2260 1322 2259 1326 2260 1321 2261 1321 2261 1326 2260 1327 2262 1321 2261 1327 2262 1320 2263 1320 2263 1327 2262 1328 2264 1320 2263 1328 2264 1319 2265 1319 2265 1328 2264 1329 2266 1319 2265 1329 2266 1318 2267 1318 2267 1329 2266 1330 2268 1318 2267 1330 2268 1317 2269 1317 2269 1330 2268 1331 2270 1317 2269 1331 2270 1316 2271 1316 2271 1331 2270 1332 2272 1316 2271 1332 2272 1315 2273 1315 2273 1332 2272 1333 2274 1315 2273 1333 2274 1314 2275 1314 2275 1333 2274 1334 2276 1314 2275 1334 2276 1313 2277 1313 2277 1334 2276 1335 2278 1313 2277 1335 2278 1312 2279 1312 2279 1335 2278 1336 2280 1312 2279 1336 2280 1311 2281 1311 2281 1336 2280 1337 2282 1311 2281 1337 2282 1310 2283 1310 2283 1337 2282 1338 2284 1310 2283 1338 2284 1309 2285 1309 2285 1338 2284 1339 2286 1309 2285 1339 2286 1308 2287 1308 2287 1339 2286 1340 2288 1308 2287 1340 2288 1307 2289 1307 2289 1340 2288 1341 2290 1307 2289 1341 2290 1306 2291 1306 2291 1341 2290 1342 2292 1306 2291 1342 2292 1305 2293 1305 2293 1342 2292 1343 2294 1305 2293 1343 2294 1304 2295 1304 2295 1343 2294 1344 2296 1304 2295 1344 2296 1303 2297 1303 2297 1344 2296 1345 2298 1303 2297 1345 2298 1302 2299 1302 2299 1345 2298 1346 2300 1302 2299 1346 2300 1301 2253 1301 2253 1346 2300 1347 2254 1349 2301 863 2302 1348 2303 1348 2303 863 2302 862 2304 1348 2303 862 2304 1371 2305 1371 2305 862 2304 885 2306 1371 2305 885 2306 1370 2307 1370 2307 885 2306 884 2308 1370 2307 884 2308 1369 2309 1369 2309 884 2308 883 2310 1369 2309 883 2310 1368 2311 1368 2311 883 2310 882 2312 1368 2311 882 2312 1367 2313 1367 2313 882 2312 881 2314 1367 2313 881 2314 1366 2315 1366 2315 881 2314 880 2316 1366 2315 880 2316 1365 2317 1365 2317 880 2316 879 2318 1365 2317 879 2318 1364 2319 1364 2319 879 2318 878 2320 1364 2319 878 2320 1363 2321 1363 2321 878 2320 877 2322 1363 2321 877 2322 1362 2323 1362 2323 877 2322 876 2324 1362 2323 876 2324 1361 2325 1361 2325 876 2324 875 2326 1361 2325 875 2326 1360 2327 1360 2327 875 2326 874 2328 1360 2327 874 2328 1359 2329 1359 2329 874 2328 873 2330 1359 2329 873 2330 1358 2331 1358 2331 873 2330 872 2332 1358 2331 872 2332 1357 2333 1357 2333 872 2332 871 2334 1357 2333 871 2334 1356 2335 1356 2335 871 2334 870 2336 1356 2335 870 2336 1355 2337 1355 2337 870 2336 869 2338 1355 2337 869 2338 1354 2339 1354 2339 869 2338 868 2340 1354 2339 868 2340 1353 2341 1353 2341 868 2340 867 2342 1353 2341 867 2342 1352 2343 1352 2343 867 2342 866 2344 1352 2343 866 2344 1351 2345 1351 2345 866 2344 865 2346 1351 2345 865 2346 1350 2347 1350 2347 865 2346 864 2348 1350 2347 864 2348 1349 2301 1349 2301 864 2348 863 2302 1301 2349 1300 2350 1348 2351 1348 2351 1300 2350 1323 2352 1348 2351 1323 2352 1349 2353 1349 2353 1323 2352 1322 2354 1349 2353 1322 2354 1350 2355 1350 2355 1322 2354 1321 2356 1350 2355 1321 2356 1351 2357 1351 2357 1321 2356 1320 2358 1351 2357 1320 2358 1352 2359 1352 2359 1320 2358 1319 2360 1352 2359 1319 2360 1353 2361 1353 2361 1319 2360 1318 2362 1353 2361 1318 2362 1354 2363 1354 2363 1318 2362 1355 2364 1355 2364 1318 2362 1317 2365 1355 2364 1317 2365 1356 2366 1356 2366 1317 2365 1316 2367 1356 2366 1316 2367 1357 2368 1357 2368 1316 2367 1315 2369 1357 2368 1315 2369 1358 2370 1358 2370 1315 2369 1314 2371 1358 2370 1314 2371 1359 2372 1359 2372 1314 2371 1313 2373 1359 2372 1313 2373 1360 2374 1360 2374 1313 2373 1312 2375 1360 2374 1312 2375 1361 2376 1361 2376 1312 2375 1311 2377 1361 2376 1311 2377 1310 2378 1361 2376 1310 2378 1362 2379 1362 2379 1310 2378 1309 2380 1362 2379 1309 2380 1363 2381 1363 2381 1309 2380 1308 2382 1363 2381 1308 2382 1364 2383 1364 2383 1308 2382 1307 2384 1364 2383 1307 2384 1365 2385 1365 2385 1307 2384 1306 2386 1365 2385 1306 2386 1366 2387 1366 2387 1306 2386 1367 2388 1367 2388 1306 2386 1305 2389 1367 2388 1305 2389 1368 2390 1368 2390 1305 2389 1304 2391 1368 2390 1304 2391 1369 2392 1369 2392 1304 2391 1303 2393 1369 2392 1303 2393 1370 2394 1370 2394 1303 2393 1302 2395 1370 2394 1302 2395 1371 2396 1371 2396 1302 2395 1301 2349 1371 2396 1301 2349 1348 2351 1252 2397 1275 2398 1253 2399 1253 2399 1275 2398 1254 2400 1254 2400 1275 2398 1274 2401 1254 2400 1274 2401 1255 2402 1255 2402 1274 2401 1273 2403 1255 2402 1273 2403 1256 2404 1256 2404 1273 2403 1272 2405 1256 2404 1272 2405 1257 2406 1257 2406 1272 2405 1271 2407 1257 2406 1271 2407 1258 2408 1258 2408 1271 2407 1270 2409 1258 2408 1270 2409 1259 2410 1259 2410 1270 2409 1269 2411 1259 2410 1269 2411 1260 2412 1260 2412 1269 2411 1268 2413 1260 2412 1268 2413 1261 2414 1261 2414 1268 2413 1267 2415 1261 2414 1267 2415 1262 2416 1262 2416 1267 2415 1266 2417 1262 2416 1266 2417 1263 2418 1263 2418 1266 2417 1265 2419 1263 2418 1265 2419 1264 2420 1373 2421 1419 2422 1372 2423 1372 2423 1419 2422 1396 2424 1372 2423 1396 2424 1395 2425 1395 2425 1396 2424 1397 2426 1395 2425 1397 2426 1394 2427 1394 2427 1397 2426 1398 2428 1394 2427 1398 2428 1393 2429 1393 2429 1398 2428 1399 2430 1393 2429 1399 2430 1392 2431 1392 2431 1399 2430 1400 2432 1392 2431 1400 2432 1391 2433 1391 2433 1400 2432 1401 2434 1391 2433 1401 2434 1390 2435 1390 2435 1401 2434 1402 2436 1390 2435 1402 2436 1389 2437 1389 2437 1402 2436 1403 2438 1389 2437 1403 2438 1388 2439 1388 2439 1403 2438 1404 2440 1388 2439 1404 2440 1387 2441 1387 2441 1404 2440 1405 2442 1387 2441 1405 2442 1386 2443 1386 2443 1405 2442 1406 2444 1386 2443 1406 2444 1385 2445 1385 2445 1406 2444 1407 2446 1385 2445 1407 2446 1384 2447 1384 2447 1407 2446 1408 2448 1384 2447 1408 2448 1383 2449 1383 2449 1408 2448 1409 2450 1383 2449 1409 2450 1382 2451 1382 2451 1409 2450 1410 2452 1382 2451 1410 2452 1381 2453 1381 2453 1410 2452 1411 2454 1381 2453 1411 2454 1380 2455 1380 2455 1411 2454 1412 2456 1380 2455 1412 2456 1379 2457 1379 2457 1412 2456 1413 2458 1379 2457 1413 2458 1378 2459 1378 2459 1413 2458 1414 2460 1378 2459 1414 2460 1377 2461 1377 2461 1414 2460 1415 2462 1377 2461 1415 2462 1376 2463 1376 2463 1415 2462 1416 2464 1376 2463 1416 2464 1375 2465 1375 2465 1416 2464 1417 2466 1375 2465 1417 2466 1374 2467 1374 2467 1417 2466 1418 2468 1374 2467 1418 2468 1373 2421 1373 2421 1418 2468 1419 2422 1421 2469 1109 2470 1420 2471 1420 2471 1109 2470 1108 2472 1420 2471 1108 2472 1443 2473 1443 2473 1108 2472 1131 2474 1443 2473 1131 2474 1442 2475 1442 2475 1131 2474 1130 2476 1442 2475 1130 2476 1441 2477 1441 2477 1130 2476 1129 2478 1441 2477 1129 2478 1440 2479 1440 2479 1129 2478 1128 2480 1440 2479 1128 2480 1439 2481 1439 2481 1128 2480 1127 2482 1439 2481 1127 2482 1438 2483 1438 2483 1127 2482 1126 2484 1438 2483 1126 2484 1437 2485 1437 2485 1126 2484 1125 2486 1437 2485 1125 2486 1436 2487 1436 2487 1125 2486 1124 2488 1436 2487 1124 2488 1435 2489 1435 2489 1124 2488 1123 2490 1435 2489 1123 2490 1434 2491 1434 2491 1123 2490 1122 2492 1434 2491 1122 2492 1433 2493 1433 2493 1122 2492 1121 2494 1433 2493 1121 2494 1432 2495 1432 2495 1121 2494 1120 2496 1432 2495 1120 2496 1431 2497 1431 2497 1120 2496 1119 2498 1431 2497 1119 2498 1430 2499 1430 2499 1119 2498 1118 2500 1430 2499 1118 2500 1429 2501 1429 2501 1118 2500 1117 2502 1429 2501 1117 2502 1428 2503 1428 2503 1117 2502 1116 2504 1428 2503 1116 2504 1427 2505 1427 2505 1116 2504 1115 2506 1427 2505 1115 2506 1426 2507 1426 2507 1115 2506 1114 2508 1426 2507 1114 2508 1425 2509 1425 2509 1114 2508 1113 2510 1425 2509 1113 2510 1424 2511 1424 2511 1113 2510 1112 2512 1424 2511 1112 2512 1423 2513 1423 2513 1112 2512 1111 2514 1423 2513 1111 2514 1422 2515 1422 2515 1111 2514 1110 2516 1422 2515 1110 2516 1421 2469 1421 2469 1110 2516 1109 2470 1373 2517 1372 2518 1420 2519 1420 2519 1372 2518 1395 2520 1420 2519 1395 2520 1421 2521 1421 2521 1395 2520 1394 2522 1421 2521 1394 2522 1422 2523 1422 2523 1394 2522 1393 2524 1422 2523 1393 2524 1423 2525 1423 2525 1393 2524 1392 2526 1423 2525 1392 2526 1424 2527 1424 2527 1392 2526 1391 2528 1424 2527 1391 2528 1425 2529 1425 2529 1391 2528 1390 2530 1425 2529 1390 2530 1426 2531 1426 2531 1390 2530 1427 2532 1427 2532 1390 2530 1389 2533 1427 2532 1389 2533 1428 2534 1428 2534 1389 2533 1388 2535 1428 2534 1388 2535 1429 2536 1429 2536 1388 2535 1387 2537 1429 2536 1387 2537 1430 2538 1430 2538 1387 2537 1386 2539 1430 2538 1386 2539 1431 2540 1431 2540 1386 2539 1385 2541 1431 2540 1385 2541 1432 2542 1432 2542 1385 2541 1384 2543 1432 2542 1384 2543 1433 2544 1433 2544 1384 2543 1383 2545 1433 2544 1383 2545 1382 2546 1433 2544 1382 2546 1434 2547 1434 2547 1382 2546 1381 2548 1434 2547 1381 2548 1435 2549 1435 2549 1381 2548 1380 2550 1435 2549 1380 2550 1436 2551 1436 2551 1380 2550 1379 2552 1436 2551 1379 2552 1437 2553 1437 2553 1379 2552 1378 2554 1437 2553 1378 2554 1438 2555 1438 2555 1378 2554 1439 2556 1439 2556 1378 2554 1377 2557 1439 2556 1377 2557 1440 2558 1440 2558 1377 2557 1376 2559 1440 2558 1376 2559 1441 2560 1441 2560 1376 2559 1375 2561 1441 2560 1375 2561 1442 2562 1442 2562 1375 2561 1374 2563 1442 2562 1374 2563 1443 2564 1443 2564 1374 2563 1373 2517 1443 2564 1373 2517 1420 2519 1347 2565 1345 2566 1324 2567 1324 2567 1345 2566 1344 2568 1324 2567 1344 2568 1325 2569 1325 2569 1344 2568 1343 2570 1325 2569 1343 2570 1326 2571 1326 2571 1343 2570 1342 2572 1326 2571 1342 2572 1327 2573 1327 2573 1342 2572 1341 2574 1327 2573 1341 2574 1328 2575 1328 2575 1341 2574 1340 2576 1328 2575 1340 2576 1329 2577 1329 2577 1340 2576 1339 2578 1329 2577 1339 2578 1330 2579 1330 2579 1339 2578 1338 2580 1330 2579 1338 2580 1331 2581 1331 2581 1338 2580 1337 2582 1331 2581 1337 2582 1332 2583 1332 2583 1337 2582 1336 2584 1332 2583 1336 2584 1333 2585 1333 2585 1336 2584 1335 2586 1333 2585 1335 2586 1334 2587 1347 2565 1346 2588 1345 2566 1445 2589 1491 2590 1444 2591 1444 2591 1491 2590 1468 2592 1444 2591 1468 2592 1467 2593 1467 2593 1468 2592 1469 2594 1467 2593 1469 2594 1466 2595 1466 2595 1469 2594 1470 2596 1466 2595 1470 2596 1465 2597 1465 2597 1470 2596 1471 2598 1465 2597 1471 2598 1464 2599 1464 2599 1471 2598 1472 2600 1464 2599 1472 2600 1463 2601 1463 2601 1472 2600 1473 2602 1463 2601 1473 2602 1462 2603 1462 2603 1473 2602 1474 2604 1462 2603 1474 2604 1461 2605 1461 2605 1474 2604 1475 2606 1461 2605 1475 2606 1460 2607 1460 2607 1475 2606 1476 2608 1460 2607 1476 2608 1459 2609 1459 2609 1476 2608 1477 2610 1459 2609 1477 2610 1458 2611 1458 2611 1477 2610 1478 2612 1458 2611 1478 2612 1457 2613 1457 2613 1478 2612 1479 2614 1457 2613 1479 2614 1456 2615 1456 2615 1479 2614 1480 2616 1456 2615 1480 2616 1455 2617 1455 2617 1480 2616 1481 2618 1455 2617 1481 2618 1454 2619 1454 2619 1481 2618 1482 2620 1454 2619 1482 2620 1453 2621 1453 2621 1482 2620 1483 2622 1453 2621 1483 2622 1452 2623 1452 2623 1483 2622 1484 2624 1452 2623 1484 2624 1451 2625 1451 2625 1484 2624 1485 2626 1451 2625 1485 2626 1450 2627 1450 2627 1485 2626 1486 2628 1450 2627 1486 2628 1449 2629 1449 2629 1486 2628 1487 2630 1449 2629 1487 2630 1448 2631 1448 2631 1487 2630 1488 2632 1448 2631 1488 2632 1447 2633 1447 2633 1488 2632 1489 2634 1447 2633 1489 2634 1446 2635 1446 2635 1489 2634 1490 2636 1446 2635 1490 2636 1445 2589 1445 2589 1490 2636 1491 2590 1493 2637 887 2638 1492 2639 1492 2639 887 2638 886 2640 1492 2639 886 2640 1515 2641 1515 2641 886 2640 909 2642 1515 2641 909 2642 1514 2643 1514 2643 909 2642 908 2644 1514 2643 908 2644 1513 2645 1513 2645 908 2644 907 2646 1513 2645 907 2646 1512 2647 1512 2647 907 2646 906 2648 1512 2647 906 2648 1511 2649 1511 2649 906 2648 905 2650 1511 2649 905 2650 1510 2651 1510 2651 905 2650 904 2652 1510 2651 904 2652 1509 2653 1509 2653 904 2652 903 2654 1509 2653 903 2654 1508 2655 1508 2655 903 2654 902 2656 1508 2655 902 2656 1507 2657 1507 2657 902 2656 901 2658 1507 2657 901 2658 1506 2659 1506 2659 901 2658 900 2660 1506 2659 900 2660 1505 2661 1505 2661 900 2660 899 2662 1505 2661 899 2662 1504 2663 1504 2663 899 2662 898 2664 1504 2663 898 2664 1503 2665 1503 2665 898 2664 897 2666 1503 2665 897 2666 1502 2667 1502 2667 897 2666 896 2668 1502 2667 896 2668 1501 2669 1501 2669 896 2668 895 2670 1501 2669 895 2670 1500 2671 1500 2671 895 2670 894 2672 1500 2671 894 2672 1499 2673 1499 2673 894 2672 893 2674 1499 2673 893 2674 1498 2675 1498 2675 893 2674 892 2676 1498 2675 892 2676 1497 2677 1497 2677 892 2676 891 2678 1497 2677 891 2678 1496 2679 1496 2679 891 2678 890 2680 1496 2679 890 2680 1495 2681 1495 2681 890 2680 889 2682 1495 2681 889 2682 1494 2683 1494 2683 889 2682 888 2684 1494 2683 888 2684 1493 2637 1493 2637 888 2684 887 2638 1445 2685 1444 2686 1492 2687 1492 2687 1444 2686 1467 2688 1492 2687 1467 2688 1493 2689 1493 2689 1467 2688 1466 2690 1493 2689 1466 2690 1494 2691 1494 2691 1466 2690 1465 2692 1494 2691 1465 2692 1495 2693 1495 2693 1465 2692 1464 2694 1495 2693 1464 2694 1496 2695 1496 2695 1464 2694 1463 2696 1496 2695 1463 2696 1497 2697 1497 2697 1463 2696 1462 2698 1497 2697 1462 2698 1498 2699 1498 2699 1462 2698 1499 2700 1499 2700 1462 2698 1461 2701 1499 2700 1461 2701 1500 2702 1500 2702 1461 2701 1460 2703 1500 2702 1460 2703 1501 2704 1501 2704 1460 2703 1459 2705 1501 2704 1459 2705 1502 2706 1502 2706 1459 2705 1458 2707 1502 2706 1458 2707 1503 2708 1503 2708 1458 2707 1457 2709 1503 2708 1457 2709 1504 2710 1504 2710 1457 2709 1456 2711 1504 2710 1456 2711 1505 2712 1505 2712 1456 2711 1455 2713 1505 2712 1455 2713 1454 2714 1505 2712 1454 2714 1506 2715 1506 2715 1454 2714 1453 2716 1506 2715 1453 2716 1507 2717 1507 2717 1453 2716 1452 2718 1507 2717 1452 2718 1508 2719 1508 2719 1452 2718 1451 2720 1508 2719 1451 2720 1509 2721 1509 2721 1451 2720 1450 2722 1509 2721 1450 2722 1510 2723 1510 2723 1450 2722 1511 2724 1511 2724 1450 2722 1449 2725 1511 2724 1449 2725 1512 2726 1512 2726 1449 2725 1448 2727 1512 2726 1448 2727 1513 2728 1513 2728 1448 2727 1447 2729 1513 2728 1447 2729 1514 2730 1514 2730 1447 2729 1446 2731 1514 2730 1446 2731 1515 2732 1515 2732 1446 2731 1445 2685 1515 2732 1445 2685 1492 2687 1419 2733 1413 2734 1396 2735 1396 2735 1413 2734 1412 2736 1396 2735 1412 2736 1397 2737 1397 2737 1412 2736 1411 2738 1397 2737 1411 2738 1398 2739 1398 2739 1411 2738 1410 2740 1398 2739 1410 2740 1399 2741 1399 2741 1410 2740 1409 2742 1399 2741 1409 2742 1400 2743 1400 2743 1409 2742 1408 2744 1400 2743 1408 2744 1401 2745 1401 2745 1408 2744 1407 2746 1401 2745 1407 2746 1402 2747 1402 2747 1407 2746 1406 2748 1402 2747 1406 2748 1403 2749 1403 2749 1406 2748 1405 2750 1403 2749 1405 2750 1404 2751 1413 2734 1419 2733 1414 2752 1414 2752 1419 2733 1418 2753 1414 2752 1418 2753 1415 2754 1415 2754 1418 2753 1417 2755 1415 2754 1417 2755 1416 2756 1517 2757 1563 2758 1516 2759 1516 2759 1563 2758 1540 2760 1516 2759 1540 2760 1539 2761 1539 2761 1540 2760 1541 2762 1539 2761 1541 2762 1538 2763 1538 2763 1541 2762 1542 2764 1538 2763 1542 2764 1537 2765 1537 2765 1542 2764 1543 2766 1537 2765 1543 2766 1536 2767 1536 2767 1543 2766 1544 2768 1536 2767 1544 2768 1535 2769 1535 2769 1544 2768 1545 2770 1535 2769 1545 2770 1534 2771 1534 2771 1545 2770 1546 2772 1534 2771 1546 2772 1533 2773 1533 2773 1546 2772 1547 2774 1533 2773 1547 2774 1532 2775 1532 2775 1547 2774 1548 2776 1532 2775 1548 2776 1531 2777 1531 2777 1548 2776 1549 2778 1531 2777 1549 2778 1530 2779 1530 2779 1549 2778 1550 2780 1530 2779 1550 2780 1529 2781 1529 2781 1550 2780 1551 2782 1529 2781 1551 2782 1528 2783 1528 2783 1551 2782 1552 2784 1528 2783 1552 2784 1527 2785 1527 2785 1552 2784 1553 2786 1527 2785 1553 2786 1526 2787 1526 2787 1553 2786 1554 2788 1526 2787 1554 2788 1525 2789 1525 2789 1554 2788 1555 2790 1525 2789 1555 2790 1524 2791 1524 2791 1555 2790 1556 2792 1524 2791 1556 2792 1523 2793 1523 2793 1556 2792 1557 2794 1523 2793 1557 2794 1522 2795 1522 2795 1557 2794 1558 2796 1522 2795 1558 2796 1521 2797 1521 2797 1558 2796 1559 2798 1521 2797 1559 2798 1520 2799 1520 2799 1559 2798 1560 2800 1520 2799 1560 2800 1519 2801 1519 2801 1560 2800 1561 2802 1519 2801 1561 2802 1518 2803 1518 2803 1561 2802 1562 2804 1518 2803 1562 2804 1517 2757 1517 2757 1562 2804 1563 2758 1565 2805 1085 2806 1564 2807 1564 2807 1085 2806 1084 2808 1564 2807 1084 2808 1587 2809 1587 2809 1084 2808 1107 2810 1587 2809 1107 2810 1586 2811 1586 2811 1107 2810 1106 2812 1586 2811 1106 2812 1585 2813 1585 2813 1106 2812 1105 2814 1585 2813 1105 2814 1584 2815 1584 2815 1105 2814 1104 2816 1584 2815 1104 2816 1583 2817 1583 2817 1104 2816 1103 2818 1583 2817 1103 2818 1582 2819 1582 2819 1103 2818 1102 2820 1582 2819 1102 2820 1581 2821 1581 2821 1102 2820 1101 2822 1581 2821 1101 2822 1580 2823 1580 2823 1101 2822 1100 2824 1580 2823 1100 2824 1579 2825 1579 2825 1100 2824 1099 2826 1579 2825 1099 2826 1578 2827 1578 2827 1099 2826 1098 2828 1578 2827 1098 2828 1577 2829 1577 2829 1098 2828 1097 2830 1577 2829 1097 2830 1576 2831 1576 2831 1097 2830 1096 2832 1576 2831 1096 2832 1575 2833 1575 2833 1096 2832 1095 2834 1575 2833 1095 2834 1574 2835 1574 2835 1095 2834 1094 2836 1574 2835 1094 2836 1573 2837 1573 2837 1094 2836 1093 2838 1573 2837 1093 2838 1572 2839 1572 2839 1093 2838 1092 2840 1572 2839 1092 2840 1571 2841 1571 2841 1092 2840 1091 2842 1571 2841 1091 2842 1570 2843 1570 2843 1091 2842 1090 2844 1570 2843 1090 2844 1569 2845 1569 2845 1090 2844 1089 2846 1569 2845 1089 2846 1568 2847 1568 2847 1089 2846 1088 2848 1568 2847 1088 2848 1567 2849 1567 2849 1088 2848 1087 2850 1567 2849 1087 2850 1566 2851 1566 2851 1087 2850 1086 2852 1566 2851 1086 2852 1565 2805 1565 2805 1086 2852 1085 2806 1517 2853 1516 2854 1564 2855 1564 2855 1516 2854 1539 2856 1564 2855 1539 2856 1565 2857 1565 2857 1539 2856 1538 2858 1565 2857 1538 2858 1566 2859 1566 2859 1538 2858 1537 2860 1566 2859 1537 2860 1567 2861 1567 2861 1537 2860 1536 2862 1567 2861 1536 2862 1568 2863 1568 2863 1536 2862 1535 2864 1568 2863 1535 2864 1569 2865 1569 2865 1535 2864 1534 2866 1569 2865 1534 2866 1570 2867 1570 2867 1534 2866 1571 2868 1571 2868 1534 2866 1533 2869 1571 2868 1533 2869 1572 2870 1572 2870 1533 2869 1532 2871 1572 2870 1532 2871 1573 2872 1573 2872 1532 2871 1531 2873 1573 2872 1531 2873 1574 2874 1574 2874 1531 2873 1530 2875 1574 2874 1530 2875 1575 2876 1575 2876 1530 2875 1529 2877 1575 2876 1529 2877 1576 2878 1576 2878 1529 2877 1528 2879 1576 2878 1528 2879 1577 2880 1577 2880 1528 2879 1527 2881 1577 2880 1527 2881 1526 2882 1577 2880 1526 2882 1578 2883 1578 2883 1526 2882 1525 2884 1578 2883 1525 2884 1579 2885 1579 2885 1525 2884 1524 2886 1579 2885 1524 2886 1580 2887 1580 2887 1524 2886 1523 2888 1580 2887 1523 2888 1581 2889 1581 2889 1523 2888 1522 2890 1581 2889 1522 2890 1582 2891 1582 2891 1522 2890 1583 2892 1583 2892 1522 2890 1521 2893 1583 2892 1521 2893 1584 2894 1584 2894 1521 2893 1520 2895 1584 2894 1520 2895 1585 2896 1585 2896 1520 2895 1519 2897 1585 2896 1519 2897 1586 2898 1586 2898 1519 2897 1518 2899 1586 2898 1518 2899 1587 2900 1587 2900 1518 2899 1517 2853 1587 2900 1517 2853 1564 2855 1491 2901 1481 2902 1468 2903 1468 2903 1481 2902 1480 2904 1468 2903 1480 2904 1469 2905 1469 2905 1480 2904 1479 2906 1469 2905 1479 2906 1470 2907 1470 2907 1479 2906 1478 2908 1470 2907 1478 2908 1471 2909 1471 2909 1478 2908 1477 2910 1471 2909 1477 2910 1472 2911 1472 2911 1477 2910 1476 2912 1472 2911 1476 2912 1473 2913 1473 2913 1476 2912 1475 2914 1473 2913 1475 2914 1474 2915 1481 2902 1491 2901 1482 2916 1482 2916 1491 2901 1490 2917 1482 2916 1490 2917 1483 2918 1483 2918 1490 2917 1489 2919 1483 2918 1489 2919 1484 2920 1484 2920 1489 2919 1488 2921 1484 2920 1488 2921 1485 2922 1485 2922 1488 2921 1487 2923 1485 2922 1487 2923 1486 2924 1589 2925 1635 2926 1588 2927 1588 2927 1635 2926 1612 2928 1588 2927 1612 2928 1611 2929 1611 2929 1612 2928 1613 2930 1611 2929 1613 2930 1610 2931 1610 2931 1613 2930 1614 2932 1610 2931 1614 2932 1609 2933 1609 2933 1614 2932 1615 2934 1609 2933 1615 2934 1608 2935 1608 2935 1615 2934 1616 2936 1608 2935 1616 2936 1607 2937 1607 2937 1616 2936 1617 2938 1607 2937 1617 2938 1606 2939 1606 2939 1617 2938 1618 2940 1606 2939 1618 2940 1605 2941 1605 2941 1618 2940 1619 2942 1605 2941 1619 2942 1604 2943 1604 2943 1619 2942 1620 2944 1604 2943 1620 2944 1603 2945 1603 2945 1620 2944 1621 2946 1603 2945 1621 2946 1602 2947 1602 2947 1621 2946 1622 2948 1602 2947 1622 2948 1601 2949 1601 2949 1622 2948 1623 2950 1601 2949 1623 2950 1600 2951 1600 2951 1623 2950 1624 2952 1600 2951 1624 2952 1599 2953 1599 2953 1624 2952 1625 2954 1599 2953 1625 2954 1598 2955 1598 2955 1625 2954 1626 2956 1598 2955 1626 2956 1597 2957 1597 2957 1626 2956 1627 2958 1597 2957 1627 2958 1596 2959 1596 2959 1627 2958 1628 2960 1596 2959 1628 2960 1595 2961 1595 2961 1628 2960 1629 2962 1595 2961 1629 2962 1594 2963 1594 2963 1629 2962 1630 2964 1594 2963 1630 2964 1593 2965 1593 2965 1630 2964 1631 2966 1593 2965 1631 2966 1592 2967 1592 2967 1631 2966 1632 2968 1592 2967 1632 2968 1591 2969 1591 2969 1632 2968 1633 2970 1591 2969 1633 2970 1590 2971 1590 2971 1633 2970 1634 2972 1590 2971 1634 2972 1589 2925 1589 2925 1634 2972 1635 2926 1637 2973 911 2974 1636 2975 1636 2975 911 2974 910 2976 1636 2975 910 2976 1659 2977 1659 2977 910 2976 933 2978 1659 2977 933 2978 1658 2979 1658 2979 933 2978 932 2980 1658 2979 932 2980 1657 2981 1657 2981 932 2980 931 2982 1657 2981 931 2982 1656 2983 1656 2983 931 2982 930 2984 1656 2983 930 2984 1655 2985 1655 2985 930 2984 929 2986 1655 2985 929 2986 1654 2987 1654 2987 929 2986 928 2988 1654 2987 928 2988 1653 2989 1653 2989 928 2988 927 2990 1653 2989 927 2990 1652 2991 1652 2991 927 2990 926 2992 1652 2991 926 2992 1651 2993 1651 2993 926 2992 925 2994 1651 2993 925 2994 1650 2995 1650 2995 925 2994 924 2996 1650 2995 924 2996 1649 2997 1649 2997 924 2996 923 2998 1649 2997 923 2998 1648 2999 1648 2999 923 2998 922 3000 1648 2999 922 3000 1647 3001 1647 3001 922 3000 921 3002 1647 3001 921 3002 1646 3003 1646 3003 921 3002 920 3004 1646 3003 920 3004 1645 3005 1645 3005 920 3004 919 3006 1645 3005 919 3006 1644 3007 1644 3007 919 3006 918 3008 1644 3007 918 3008 1643 3009 1643 3009 918 3008 917 3010 1643 3009 917 3010 1642 3011 1642 3011 917 3010 916 3012 1642 3011 916 3012 1641 3013 1641 3013 916 3012 915 3014 1641 3013 915 3014 1640 3015 1640 3015 915 3014 914 3016 1640 3015 914 3016 1639 3017 1639 3017 914 3016 913 3018 1639 3017 913 3018 1638 3019 1638 3019 913 3018 912 3020 1638 3019 912 3020 1637 2973 1637 2973 912 3020 911 2974 1589 3021 1588 3022 1636 3023 1636 3023 1588 3022 1611 3024 1636 3023 1611 3024 1637 3025 1637 3025 1611 3024 1610 3026 1637 3025 1610 3026 1638 3027 1638 3027 1610 3026 1609 3028 1638 3027 1609 3028 1639 3029 1639 3029 1609 3028 1608 3030 1639 3029 1608 3030 1640 3031 1640 3031 1608 3030 1607 3032 1640 3031 1607 3032 1641 3033 1641 3033 1607 3032 1606 3034 1641 3033 1606 3034 1642 3035 1642 3035 1606 3034 1643 3036 1643 3036 1606 3034 1605 3037 1643 3036 1605 3037 1644 3038 1644 3038 1605 3037 1604 3039 1644 3038 1604 3039 1645 3040 1645 3040 1604 3039 1603 3041 1645 3040 1603 3041 1646 3042 1646 3042 1603 3041 1602 3043 1646 3042 1602 3043 1647 3044 1647 3044 1602 3043 1601 3045 1647 3044 1601 3045 1648 3046 1648 3046 1601 3045 1600 3047 1648 3046 1600 3047 1649 3048 1649 3048 1600 3047 1599 3049 1649 3048 1599 3049 1598 3050 1649 3048 1598 3050 1650 3051 1650 3051 1598 3050 1597 3052 1650 3051 1597 3052 1651 3053 1651 3053 1597 3052 1596 3054 1651 3053 1596 3054 1652 3055 1652 3055 1596 3054 1595 3056 1652 3055 1595 3056 1653 3057 1653 3057 1595 3056 1594 3058 1653 3057 1594 3058 1654 3059 1654 3059 1594 3058 1655 3060 1655 3060 1594 3058 1593 3061 1655 3060 1593 3061 1656 3062 1656 3062 1593 3061 1592 3063 1656 3062 1592 3063 1657 3064 1657 3064 1592 3063 1591 3065 1657 3064 1591 3065 1658 3066 1658 3066 1591 3065 1590 3067 1658 3066 1590 3067 1659 3068 1659 3068 1590 3067 1589 3021 1659 3068 1589 3021 1636 3023 1563 3069 1549 3070 1540 3071 1540 3071 1549 3070 1548 3072 1540 3071 1548 3072 1541 3073 1541 3073 1548 3072 1547 3074 1541 3073 1547 3074 1542 3075 1542 3075 1547 3074 1546 3076 1542 3075 1546 3076 1543 3077 1543 3077 1546 3076 1545 3078 1543 3077 1545 3078 1544 3079 1549 3070 1563 3069 1550 3080 1550 3080 1563 3069 1562 3081 1550 3080 1562 3081 1551 3082 1551 3082 1562 3081 1561 3083 1551 3082 1561 3083 1552 3084 1552 3084 1561 3083 1560 3085 1552 3084 1560 3085 1553 3086 1553 3086 1560 3085 1559 3087 1553 3086 1559 3087 1554 3088 1554 3088 1559 3087 1558 3089 1554 3088 1558 3089 1555 3090 1555 3090 1558 3089 1557 3091 1555 3090 1557 3091 1556 3092 1661 3093 1707 3094 1660 3095 1660 3095 1707 3094 1684 3096 1660 3095 1684 3096 1683 3097 1683 3097 1684 3096 1685 3098 1683 3097 1685 3098 1682 3099 1682 3099 1685 3098 1686 3100 1682 3099 1686 3100 1681 3101 1681 3101 1686 3100 1687 3102 1681 3101 1687 3102 1680 3103 1680 3103 1687 3102 1688 3104 1680 3103 1688 3104 1679 3105 1679 3105 1688 3104 1689 3106 1679 3105 1689 3106 1678 3107 1678 3107 1689 3106 1690 3108 1678 3107 1690 3108 1677 3109 1677 3109 1690 3108 1691 3110 1677 3109 1691 3110 1676 3111 1676 3111 1691 3110 1692 3112 1676 3111 1692 3112 1675 3113 1675 3113 1692 3112 1693 3114 1675 3113 1693 3114 1674 3115 1674 3115 1693 3114 1694 3116 1674 3115 1694 3116 1673 3117 1673 3117 1694 3116 1695 3118 1673 3117 1695 3118 1672 3119 1672 3119 1695 3118 1696 3120 1672 3119 1696 3120 1671 3121 1671 3121 1696 3120 1697 3122 1671 3121 1697 3122 1670 3123 1670 3123 1697 3122 1698 3124 1670 3123 1698 3124 1669 3125 1669 3125 1698 3124 1699 3126 1669 3125 1699 3126 1668 3127 1668 3127 1699 3126 1700 3128 1668 3127 1700 3128 1667 3129 1667 3129 1700 3128 1701 3130 1667 3129 1701 3130 1666 3131 1666 3131 1701 3130 1702 3132 1666 3131 1702 3132 1665 3133 1665 3133 1702 3132 1703 3134 1665 3133 1703 3134 1664 3135 1664 3135 1703 3134 1704 3136 1664 3135 1704 3136 1663 3137 1663 3137 1704 3136 1705 3138 1663 3137 1705 3138 1662 3139 1662 3139 1705 3138 1706 3140 1662 3139 1706 3140 1661 3093 1661 3093 1706 3140 1707 3094 1709 3141 1061 3142 1708 3143 1708 3143 1061 3142 1060 3144 1708 3143 1060 3144 1731 3145 1731 3145 1060 3144 1083 3146 1731 3145 1083 3146 1730 3147 1730 3147 1083 3146 1082 3148 1730 3147 1082 3148 1729 3149 1729 3149 1082 3148 1081 3150 1729 3149 1081 3150 1728 3151 1728 3151 1081 3150 1080 3152 1728 3151 1080 3152 1727 3153 1727 3153 1080 3152 1079 3154 1727 3153 1079 3154 1726 3155 1726 3155 1079 3154 1078 3156 1726 3155 1078 3156 1725 3157 1725 3157 1078 3156 1077 3158 1725 3157 1077 3158 1724 3159 1724 3159 1077 3158 1076 3160 1724 3159 1076 3160 1723 3161 1723 3161 1076 3160 1075 3162 1723 3161 1075 3162 1722 3163 1722 3163 1075 3162 1074 3164 1722 3163 1074 3164 1721 3165 1721 3165 1074 3164 1073 3166 1721 3165 1073 3166 1720 3167 1720 3167 1073 3166 1072 3168 1720 3167 1072 3168 1719 3169 1719 3169 1072 3168 1071 3170 1719 3169 1071 3170 1718 3171 1718 3171 1071 3170 1070 3172 1718 3171 1070 3172 1717 3173 1717 3173 1070 3172 1069 3174 1717 3173 1069 3174 1716 3175 1716 3175 1069 3174 1068 3176 1716 3175 1068 3176 1715 3177 1715 3177 1068 3176 1067 3178 1715 3177 1067 3178 1714 3179 1714 3179 1067 3178 1066 3180 1714 3179 1066 3180 1713 3181 1713 3181 1066 3180 1065 3182 1713 3181 1065 3182 1712 3183 1712 3183 1065 3182 1064 3184 1712 3183 1064 3184 1711 3185 1711 3185 1064 3184 1063 3186 1711 3185 1063 3186 1710 3187 1710 3187 1063 3186 1062 3188 1710 3187 1062 3188 1709 3141 1709 3141 1062 3188 1061 3142 1661 3189 1660 3190 1708 3191 1708 3191 1660 3190 1683 3192 1708 3191 1683 3192 1709 3193 1709 3193 1683 3192 1682 3194 1709 3193 1682 3194 1710 3195 1710 3195 1682 3194 1681 3196 1710 3195 1681 3196 1711 3197 1711 3197 1681 3196 1680 3198 1711 3197 1680 3198 1712 3199 1712 3199 1680 3198 1679 3200 1712 3199 1679 3200 1713 3201 1713 3201 1679 3200 1678 3202 1713 3201 1678 3202 1714 3203 1714 3203 1678 3202 1715 3204 1715 3204 1678 3202 1677 3205 1715 3204 1677 3205 1716 3206 1716 3206 1677 3205 1676 3207 1716 3206 1676 3207 1717 3208 1717 3208 1676 3207 1675 3209 1717 3208 1675 3209 1718 3210 1718 3210 1675 3209 1674 3211 1718 3210 1674 3211 1719 3212 1719 3212 1674 3211 1673 3213 1719 3212 1673 3213 1720 3214 1720 3214 1673 3213 1672 3215 1720 3214 1672 3215 1721 3216 1721 3216 1672 3215 1671 3217 1721 3216 1671 3217 1670 3218 1721 3216 1670 3218 1722 3219 1722 3219 1670 3218 1669 3220 1722 3219 1669 3220 1723 3221 1723 3221 1669 3220 1668 3222 1723 3221 1668 3222 1724 3223 1724 3223 1668 3222 1667 3224 1724 3223 1667 3224 1725 3225 1725 3225 1667 3224 1666 3226 1725 3225 1666 3226 1726 3227 1726 3227 1666 3226 1727 3228 1727 3228 1666 3226 1665 3229 1727 3228 1665 3229 1728 3230 1728 3230 1665 3229 1664 3231 1728 3230 1664 3231 1729 3232 1729 3232 1664 3231 1663 3233 1729 3232 1663 3233 1730 3234 1730 3234 1663 3233 1662 3235 1730 3234 1662 3235 1731 3236 1731 3236 1662 3235 1661 3189 1731 3236 1661 3189 1708 3191 1635 3237 1617 3238 1612 3239 1612 3239 1617 3238 1616 3240 1612 3239 1616 3240 1613 3241 1613 3241 1616 3240 1615 3242 1613 3241 1615 3242 1614 3243 1617 3238 1635 3237 1618 3244 1618 3244 1635 3237 1634 3245 1618 3244 1634 3245 1619 3246 1619 3246 1634 3245 1633 3247 1619 3246 1633 3247 1620 3248 1620 3248 1633 3247 1632 3249 1620 3248 1632 3249 1621 3250 1621 3250 1632 3249 1631 3251 1621 3250 1631 3251 1622 3252 1622 3252 1631 3251 1630 3253 1622 3252 1630 3253 1623 3254 1623 3254 1630 3253 1629 3255 1623 3254 1629 3255 1624 3256 1624 3256 1629 3255 1628 3257 1624 3256 1628 3257 1625 3258 1625 3258 1628 3257 1627 3259 1625 3258 1627 3259 1626 3260 1733 3261 1779 3262 1732 3263 1732 3263 1779 3262 1756 3264 1732 3263 1756 3264 1755 3265 1755 3265 1756 3264 1757 3266 1755 3265 1757 3266 1754 3267 1754 3267 1757 3266 1758 3268 1754 3267 1758 3268 1753 3269 1753 3269 1758 3268 1759 3270 1753 3269 1759 3270 1752 3271 1752 3271 1759 3270 1760 3272 1752 3271 1760 3272 1751 3273 1751 3273 1760 3272 1761 3274 1751 3273 1761 3274 1750 3275 1750 3275 1761 3274 1762 3276 1750 3275 1762 3276 1749 3277 1749 3277 1762 3276 1763 3278 1749 3277 1763 3278 1748 3279 1748 3279 1763 3278 1764 3280 1748 3279 1764 3280 1747 3281 1747 3281 1764 3280 1765 3282 1747 3281 1765 3282 1746 3283 1746 3283 1765 3282 1766 3284 1746 3283 1766 3284 1745 3285 1745 3285 1766 3284 1767 3286 1745 3285 1767 3286 1744 3287 1744 3287 1767 3286 1768 3288 1744 3287 1768 3288 1743 3289 1743 3289 1768 3288 1769 3290 1743 3289 1769 3290 1742 3291 1742 3291 1769 3290 1770 3292 1742 3291 1770 3292 1741 3293 1741 3293 1770 3292 1771 3294 1741 3293 1771 3294 1740 3295 1740 3295 1771 3294 1772 3296 1740 3295 1772 3296 1739 3297 1739 3297 1772 3296 1773 3298 1739 3297 1773 3298 1738 3299 1738 3299 1773 3298 1774 3300 1738 3299 1774 3300 1737 3301 1737 3301 1774 3300 1775 3302 1737 3301 1775 3302 1736 3303 1736 3303 1775 3302 1776 3304 1736 3303 1776 3304 1735 3305 1735 3305 1776 3304 1777 3306 1735 3305 1777 3306 1734 3307 1734 3307 1777 3306 1778 3308 1734 3307 1778 3308 1733 3261 1733 3261 1778 3308 1779 3262 1781 3309 935 3310 1780 3311 1780 3311 935 3310 934 3312 1780 3311 934 3312 1803 3313 1803 3313 934 3312 957 3314 1803 3313 957 3314 1802 3315 1802 3315 957 3314 956 3316 1802 3315 956 3316 1801 3317 1801 3317 956 3316 955 3318 1801 3317 955 3318 1800 3319 1800 3319 955 3318 954 3320 1800 3319 954 3320 1799 3321 1799 3321 954 3320 953 3322 1799 3321 953 3322 1798 3323 1798 3323 953 3322 952 3324 1798 3323 952 3324 1797 3325 1797 3325 952 3324 951 3326 1797 3325 951 3326 1796 3327 1796 3327 951 3326 950 3328 1796 3327 950 3328 1795 3329 1795 3329 950 3328 949 3330 1795 3329 949 3330 1794 3331 1794 3331 949 3330 948 3332 1794 3331 948 3332 1793 3333 1793 3333 948 3332 947 3334 1793 3333 947 3334 1792 3335 1792 3335 947 3334 946 3336 1792 3335 946 3336 1791 3337 1791 3337 946 3336 945 3338 1791 3337 945 3338 1790 3339 1790 3339 945 3338 944 3340 1790 3339 944 3340 1789 3341 1789 3341 944 3340 943 3342 1789 3341 943 3342 1788 3343 1788 3343 943 3342 942 3344 1788 3343 942 3344 1787 3345 1787 3345 942 3344 941 3346 1787 3345 941 3346 1786 3347 1786 3347 941 3346 940 3348 1786 3347 940 3348 1785 3349 1785 3349 940 3348 939 3350 1785 3349 939 3350 1784 3351 1784 3351 939 3350 938 3352 1784 3351 938 3352 1783 3353 1783 3353 938 3352 937 3354 1783 3353 937 3354 1782 3355 1782 3355 937 3354 936 3356 1782 3355 936 3356 1781 3309 1781 3309 936 3356 935 3310 1733 3357 1732 3358 1780 3359 1780 3359 1732 3358 1755 3360 1780 3359 1755 3360 1781 3361 1781 3361 1755 3360 1754 3362 1781 3361 1754 3362 1782 3363 1782 3363 1754 3362 1753 3364 1782 3363 1753 3364 1783 3365 1783 3365 1753 3364 1752 3366 1783 3365 1752 3366 1784 3367 1784 3367 1752 3366 1751 3368 1784 3367 1751 3368 1785 3369 1785 3369 1751 3368 1750 3370 1785 3369 1750 3370 1786 3371 1786 3371 1750 3370 1787 3372 1787 3372 1750 3370 1749 3373 1787 3372 1749 3373 1788 3374 1788 3374 1749 3373 1748 3375 1788 3374 1748 3375 1789 3376 1789 3376 1748 3375 1747 3377 1789 3376 1747 3377 1790 3378 1790 3378 1747 3377 1746 3379 1790 3378 1746 3379 1791 3380 1791 3380 1746 3379 1745 3381 1791 3380 1745 3381 1792 3382 1792 3382 1745 3381 1744 3383 1792 3382 1744 3383 1793 3384 1793 3384 1744 3383 1743 3385 1793 3384 1743 3385 1742 3386 1793 3384 1742 3386 1794 3387 1794 3387 1742 3386 1741 3388 1794 3387 1741 3388 1795 3389 1795 3389 1741 3388 1740 3390 1795 3389 1740 3390 1796 3391 1796 3391 1740 3390 1739 3392 1796 3391 1739 3392 1797 3393 1797 3393 1739 3392 1738 3394 1797 3393 1738 3394 1798 3395 1798 3395 1738 3394 1799 3396 1799 3396 1738 3394 1737 3397 1799 3396 1737 3397 1800 3398 1800 3398 1737 3397 1736 3399 1800 3398 1736 3399 1801 3400 1801 3400 1736 3399 1735 3401 1801 3400 1735 3401 1802 3402 1802 3402 1735 3401 1734 3403 1802 3402 1734 3403 1803 3404 1803 3404 1734 3403 1733 3357 1803 3404 1733 3357 1780 3359 1684 3405 1707 3406 1685 3407 1685 3407 1707 3406 1686 3408 1686 3408 1707 3406 1706 3409 1686 3408 1706 3409 1687 3410 1687 3410 1706 3409 1705 3411 1687 3410 1705 3411 1688 3412 1688 3412 1705 3411 1704 3413 1688 3412 1704 3413 1689 3414 1689 3414 1704 3413 1703 3415 1689 3414 1703 3415 1690 3416 1690 3416 1703 3415 1702 3417 1690 3416 1702 3417 1691 3418 1691 3418 1702 3417 1701 3419 1691 3418 1701 3419 1692 3420 1692 3420 1701 3419 1700 3421 1692 3420 1700 3421 1693 3422 1693 3422 1700 3421 1699 3423 1693 3422 1699 3423 1694 3424 1694 3424 1699 3423 1698 3425 1694 3424 1698 3425 1695 3426 1695 3426 1698 3425 1697 3427 1695 3426 1697 3427 1696 3428 1805 3429 1851 3430 1804 3431 1804 3431 1851 3430 1828 3432 1804 3431 1828 3432 1827 3433 1827 3433 1828 3432 1829 3434 1827 3433 1829 3434 1826 3435 1826 3435 1829 3434 1830 3436 1826 3435 1830 3436 1825 3437 1825 3437 1830 3436 1831 3438 1825 3437 1831 3438 1824 3439 1824 3439 1831 3438 1832 3440 1824 3439 1832 3440 1823 3441 1823 3441 1832 3440 1833 3442 1823 3441 1833 3442 1822 3443 1822 3443 1833 3442 1834 3444 1822 3443 1834 3444 1821 3445 1821 3445 1834 3444 1835 3446 1821 3445 1835 3446 1820 3447 1820 3447 1835 3446 1836 3448 1820 3447 1836 3448 1819 3449 1819 3449 1836 3448 1837 3450 1819 3449 1837 3450 1818 3451 1818 3451 1837 3450 1838 3452 1818 3451 1838 3452 1817 3453 1817 3453 1838 3452 1839 3454 1817 3453 1839 3454 1816 3455 1816 3455 1839 3454 1840 3456 1816 3455 1840 3456 1815 3457 1815 3457 1840 3456 1841 3458 1815 3457 1841 3458 1814 3459 1814 3459 1841 3458 1842 3460 1814 3459 1842 3460 1813 3461 1813 3461 1842 3460 1843 3462 1813 3461 1843 3462 1812 3463 1812 3463 1843 3462 1844 3464 1812 3463 1844 3464 1811 3465 1811 3465 1844 3464 1845 3466 1811 3465 1845 3466 1810 3467 1810 3467 1845 3466 1846 3468 1810 3467 1846 3468 1809 3469 1809 3469 1846 3468 1847 3470 1809 3469 1847 3470 1808 3471 1808 3471 1847 3470 1848 3472 1808 3471 1848 3472 1807 3473 1807 3473 1848 3472 1849 3474 1807 3473 1849 3474 1806 3475 1806 3475 1849 3474 1850 3476 1806 3475 1850 3476 1805 3429 1805 3429 1850 3476 1851 3430 1853 3477 1037 3478 1852 3479 1852 3479 1037 3478 1036 3480 1852 3479 1036 3480 1875 3481 1875 3481 1036 3480 1059 3482 1875 3481 1059 3482 1874 3483 1874 3483 1059 3482 1058 3484 1874 3483 1058 3484 1873 3485 1873 3485 1058 3484 1057 3486 1873 3485 1057 3486 1872 3487 1872 3487 1057 3486 1056 3488 1872 3487 1056 3488 1871 3489 1871 3489 1056 3488 1055 3490 1871 3489 1055 3490 1870 3491 1870 3491 1055 3490 1054 3492 1870 3491 1054 3492 1869 3493 1869 3493 1054 3492 1053 3494 1869 3493 1053 3494 1868 3495 1868 3495 1053 3494 1052 3496 1868 3495 1052 3496 1867 3497 1867 3497 1052 3496 1051 3498 1867 3497 1051 3498 1866 3499 1866 3499 1051 3498 1050 3500 1866 3499 1050 3500 1865 3501 1865 3501 1050 3500 1049 3502 1865 3501 1049 3502 1864 3503 1864 3503 1049 3502 1048 3504 1864 3503 1048 3504 1863 3505 1863 3505 1048 3504 1047 3506 1863 3505 1047 3506 1862 3507 1862 3507 1047 3506 1046 3508 1862 3507 1046 3508 1861 3509 1861 3509 1046 3508 1045 3510 1861 3509 1045 3510 1860 3511 1860 3511 1045 3510 1044 3512 1860 3511 1044 3512 1859 3513 1859 3513 1044 3512 1043 3514 1859 3513 1043 3514 1858 3515 1858 3515 1043 3514 1042 3516 1858 3515 1042 3516 1857 3517 1857 3517 1042 3516 1041 3518 1857 3517 1041 3518 1856 3519 1856 3519 1041 3518 1040 3520 1856 3519 1040 3520 1855 3521 1855 3521 1040 3520 1039 3522 1855 3521 1039 3522 1854 3523 1854 3523 1039 3522 1038 3524 1854 3523 1038 3524 1853 3477 1853 3477 1038 3524 1037 3478 1805 3525 1804 3526 1852 3527 1852 3527 1804 3526 1827 3528 1852 3527 1827 3528 1853 3529 1853 3529 1827 3528 1826 3530 1853 3529 1826 3530 1854 3531 1854 3531 1826 3530 1825 3532 1854 3531 1825 3532 1855 3533 1855 3533 1825 3532 1824 3534 1855 3533 1824 3534 1856 3535 1856 3535 1824 3534 1823 3536 1856 3535 1823 3536 1857 3537 1857 3537 1823 3536 1822 3538 1857 3537 1822 3538 1858 3539 1858 3539 1822 3538 1859 3540 1859 3540 1822 3538 1821 3541 1859 3540 1821 3541 1860 3542 1860 3542 1821 3541 1820 3543 1860 3542 1820 3543 1861 3544 1861 3544 1820 3543 1819 3545 1861 3544 1819 3545 1862 3546 1862 3546 1819 3545 1818 3547 1862 3546 1818 3547 1863 3548 1863 3548 1818 3547 1817 3549 1863 3548 1817 3549 1864 3550 1864 3550 1817 3549 1816 3551 1864 3550 1816 3551 1865 3552 1865 3552 1816 3551 1815 3553 1865 3552 1815 3553 1814 3554 1865 3552 1814 3554 1866 3555 1866 3555 1814 3554 1813 3556 1866 3555 1813 3556 1867 3557 1867 3557 1813 3556 1812 3558 1867 3557 1812 3558 1868 3559 1868 3559 1812 3558 1811 3560 1868 3559 1811 3560 1869 3561 1869 3561 1811 3560 1810 3562 1869 3561 1810 3562 1870 3563 1870 3563 1810 3562 1871 3564 1871 3564 1810 3562 1809 3565 1871 3564 1809 3565 1872 3566 1872 3566 1809 3565 1808 3567 1872 3566 1808 3567 1873 3568 1873 3568 1808 3567 1807 3569 1873 3568 1807 3569 1874 3570 1874 3570 1807 3569 1806 3571 1874 3570 1806 3571 1875 3572 1875 3572 1806 3571 1805 3525 1875 3572 1805 3525 1852 3527 1779 3573 1777 3574 1756 3575 1756 3575 1777 3574 1776 3576 1756 3575 1776 3576 1757 3577 1757 3577 1776 3576 1775 3578 1757 3577 1775 3578 1758 3579 1758 3579 1775 3578 1774 3580 1758 3579 1774 3580 1759 3581 1759 3581 1774 3580 1773 3582 1759 3581 1773 3582 1760 3583 1760 3583 1773 3582 1772 3584 1760 3583 1772 3584 1761 3585 1761 3585 1772 3584 1771 3586 1761 3585 1771 3586 1762 3587 1762 3587 1771 3586 1770 3588 1762 3587 1770 3588 1763 3589 1763 3589 1770 3588 1769 3590 1763 3589 1769 3590 1764 3591 1764 3591 1769 3590 1768 3592 1764 3591 1768 3592 1765 3593 1765 3593 1768 3592 1767 3594 1765 3593 1767 3594 1766 3595 1779 3573 1778 3596 1777 3574 1877 3597 1923 3598 1876 3599 1876 3599 1923 3598 1900 3600 1876 3599 1900 3600 1899 3601 1899 3601 1900 3600 1901 3602 1899 3601 1901 3602 1898 3603 1898 3603 1901 3602 1902 3604 1898 3603 1902 3604 1897 3605 1897 3605 1902 3604 1903 3606 1897 3605 1903 3606 1896 3607 1896 3607 1903 3606 1904 3608 1896 3607 1904 3608 1895 3609 1895 3609 1904 3608 1905 3610 1895 3609 1905 3610 1894 3611 1894 3611 1905 3610 1906 3612 1894 3611 1906 3612 1893 3613 1893 3613 1906 3612 1907 3614 1893 3613 1907 3614 1892 3615 1892 3615 1907 3614 1908 3616 1892 3615 1908 3616 1891 3617 1891 3617 1908 3616 1909 3618 1891 3617 1909 3618 1890 3619 1890 3619 1909 3618 1910 3620 1890 3619 1910 3620 1889 3621 1889 3621 1910 3620 1911 3622 1889 3621 1911 3622 1888 3623 1888 3623 1911 3622 1912 3624 1888 3623 1912 3624 1887 3625 1887 3625 1912 3624 1913 3626 1887 3625 1913 3626 1886 3627 1886 3627 1913 3626 1914 3628 1886 3627 1914 3628 1885 3629 1885 3629 1914 3628 1915 3630 1885 3629 1915 3630 1884 3631 1884 3631 1915 3630 1916 3632 1884 3631 1916 3632 1883 3633 1883 3633 1916 3632 1917 3634 1883 3633 1917 3634 1882 3635 1882 3635 1917 3634 1918 3636 1882 3635 1918 3636 1881 3637 1881 3637 1918 3636 1919 3638 1881 3637 1919 3638 1880 3639 1880 3639 1919 3638 1920 3640 1880 3639 1920 3640 1879 3641 1879 3641 1920 3640 1921 3642 1879 3641 1921 3642 1878 3643 1878 3643 1921 3642 1922 3644 1878 3643 1922 3644 1877 3597 1877 3597 1922 3644 1923 3598 1925 3645 959 3646 1924 3647 1924 3647 959 3646 958 3648 1924 3647 958 3648 1947 3649 1947 3649 958 3648 981 3650 1947 3649 981 3650 1946 3651 1946 3651 981 3650 980 3652 1946 3651 980 3652 1945 3653 1945 3653 980 3652 979 3654 1945 3653 979 3654 1944 3655 1944 3655 979 3654 978 3656 1944 3655 978 3656 1943 3657 1943 3657 978 3656 977 3658 1943 3657 977 3658 1942 3659 1942 3659 977 3658 976 3660 1942 3659 976 3660 1941 3661 1941 3661 976 3660 975 3662 1941 3661 975 3662 1940 3663 1940 3663 975 3662 974 3664 1940 3663 974 3664 1939 3665 1939 3665 974 3664 973 3666 1939 3665 973 3666 1938 3667 1938 3667 973 3666 972 3668 1938 3667 972 3668 1937 3669 1937 3669 972 3668 971 3670 1937 3669 971 3670 1936 3671 1936 3671 971 3670 970 3672 1936 3671 970 3672 1935 3673 1935 3673 970 3672 969 3674 1935 3673 969 3674 1934 3675 1934 3675 969 3674 968 3676 1934 3675 968 3676 1933 3677 1933 3677 968 3676 967 3678 1933 3677 967 3678 1932 3679 1932 3679 967 3678 966 3680 1932 3679 966 3680 1931 3681 1931 3681 966 3680 965 3682 1931 3681 965 3682 1930 3683 1930 3683 965 3682 964 3684 1930 3683 964 3684 1929 3685 1929 3685 964 3684 963 3686 1929 3685 963 3686 1928 3687 1928 3687 963 3686 962 3688 1928 3687 962 3688 1927 3689 1927 3689 962 3688 961 3690 1927 3689 961 3690 1926 3691 1926 3691 961 3690 960 3692 1926 3691 960 3692 1925 3645 1925 3645 960 3692 959 3646 1877 3693 1876 3694 1924 3695 1924 3695 1876 3694 1899 3696 1924 3695 1899 3696 1925 3697 1925 3697 1899 3696 1898 3698 1925 3697 1898 3698 1926 3699 1926 3699 1898 3698 1897 3700 1926 3699 1897 3700 1927 3701 1927 3701 1897 3700 1896 3702 1927 3701 1896 3702 1928 3703 1928 3703 1896 3702 1895 3704 1928 3703 1895 3704 1929 3705 1929 3705 1895 3704 1894 3706 1929 3705 1894 3706 1930 3707 1930 3707 1894 3706 1931 3708 1931 3708 1894 3706 1893 3709 1931 3708 1893 3709 1932 3710 1932 3710 1893 3709 1892 3711 1932 3710 1892 3711 1933 3712 1933 3712 1892 3711 1891 3713 1933 3712 1891 3713 1934 3714 1934 3714 1891 3713 1890 3715 1934 3714 1890 3715 1935 3716 1935 3716 1890 3715 1889 3717 1935 3716 1889 3717 1936 3718 1936 3718 1889 3717 1888 3719 1936 3718 1888 3719 1937 3720 1937 3720 1888 3719 1887 3721 1937 3720 1887 3721 1886 3722 1937 3720 1886 3722 1938 3723 1938 3723 1886 3722 1885 3724 1938 3723 1885 3724 1939 3725 1939 3725 1885 3724 1884 3726 1939 3725 1884 3726 1940 3727 1940 3727 1884 3726 1883 3728 1940 3727 1883 3728 1941 3729 1941 3729 1883 3728 1882 3730 1941 3729 1882 3730 1942 3731 1942 3731 1882 3730 1943 3732 1943 3732 1882 3730 1881 3733 1943 3732 1881 3733 1944 3734 1944 3734 1881 3733 1880 3735 1944 3734 1880 3735 1945 3736 1945 3736 1880 3735 1879 3737 1945 3736 1879 3737 1946 3738 1946 3738 1879 3737 1878 3739 1946 3738 1878 3739 1947 3740 1947 3740 1878 3739 1877 3693 1947 3740 1877 3693 1924 3695 1851 3741 1845 3742 1828 3743 1828 3743 1845 3742 1844 3744 1828 3743 1844 3744 1829 3745 1829 3745 1844 3744 1843 3746 1829 3745 1843 3746 1830 3747 1830 3747 1843 3746 1842 3748 1830 3747 1842 3748 1831 3749 1831 3749 1842 3748 1841 3750 1831 3749 1841 3750 1832 3751 1832 3751 1841 3750 1840 3752 1832 3751 1840 3752 1833 3753 1833 3753 1840 3752 1839 3754 1833 3753 1839 3754 1834 3755 1834 3755 1839 3754 1838 3756 1834 3755 1838 3756 1835 3757 1835 3757 1838 3756 1837 3758 1835 3757 1837 3758 1836 3759 1845 3742 1851 3741 1846 3760 1846 3760 1851 3741 1850 3761 1846 3760 1850 3761 1847 3762 1847 3762 1850 3761 1849 3763 1847 3762 1849 3763 1848 3764 1035 3765 2001 3766 982 3767 982 3767 2001 3766 1948 3768 982 3767 1948 3768 983 3769 983 3769 1948 3768 1949 3770 983 3769 1949 3770 984 3771 984 3771 1949 3770 1950 3772 984 3771 1950 3772 985 3773 985 3773 1950 3772 1951 3774 985 3773 1951 3774 986 3775 986 3775 1951 3774 1952 3776 986 3775 1952 3776 987 3777 987 3777 1952 3776 1953 3778 987 3777 1953 3778 988 3779 988 3779 1953 3778 1954 3780 988 3779 1954 3780 989 3781 989 3781 1954 3780 1955 3782 989 3781 1955 3782 990 3783 990 3783 1955 3782 1956 3784 990 3783 1956 3784 991 3785 991 3785 1956 3784 1957 3786 991 3785 1957 3786 992 3787 992 3787 1957 3786 1958 3788 992 3787 1958 3788 993 3789 993 3789 1958 3788 1959 3790 993 3789 1959 3790 994 3791 994 3791 1959 3790 1960 3792 994 3791 1960 3792 995 3793 995 3793 1960 3792 1961 3794 995 3793 1961 3794 996 3795 996 3795 1961 3794 1962 3796 996 3795 1962 3796 997 3797 997 3797 1962 3796 1963 3798 997 3797 1963 3798 998 3799 998 3799 1963 3798 1964 3800 998 3799 1964 3800 999 3801 999 3801 1964 3800 1965 3802 999 3801 1965 3802 1000 3803 1000 3803 1965 3802 1966 3804 1000 3803 1966 3804 1001 3805 1001 3805 1966 3804 1967 3806 1001 3805 1967 3806 1002 3807 1002 3807 1967 3806 1968 3808 1002 3807 1968 3808 1003 3809 1003 3809 1968 3808 1969 3810 1003 3809 1969 3810 1004 3811 1004 3811 1969 3810 1970 3812 1004 3811 1970 3812 1005 3813 1005 3813 1970 3812 1971 3814 1005 3813 1971 3814 1006 3815 1006 3815 1971 3814 1972 3816 1006 3815 1972 3816 1007 3817 1007 3817 1972 3816 1973 3818 1007 3817 1973 3818 1008 3819 1008 3819 1973 3818 1974 3820 1008 3819 1974 3820 1009 3821 1009 3821 1974 3820 1975 3822 1009 3821 1975 3822 1010 3823 1010 3823 1975 3822 1976 3824 1010 3823 1976 3824 1011 3825 1011 3825 1976 3824 1977 3826 1011 3825 1977 3826 1012 3827 1012 3827 1977 3826 1978 3828 1012 3827 1978 3828 1013 3829 1013 3829 1978 3828 1979 3830 1013 3829 1979 3830 1014 3831 1014 3831 1979 3830 1980 3832 1014 3831 1980 3832 1015 3833 1015 3833 1980 3832 1981 3834 1015 3833 1981 3834 1016 3835 1016 3835 1981 3834 1982 3836 1016 3835 1982 3836 1017 3837 1017 3837 1982 3836 1983 3838 1017 3837 1983 3838 1018 3839 1018 3839 1983 3838 1984 3840 1018 3839 1984 3840 1019 3841 1019 3841 1984 3840 1985 3842 1019 3841 1985 3842 1020 3843 1020 3843 1985 3842 1986 3844 1020 3843 1986 3844 1021 3845 1021 3845 1986 3844 1987 3846 1021 3845 1987 3846 1022 3847 1022 3847 1987 3846 1988 3848 1022 3847 1988 3848 1023 3849 1023 3849 1988 3848 1989 3850 1023 3849 1989 3850 1024 3851 1024 3851 1989 3850 1990 3852 1024 3851 1990 3852 1025 3853 1025 3853 1990 3852 1991 3854 1025 3853 1991 3854 1026 3855 1026 3855 1991 3854 1992 3856 1026 3855 1992 3856 1027 3857 1027 3857 1992 3856 1993 3858 1027 3857 1993 3858 1028 3859 1028 3859 1993 3858 1994 3860 1028 3859 1994 3860 1029 3861 1029 3861 1994 3860 1995 3862 1029 3861 1995 3862 1030 3863 1030 3863 1995 3862 1996 3864 1030 3863 1996 3864 1031 3865 1031 3865 1996 3864 1997 3866 1031 3865 1997 3866 1032 3867 1032 3867 1997 3866 1998 3868 1032 3867 1998 3868 1033 3869 1033 3869 1998 3868 1999 3870 1033 3869 1999 3870 1034 3871 1034 3871 1999 3870 2000 3872 1034 3871 2000 3872 1035 3765 1035 3765 2000 3872 2001 3766 1923 3873 1913 3874 1900 3875 1900 3875 1913 3874 1912 3876 1900 3875 1912 3876 1901 3877 1901 3877 1912 3876 1911 3878 1901 3877 1911 3878 1902 3879 1902 3879 1911 3878 1910 3880 1902 3879 1910 3880 1903 3881 1903 3881 1910 3880 1909 3882 1903 3881 1909 3882 1904 3883 1904 3883 1909 3882 1908 3884 1904 3883 1908 3884 1905 3885 1905 3885 1908 3884 1907 3886 1905 3885 1907 3886 1906 3887 1913 3874 1923 3873 1914 3888 1914 3888 1923 3873 1922 3889 1914 3888 1922 3889 1915 3890 1915 3890 1922 3889 1921 3891 1915 3890 1921 3891 1916 3892 1916 3892 1921 3891 1920 3893 1916 3892 1920 3893 1917 3894 1917 3894 1920 3893 1919 3895 1917 3894 1919 3895 1918 3896 2003 3897 2115 3898 2002 3899 2002 3899 2115 3898 2059 3900 2002 3899 2059 3900 2058 3901 2058 3901 2059 3900 2060 3902 2058 3901 2060 3902 2057 3903 2057 3903 2060 3902 2061 3904 2057 3903 2061 3904 2056 3905 2056 3905 2061 3904 2062 3906 2056 3905 2062 3906 2055 3907 2055 3907 2062 3906 2063 3908 2055 3907 2063 3908 2054 3909 2054 3909 2063 3908 2064 3910 2054 3909 2064 3910 2053 3911 2053 3911 2064 3910 2065 3912 2053 3911 2065 3912 2052 3913 2052 3913 2065 3912 2066 3914 2052 3913 2066 3914 2051 3915 2051 3915 2066 3914 2067 3916 2051 3915 2067 3916 2050 3917 2050 3917 2067 3916 2068 3918 2050 3917 2068 3918 2049 3919 2049 3919 2068 3918 2069 3920 2049 3919 2069 3920 2048 3921 2048 3921 2069 3920 2070 3922 2048 3921 2070 3922 2047 3923 2047 3923 2070 3922 2071 3924 2047 3923 2071 3924 2046 3925 2046 3925 2071 3924 2072 3926 2046 3925 2072 3926 2045 3927 2045 3927 2072 3926 2073 3928 2045 3927 2073 3928 2044 3929 2044 3929 2073 3928 2074 3930 2044 3929 2074 3930 2043 3931 2043 3931 2074 3930 2075 3932 2043 3931 2075 3932 2042 3933 2042 3933 2075 3932 2076 3934 2042 3933 2076 3934 2041 3935 2041 3935 2076 3934 2077 3936 2041 3935 2077 3936 2040 3937 2040 3937 2077 3936 2078 3938 2040 3937 2078 3938 2039 3939 2039 3939 2078 3938 2079 3940 2039 3939 2079 3940 2038 3941 2038 3941 2079 3940 2080 3942 2038 3941 2080 3942 2037 3943 2037 3943 2080 3942 2081 3944 2037 3943 2081 3944 2036 3945 2036 3945 2081 3944 2082 3946 2036 3945 2082 3946 2035 3947 2035 3947 2082 3946 2083 3948 2035 3947 2083 3948 2034 3949 2034 3949 2083 3948 2084 3950 2034 3949 2084 3950 2033 3951 2033 3951 2084 3950 2085 3952 2033 3951 2085 3952 2032 3953 2032 3953 2085 3952 2086 3954 2032 3953 2086 3954 2031 3955 2031 3955 2086 3954 2087 3956 2031 3955 2087 3956 2030 3957 2030 3957 2087 3956 2088 3958 2030 3957 2088 3958 2029 3959 2029 3959 2088 3958 2089 3960 2029 3959 2089 3960 2028 3961 2028 3961 2089 3960 2090 3962 2028 3961 2090 3962 2027 3963 2027 3963 2090 3962 2091 3964 2027 3963 2091 3964 2026 3965 2026 3965 2091 3964 2092 3966 2026 3965 2092 3966 2025 3967 2025 3967 2092 3966 2093 3968 2025 3967 2093 3968 2024 3969 2024 3969 2093 3968 2094 3970 2024 3969 2094 3970 2023 3971 2023 3971 2094 3970 2095 3972 2023 3971 2095 3972 2022 3973 2022 3973 2095 3972 2096 3974 2022 3973 2096 3974 2021 3975 2021 3975 2096 3974 2097 3976 2021 3975 2097 3976 2020 3977 2020 3977 2097 3976 2098 3978 2020 3977 2098 3978 2019 3979 2019 3979 2098 3978 2099 3980 2019 3979 2099 3980 2018 3981 2018 3981 2099 3980 2100 3982 2018 3981 2100 3982 2017 3983 2017 3983 2100 3982 2101 3984 2017 3983 2101 3984 2016 3985 2016 3985 2101 3984 2102 3986 2016 3985 2102 3986 2015 3987 2015 3987 2102 3986 2103 3988 2015 3987 2103 3988 2014 3989 2014 3989 2103 3988 2104 3990 2014 3989 2104 3990 2013 3991 2013 3991 2104 3990 2105 3992 2013 3991 2105 3992 2012 3993 2012 3993 2105 3992 2106 3994 2012 3993 2106 3994 2011 3995 2011 3995 2106 3994 2107 3996 2011 3995 2107 3996 2010 3997 2010 3997 2107 3996 2108 3998 2010 3997 2108 3998 2009 3999 2009 3999 2108 3998 2109 4000 2009 3999 2109 4000 2008 4001 2008 4001 2109 4000 2110 4002 2008 4001 2110 4002 2007 4003 2007 4003 2110 4002 2111 4004 2007 4003 2111 4004 2006 4005 2006 4005 2111 4004 2112 4006 2006 4005 2112 4006 2005 4007 2005 4007 2112 4006 2113 4008 2005 4007 2113 4008 2004 4009 2004 4009 2113 4008 2114 4010 2004 4009 2114 4010 2003 3897 2003 3897 2114 4010 2115 3898 2001 4011 2003 4012 1948 4013 1948 4013 2003 4012 2002 4014 1948 4013 2002 4014 2058 4015 2003 4012 2001 4011 2004 4016 2004 4016 2001 4011 2000 4017 2004 4016 2000 4017 2005 4018 2005 4018 2000 4017 1999 4019 2005 4018 1999 4019 2006 4020 2006 4020 1999 4019 1998 4021 2006 4020 1998 4021 2007 4022 2007 4022 1998 4021 1997 4023 2007 4022 1997 4023 2008 4024 2008 4024 1997 4023 1996 4025 2008 4024 1996 4025 2009 4026 2009 4026 1996 4025 1995 4027 2009 4026 1995 4027 2010 4028 2010 4028 1995 4027 1994 4029 2010 4028 1994 4029 2011 4030 2011 4030 1994 4029 1993 4031 2011 4030 1993 4031 2012 4032 2012 4032 1993 4031 1992 4033 2012 4032 1992 4033 2013 4034 2013 4034 1992 4033 1991 4035 2013 4034 1991 4035 2014 4036 2014 4036 1991 4035 1990 4037 2014 4036 1990 4037 2015 4038 2015 4038 1990 4037 1989 4039 2015 4038 1989 4039 2016 4040 2016 4040 1989 4039 1988 4041 2016 4040 1988 4041 2017 4042 2017 4042 1988 4041 1987 4043 2017 4042 1987 4043 2018 4044 2018 4044 1987 4043 1986 4045 2018 4044 1986 4045 2019 4046 2019 4046 1986 4045 1985 4047 2019 4046 1985 4047 2020 4048 2020 4048 1985 4047 1984 4049 2020 4048 1984 4049 2021 4050 2021 4050 1984 4049 2022 4051 2022 4051 1984 4049 1983 4052 2022 4051 1983 4052 2023 4053 2023 4053 1983 4052 1982 4054 2023 4053 1982 4054 2024 4055 2024 4055 1982 4054 1981 4056 2024 4055 1981 4056 2025 4057 2025 4057 1981 4056 1980 4058 2025 4057 1980 4058 2026 4059 2026 4059 1980 4058 1979 4060 2026 4059 1979 4060 2027 4061 2027 4061 1979 4060 1978 4062 2027 4061 1978 4062 2028 4063 2028 4063 1978 4062 1977 4064 2028 4063 1977 4064 2029 4065 2029 4065 1977 4064 1976 4066 2029 4065 1976 4066 2030 4067 2030 4067 1976 4066 1975 4068 2030 4067 1975 4068 2031 4069 2031 4069 1975 4068 1974 4070 2031 4069 1974 4070 2032 4071 2032 4071 1974 4070 1973 4072 2032 4071 1973 4072 2033 4073 2033 4073 1973 4072 1972 4074 2033 4073 1972 4074 2034 4075 2034 4075 1972 4074 1971 4076 2034 4075 1971 4076 2035 4077 2035 4077 1971 4076 1970 4078 2035 4077 1970 4078 2036 4079 2036 4079 1970 4078 1969 4080 2036 4079 1969 4080 2037 4081 2037 4081 1969 4080 1968 4082 2037 4081 1968 4082 2038 4083 2038 4083 1968 4082 1967 4084 2038 4083 1967 4084 2039 4085 2039 4085 1967 4084 1966 4086 2039 4085 1966 4086 2040 4087 2040 4087 1966 4086 2041 4088 2041 4088 1966 4086 1965 4089 2041 4088 1965 4089 2042 4090 2042 4090 1965 4089 1964 4091 2042 4090 1964 4091 2043 4092 2043 4092 1964 4091 1963 4093 2043 4092 1963 4093 2044 4094 2044 4094 1963 4093 1962 4095 2044 4094 1962 4095 2045 4096 2045 4096 1962 4095 1961 4097 2045 4096 1961 4097 2046 4098 2046 4098 1961 4097 1960 4099 2046 4098 1960 4099 2047 4100 2047 4100 1960 4099 1959 4101 2047 4100 1959 4101 2048 4102 2048 4102 1959 4101 1958 4103 2048 4102 1958 4103 2049 4104 2049 4104 1958 4103 1957 4105 2049 4104 1957 4105 2050 4106 2050 4106 1957 4105 1956 4107 2050 4106 1956 4107 2051 4108 2051 4108 1956 4107 1955 4109 2051 4108 1955 4109 2052 4110 2052 4110 1955 4109 1954 4111 2052 4110 1954 4111 2053 4112 2053 4112 1954 4111 1953 4113 2053 4112 1953 4113 2054 4114 2054 4114 1953 4113 1952 4115 2054 4114 1952 4115 2055 4116 2055 4116 1952 4115 1951 4117 2055 4116 1951 4117 2056 4118 2056 4118 1951 4117 1950 4119 2056 4118 1950 4119 2057 4120 2057 4120 1950 4119 1949 4121 2057 4120 1949 4121 2058 4015 2058 4015 1949 4121 1948 4013 2116 4122 2117 4123 2125 4124 2125 4124 2117 4123 2118 4125 2125 4124 2118 4125 2124 4126 2124 4126 2118 4125 2119 4127 2124 4126 2119 4127 2123 4128 2123 4128 2119 4127 2120 4129 2123 4128 2120 4129 2122 4130 2122 4130 2120 4129 2121 4131 2118 4132 2117 4133 2151 4134 2151 4134 2117 4133 2126 4135 2151 4134 2126 4135 2150 4136 2150 4136 2126 4135 2127 4137 2150 4136 2127 4137 2149 4138 2149 4138 2127 4137 2128 4139 2149 4138 2128 4139 2148 4140 2148 4140 2128 4139 2129 4141 2148 4140 2129 4141 2147 4142 2147 4142 2129 4141 2130 4143 2147 4142 2130 4143 2146 4144 2146 4144 2130 4143 2131 4145 2146 4144 2131 4145 2145 4146 2145 4146 2131 4145 2144 4147 2144 4147 2131 4145 2132 4148 2144 4147 2132 4148 2143 4149 2143 4149 2132 4148 2133 4150 2143 4149 2133 4150 2142 4151 2142 4151 2133 4150 2134 4152 2142 4151 2134 4152 2141 4153 2141 4153 2134 4152 2135 4154 2141 4153 2135 4154 2140 4155 2140 4155 2135 4154 2136 4156 2140 4155 2136 4156 2137 4157 2137 4157 2138 4158 2140 4155 2140 4155 2138 4158 344 4159 344 4159 2138 4158 2139 4160 2121 4161 2120 4162 2151 4134 2151 4134 2120 4162 2119 4163 2151 4134 2119 4163 2118 4132 2136 4164 2152 4165 2137 4166 2137 4166 2152 4165 2153 4167 2137 4166 2153 4167 2138 4168 2138 4168 2153 4167 2154 4169 2138 4168 2154 4169 2139 4170 2139 4170 2154 4169 2155 4171 2139 4170 2155 4171 344 4172 344 4172 2155 4171 345 4173 2153 4174 2152 4175 2177 4176 2177 4176 2152 4175 2156 4177 2177 4176 2156 4177 2176 4178 2176 4178 2156 4177 2157 4179 2176 4178 2157 4179 2175 4180 2175 4180 2157 4179 2158 4181 2175 4180 2158 4181 2174 4182 2174 4182 2158 4181 2159 4183 2174 4182 2159 4183 2173 4184 2173 4184 2159 4183 2160 4185 2173 4184 2160 4185 2172 4186 2172 4186 2160 4185 2161 4187 2172 4186 2161 4187 2171 4188 2171 4188 2161 4187 2170 4189 2170 4189 2161 4187 2162 4190 2170 4189 2162 4190 2169 4191 2169 4191 2162 4190 2163 4192 2169 4191 2163 4192 2168 4193 2168 4193 2163 4192 2164 4194 2168 4193 2164 4194 2167 4195 2167 4195 2164 4194 2165 4196 2167 4195 2165 4196 2166 4197 2166 4197 2165 4196 2116 4198 2166 4197 2116 4198 2125 4199 2125 4199 2124 4200 2166 4197 2166 4197 2124 4200 2122 4201 2122 4201 2124 4200 2123 4202 345 4203 2155 4204 2177 4176 2177 4176 2155 4204 2154 4205 2177 4176 2154 4205 2153 4174 2115 4206 2161 4207 2059 4208 2059 4208 2161 4207 2160 4209 2059 4208 2160 4209 2060 4210 2060 4210 2160 4209 2061 4211 2061 4211 2160 4209 2159 4212 2061 4211 2159 4212 2062 4213 2062 4213 2159 4212 2158 4214 2062 4213 2158 4214 2063 4215 2063 4215 2158 4214 2064 4216 2064 4216 2158 4214 2157 4217 2064 4216 2157 4217 2065 4218 2065 4218 2157 4217 2156 4219 2065 4218 2156 4219 2066 4220 2066 4220 2156 4219 2067 4221 2067 4221 2156 4219 2152 4222 2067 4221 2152 4222 2068 4223 2068 4223 2152 4222 2069 4224 2069 4224 2152 4222 2070 4225 2070 4225 2152 4222 2071 4226 2071 4226 2152 4222 2072 4227 2072 4227 2152 4222 2073 4228 2073 4228 2152 4222 2136 4229 2073 4228 2136 4229 2074 4230 2074 4230 2136 4229 2075 4231 2075 4231 2136 4229 2076 4232 2076 4232 2136 4229 2077 4233 2077 4233 2136 4229 2078 4234 2078 4234 2136 4229 2079 4235 2079 4235 2136 4229 2080 4236 2080 4236 2136 4229 2135 4237 2080 4236 2135 4237 2081 4238 2081 4238 2135 4237 2134 4239 2081 4238 2134 4239 2082 4240 2082 4240 2134 4239 2083 4241 2083 4241 2134 4239 2133 4242 2083 4241 2133 4242 2084 4243 2084 4243 2133 4242 2132 4244 2084 4243 2132 4244 2085 4245 2085 4245 2132 4244 2086 4246 2086 4246 2132 4244 2131 4247 2086 4246 2131 4247 2087 4248 2087 4248 2131 4247 2130 4249 2087 4248 2130 4249 2088 4250 2088 4250 2130 4249 2089 4251 2089 4251 2130 4249 2129 4252 2089 4251 2129 4252 2090 4253 2090 4253 2129 4252 2091 4254 2091 4254 2129 4252 2128 4255 2091 4254 2128 4255 2092 4256 2092 4256 2128 4255 2127 4257 2092 4256 2127 4257 2093 4258 2093 4258 2127 4257 2094 4259 2094 4259 2127 4257 2126 4260 2094 4259 2126 4260 2095 4261 2095 4261 2126 4260 2117 4262 2095 4261 2117 4262 2096 4263 2096 4263 2117 4262 2097 4264 2097 4264 2117 4262 2098 4265 2098 4265 2117 4262 2099 4266 2099 4266 2117 4262 2100 4267 2100 4267 2117 4262 2101 4268 2101 4268 2117 4262 2102 4269 2102 4269 2117 4262 2116 4270 2102 4269 2116 4270 2103 4271 2103 4271 2116 4270 2104 4272 2104 4272 2116 4270 2105 4273 2105 4273 2116 4270 2106 4274 2106 4274 2116 4270 2107 4275 2107 4275 2116 4270 2108 4276 2108 4276 2116 4270 2165 4277 2108 4276 2165 4277 2109 4278 2109 4278 2165 4277 2110 4279 2110 4279 2165 4277 2164 4280 2110 4279 2164 4280 2111 4281 2111 4281 2164 4280 2163 4282 2111 4281 2163 4282 2112 4283 2112 4283 2163 4282 2113 4284 2113 4284 2163 4282 2162 4285 2113 4284 2162 4285 2114 4286 2114 4286 2162 4285 2161 4207 2114 4286 2161 4207 2115 4206 278 4287 277 4288 342 4289 342 4289 277 4288 2190 4290 2190 4290 277 4288 276 4291 2190 4290 276 4291 275 4292 2190 4290 275 4292 2189 4293 2189 4293 275 4292 274 4294 2189 4293 274 4294 2188 4295 2188 4295 274 4294 273 4296 2188 4295 273 4296 272 4297 2188 4295 272 4297 2187 4298 2187 4298 272 4297 271 4299 2187 4298 271 4299 270 4300 270 4300 269 4301 2187 4298 2187 4298 269 4301 268 4302 2187 4298 268 4302 2186 4303 2186 4303 268 4302 267 4304 2186 4303 267 4304 266 4305 266 4305 265 4306 2186 4303 2186 4303 265 4306 264 4307 2186 4303 264 4307 263 4308 263 4308 262 4309 2186 4303 2186 4303 262 4309 2185 4310 2185 4310 262 4309 261 4311 2185 4310 261 4311 260 4312 260 4312 259 4313 2185 4310 2185 4310 259 4313 258 4314 2185 4310 258 4314 257 4315 257 4315 256 4316 2185 4310 2185 4310 256 4316 255 4317 2185 4310 255 4317 2184 4318 2184 4318 255 4317 2171 4319 2184 4318 2171 4319 2183 4320 2183 4320 2171 4319 2170 4321 2183 4320 2170 4321 2182 4322 2182 4322 2170 4321 2169 4323 2182 4322 2169 4323 2181 4324 2181 4324 2169 4323 2168 4325 2181 4324 2168 4325 2180 4326 2180 4326 2168 4325 2167 4327 2180 4326 2167 4327 2179 4328 2179 4328 2167 4327 2166 4329 2179 4328 2166 4329 2178 4330 2178 4330 2166 4329 2122 4331 2171 4319 255 4317 2172 4332 2172 4332 255 4317 254 4333 2172 4332 254 4333 253 4334 253 4334 252 4335 2172 4332 2172 4332 252 4335 251 4336 2172 4332 251 4336 250 4337 250 4337 249 4338 2172 4332 2172 4332 249 4338 248 4339 2172 4332 248 4339 2173 4340 2173 4340 248 4339 247 4341 2173 4340 247 4341 246 4342 246 4342 245 4343 2173 4340 2173 4340 245 4343 244 4344 2173 4340 244 4344 243 4345 243 4345 242 4346 2173 4340 2173 4340 242 4346 2174 4347 2174 4347 242 4346 241 4348 2174 4347 241 4348 240 4349 240 4349 239 4350 2174 4347 2174 4347 239 4350 238 4351 2174 4347 238 4351 2175 4352 2175 4352 238 4351 237 4353 2175 4352 237 4353 236 4354 2175 4352 236 4354 2176 4355 2176 4355 236 4354 235 4356 2176 4355 235 4356 2177 4357 2177 4357 235 4356 234 4358 2177 4357 234 4358 233 4359 232 4360 345 4361 233 4359 233 4359 345 4361 2177 4357 2203 4362 2121 4363 2202 4364 2202 4364 2121 4363 2151 4365 2202 4364 2151 4365 2201 4366 2201 4366 2151 4365 2150 4367 2201 4366 2150 4367 2200 4368 2200 4368 2150 4367 2149 4369 2200 4368 2149 4369 2199 4370 2199 4370 2149 4369 2148 4371 2199 4370 2148 4371 2198 4372 2198 4372 2148 4371 2147 4373 2198 4372 2147 4373 2197 4374 2197 4374 2147 4373 2146 4375 2197 4374 2146 4375 2196 4376 2196 4376 2146 4375 2145 4377 2196 4376 2145 4377 2195 4378 2195 4378 2145 4377 2144 4379 2195 4378 2144 4379 2194 4380 2194 4380 2144 4379 2143 4381 2194 4380 2143 4381 2193 4382 2193 4382 2143 4381 2142 4383 2193 4382 2142 4383 2192 4384 2192 4384 2142 4383 2141 4385 2192 4384 2141 4385 2191 4386 2191 4386 2141 4385 2140 4387 2191 4386 2140 4387 343 4388 343 4388 2140 4387 344 4389 2122 4390 2121 4391 2178 4392 2178 4392 2121 4391 2203 4393 2178 4394 2203 4395 2179 4396 2179 4396 2203 4395 2202 4397 2179 4396 2202 4397 2180 4398 2180 4398 2202 4397 2201 4399 2180 4398 2201 4399 2181 4400 2181 4400 2201 4399 2200 4401 2181 4400 2200 4401 2182 4402 2182 4402 2200 4401 2199 4403 2182 4402 2199 4403 2183 4404 2183 4404 2199 4403 2198 4405 2183 4404 2198 4405 2184 4406 2184 4406 2198 4405 2197 4407 2184 4406 2197 4407 2185 4408 2185 4408 2197 4407 2196 4409 2185 4408 2196 4409 2186 4410 2186 4410 2196 4409 2195 4411 2186 4410 2195 4411 2187 4412 2187 4412 2195 4411 2194 4413 2187 4412 2194 4413 2188 4414 2188 4414 2194 4413 2193 4415 2188 4414 2193 4415 2189 4416 2189 4416 2193 4415 2192 4417 2189 4416 2192 4417 2190 4418 2190 4418 2192 4417 2191 4419 2190 4418 2191 4419 342 4420 342 4420 2191 4419 343 4421</p>
        </triangles>
      </mesh>
    </geometry>
  </library_geometries>
  <library_visual_scenes>
    <visual_scene id="Scene" name="Scene">
      <node id="JAW_3-node" name="JAW_3" type="NODE">
        <instance_geometry url="#JAW_3-mesh">
          <bind_material>
            <technique_common>
              <instance_material symbol="ABS__White_" target="#ABS__White_"/>
            </technique_common>
          </bind_material>
        </instance_geometry>
      </node>
    </visual_scene>
  </library_visual_scenes>
  <scene>
    <instance_visual_scene url="#Scene"/>
  </scene>
</COLLADA>
