<?xml version="1.0" encoding="utf-8"?>
<COLLADA xmlns="http://www.collada.org/2005/11/COLLADASchema" version="1.4.1">
  <asset>
    <contributor>
      <authoring_tool>Fusion URDF/XACRO Exporter</authoring_tool>
    </contributor>
    <created>2026-07-28T12:55:13Z</created>
    <modified>2026-07-28T12:55:13Z</modified>
    <unit name="meter" meter="1.0"/>
    <up_axis>Z_UP</up_axis>
  </asset>
  <library_effects>
    <effect id="ABS__White_-effect">
      <profile_COMMON>
        <technique sid="common">
          <lambert>
            <emission><color>0 0 0 1</color></emission>
            <ambient><color>0.0000 0.0000 0.0000 1</color></ambient>
            <diffuse><color>0.9647 0.9647 0.9529 1</color></diffuse>
            <reflective><color>0 0 0 1</color></reflective>
            <transparent opaque="A_ONE"><color>1 1 1 1</color></transparent>
            <transparency><float>1</float></transparency>
          </lambert>
        </technique>
      </profile_COMMON>
    </effect>
  </library_effects>
  <library_materials>
    <material id="ABS__White_" name="ABS_(White)">
      <instance_effect url="#ABS__White_-effect"/>
    </material>
  </library_materials>
  <library_geometries>
    <geometry id="JAW_4-mesh" name="JAW_4">
      <mesh>
        <source id="JAW_4-mesh-positions">
          <float_array id="JAW_4-mesh-positions-array" count="11871">0.522500 0.105000 0.000000 0.522500 0.105130 -0.001604 0.522500 0.105515 -0.003167 0.522500 0.106145 -0.004647 0.522500 0.107006 -0.006007 0.522500 0.108073 -0.007212 0.522500 0.109319 -0.008230 0.522500 0.110713 -0.009034 0.522500 0.112218 -0.009605 0.522500 0.113795 -0.009927 0.522500 0.115403 -0.009992 0.522500 0.117000 -0.009798 0.522500 0.118546 -0.009350 0.522500 0.120000 -0.008660 0.522500 0.121324 -0.007746 0.522500 0.122485 -0.006631 0.522500 0.123452 -0.005345 0.522500 0.124200 -0.003920 0.522500 0.124709 -0.002393 0.522500 0.124968 -0.000805 0.522500 0.124968 0.000805 0.522500 0.124709 0.002393 0.522500 0.124200 0.003920 0.522500 0.123452 0.005345 0.522500 0.122485 0.006631 0.522500 0.121324 0.007746 0.522500 0.120000 0.008660 0.522500 0.118546 0.009350 0.522500 0.117000 0.009798 0.522500 0.115403 0.009992 0.522500 0.113795 0.009927 0.522500 0.112218 0.009605 0.522500 0.110713 0.009034 0.522500 0.109319 0.008230 0.522500 0.108073 0.007212 0.522500 0.107006 0.006007 0.522500 0.106145 0.004647 0.522500 0.105515 0.003167 0.522500 0.105130 0.001604 0.512500 0.105000 0.000000 0.512500 0.105130 0.001604 0.512500 0.105515 0.003167 0.512500 0.106145 0.004647 0.512500 0.107006 0.006007 0.512500 0.108073 0.007212 0.512500 0.109319 0.008230 0.512500 0.110713 0.009034 0.512500 0.112218 0.009605 0.512500 0.113795 0.009927 0.512500 0.115403 0.009992 0.512500 0.117000 0.009798 0.512500 0.118546 0.009350 0.512500 0.120000 0.008660 0.512500 0.121324 0.007746 0.512500 0.122485 0.006631 0.512500 0.123452 0.005345 0.512500 0.124200 0.003920 0.512500 0.124709 0.002393 0.512500 0.124968 0.000805 0.512500 0.124968 -0.000805 0.512500 0.124709 -0.002393 0.512500 0.124200 -0.003920 0.512500 0.123452 -0.005345 0.512500 0.122485 -0.006631 0.512500 0.121324 -0.007746 0.512500 0.120000 -0.008660 0.512500 0.118546 -0.009350 0.512500 0.117000 -0.009798 0.512500 0.115403 -0.009992 0.512500 0.113795 -0.009927 0.512500 0.112218 -0.009605 0.512500 0.110713 -0.009034 0.512500 0.109319 -0.008230 0.512500 0.108073 -0.007212 0.512500 0.107006 -0.006007 0.512500 0.106145 -0.004647 0.512500 0.105515 -0.003167 0.512500 0.105130 -0.001604 0.477500 0.105000 0.000000 0.477500 0.105130 -0.001604 0.477500 0.105515 -0.003167 0.477500 0.106145 -0.004647 0.477500 0.107006 -0.006007 0.477500 0.108073 -0.007212 0.477500 0.109319 -0.008230 0.477500 0.110713 -0.009034 0.477500 0.112218 -0.009605 0.477500 0.113795 -0.009927 0.477500 0.115403 -0.009992 0.477500 0.117000 -0.009798 0.477500 0.118546 -0.009350 0.477500 0.120000 -0.008660 0.477500 0.121324 -0.007746 0.477500 0.122485 -0.006631 0.477500 0.123452 -0.005345 0.477500 0.124200 -0.003920 0.477500 0.124709 -0.002393 0.477500 0.124968 -0.000805 0.477500 0.124968 0.000805 0.477500 0.124709 0.002393 0.477500 0.124200 0.003920 0.477500 0.123452 0.005345 0.477500 0.122485 0.006631 0.477500 0.121324 0.007746 0.477500 0.120000 0.008660 0.477500 0.118546 0.009350 0.477500 0.117000 0.009798 0.477500 0.115403 0.009992 0.477500 0.113795 0.009927 0.477500 0.112218 0.009605 0.477500 0.110713 0.009034 0.477500 0.109319 0.008230 0.477500 0.108073 0.007212 0.477500 0.107006 0.006007 0.477500 0.106145 0.004647 0.477500 0.105515 0.003167 0.477500 0.105130 0.001604 0.487500 0.105000 0.000000 0.487500 0.105130 -0.001604 0.487500 0.105515 -0.003167 0.487500 0.106145 -0.004647 0.487500 0.107006 -0.006007 0.487500 0.108073 -0.007212 0.487500 0.109319 -0.008230 0.487500 0.110713 -0.009034 0.487500 0.112218 -0.009605 0.487500 0.113795 -0.009927 0.487500 0.115403 -0.009992 0.487500 0.117000 -0.009798 0.487500 0.118546 -0.009350 0.487500 0.120000 -0.008660 0.487500 0.121324 -0.007746 0.487500 0.122485 -0.006631 0.487500 0.123452 -0.005345 0.487500 0.124200 -0.003920 0.487500 0.124709 -0.002393 0.487500 0.124968 -0.000805 0.487500 0.124968 0.000805 0.487500 0.124709 0.002393 0.487500 0.124200 0.003920 0.487500 0.123452 0.005345 0.487500 0.122485 0.006631 0.487500 0.121324 0.007746 0.487500 0.120000 0.008660 0.487500 0.118546 0.009350 0.487500 0.117000 0.009798 0.487500 0.115403 0.009992 0.487500 0.113795 0.009927 0.487500 0.112218 0.009605 0.487500 0.110713 0.009034 0.487500 0.109319 0.008230 0.487500 0.108073 0.007212 0.487500 0.107006 0.006007 0.487500 0.106145 0.004647 0.487500 0.105515 0.003167 0.487500 0.105130 0.001604 0.485000 -0.020000 -0.000000 0.485128 -0.020000 0.001958 0.485511 -0.020000 0.003882 0.486142 -0.020000 0.005740 0.487010 -0.020000 0.007500 0.488100 -0.020000 0.009131 0.489393 -0.020000 0.010607 0.490869 -0.020000 0.011900 0.492500 -0.020000 0.012990 0.494260 -0.020000 0.013858 0.496118 -0.020000 0.014489 0.498042 -0.020000 0.014872 0.500000 -0.020000 0.015000 0.501958 -0.020000 0.014872 0.503882 -0.020000 0.014489 0.505740 -0.020000 0.013858 0.507500 -0.020000 0.012990 0.509131 -0.020000 0.011900 0.510607 -0.020000 0.010607 0.511900 -0.020000 0.009131 0.512990 -0.020000 0.007500 0.513858 -0.020000 0.005740 0.514489 -0.020000 0.003882 0.514872 -0.020000 0.001958 0.515000 -0.020000 0.000000 0.514872 -0.020000 -0.001958 0.514489 -0.020000 -0.003882 0.513858 -0.020000 -0.005740 0.512990 -0.020000 -0.007500 0.511900 -0.020000 -0.009131 0.510607 -0.020000 -0.010607 0.509131 -0.020000 -0.011900 0.507500 -0.020000 -0.012990 0.505740 -0.020000 -0.013858 0.503882 -0.020000 -0.014489 0.501958 -0.020000 -0.014872 0.500000 -0.020000 -0.015000 0.498042 -0.020000 -0.014872 0.496118 -0.020000 -0.014489 0.494260 -0.020000 -0.013858 0.492500 -0.020000 -0.012990 0.490869 -0.020000 -0.011900 0.489393 -0.020000 -0.010607 0.488100 -0.020000 -0.009131 0.487010 -0.020000 -0.007500 0.486142 -0.020000 -0.005740 0.485511 -0.020000 -0.003882 0.485128 -0.020000 -0.001958 0.485000 0.000000 -0.000000 0.485128 0.000000 -0.001958 0.485511 0.000000 -0.003882 0.486142 0.000000 -0.005740 0.487010 0.000000 -0.007500 0.488100 0.000000 -0.009131 0.489393 0.000000 -0.010607 0.490869 0.000000 -0.011900 0.492500 0.000000 -0.012990 0.494260 0.000000 -0.013858 0.496118 0.000000 -0.014489 0.498042 0.000000 -0.014872 0.500000 0.000000 -0.015000 0.501958 0.000000 -0.014872 0.503882 0.000000 -0.014489 0.505740 0.000000 -0.013858 0.507500 0.000000 -0.012990 0.509131 0.000000 -0.011900 0.510607 0.000000 -0.010607 0.511900 0.000000 -0.009131 0.512990 0.000000 -0.007500 0.513858 0.000000 -0.005740 0.514489 0.000000 -0.003882 0.514872 0.000000 -0.001958 0.515000 0.000000 0.000000 0.514872 0.000000 0.001958 0.514489 0.000000 0.003882 0.513858 0.000000 0.005740 0.512990 0.000000 0.007500 0.511900 0.000000 0.009131 0.510607 0.000000 0.010607 0.509131 0.000000 0.011900 0.507500 0.000000 0.012990 0.505740 0.000000 0.013858 0.503882 0.000000 0.014489 0.501958 0.000000 0.014872 0.500000 0.000000 0.015000 0.498042 0.000000 0.014872 0.496118 0.000000 0.014489 0.494260 0.000000 0.013858 0.492500 0.000000 0.012990 0.490869 0.000000 0.011900 0.489393 0.000000 0.010607 0.488100 0.000000 0.009131 0.487010 0.000000 0.007500 0.486142 0.000000 0.005740 0.485511 0.000000 0.003882 0.485128 0.000000 0.001958 0.464000 0.136666 0.027169 0.464000 0.136440 0.027404 0.464000 0.136282 0.027689 0.464000 0.136203 0.028006 0.464000 0.136210 0.028332 0.464000 0.136300 0.028646 0.464000 0.136468 0.028925 0.464000 0.136703 0.029152 0.464000 0.136989 0.029310 0.464000 0.137306 0.029388 0.464000 0.137632 0.029382 0.464000 0.137945 0.029292 0.464000 0.138225 0.029123 0.464000 0.138451 0.028888 0.464000 0.138609 0.028603 0.464000 0.138688 0.028286 0.464000 0.138682 0.027960 0.464000 0.138591 0.027646 0.464000 0.138423 0.027367 0.464000 0.138188 0.027140 0.464000 0.137902 0.026982 0.464000 0.137586 0.026904 0.464000 0.137259 0.026910 0.464000 0.136946 0.027000 0.466500 0.136666 0.027169 0.466500 0.136946 0.027000 0.466500 0.137259 0.026910 0.466500 0.137586 0.026904 0.466500 0.137902 0.026982 0.466500 0.138188 0.027140 0.466500 0.138423 0.027367 0.466500 0.138591 0.027646 0.466500 0.138682 0.027960 0.466500 0.138688 0.028286 0.466500 0.138609 0.028603 0.466500 0.138451 0.028888 0.466500 0.138225 0.029123 0.466500 0.137945 0.029292 0.466500 0.137632 0.029382 0.466500 0.137306 0.029388 0.466500 0.136989 0.029310 0.466500 0.136703 0.029152 0.466500 0.136468 0.028925 0.466500 0.136300 0.028646 0.466500 0.136210 0.028332 0.466500 0.136203 0.028006 0.466500 0.136282 0.027689 0.466500 0.136440 0.027404 0.464000 0.136043 0.026387 0.464000 0.136546 0.026084 0.464000 0.137110 0.025921 0.464000 0.137698 0.025910 0.464000 0.138268 0.026051 0.464000 0.138782 0.026336 0.464000 0.139205 0.026743 0.464000 0.139508 0.027246 0.464000 0.139671 0.027811 0.464000 0.139681 0.028398 0.464000 0.139540 0.028968 0.464000 0.139256 0.029482 0.464000 0.138848 0.029905 0.464000 0.138345 0.030208 0.464000 0.137781 0.030371 0.464000 0.137194 0.030382 0.464000 0.136624 0.030240 0.464000 0.136110 0.029956 0.464000 0.135687 0.029549 0.464000 0.135383 0.029046 0.464000 0.135221 0.028481 0.464000 0.135210 0.027894 0.464000 0.135351 0.027324 0.464000 0.135635 0.026810 0.466500 0.136043 0.026387 0.466500 0.135635 0.026810 0.466500 0.135351 0.027324 0.466500 0.135210 0.027894 0.466500 0.135221 0.028481 0.466500 0.135383 0.029046 0.466500 0.135687 0.029549 0.466500 0.136110 0.029956 0.466500 0.136624 0.030240 0.466500 0.137194 0.030382 0.466500 0.137781 0.030371 0.466500 0.138345 0.030208 0.466500 0.138848 0.029905 0.466500 0.139256 0.029482 0.466500 0.139540 0.028968 0.466500 0.139681 0.028398 0.466500 0.139671 0.027811 0.466500 0.139508 0.027246 0.466500 0.139205 0.026743 0.466500 0.138782 0.026336 0.466500 0.138268 0.026051 0.466500 0.137698 0.025910 0.466500 0.137110 0.025921 0.466500 0.136546 0.026084 0.466500 0.136687 0.033610 0.466500 0.138882 0.032088 0.466500 0.140970 0.030423 0.466500 0.142942 0.028623 0.466500 0.140573 0.025652 0.466500 0.139885 0.024976 0.466500 0.139056 0.024484 0.466500 0.138133 0.024205 0.466500 0.137170 0.024155 0.466500 0.136223 0.024337 0.466500 0.135347 0.024741 0.466500 0.134593 0.025342 0.466500 0.134005 0.026106 0.466500 0.133617 0.026989 0.466500 0.133451 0.027939 0.466500 0.133518 0.028901 0.466500 0.133812 0.029819 0.466500 0.134318 0.030640 0.465595 0.141726 0.027097 0.464738 0.140573 0.025652 0.464738 0.134318 0.030640 0.465595 0.135471 0.032085 0.464397 0.140066 0.025124 0.464048 0.139448 0.024684 0.463710 0.138740 0.024362 0.463405 0.137983 0.024183 0.463150 0.137216 0.024153 0.462945 0.136416 0.024281 0.462814 0.135639 0.024578 0.462770 0.134952 0.025019 0.462814 0.134370 0.025591 0.462945 0.133907 0.026282 0.463150 0.133604 0.027034 0.463405 0.133462 0.027788 0.463710 0.133468 0.028566 0.464048 0.133625 0.029328 0.464397 0.133917 0.030028 0.464000 0.107267 0.033879 0.464000 0.106943 0.033848 0.464000 0.106621 0.033903 0.464000 0.106324 0.034039 0.464000 0.106073 0.034247 0.464000 0.105884 0.034513 0.464000 0.105771 0.034819 0.464000 0.105740 0.035144 0.464000 0.105795 0.035466 0.464000 0.105931 0.035762 0.464000 0.106139 0.036014 0.464000 0.106405 0.036203 0.464000 0.106711 0.036316 0.464000 0.107036 0.036347 0.464000 0.107358 0.036292 0.464000 0.107654 0.036156 0.464000 0.107906 0.035948 0.464000 0.108094 0.035681 0.464000 0.108208 0.035376 0.464000 0.108238 0.035051 0.464000 0.108184 0.034729 0.464000 0.108048 0.034432 0.464000 0.107839 0.034181 0.464000 0.107573 0.033992 0.466500 0.107267 0.033879 0.466500 0.107573 0.033992 0.466500 0.107839 0.034181 0.466500 0.108048 0.034432 0.466500 0.108184 0.034729 0.466500 0.108238 0.035051 0.466500 0.108208 0.035376 0.466500 0.108094 0.035681 0.466500 0.107906 0.035948 0.466500 0.107654 0.036156 0.466500 0.107358 0.036292 0.466500 0.107036 0.036347 0.466500 0.106711 0.036316 0.466500 0.106405 0.036203 0.466500 0.106139 0.036014 0.466500 0.105931 0.035762 0.466500 0.105795 0.035466 0.466500 0.105740 0.035144 0.466500 0.105771 0.034819 0.466500 0.105884 0.034513 0.466500 0.106073 0.034247 0.466500 0.106324 0.034039 0.466500 0.106621 0.033903 0.466500 0.106943 0.033848 0.464000 0.107490 0.032904 0.464000 0.108041 0.033108 0.464000 0.108520 0.033448 0.464000 0.108894 0.033900 0.464000 0.109139 0.034434 0.464000 0.109238 0.035013 0.464000 0.109183 0.035598 0.464000 0.108979 0.036149 0.464000 0.108639 0.036628 0.464000 0.108186 0.037003 0.464000 0.107652 0.037247 0.464000 0.107073 0.037346 0.464000 0.106489 0.037291 0.464000 0.105938 0.037087 0.464000 0.105459 0.036747 0.464000 0.105084 0.036294 0.464000 0.104839 0.035761 0.464000 0.104741 0.035182 0.464000 0.104796 0.034597 0.464000 0.105000 0.034046 0.464000 0.105340 0.033567 0.464000 0.105792 0.033192 0.464000 0.106326 0.032947 0.464000 0.106905 0.032849 0.466500 0.107490 0.032904 0.466500 0.106905 0.032849 0.466500 0.106326 0.032947 0.466500 0.105792 0.033192 0.466500 0.105340 0.033567 0.466500 0.105000 0.034046 0.466500 0.104796 0.034597 0.466500 0.104741 0.035182 0.466500 0.104839 0.035761 0.466500 0.105084 0.036294 0.466500 0.105459 0.036747 0.466500 0.105938 0.037087 0.466500 0.106489 0.037291 0.466500 0.107073 0.037346 0.466500 0.107652 0.037247 0.466500 0.108186 0.037003 0.466500 0.108639 0.036628 0.466500 0.108979 0.036149 0.466500 0.109183 0.035598 0.466500 0.109238 0.035013 0.466500 0.109139 0.034434 0.466500 0.108894 0.033900 0.466500 0.108520 0.033448 0.466500 0.108041 0.033108 0.466500 0.102244 0.037912 0.466500 0.104802 0.038678 0.466500 0.107406 0.039273 0.466500 0.110043 0.039692 0.466500 0.110889 0.035987 0.466500 0.110989 0.035028 0.466500 0.110856 0.034073 0.466500 0.110498 0.033178 0.466500 0.109937 0.032394 0.466500 0.109204 0.031767 0.466500 0.108343 0.031333 0.466500 0.107403 0.031119 0.466500 0.106439 0.031135 0.466500 0.105506 0.031382 0.466500 0.104660 0.031845 0.466500 0.103950 0.032497 0.466500 0.103416 0.033300 0.466500 0.103090 0.034207 0.465595 0.110478 0.037790 0.464738 0.110889 0.035987 0.464738 0.103090 0.034207 0.465595 0.102678 0.036010 0.464397 0.110985 0.035262 0.464048 0.110944 0.034505 0.463710 0.110755 0.033750 0.463405 0.110423 0.033047 0.463150 0.109968 0.032429 0.462945 0.109369 0.031882 0.462814 0.108652 0.031460 0.462770 0.107879 0.031198 0.462814 0.107069 0.031099 0.462945 0.106240 0.031168 0.463150 0.105463 0.031401 0.463405 0.104785 0.031760 0.463710 0.104181 0.032250 0.464048 0.103683 0.032847 0.464397 0.103317 0.033512 0.464000 0.107267 -0.033879 0.464000 0.107573 -0.033992 0.464000 0.107839 -0.034181 0.464000 0.108048 -0.034432 0.464000 0.108184 -0.034729 0.464000 0.108238 -0.035051 0.464000 0.108208 -0.035376 0.464000 0.108094 -0.035681 0.464000 0.107906 -0.035948 0.464000 0.107654 -0.036156 0.464000 0.107358 -0.036292 0.464000 0.107036 -0.036347 0.464000 0.106711 -0.036316 0.464000 0.106405 -0.036203 0.464000 0.106139 -0.036014 0.464000 0.105931 -0.035762 0.464000 0.105795 -0.035466 0.464000 0.105740 -0.035144 0.464000 0.105771 -0.034819 0.464000 0.105884 -0.034513 0.464000 0.106073 -0.034247 0.464000 0.106324 -0.034039 0.464000 0.106621 -0.033903 0.464000 0.106943 -0.033848 0.466500 0.107267 -0.033879 0.466500 0.106943 -0.033848 0.466500 0.106621 -0.033903 0.466500 0.106324 -0.034039 0.466500 0.106073 -0.034247 0.466500 0.105884 -0.034513 0.466500 0.105771 -0.034819 0.466500 0.105740 -0.035144 0.466500 0.105795 -0.035466 0.466500 0.105931 -0.035762 0.466500 0.106139 -0.036014 0.466500 0.106405 -0.036203 0.466500 0.106711 -0.036316 0.466500 0.107036 -0.036347 0.466500 0.107358 -0.036292 0.466500 0.107654 -0.036156 0.466500 0.107906 -0.035948 0.466500 0.108094 -0.035681 0.466500 0.108208 -0.035376 0.466500 0.108238 -0.035051 0.466500 0.108184 -0.034729 0.466500 0.108048 -0.034432 0.466500 0.107839 -0.034181 0.466500 0.107573 -0.033992 0.464000 0.107490 -0.032904 0.464000 0.106905 -0.032849 0.464000 0.106326 -0.032947 0.464000 0.105792 -0.033192 0.464000 0.105340 -0.033567 0.464000 0.105000 -0.034046 0.464000 0.104796 -0.034597 0.464000 0.104741 -0.035182 0.464000 0.104839 -0.035761 0.464000 0.105084 -0.036294 0.464000 0.105459 -0.036747 0.464000 0.105938 -0.037087 0.464000 0.106489 -0.037291 0.464000 0.107073 -0.037346 0.464000 0.107652 -0.037247 0.464000 0.108186 -0.037003 0.464000 0.108639 -0.036628 0.464000 0.108979 -0.036149 0.464000 0.109183 -0.035598 0.464000 0.109238 -0.035013 0.464000 0.109139 -0.034434 0.464000 0.108894 -0.033900 0.464000 0.108520 -0.033448 0.464000 0.108041 -0.033108 0.466500 0.107490 -0.032904 0.466500 0.108041 -0.033108 0.466500 0.108520 -0.033448 0.466500 0.108894 -0.033900 0.466500 0.109139 -0.034434 0.466500 0.109238 -0.035013 0.466500 0.109183 -0.035598 0.466500 0.108979 -0.036149 0.466500 0.108639 -0.036628 0.466500 0.108186 -0.037003 0.466500 0.107652 -0.037247 0.466500 0.107073 -0.037346 0.466500 0.106489 -0.037291 0.466500 0.105938 -0.037087 0.466500 0.105459 -0.036747 0.466500 0.105084 -0.036294 0.466500 0.104839 -0.035761 0.466500 0.104741 -0.035182 0.466500 0.104796 -0.034597 0.466500 0.105000 -0.034046 0.466500 0.105340 -0.033567 0.466500 0.105792 -0.033192 0.466500 0.106326 -0.032947 0.466500 0.106905 -0.032849 0.466500 0.110043 -0.039692 0.466500 0.107406 -0.039273 0.466500 0.104802 -0.038678 0.466500 0.102244 -0.037912 0.466500 0.103090 -0.034207 0.466500 0.103416 -0.033300 0.466500 0.103950 -0.032497 0.466500 0.104660 -0.031845 0.466500 0.105506 -0.031382 0.466500 0.106439 -0.031135 0.466500 0.107403 -0.031119 0.466500 0.108343 -0.031333 0.466500 0.109204 -0.031767 0.466500 0.109937 -0.032394 0.466500 0.110498 -0.033178 0.466500 0.110856 -0.034073 0.466500 0.110989 -0.035028 0.466500 0.110889 -0.035987 0.465595 0.102678 -0.036010 0.464738 0.103090 -0.034207 0.464738 0.110889 -0.035987 0.465595 0.110478 -0.037790 0.464397 0.103317 -0.033512 0.464048 0.103683 -0.032847 0.463710 0.104181 -0.032250 0.463405 0.104785 -0.031760 0.463150 0.105463 -0.031401 0.462945 0.106240 -0.031168 0.462814 0.107069 -0.031099 0.462770 0.107879 -0.031198 0.462814 0.108652 -0.031460 0.462945 0.109369 -0.031882 0.463150 0.109968 -0.032429 0.463405 0.110423 -0.033047 0.463710 0.110755 -0.033750 0.464048 0.110944 -0.034505 0.464397 0.110985 -0.035262 0.464000 0.136666 -0.027169 0.464000 0.136946 -0.027000 0.464000 0.137259 -0.026910 0.464000 0.137586 -0.026904 0.464000 0.137902 -0.026982 0.464000 0.138188 -0.027140 0.464000 0.138423 -0.027367 0.464000 0.138591 -0.027646 0.464000 0.138682 -0.027960 0.464000 0.138688 -0.028286 0.464000 0.138609 -0.028603 0.464000 0.138451 -0.028888 0.464000 0.138225 -0.029123 0.464000 0.137945 -0.029292 0.464000 0.137632 -0.029382 0.464000 0.137306 -0.029388 0.464000 0.136989 -0.029310 0.464000 0.136703 -0.029152 0.464000 0.136468 -0.028925 0.464000 0.136300 -0.028646 0.464000 0.136210 -0.028332 0.464000 0.136203 -0.028006 0.464000 0.136282 -0.027689 0.464000 0.136440 -0.027404 0.466500 0.136666 -0.027169 0.466500 0.136440 -0.027404 0.466500 0.136282 -0.027689 0.466500 0.136203 -0.028006 0.466500 0.136210 -0.028332 0.466500 0.136300 -0.028646 0.466500 0.136468 -0.028925 0.466500 0.136703 -0.029152 0.466500 0.136989 -0.029310 0.466500 0.137306 -0.029388 0.466500 0.137632 -0.029382 0.466500 0.137945 -0.029292 0.466500 0.138225 -0.029123 0.466500 0.138451 -0.028888 0.466500 0.138609 -0.028603 0.466500 0.138688 -0.028286 0.466500 0.138682 -0.027960 0.466500 0.138591 -0.027646 0.466500 0.138423 -0.027367 0.466500 0.138188 -0.027140 0.466500 0.137902 -0.026982 0.466500 0.137586 -0.026904 0.466500 0.137259 -0.026910 0.466500 0.136946 -0.027000 0.464000 0.136043 -0.026387 0.464000 0.135635 -0.026810 0.464000 0.135351 -0.027324 0.464000 0.135210 -0.027894 0.464000 0.135221 -0.028481 0.464000 0.135383 -0.029046 0.464000 0.135687 -0.029549 0.464000 0.136110 -0.029956 0.464000 0.136624 -0.030240 0.464000 0.137194 -0.030382 0.464000 0.137781 -0.030371 0.464000 0.138345 -0.030208 0.464000 0.138848 -0.029905 0.464000 0.139256 -0.029482 0.464000 0.139540 -0.028968 0.464000 0.139681 -0.028398 0.464000 0.139671 -0.027811 0.464000 0.139508 -0.027246 0.464000 0.139205 -0.026743 0.464000 0.138782 -0.026336 0.464000 0.138268 -0.026051 0.464000 0.137698 -0.025910 0.464000 0.137110 -0.025921 0.464000 0.136546 -0.026084 0.466500 0.136043 -0.026387 0.466500 0.136546 -0.026084 0.466500 0.137110 -0.025921 0.466500 0.137698 -0.025910 0.466500 0.138268 -0.026051 0.466500 0.138782 -0.026336 0.466500 0.139205 -0.026743 0.466500 0.139508 -0.027246 0.466500 0.139671 -0.027811 0.466500 0.139681 -0.028398 0.466500 0.139540 -0.028968 0.466500 0.139256 -0.029482 0.466500 0.138848 -0.029905 0.466500 0.138345 -0.030208 0.466500 0.137781 -0.030371 0.466500 0.137194 -0.030382 0.466500 0.136624 -0.030240 0.466500 0.136110 -0.029956 0.466500 0.135687 -0.029549 0.466500 0.135383 -0.029046 0.466500 0.135221 -0.028481 0.466500 0.135210 -0.027894 0.466500 0.135351 -0.027324 0.466500 0.135635 -0.026810 0.466500 0.142942 -0.028623 0.466500 0.140970 -0.030423 0.466500 0.138882 -0.032088 0.466500 0.136687 -0.033610 0.466500 0.134318 -0.030640 0.466500 0.133812 -0.029819 0.466500 0.133518 -0.028901 0.466500 0.133451 -0.027939 0.466500 0.133617 -0.026989 0.466500 0.134005 -0.026106 0.466500 0.134593 -0.025342 0.466500 0.135347 -0.024741 0.466500 0.136223 -0.024337 0.466500 0.137170 -0.024155 0.466500 0.138133 -0.024205 0.466500 0.139056 -0.024484 0.466500 0.139885 -0.024976 0.466500 0.140573 -0.025652 0.465595 0.135471 -0.032085 0.464738 0.134318 -0.030640 0.464738 0.140573 -0.025652 0.465595 0.141726 -0.027097 0.464397 0.133917 -0.030028 0.464048 0.133625 -0.029328 0.463710 0.133468 -0.028566 0.463405 0.133462 -0.027788 0.463150 0.133604 -0.027034 0.462945 0.133907 -0.026282 0.462814 0.134370 -0.025591 0.462770 0.134952 -0.025019 0.462814 0.135639 -0.024578 0.462945 0.136416 -0.024281 0.463150 0.137216 -0.024153 0.463405 0.137983 -0.024183 0.463710 0.138740 -0.024362 0.464048 0.139448 -0.024684 0.464397 0.140066 -0.025124 0.464000 0.149750 0.000000 0.464000 0.149793 0.000324 0.464000 0.149917 0.000625 0.464000 0.150116 0.000884 0.464000 0.150375 0.001083 0.464000 0.150676 0.001207 0.464000 0.151000 0.001250 0.464000 0.151324 0.001207 0.464000 0.151625 0.001083 0.464000 0.151884 0.000884 0.464000 0.152083 0.000625 0.464000 0.152207 0.000324 0.464000 0.152250 0.000000 0.464000 0.152207 -0.000324 0.464000 0.152083 -0.000625 0.464000 0.151884 -0.000884 0.464000 0.151625 -0.001083 0.464000 0.151324 -0.001207 0.464000 0.151000 -0.001250 0.464000 0.150676 -0.001207 0.464000 0.150375 -0.001083 0.464000 0.150116 -0.000884 0.464000 0.149917 -0.000625 0.464000 0.149793 -0.000324 0.466500 0.149750 0.000000 0.466500 0.149793 -0.000324 0.466500 0.149917 -0.000625 0.466500 0.150116 -0.000884 0.466500 0.150375 -0.001083 0.466500 0.150676 -0.001207 0.466500 0.151000 -0.001250 0.466500 0.151324 -0.001207 0.466500 0.151625 -0.001083 0.466500 0.151884 -0.000884 0.466500 0.152083 -0.000625 0.466500 0.152207 -0.000324 0.466500 0.152250 0.000000 0.466500 0.152207 0.000324 0.466500 0.152083 0.000625 0.466500 0.151884 0.000884 0.466500 0.151625 0.001083 0.466500 0.151324 0.001207 0.466500 0.151000 0.001250 0.466500 0.150676 0.001207 0.466500 0.150375 0.001083 0.466500 0.150116 0.000884 0.466500 0.149917 0.000625 0.466500 0.149793 0.000324 0.464000 0.148750 0.000000 0.464000 0.148827 -0.000582 0.464000 0.149051 -0.001125 0.464000 0.149409 -0.001591 0.464000 0.149875 -0.001949 0.464000 0.150418 -0.002173 0.464000 0.151000 -0.002250 0.464000 0.151582 -0.002173 0.464000 0.152125 -0.001949 0.464000 0.152591 -0.001591 0.464000 0.152949 -0.001125 0.464000 0.153173 -0.000582 0.464000 0.153250 0.000000 0.464000 0.153173 0.000582 0.464000 0.152949 0.001125 0.464000 0.152591 0.001591 0.464000 0.152125 0.001949 0.464000 0.151582 0.002173 0.464000 0.151000 0.002250 0.464000 0.150418 0.002173 0.464000 0.149875 0.001949 0.464000 0.149409 0.001591 0.464000 0.149051 0.001125 0.464000 0.148827 0.000582 0.466500 0.148750 0.000000 0.466500 0.148827 0.000582 0.466500 0.149051 0.001125 0.466500 0.149409 0.001591 0.466500 0.149875 0.001949 0.466500 0.150418 0.002173 0.466500 0.151000 0.002250 0.466500 0.151582 0.002173 0.466500 0.152125 0.001949 0.466500 0.152591 0.001591 0.466500 0.152949 0.001125 0.466500 0.153173 0.000582 0.466500 0.153250 0.000000 0.466500 0.153173 -0.000582 0.466500 0.152949 -0.001125 0.466500 0.152591 -0.001591 0.466500 0.152125 -0.001949 0.466500 0.151582 -0.002173 0.466500 0.151000 -0.002250 0.466500 0.150418 -0.002173 0.466500 0.149875 -0.001949 0.466500 0.149409 -0.001591 0.466500 0.149051 -0.001125 0.466500 0.148827 -0.000582 0.466500 0.154800 0.004000 0.466500 0.154978 0.001335 0.466500 0.154978 -0.001335 0.466500 0.154800 -0.004000 0.466500 0.151000 -0.004000 0.466500 0.150043 -0.003884 0.466500 0.149141 -0.003542 0.466500 0.148348 -0.002994 0.466500 0.147708 -0.002272 0.466500 0.147260 -0.001418 0.466500 0.147029 -0.000482 0.466500 0.147029 0.000482 0.466500 0.147260 0.001418 0.466500 0.147708 0.002272 0.466500 0.148348 0.002994 0.466500 0.149141 0.003542 0.466500 0.150043 0.003884 0.466500 0.151000 0.004000 0.465595 0.152849 -0.004000 0.464738 0.151000 -0.004000 0.464738 0.151000 0.004000 0.465595 0.152849 0.004000 0.464397 0.150271 -0.003933 0.464048 0.149542 -0.003724 0.463710 0.148848 -0.003371 0.463405 0.148237 -0.002891 0.463150 0.147735 -0.002310 0.462945 0.147336 -0.001604 0.462814 0.147084 -0.000812 0.462770 0.147000 0.000000 0.462814 0.147084 0.000812 0.462945 0.147336 0.001604 0.463150 0.147735 0.002310 0.463405 0.148237 0.002891 0.463710 0.148848 0.003371 0.464048 0.149542 0.003724 0.464397 0.150271 0.003933 0.460000 0.104709 0.023943 0.460000 0.099966 0.022048 0.460000 0.095133 0.020400 0.460000 0.090221 0.019004 0.460000 0.085243 0.017863 0.460000 0.080214 0.016981 0.460000 0.075145 0.016359 0.460000 0.070051 0.015999 0.460000 0.064946 0.015903 0.460000 0.059842 0.016071 0.460000 0.054753 0.016501 0.460000 0.049694 0.017194 0.460000 0.044677 0.018147 0.460000 0.039716 0.019357 0.460000 0.034824 0.020821 0.466500 0.039165 0.034067 0.466500 0.043694 0.032721 0.466500 0.048290 0.031629 0.466500 0.052940 0.030794 0.466500 0.057630 0.030218 0.466500 0.062344 0.029904 0.466500 0.067068 0.029852 0.466500 0.071788 0.030063 0.466500 0.076489 0.030536 0.466500 0.081156 0.031269 0.466500 0.085775 0.032260 0.466500 0.090332 0.033507 0.466500 0.094813 0.035004 0.466500 0.099204 0.036749 0.466500 0.145073 0.026374 0.466500 0.147024 0.023967 0.466500 0.148783 0.021417 0.466500 0.150340 0.018738 0.466500 0.151684 0.015947 0.466500 0.152808 0.013060 0.466500 0.153705 0.010094 0.466500 0.154371 0.007068 0.466500 0.154371 -0.007068 0.466500 0.153705 -0.010094 0.466500 0.152808 -0.013060 0.466500 0.151684 -0.015947 0.466500 0.150340 -0.018738 0.466500 0.148783 -0.021417 0.466500 0.147024 -0.023967 0.466500 0.145073 -0.026374 0.466500 0.134021 -0.035188 0.466500 0.131240 -0.036555 0.466500 0.128362 -0.037702 0.466500 0.125404 -0.038623 0.466500 0.122384 -0.039313 0.466500 0.119319 -0.039766 0.466500 0.116228 -0.039981 0.466500 0.113130 -0.039956 0.466500 0.101220 -0.037552 0.466500 0.100207 -0.037164 0.466500 0.099204 -0.036749 0.460000 0.104709 -0.023943 0.460000 0.107121 -0.024841 0.460000 0.109611 -0.025497 0.460000 0.112153 -0.025905 0.460000 0.114723 -0.026059 0.460000 0.117296 -0.025959 0.460000 0.119847 -0.025606 0.460000 0.122350 -0.025003 0.460000 0.124781 -0.024156 0.460000 0.127117 -0.023073 0.460000 0.129335 -0.021764 0.460000 0.131412 -0.020244 0.460000 0.133330 -0.018525 0.460000 0.135068 -0.016626 0.460000 0.136611 -0.014565 0.460000 0.137943 -0.012361 0.460000 0.139050 -0.010037 0.460000 0.139923 -0.007615 0.460000 0.140553 -0.005118 0.460000 0.140934 -0.002572 0.460000 0.141061 0.000000 0.460000 0.140934 0.002572 0.460000 0.140553 0.005118 0.460000 0.139923 0.007615 0.460000 0.139050 0.010037 0.460000 0.137943 0.012361 0.460000 0.136611 0.014565 0.460000 0.135068 0.016626 0.460000 0.133330 0.018525 0.460000 0.131412 0.020244 0.460000 0.129335 0.021764 0.460000 0.127117 0.023073 0.460000 0.124781 0.024156 0.460000 0.122350 0.025003 0.460000 0.119847 0.025606 0.460000 0.117296 0.025959 0.460000 0.114723 0.026059 0.460000 0.112153 0.025905 0.460000 0.109611 0.025497 0.460000 0.107121 0.024841 0.466500 0.100207 0.037164 0.466500 0.101220 0.037552 0.466500 0.113130 0.039956 0.466500 0.116228 0.039981 0.466500 0.119319 0.039766 0.466500 0.122384 0.039313 0.466500 0.125404 0.038623 0.466500 0.128362 0.037702 0.466500 0.131240 0.036555 0.466500 0.134021 0.035188 0.460000 0.034824 -0.020821 0.460000 0.039716 -0.019357 0.460000 0.044677 -0.018147 0.460000 0.049694 -0.017194 0.460000 0.054753 -0.016501 0.460000 0.059842 -0.016071 0.460000 0.064946 -0.015903 0.460000 0.070051 -0.015999 0.460000 0.075145 -0.016359 0.460000 0.080214 -0.016981 0.460000 0.085243 -0.017863 0.460000 0.090221 -0.019004 0.460000 0.095133 -0.020400 0.460000 0.099966 -0.022048 0.466500 0.094813 -0.035004 0.466500 0.090332 -0.033507 0.466500 0.085775 -0.032260 0.466500 0.081156 -0.031269 0.466500 0.076489 -0.030536 0.466500 0.071788 -0.030063 0.466500 0.067068 -0.029852 0.466500 0.062344 -0.029904 0.466500 0.057630 -0.030218 0.466500 0.052940 -0.030794 0.466500 0.048290 -0.031629 0.466500 0.043694 -0.032721 0.466500 0.039165 -0.034067 0.460000 0.018939 -0.019950 0.460000 0.021104 -0.020798 0.460000 0.023346 -0.021411 0.460000 0.025641 -0.021784 0.460000 0.027962 -0.021911 0.460000 0.030284 -0.021792 0.460000 0.032579 -0.021427 0.466500 0.036252 -0.034888 0.466500 0.033280 -0.035459 0.466500 0.030271 -0.035778 0.466500 0.027246 -0.035842 0.466500 0.024226 -0.035651 0.466500 0.021232 -0.035206 0.466500 0.018287 -0.034510 0.466500 0.015412 -0.033568 0.466500 0.012626 -0.032386 0.466500 0.009949 -0.030974 0.466500 0.007401 -0.029342 0.466500 0.005000 -0.027500 0.465574 0.006985 -0.026556 0.464681 0.008901 -0.025612 0.463820 0.010747 -0.024669 0.462991 0.012524 -0.023725 0.462195 0.014232 -0.022781 0.461431 0.015870 -0.021837 0.460699 0.017439 -0.020894 0.460000 0.018939 0.019950 0.466500 0.005000 0.027500 0.465574 0.006985 0.026556 0.464681 0.008901 0.025612 0.463820 0.010747 0.024669 0.462991 0.012524 0.023725 0.462195 0.014232 0.022781 0.461431 0.015870 0.021837 0.460699 0.017439 0.020894 0.460000 0.032579 0.021427 0.460000 0.030284 0.021792 0.460000 0.027962 0.021911 0.460000 0.025641 0.021784 0.460000 0.023346 0.021411 0.460000 0.021104 0.020798 0.466500 0.007401 0.029342 0.466500 0.009949 0.030974 0.466500 0.012626 0.032386 0.466500 0.015412 0.033568 0.466500 0.018287 0.034510 0.466500 0.021232 0.035206 0.466500 0.024226 0.035651 0.466500 0.027246 0.035842 0.466500 0.030271 0.035778 0.466500 0.033280 0.035459 0.466500 0.036252 0.034888 0.471500 0.039165 0.034067 0.471500 0.036252 0.034888 0.471500 0.033280 0.035459 0.471500 0.030271 0.035778 0.471500 0.027246 0.035842 0.471500 0.024226 0.035651 0.471500 0.021232 0.035206 0.471500 0.018287 0.034510 0.471500 0.015412 0.033568 0.471500 0.012626 0.032386 0.471500 0.009949 0.030974 0.471500 0.007401 0.029342 0.471500 0.005000 0.027500 0.471500 0.005000 -0.027500 0.471500 0.007401 -0.029342 0.471500 0.009949 -0.030974 0.471500 0.012626 -0.032386 0.471500 0.015412 -0.033568 0.471500 0.018287 -0.034510 0.471500 0.021232 -0.035206 0.471500 0.024226 -0.035651 0.471500 0.027246 -0.035842 0.471500 0.030271 -0.035778 0.471500 0.033280 -0.035459 0.471500 0.036252 -0.034888 0.471500 0.039165 -0.034067 0.471500 0.043694 -0.032721 0.471500 0.048290 -0.031629 0.471500 0.052940 -0.030794 0.471500 0.057630 -0.030218 0.471500 0.062344 -0.029904 0.471500 0.067068 -0.029852 0.471500 0.071788 -0.030063 0.471500 0.076489 -0.030536 0.471500 0.081156 -0.031269 0.471500 0.085775 -0.032260 0.471500 0.090332 -0.033507 0.471500 0.094813 -0.035004 0.471500 0.099204 -0.036749 0.471500 0.102217 -0.037902 0.471500 0.105313 -0.038809 0.471500 0.108473 -0.039464 0.471500 0.111675 -0.039862 0.471500 0.114898 -0.040000 0.471500 0.118122 -0.039878 0.471500 0.121326 -0.039497 0.471500 0.124489 -0.038858 0.471500 0.127590 -0.037967 0.471500 0.130609 -0.036829 0.471500 0.133527 -0.035451 0.471500 0.136323 -0.033842 0.471500 0.138982 -0.032014 0.471500 0.141484 -0.029977 0.471500 0.143814 -0.027745 0.471500 0.145956 -0.025332 0.471500 0.147897 -0.022755 0.471500 0.149624 -0.020029 0.471500 0.151126 -0.017174 0.471500 0.152392 -0.014206 0.471500 0.153416 -0.011146 0.471500 0.154189 -0.008014 0.471500 0.154707 -0.004829 0.471500 0.154967 -0.001613 0.471500 0.154967 0.001613 0.471500 0.154707 0.004829 0.471500 0.154189 0.008014 0.471500 0.153416 0.011146 0.471500 0.152392 0.014206 0.471500 0.151126 0.017174 0.471500 0.149624 0.020029 0.471500 0.147897 0.022755 0.471500 0.145956 0.025332 0.471500 0.143814 0.027745 0.471500 0.141484 0.029977 0.471500 0.138982 0.032014 0.471500 0.136323 0.033842 0.471500 0.133527 0.035451 0.471500 0.130609 0.036829 0.471500 0.127590 0.037967 0.471500 0.124489 0.038858 0.471500 0.121326 0.039497 0.471500 0.118122 0.039878 0.471500 0.114898 0.040000 0.471500 0.111675 0.039862 0.471500 0.108473 0.039464 0.471500 0.105313 0.038809 0.471500 0.102217 0.037902 0.471500 0.099204 0.036749 0.471500 0.094813 0.035004 0.471500 0.090332 0.033507 0.471500 0.085775 0.032260 0.471500 0.081156 0.031269 0.471500 0.076489 0.030536 0.471500 0.071788 0.030063 0.471500 0.067068 0.029852 0.471500 0.062344 0.029904 0.471500 0.057630 0.030218 0.471500 0.052940 0.030794 0.471500 0.048290 0.031629 0.471500 0.043694 0.032721 0.471500 0.038386 0.031692 0.471500 0.042713 0.030397 0.471500 0.047100 0.029326 0.471500 0.051537 0.028484 0.471500 0.056012 0.027871 0.471500 0.060512 0.027490 0.471500 0.065025 0.027342 0.471500 0.069541 0.027427 0.471500 0.074046 0.027745 0.471500 0.078528 0.028295 0.471500 0.082977 0.029076 0.471500 0.087379 0.030084 0.471500 0.091723 0.031319 0.471500 0.095997 0.032776 0.471500 0.100191 0.034452 0.471500 0.103076 0.035554 0.471500 0.106041 0.036414 0.471500 0.109067 0.037028 0.471500 0.112134 0.037390 0.471500 0.115220 0.037499 0.471500 0.118304 0.037354 0.471500 0.121366 0.036956 0.471500 0.124385 0.036307 0.471500 0.127340 0.035411 0.471500 0.130212 0.034276 0.471500 0.132980 0.032908 0.471500 0.135627 0.031318 0.471500 0.138133 0.029514 0.471500 0.140483 0.027511 0.471500 0.142660 0.025321 0.471500 0.144650 0.022960 0.471500 0.146438 0.020443 0.471500 0.148013 0.017787 0.471500 0.149365 0.015011 0.471500 0.150483 0.012132 0.471500 0.151361 0.009172 0.471500 0.151992 0.006149 0.471500 0.152373 0.003085 0.471500 0.152500 0.000000 0.471500 0.152373 -0.003085 0.471500 0.151992 -0.006149 0.471500 0.151361 -0.009172 0.471500 0.150483 -0.012132 0.471500 0.149365 -0.015011 0.471500 0.148013 -0.017787 0.471500 0.146438 -0.020443 0.471500 0.144650 -0.022960 0.471500 0.142660 -0.025321 0.471500 0.140483 -0.027511 0.471500 0.138133 -0.029514 0.471500 0.135627 -0.031318 0.471500 0.132980 -0.032908 0.471500 0.130212 -0.034276 0.471500 0.127340 -0.035411 0.471500 0.124385 -0.036307 0.471500 0.121366 -0.036956 0.471500 0.118304 -0.037354 0.471500 0.115220 -0.037499 0.471500 0.112134 -0.037390 0.471500 0.109067 -0.037028 0.471500 0.106041 -0.036414 0.471500 0.103076 -0.035554 0.471500 0.100191 -0.034452 0.471500 0.095997 -0.032776 0.471500 0.091723 -0.031319 0.471500 0.087379 -0.030084 0.471500 0.082977 -0.029076 0.471500 0.078528 -0.028295 0.471500 0.074046 -0.027745 0.471500 0.069541 -0.027427 0.471500 0.065025 -0.027342 0.471500 0.060512 -0.027490 0.471500 0.056012 -0.027871 0.471500 0.051537 -0.028484 0.471500 0.047100 -0.029326 0.471500 0.042713 -0.030397 0.471500 0.038386 -0.031692 0.471500 0.035529 -0.032489 0.471500 0.032613 -0.033030 0.471500 0.029660 -0.033309 0.471500 0.026693 -0.033325 0.471500 0.023738 -0.033077 0.471500 0.020815 -0.032567 0.471500 0.017950 -0.031800 0.471500 0.015164 -0.030781 0.471500 0.012480 -0.029519 0.471500 0.009918 -0.028023 0.471500 0.007500 -0.026306 0.471500 0.007500 0.026306 0.471500 0.009918 0.028023 0.471500 0.012480 0.029519 0.471500 0.015164 0.030781 0.471500 0.017950 0.031800 0.471500 0.020815 0.032567 0.471500 0.023738 0.033077 0.471500 0.026693 0.033325 0.471500 0.029660 0.033309 0.471500 0.032613 0.033030 0.471500 0.035529 0.032489 0.472500 0.038386 0.031692 0.472500 0.042713 0.030397 0.472500 0.047100 0.029326 0.472500 0.051537 0.028484 0.472500 0.056012 0.027871 0.472500 0.060512 0.027490 0.472500 0.065025 0.027342 0.472500 0.069541 0.027427 0.472500 0.074046 0.027745 0.472500 0.078528 0.028295 0.472500 0.082977 0.029076 0.472500 0.087379 0.030084 0.472500 0.091723 0.031319 0.472500 0.095997 0.032776 0.472500 0.100191 0.034452 0.472500 0.103076 0.035554 0.472500 0.106041 0.036414 0.472500 0.109067 0.037028 0.472500 0.112134 0.037390 0.472500 0.115220 0.037499 0.472500 0.118304 0.037354 0.472500 0.121366 0.036956 0.472500 0.124385 0.036307 0.472500 0.127340 0.035411 0.472500 0.130212 0.034276 0.472500 0.132980 0.032908 0.472500 0.135627 0.031318 0.472500 0.138133 0.029514 0.472500 0.140483 0.027511 0.472500 0.142660 0.025321 0.472500 0.144650 0.022960 0.472500 0.146438 0.020443 0.472500 0.148013 0.017787 0.472500 0.149365 0.015011 0.472500 0.150483 0.012132 0.472500 0.151361 0.009172 0.472500 0.151992 0.006149 0.472500 0.152373 0.003085 0.472500 0.152500 0.000000 0.472500 0.152373 -0.003085 0.472500 0.151992 -0.006149 0.472500 0.151361 -0.009172 0.472500 0.150483 -0.012132 0.472500 0.149365 -0.015011 0.472500 0.148013 -0.017787 0.472500 0.146438 -0.020443 0.472500 0.144650 -0.022960 0.472500 0.142660 -0.025321 0.472500 0.140483 -0.027511 0.472500 0.138133 -0.029514 0.472500 0.135627 -0.031318 0.472500 0.132980 -0.032908 0.472500 0.130212 -0.034276 0.472500 0.127340 -0.035411 0.472500 0.124385 -0.036307 0.472500 0.121366 -0.036956 0.472500 0.118304 -0.037354 0.472500 0.115220 -0.037499 0.472500 0.112134 -0.037390 0.472500 0.109067 -0.037028 0.472500 0.106041 -0.036414 0.472500 0.103076 -0.035554 0.472500 0.100191 -0.034452 0.472500 0.095997 -0.032776 0.472500 0.091723 -0.031319 0.472500 0.087379 -0.030084 0.472500 0.082977 -0.029076 0.472500 0.078528 -0.028295 0.472500 0.074046 -0.027745 0.472500 0.069541 -0.027427 0.472500 0.065025 -0.027342 0.472500 0.060512 -0.027490 0.472500 0.056012 -0.027871 0.472500 0.051537 -0.028484 0.472500 0.047100 -0.029326 0.472500 0.042713 -0.030397 0.472500 0.038386 -0.031692 0.472500 0.035529 -0.032489 0.472500 0.032613 -0.033030 0.472500 0.029660 -0.033309 0.472500 0.026693 -0.033325 0.472500 0.023738 -0.033077 0.472500 0.020815 -0.032567 0.472500 0.017950 -0.031800 0.472500 0.015164 -0.030781 0.472500 0.012480 -0.029519 0.472500 0.009918 -0.028023 0.472500 0.007500 -0.026306 0.472500 0.007500 0.026306 0.472500 0.009918 0.028023 0.472500 0.012480 0.029519 0.472500 0.015164 0.030781 0.472500 0.017950 0.031800 0.472500 0.020815 0.032567 0.472500 0.023738 0.033077 0.472500 0.026693 0.033325 0.472500 0.029660 0.033309 0.472500 0.032613 0.033030 0.472500 0.035529 0.032489 0.472500 0.039165 -0.034067 0.472500 0.043694 -0.032721 0.472500 0.048290 -0.031629 0.472500 0.052940 -0.030794 0.472500 0.057630 -0.030218 0.472500 0.062344 -0.029904 0.472500 0.067068 -0.029852 0.472500 0.071788 -0.030063 0.472500 0.076489 -0.030536 0.472500 0.081156 -0.031269 0.472500 0.085775 -0.032260 0.472500 0.090332 -0.033507 0.472500 0.094813 -0.035004 0.472500 0.099204 -0.036749 0.487500 0.099204 -0.036749 0.487500 0.094813 -0.035004 0.487500 0.090332 -0.033507 0.487500 0.085775 -0.032260 0.487500 0.081156 -0.031269 0.487500 0.076489 -0.030536 0.487500 0.071788 -0.030063 0.487500 0.067068 -0.029852 0.487500 0.062344 -0.029904 0.487500 0.057630 -0.030218 0.487500 0.052940 -0.030794 0.487500 0.048290 -0.031629 0.487500 0.043694 -0.032721 0.487500 0.039165 -0.034067 0.472500 0.102217 -0.037902 0.472500 0.105313 -0.038809 0.472500 0.108473 -0.039464 0.472500 0.111675 -0.039862 0.472500 0.114898 -0.040000 0.472500 0.118122 -0.039878 0.472500 0.121326 -0.039497 0.472500 0.124489 -0.038858 0.472500 0.127590 -0.037967 0.472500 0.130609 -0.036829 0.472500 0.133527 -0.035451 0.472500 0.136323 -0.033842 0.472500 0.138982 -0.032014 0.472500 0.141484 -0.029977 0.472500 0.143814 -0.027745 0.472500 0.145956 -0.025332 0.472500 0.147897 -0.022755 0.472500 0.149624 -0.020029 0.472500 0.151126 -0.017174 0.472500 0.152392 -0.014206 0.472500 0.153416 -0.011146 0.472500 0.154189 -0.008014 0.472500 0.154707 -0.004829 0.472500 0.154967 -0.001613 0.472500 0.154967 0.001613 0.472500 0.154707 0.004829 0.472500 0.154189 0.008014 0.472500 0.153416 0.011146 0.472500 0.152392 0.014206 0.472500 0.151126 0.017174 0.472500 0.149624 0.020029 0.472500 0.147897 0.022755 0.472500 0.145956 0.025332 0.472500 0.143814 0.027745 0.472500 0.141484 0.029977 0.472500 0.138982 0.032014 0.472500 0.136323 0.033842 0.472500 0.133527 0.035451 0.472500 0.130609 0.036829 0.472500 0.127590 0.037967 0.472500 0.124489 0.038858 0.472500 0.121326 0.039497 0.472500 0.118122 0.039878 0.472500 0.114898 0.040000 0.472500 0.111675 0.039862 0.472500 0.108473 0.039464 0.472500 0.105313 0.038809 0.472500 0.102217 0.037902 0.472500 0.099204 0.036749 0.487500 0.099204 0.036749 0.487500 0.102217 0.037902 0.487500 0.105313 0.038809 0.487500 0.108473 0.039464 0.487500 0.111675 0.039862 0.487500 0.114898 0.040000 0.487500 0.118122 0.039878 0.487500 0.121326 0.039497 0.487500 0.124489 0.038858 0.487500 0.127590 0.037967 0.487500 0.130609 0.036829 0.487500 0.133527 0.035451 0.487500 0.136323 0.033842 0.487500 0.138982 0.032014 0.487500 0.141484 0.029977 0.487500 0.143814 0.027745 0.487500 0.145956 0.025332 0.487500 0.147897 0.022755 0.487500 0.149624 0.020029 0.487500 0.151126 0.017174 0.487500 0.152392 0.014206 0.487500 0.153416 0.011146 0.487500 0.154189 0.008014 0.487500 0.154707 0.004829 0.487500 0.154967 0.001613 0.487500 0.154967 -0.001613 0.487500 0.154707 -0.004829 0.487500 0.154189 -0.008014 0.487500 0.153416 -0.011146 0.487500 0.152392 -0.014206 0.487500 0.151126 -0.017174 0.487500 0.149624 -0.020029 0.487500 0.147897 -0.022755 0.487500 0.145956 -0.025332 0.487500 0.143814 -0.027745 0.487500 0.141484 -0.029977 0.487500 0.138982 -0.032014 0.487500 0.136323 -0.033842 0.487500 0.133527 -0.035451 0.487500 0.130609 -0.036829 0.487500 0.127590 -0.037967 0.487500 0.124489 -0.038858 0.487500 0.121326 -0.039497 0.487500 0.118122 -0.039878 0.487500 0.114898 -0.040000 0.487500 0.111675 -0.039862 0.487500 0.108473 -0.039464 0.487500 0.105313 -0.038809 0.487500 0.102217 -0.037902 0.472500 0.094813 0.035004 0.472500 0.090332 0.033507 0.472500 0.085775 0.032260 0.472500 0.081156 0.031269 0.472500 0.076489 0.030536 0.472500 0.071788 0.030063 0.472500 0.067068 0.029852 0.472500 0.062344 0.029904 0.472500 0.057630 0.030218 0.472500 0.052940 0.030794 0.472500 0.048290 0.031629 0.472500 0.043694 0.032721 0.472500 0.039165 0.034067 0.487500 0.039165 0.034067 0.487500 0.043694 0.032721 0.487500 0.048290 0.031629 0.487500 0.052940 0.030794 0.487500 0.057630 0.030218 0.487500 0.062344 0.029904 0.487500 0.067068 0.029852 0.487500 0.071788 0.030063 0.487500 0.076489 0.030536 0.487500 0.081156 0.031269 0.487500 0.085775 0.032260 0.487500 0.090332 0.033507 0.487500 0.094813 0.035004 0.472500 0.005000 -0.027500 0.500000 0.005000 -0.027500 0.497463 0.005000 -0.027383 0.494947 0.005000 -0.027032 0.492474 0.005000 -0.026450 0.490066 0.005000 -0.025643 0.487742 0.005000 -0.024617 0.485523 0.005000 -0.023381 0.483428 0.005000 -0.021945 0.481473 0.005000 -0.020323 0.479677 0.005000 -0.018527 0.478055 0.005000 -0.016572 0.476619 0.005000 -0.014477 0.475383 0.005000 -0.012258 0.474357 0.005000 -0.009934 0.473550 0.005000 -0.007526 0.472968 0.005000 -0.005053 0.472617 0.005000 -0.002537 0.472500 0.005000 0.000000 0.512500 0.039165 -0.034067 0.527500 0.039165 -0.034067 0.527500 0.036252 -0.034888 0.527500 0.033280 -0.035459 0.527500 0.030271 -0.035778 0.527500 0.027246 -0.035842 0.527500 0.024226 -0.035651 0.527500 0.021232 -0.035206 0.527500 0.018287 -0.034510 0.527500 0.015412 -0.033568 0.527500 0.012626 -0.032386 0.527500 0.009949 -0.030974 0.527500 0.007401 -0.029342 0.527500 0.005000 -0.027500 0.472500 0.007401 -0.029342 0.472500 0.009949 -0.030974 0.472500 0.012626 -0.032386 0.472500 0.015412 -0.033568 0.472500 0.018287 -0.034510 0.472500 0.021232 -0.035206 0.472500 0.024226 -0.035651 0.472500 0.027246 -0.035842 0.472500 0.030271 -0.035778 0.472500 0.033280 -0.035459 0.472500 0.036252 -0.034888 0.512500 0.039165 0.034067 0.472617 0.005000 0.002537 0.472968 0.005000 0.005053 0.473550 0.005000 0.007526 0.474357 0.005000 0.009934 0.475383 0.005000 0.012258 0.476619 0.005000 0.014477 0.478055 0.005000 0.016572 0.479677 0.005000 0.018527 0.481473 0.005000 0.020323 0.483428 0.005000 0.021945 0.485523 0.005000 0.023381 0.487742 0.005000 0.024617 0.490066 0.005000 0.025643 0.492474 0.005000 0.026450 0.494947 0.005000 0.027032 0.497463 0.005000 0.027383 0.500000 0.005000 0.027500 0.472500 0.005000 0.027500 0.472500 0.007401 0.029342 0.472500 0.009949 0.030974 0.472500 0.012626 0.032386 0.472500 0.015412 0.033568 0.472500 0.018287 0.034510 0.472500 0.021232 0.035206 0.472500 0.024226 0.035651 0.472500 0.027246 0.035842 0.472500 0.030271 0.035778 0.472500 0.033280 0.035459 0.472500 0.036252 0.034888 0.512500 0.043694 0.032721 0.512500 0.048290 0.031629 0.512500 0.052940 0.030794 0.512500 0.057630 0.030218 0.512500 0.062344 0.029904 0.512500 0.067068 0.029852 0.512500 0.071788 0.030063 0.512500 0.076489 0.030536 0.512500 0.081156 0.031269 0.512500 0.085775 0.032260 0.512500 0.090332 0.033507 0.512500 0.094813 0.035004 0.512500 0.099204 0.036749 0.512500 0.102217 0.037902 0.512500 0.105313 0.038809 0.512500 0.108473 0.039464 0.512500 0.111675 0.039862 0.512500 0.114898 0.040000 0.512500 0.118122 0.039878 0.512500 0.121326 0.039497 0.512500 0.124489 0.038858 0.512500 0.127590 0.037967 0.512500 0.130609 0.036829 0.512500 0.133527 0.035451 0.512500 0.136323 0.033842 0.512500 0.138982 0.032014 0.512500 0.141484 0.029977 0.512500 0.143814 0.027745 0.512500 0.145956 0.025332 0.512500 0.147897 0.022755 0.512500 0.149624 0.020029 0.512500 0.151126 0.017174 0.512500 0.152392 0.014206 0.512500 0.153416 0.011146 0.512500 0.154189 0.008014 0.512500 0.154707 0.004829 0.512500 0.154967 0.001613 0.512500 0.154967 -0.001613 0.512500 0.154707 -0.004829 0.512500 0.154189 -0.008014 0.512500 0.153416 -0.011146 0.512500 0.152392 -0.014206 0.512500 0.151126 -0.017174 0.512500 0.149624 -0.020029 0.512500 0.147897 -0.022755 0.512500 0.145956 -0.025332 0.512500 0.143814 -0.027745 0.512500 0.141484 -0.029977 0.512500 0.138982 -0.032014 0.512500 0.136323 -0.033842 0.512500 0.133527 -0.035451 0.512500 0.130609 -0.036829 0.512500 0.127590 -0.037967 0.512500 0.124489 -0.038858 0.512500 0.121326 -0.039497 0.512500 0.118122 -0.039878 0.512500 0.114898 -0.040000 0.512500 0.111675 -0.039862 0.512500 0.108473 -0.039464 0.512500 0.105313 -0.038809 0.512500 0.102217 -0.037902 0.512500 0.099204 -0.036749 0.512500 0.094813 -0.035004 0.512500 0.090332 -0.033507 0.512500 0.085775 -0.032260 0.512500 0.081156 -0.031269 0.512500 0.076489 -0.030536 0.512500 0.071788 -0.030063 0.512500 0.067068 -0.029852 0.512500 0.062344 -0.029904 0.512500 0.057630 -0.030218 0.512500 0.052940 -0.030794 0.512500 0.048290 -0.031629 0.512500 0.043694 -0.032721 0.536000 0.018736 -0.029048 0.536000 0.019845 -0.029378 0.536000 0.020964 -0.029666 0.536000 0.022094 -0.029912 0.536000 0.021792 -0.029435 0.536000 0.021382 -0.029049 0.536000 0.020887 -0.028777 0.536000 0.020341 -0.028636 0.536000 0.019777 -0.028636 0.536000 0.019231 -0.028776 0.535262 0.016198 -0.029822 0.534406 0.015714 -0.031604 0.533500 0.015203 -0.033489 0.533500 0.016198 -0.029822 0.535366 0.018861 -0.030510 0.535259 0.018815 -0.030736 0.535151 0.018813 -0.030976 0.535050 0.018857 -0.031214 0.534962 0.018945 -0.031437 0.534888 0.019075 -0.031640 0.534828 0.019250 -0.031822 0.534788 0.019463 -0.031967 0.534772 0.019697 -0.032065 0.534779 0.019944 -0.032113 0.534809 0.020201 -0.032110 0.534861 0.020451 -0.032055 0.534930 0.020676 -0.031955 0.535012 0.020871 -0.031818 0.535109 0.021039 -0.031644 0.535214 0.021169 -0.031441 0.535322 0.021257 -0.031223 0.535429 0.021301 -0.030999 0.535537 0.021303 -0.030762 0.535641 0.021259 -0.030524 0.535734 0.021171 -0.030299 0.535812 0.021042 -0.030098 0.535876 0.020868 -0.029916 0.535919 0.020655 -0.029770 0.535937 0.020419 -0.029672 0.535929 0.020172 -0.029624 0.535897 0.019913 -0.029627 0.535841 0.019664 -0.029683 0.535768 0.019442 -0.029781 0.535681 0.019245 -0.029919 0.535580 0.019077 -0.030094 0.535473 0.018947 -0.030296 0.533500 0.020385 -0.029662 0.533500 0.020686 -0.029788 0.533500 0.020945 -0.029987 0.533500 0.021142 -0.030247 0.533500 0.021266 -0.030549 0.533500 0.021308 -0.030872 0.533500 0.021264 -0.031196 0.533500 0.021139 -0.031497 0.533500 0.020939 -0.031755 0.533500 0.020680 -0.031953 0.533500 0.020378 -0.032077 0.533500 0.020054 -0.032119 0.533500 0.019731 -0.032075 0.533500 0.019430 -0.031949 0.533500 0.019172 -0.031750 0.533500 0.018974 -0.031490 0.533500 0.018850 -0.031188 0.533500 0.018808 -0.030865 0.533500 0.018852 -0.030541 0.533500 0.018977 -0.030240 0.533500 0.019177 -0.029982 0.533500 0.019436 -0.029784 0.533500 0.019738 -0.029660 0.533500 0.020062 -0.029619 0.535875 0.022209 -0.030208 0.535739 0.022280 -0.030517 0.535457 0.022292 -0.031135 0.535177 0.022142 -0.031717 0.534902 0.021827 -0.032259 0.534775 0.021614 -0.032493 0.534662 0.021373 -0.032694 0.534562 0.021108 -0.032858 0.534474 0.020811 -0.032988 0.534401 0.020490 -0.033077 0.534348 0.020156 -0.033116 0.534316 0.019821 -0.033105 0.534305 0.019497 -0.033048 0.534316 0.019186 -0.032942 0.534348 0.018887 -0.032790 0.534401 0.018614 -0.032594 0.534474 0.018376 -0.032362 0.534562 0.018178 -0.032105 0.534662 0.018026 -0.031833 0.534775 0.017912 -0.031541 0.534902 0.017838 -0.031233 0.535177 0.017824 -0.030606 0.535457 0.017973 -0.030024 0.535739 0.018281 -0.029488 0.535875 0.018493 -0.029252 0.533500 0.020647 -0.028697 0.533500 0.020065 -0.028619 0.533500 0.019482 -0.028694 0.533500 0.018939 -0.028917 0.533500 0.018472 -0.029273 0.533500 0.018113 -0.029738 0.533500 0.017887 -0.030280 0.533500 0.017808 -0.030862 0.533500 0.017883 -0.031444 0.533500 0.018106 -0.031988 0.533500 0.018462 -0.032455 0.533500 0.018927 -0.032814 0.533500 0.019469 -0.033040 0.533500 0.020051 -0.033119 0.533500 0.020634 -0.033044 0.533500 0.021177 -0.032821 0.533500 0.021644 -0.032464 0.533500 0.022003 -0.032000 0.533500 0.022230 -0.031458 0.533500 0.022308 -0.030875 0.533500 0.022233 -0.030293 0.533500 0.022010 -0.029750 0.533500 0.021654 -0.029282 0.533500 0.021189 -0.028923 0.533500 0.017733 -0.034349 0.533500 0.020319 -0.035018 0.533500 0.022948 -0.035493 0.533500 0.023919 -0.031916 0.533500 0.024057 -0.030961 0.533500 0.023963 -0.030002 0.533500 0.023642 -0.029092 0.533500 0.023113 -0.028286 0.533500 0.022406 -0.027630 0.533500 0.021563 -0.027162 0.533500 0.020632 -0.026910 0.533500 0.019668 -0.026888 0.533500 0.018727 -0.027097 0.533500 0.017863 -0.027525 0.533500 0.017126 -0.028147 0.533500 0.016560 -0.028928 0.535214 0.023919 -0.031916 0.535555 0.024045 -0.031193 0.535903 0.024034 -0.030439 0.536245 0.023876 -0.029678 0.536556 0.023573 -0.028960 0.536817 0.023144 -0.028325 0.537029 0.022571 -0.027757 0.537168 0.021872 -0.027305 0.537219 0.021108 -0.027009 0.537181 0.020305 -0.026877 0.537053 0.019473 -0.026912 0.536849 0.018685 -0.027112 0.536596 0.017992 -0.027444 0.536291 0.017368 -0.027909 0.535952 0.016846 -0.028486 0.535603 0.016453 -0.029135 0.534380 0.023447 -0.033656 0.533500 0.046215 -0.026458 0.533500 0.046533 -0.026386 0.533500 0.046859 -0.026398 0.533500 0.047171 -0.026494 0.533500 0.047447 -0.026668 0.533500 0.047669 -0.026907 0.533500 0.047821 -0.027196 0.533500 0.047894 -0.027514 0.533500 0.047881 -0.027840 0.533500 0.047785 -0.028152 0.533500 0.047611 -0.028428 0.533500 0.047372 -0.028650 0.533500 0.047083 -0.028802 0.533500 0.046765 -0.028875 0.533500 0.046439 -0.028863 0.533500 0.046127 -0.028766 0.533500 0.045851 -0.028593 0.533500 0.045629 -0.028353 0.533500 0.045477 -0.028065 0.533500 0.045404 -0.027747 0.533500 0.045417 -0.027420 0.533500 0.045513 -0.027109 0.533500 0.045687 -0.026832 0.533500 0.045926 -0.026611 0.536000 0.045845 -0.026673 0.535947 0.045693 -0.026825 0.535883 0.045574 -0.026992 0.535809 0.045485 -0.027176 0.535725 0.045426 -0.027374 0.535635 0.045400 -0.027578 0.535543 0.045408 -0.027779 0.535452 0.045446 -0.027970 0.535360 0.045515 -0.028156 0.535269 0.045616 -0.028334 0.535182 0.045746 -0.028494 0.535104 0.045900 -0.028631 0.535037 0.046072 -0.028739 0.534980 0.046268 -0.028820 0.534936 0.046481 -0.028869 0.534909 0.046701 -0.028879 0.534900 0.046915 -0.028852 0.534909 0.047121 -0.028788 0.534936 0.047316 -0.028687 0.534980 0.047490 -0.028554 0.535037 0.047635 -0.028399 0.535104 0.047746 -0.028229 0.535182 0.047829 -0.028041 0.535269 0.047881 -0.027841 0.535360 0.047899 -0.027637 0.535452 0.047884 -0.027439 0.535543 0.047839 -0.027250 0.535635 0.047763 -0.027064 0.535725 0.047655 -0.026888 0.535809 0.047519 -0.026733 0.535883 0.047361 -0.026603 0.535947 0.047183 -0.026500 0.536000 0.046982 -0.026426 0.536000 0.046684 -0.026381 0.536000 0.046383 -0.026409 0.536000 0.046098 -0.026508 0.536000 0.048343 -0.026149 0.535751 0.048664 -0.026631 0.535493 0.048849 -0.027159 0.535236 0.048897 -0.027711 0.534984 0.048803 -0.028281 0.534764 0.048566 -0.028808 0.534672 0.048401 -0.029041 0.534591 0.048199 -0.029260 0.534523 0.047964 -0.029456 0.534474 0.047700 -0.029619 0.534444 0.047418 -0.029744 0.534434 0.047128 -0.029829 0.534444 0.046829 -0.029873 0.534474 0.046520 -0.029876 0.534523 0.046212 -0.029837 0.534591 0.045916 -0.029757 0.534672 0.045642 -0.029642 0.534764 0.045395 -0.029498 0.534984 0.044961 -0.029117 0.535236 0.044638 -0.028638 0.535493 0.044452 -0.028116 0.535751 0.044400 -0.027559 0.536000 0.044493 -0.026988 0.536000 0.044704 -0.026499 0.536000 0.045024 -0.026074 0.536000 0.045435 -0.025736 0.536000 0.045914 -0.025504 0.536000 0.046434 -0.025391 0.536000 0.046966 -0.025403 0.536000 0.047480 -0.025539 0.536000 0.047948 -0.025793 0.533500 0.045867 -0.025521 0.533500 0.045348 -0.025795 0.533500 0.044917 -0.026194 0.533500 0.044604 -0.026691 0.533500 0.044431 -0.027253 0.533500 0.044409 -0.027839 0.533500 0.044539 -0.028412 0.533500 0.044813 -0.028932 0.533500 0.045213 -0.029362 0.533500 0.045710 -0.029675 0.533500 0.046271 -0.029848 0.533500 0.046858 -0.029871 0.533500 0.047431 -0.029740 0.533500 0.047950 -0.029466 0.533500 0.048381 -0.029067 0.533500 0.048694 -0.028569 0.533500 0.048867 -0.028008 0.533500 0.048889 -0.027421 0.533500 0.048759 -0.026848 0.533500 0.048484 -0.026329 0.533500 0.048085 -0.025898 0.533500 0.047588 -0.025586 0.533500 0.047027 -0.025412 0.533500 0.046440 -0.025390 0.536000 0.044943 -0.026880 0.536000 0.045394 -0.026776 0.536000 0.047435 -0.026331 0.536000 0.047889 -0.026239 0.533500 0.052134 -0.030920 0.533500 0.050400 -0.026240 0.533500 0.049958 -0.025383 0.533500 0.049324 -0.024657 0.533500 0.048535 -0.024103 0.533500 0.047636 -0.023754 0.533500 0.046679 -0.023630 0.533500 0.045721 -0.023739 0.533500 0.044817 -0.024074 0.533500 0.044019 -0.024616 0.533500 0.043374 -0.025333 0.533500 0.042920 -0.026184 0.533500 0.042682 -0.027118 0.533500 0.042675 -0.028082 0.533500 0.042898 -0.029020 0.533500 0.044218 -0.032583 0.533500 0.046839 -0.031945 0.533500 0.049478 -0.031390 0.535263 0.042898 -0.029020 0.535785 0.050400 -0.026240 0.536128 0.050066 -0.025551 0.536450 0.049600 -0.024932 0.536734 0.049030 -0.024417 0.536972 0.048370 -0.024021 0.537165 0.047610 -0.023748 0.537292 0.046796 -0.023634 0.537346 0.045983 -0.023686 0.537327 0.045209 -0.023900 0.537234 0.044477 -0.024272 0.537070 0.043840 -0.024784 0.536851 0.043334 -0.025392 0.536590 0.042971 -0.026060 0.536284 0.042737 -0.026798 0.535949 0.042650 -0.027565 0.535603 0.042709 -0.028316 0.534626 0.051279 -0.028612 0.533500 0.077653 -0.025151 0.533500 0.077977 -0.025192 0.533500 0.078279 -0.025315 0.533500 0.078539 -0.025512 0.533500 0.078739 -0.025770 0.533500 0.078865 -0.026071 0.533500 0.078910 -0.026394 0.533500 0.078869 -0.026718 0.533500 0.078746 -0.027020 0.533500 0.078548 -0.027280 0.533500 0.078291 -0.027480 0.533500 0.077990 -0.027606 0.533500 0.077667 -0.027651 0.533500 0.077343 -0.027610 0.533500 0.077041 -0.027487 0.533500 0.076781 -0.027289 0.533500 0.076581 -0.027031 0.533500 0.076454 -0.026731 0.533500 0.076410 -0.026407 0.533500 0.076451 -0.026084 0.533500 0.076574 -0.025781 0.533500 0.076771 -0.025522 0.533500 0.077029 -0.025322 0.533500 0.077330 -0.025195 0.536000 0.077232 -0.025226 0.535947 0.077038 -0.025317 0.535883 0.076869 -0.025433 0.535809 0.076722 -0.025575 0.535725 0.076598 -0.025741 0.535635 0.076505 -0.025924 0.535543 0.076443 -0.026116 0.535452 0.076413 -0.026308 0.535360 0.076415 -0.026506 0.535269 0.076448 -0.026708 0.535182 0.076516 -0.026903 0.535104 0.076614 -0.027084 0.535037 0.076738 -0.027245 0.534980 0.076894 -0.027388 0.534936 0.077078 -0.027507 0.534909 0.077281 -0.027592 0.534900 0.077491 -0.027639 0.534909 0.077707 -0.027649 0.534936 0.077925 -0.027622 0.534980 0.078134 -0.027557 0.535037 0.078323 -0.027460 0.535104 0.078486 -0.027339 0.535182 0.078628 -0.027191 0.535269 0.078745 -0.027020 0.535360 0.078832 -0.026835 0.535452 0.078886 -0.026644 0.535543 0.078909 -0.026451 0.535635 0.078900 -0.026250 0.535725 0.078859 -0.026048 0.535809 0.078784 -0.025855 0.535883 0.078681 -0.025679 0.535947 0.078549 -0.025522 0.536000 0.078385 -0.025383 0.536000 0.078120 -0.025239 0.536000 0.077828 -0.025162 0.536000 0.077526 -0.025158 0.536000 0.079758 -0.025589 0.535751 0.079896 -0.026151 0.535493 0.079888 -0.026711 0.535236 0.079744 -0.027246 0.534984 0.079461 -0.027749 0.534764 0.079058 -0.028163 0.534672 0.078823 -0.028326 0.534591 0.078558 -0.028463 0.534523 0.078270 -0.028566 0.534474 0.077966 -0.028629 0.534444 0.077658 -0.028650 0.534434 0.077357 -0.028630 0.534444 0.077061 -0.028569 0.534474 0.076769 -0.028467 0.534523 0.076494 -0.028325 0.534591 0.076243 -0.028148 0.534672 0.076025 -0.027946 0.534764 0.075842 -0.027726 0.534984 0.075564 -0.027219 0.535236 0.075425 -0.026659 0.535493 0.075429 -0.026105 0.535751 0.075572 -0.025564 0.536000 0.075854 -0.025058 0.536000 0.076220 -0.024672 0.536000 0.076666 -0.024382 0.536000 0.077168 -0.024205 0.536000 0.077697 -0.024151 0.536000 0.078224 -0.024223 0.536000 0.078720 -0.024416 0.536000 0.079156 -0.024721 0.536000 0.079509 -0.025119 0.533500 0.077648 -0.024151 0.533500 0.077066 -0.024230 0.533500 0.076524 -0.024458 0.533500 0.076060 -0.024818 0.533500 0.075705 -0.025286 0.533500 0.075483 -0.025830 0.533500 0.075410 -0.026413 0.533500 0.075490 -0.026995 0.533500 0.075717 -0.027536 0.533500 0.076077 -0.028000 0.533500 0.076545 -0.028355 0.533500 0.077089 -0.028577 0.533500 0.077672 -0.028651 0.533500 0.078254 -0.028571 0.533500 0.078795 -0.028343 0.533500 0.079259 -0.027983 0.533500 0.079614 -0.027515 0.533500 0.079836 -0.026971 0.533500 0.079910 -0.026389 0.533500 0.079830 -0.025807 0.533500 0.079602 -0.025265 0.533500 0.079242 -0.024801 0.533500 0.078774 -0.024446 0.533500 0.078230 -0.024224 0.536000 0.076314 -0.025112 0.536000 0.076773 -0.025168 0.536000 0.078843 -0.025449 0.536000 0.079301 -0.025518 0.533500 0.081687 -0.031369 0.533500 0.081660 -0.026379 0.533500 0.081538 -0.025422 0.533500 0.081192 -0.024523 0.533500 0.080639 -0.023732 0.533500 0.079914 -0.023096 0.533500 0.079058 -0.022653 0.533500 0.078121 -0.022427 0.533500 0.077156 -0.022432 0.533500 0.076221 -0.022668 0.533500 0.075370 -0.023121 0.533500 0.074651 -0.023764 0.533500 0.074108 -0.024561 0.533500 0.073771 -0.025464 0.533500 0.073660 -0.026422 0.533500 0.073680 -0.030222 0.533500 0.076361 -0.030519 0.533500 0.079031 -0.030902 0.535263 0.073660 -0.026422 0.535785 0.081660 -0.026379 0.536128 0.081582 -0.025618 0.536450 0.081357 -0.024876 0.536734 0.080998 -0.024197 0.536972 0.080513 -0.023599 0.537165 0.079892 -0.023082 0.537292 0.079166 -0.022696 0.537346 0.078385 -0.022467 0.537327 0.077585 -0.022402 0.537234 0.076769 -0.022501 0.537070 0.075995 -0.022765 0.536851 0.075312 -0.023162 0.536590 0.074742 -0.023666 0.536284 0.074269 -0.024279 0.535949 0.073925 -0.024970 0.535603 0.073723 -0.025696 0.534626 0.081673 -0.028908 0.536000 0.022094 0.029912 0.536000 0.020964 0.029666 0.536000 0.019845 0.029378 0.536000 0.018736 0.029048 0.536000 0.019231 0.028776 0.536000 0.019777 0.028636 0.536000 0.020341 0.028636 0.536000 0.020887 0.028777 0.536000 0.021382 0.029049 0.536000 0.021792 0.029435 0.533500 0.020647 0.028697 0.533500 0.020065 0.028619 0.533500 0.019482 0.028694 0.533500 0.018939 0.028917 0.533500 0.018472 0.029273 0.533500 0.018113 0.029738 0.533500 0.017887 0.030280 0.533500 0.017808 0.030862 0.533500 0.017883 0.031444 0.533500 0.018106 0.031988 0.533500 0.018462 0.032455 0.533500 0.018927 0.032814 0.533500 0.019469 0.033040 0.533500 0.020051 0.033119 0.533500 0.020634 0.033044 0.533500 0.021177 0.032821 0.533500 0.021644 0.032464 0.533500 0.022003 0.032000 0.533500 0.022230 0.031458 0.533500 0.022308 0.030875 0.533500 0.022233 0.030293 0.533500 0.022010 0.029750 0.533500 0.021654 0.029282 0.533500 0.021189 0.028923 0.533500 0.022948 0.035493 0.533500 0.020319 0.035018 0.533500 0.017733 0.034349 0.533500 0.015203 0.033489 0.533500 0.016198 0.029822 0.533500 0.016560 0.028928 0.533500 0.017126 0.028147 0.533500 0.017863 0.027525 0.533500 0.018727 0.027097 0.533500 0.019668 0.026888 0.533500 0.020632 0.026910 0.533500 0.021563 0.027162 0.533500 0.022406 0.027630 0.533500 0.023113 0.028286 0.533500 0.023642 0.029092 0.533500 0.023963 0.030002 0.533500 0.024057 0.030961 0.533500 0.023919 0.031916 0.534406 0.015714 0.031604 0.535262 0.016198 0.029822 0.535366 0.021280 0.031132 0.535259 0.021210 0.031352 0.535151 0.021097 0.031563 0.535050 0.020943 0.031751 0.534962 0.020758 0.031904 0.534888 0.020547 0.032019 0.534828 0.020305 0.032094 0.534788 0.020049 0.032118 0.534772 0.019796 0.032091 0.534779 0.019557 0.032014 0.534809 0.019333 0.031887 0.534861 0.019142 0.031718 0.534930 0.018993 0.031522 0.535012 0.018888 0.031308 0.535109 0.018825 0.031074 0.535214 0.018809 0.030834 0.535322 0.018837 0.030600 0.535429 0.018906 0.030383 0.535537 0.019019 0.030174 0.535641 0.019172 0.029987 0.535734 0.019359 0.029833 0.535812 0.019568 0.029719 0.535876 0.019809 0.029644 0.535919 0.020066 0.029619 0.535937 0.020320 0.029646 0.535929 0.020559 0.029724 0.535897 0.020784 0.029851 0.535841 0.020976 0.030020 0.535768 0.021123 0.030214 0.535681 0.021228 0.030429 0.535580 0.021291 0.030664 0.535473 0.021307 0.030903 0.533500 0.020385 0.029662 0.533500 0.020062 0.029619 0.533500 0.019738 0.029660 0.533500 0.019436 0.029784 0.533500 0.019177 0.029982 0.533500 0.018977 0.030240 0.533500 0.018852 0.030541 0.533500 0.018808 0.030865 0.533500 0.018850 0.031188 0.533500 0.018974 0.031490 0.533500 0.019172 0.031750 0.533500 0.019430 0.031949 0.533500 0.019731 0.032075 0.533500 0.020054 0.032119 0.533500 0.020378 0.032077 0.533500 0.020680 0.031953 0.533500 0.020939 0.031755 0.533500 0.021139 0.031497 0.533500 0.021264 0.031196 0.533500 0.021308 0.030872 0.533500 0.021266 0.030549 0.533500 0.021142 0.030247 0.533500 0.020945 0.029987 0.533500 0.020686 0.029788 0.535875 0.018493 0.029252 0.535739 0.018281 0.029488 0.535457 0.017973 0.030024 0.535177 0.017824 0.030606 0.534902 0.017838 0.031233 0.534775 0.017912 0.031541 0.534662 0.018026 0.031833 0.534562 0.018178 0.032105 0.534474 0.018376 0.032362 0.534401 0.018614 0.032594 0.534348 0.018887 0.032790 0.534316 0.019186 0.032942 0.534305 0.019497 0.033048 0.534316 0.019821 0.033105 0.534348 0.020156 0.033116 0.534401 0.020490 0.033077 0.534474 0.020811 0.032988 0.534562 0.021108 0.032858 0.534662 0.021373 0.032694 0.534775 0.021614 0.032493 0.534902 0.021827 0.032259 0.535177 0.022142 0.031717 0.535457 0.022292 0.031135 0.535739 0.022280 0.030517 0.535875 0.022209 0.030208 0.535214 0.023919 0.031916 0.534380 0.023447 0.033656 0.536262 0.017318 0.027955 0.536518 0.017816 0.027556 0.536740 0.018361 0.027247 0.536931 0.018965 0.027022 0.537083 0.019625 0.026892 0.537181 0.020307 0.026877 0.537219 0.020969 0.026974 0.537197 0.021600 0.027179 0.537115 0.022204 0.027493 0.536977 0.022742 0.027904 0.536794 0.023190 0.028381 0.536582 0.023539 0.028899 0.536334 0.023807 0.029476 0.536061 0.023982 0.030091 0.535776 0.024054 0.030717 0.535493 0.024032 0.031325 0.535510 0.016371 0.029318 0.535762 0.016615 0.028834 0.536016 0.016933 0.028373 0.533500 0.012475 0.032314 0.533500 0.009853 0.030918 0.533500 0.007356 0.029310 0.533500 0.005000 0.027500 0.534426 0.006985 0.026556 0.535319 0.008901 0.025612 0.536180 0.010747 0.024669 0.537009 0.012524 0.023725 0.537805 0.014232 0.022781 0.538569 0.015870 0.021837 0.539301 0.017439 0.020894 0.540000 0.018939 0.019950 0.540000 0.021104 0.020798 0.540000 0.023346 0.021411 0.540000 0.025641 0.021784 0.540000 0.027962 0.021911 0.540000 0.030284 0.021792 0.540000 0.032579 0.021427 0.540000 0.034824 0.020821 0.533500 0.039165 0.034067 0.533500 0.036534 0.034820 0.533500 0.033853 0.035369 0.533500 0.031139 0.035713 0.533500 0.028406 0.035848 0.533500 0.025670 0.035775 0.533500 0.046215 0.026458 0.533500 0.045926 0.026611 0.533500 0.045687 0.026832 0.533500 0.045513 0.027109 0.533500 0.045417 0.027420 0.533500 0.045404 0.027747 0.533500 0.045477 0.028065 0.533500 0.045629 0.028353 0.533500 0.045851 0.028593 0.533500 0.046127 0.028766 0.533500 0.046439 0.028863 0.533500 0.046765 0.028875 0.533500 0.047083 0.028802 0.533500 0.047372 0.028650 0.533500 0.047611 0.028428 0.533500 0.047785 0.028152 0.533500 0.047881 0.027840 0.533500 0.047894 0.027514 0.533500 0.047821 0.027196 0.533500 0.047669 0.026907 0.533500 0.047447 0.026668 0.533500 0.047171 0.026494 0.533500 0.046859 0.026398 0.533500 0.046533 0.026386 0.536000 0.046982 0.026426 0.535947 0.047183 0.026500 0.535883 0.047361 0.026603 0.535809 0.047519 0.026733 0.535725 0.047655 0.026888 0.535635 0.047763 0.027064 0.535543 0.047839 0.027250 0.535452 0.047884 0.027439 0.535360 0.047899 0.027637 0.535269 0.047881 0.027841 0.535182 0.047829 0.028041 0.535104 0.047746 0.028229 0.535037 0.047635 0.028399 0.534980 0.047490 0.028554 0.534936 0.047316 0.028687 0.534909 0.047121 0.028788 0.534900 0.046915 0.028852 0.534909 0.046701 0.028879 0.534936 0.046481 0.028869 0.534980 0.046268 0.028820 0.535037 0.046072 0.028739 0.535104 0.045900 0.028631 0.535182 0.045746 0.028494 0.535269 0.045616 0.028334 0.535360 0.045515 0.028156 0.535452 0.045446 0.027970 0.535543 0.045408 0.027779 0.535635 0.045400 0.027578 0.535725 0.045426 0.027374 0.535809 0.045485 0.027176 0.535883 0.045574 0.026992 0.535947 0.045693 0.026825 0.536000 0.045845 0.026673 0.536000 0.046098 0.026508 0.536000 0.046383 0.026409 0.536000 0.046684 0.026381 0.536000 0.044493 0.026988 0.535751 0.044400 0.027559 0.535493 0.044452 0.028116 0.535236 0.044638 0.028638 0.534984 0.044961 0.029117 0.534764 0.045395 0.029498 0.534672 0.045642 0.029642 0.534591 0.045916 0.029757 0.534523 0.046212 0.029837 0.534474 0.046520 0.029876 0.534444 0.046829 0.029873 0.534434 0.047128 0.029829 0.534444 0.047418 0.029744 0.534474 0.047700 0.029619 0.534523 0.047964 0.029456 0.534591 0.048199 0.029260 0.534672 0.048401 0.029041 0.534764 0.048566 0.028808 0.534984 0.048803 0.028281 0.535236 0.048897 0.027711 0.535493 0.048849 0.027159 0.535751 0.048664 0.026631 0.536000 0.048343 0.026149 0.536000 0.047948 0.025793 0.536000 0.047480 0.025539 0.536000 0.046966 0.025403 0.536000 0.046434 0.025391 0.536000 0.045914 0.025504 0.536000 0.045435 0.025736 0.536000 0.045024 0.026074 0.536000 0.044704 0.026499 0.533500 0.045867 0.025521 0.533500 0.046440 0.025390 0.533500 0.047027 0.025412 0.533500 0.047588 0.025586 0.533500 0.048085 0.025898 0.533500 0.048484 0.026329 0.533500 0.048759 0.026848 0.533500 0.048889 0.027421 0.533500 0.048867 0.028008 0.533500 0.048694 0.028569 0.533500 0.048381 0.029067 0.533500 0.047950 0.029466 0.533500 0.047431 0.029740 0.533500 0.046858 0.029871 0.533500 0.046271 0.029848 0.533500 0.045710 0.029675 0.533500 0.045213 0.029362 0.533500 0.044813 0.028932 0.533500 0.044539 0.028412 0.533500 0.044409 0.027839 0.533500 0.044431 0.027253 0.533500 0.044604 0.026691 0.533500 0.044917 0.026194 0.533500 0.045348 0.025795 0.536000 0.047889 0.026239 0.536000 0.047435 0.026331 0.536000 0.045394 0.026776 0.536000 0.044943 0.026880 0.533500 0.044218 0.032583 0.533500 0.042898 0.029020 0.533500 0.042675 0.028082 0.533500 0.042682 0.027118 0.533500 0.042920 0.026184 0.533500 0.043374 0.025333 0.533500 0.044019 0.024616 0.533500 0.044817 0.024074 0.533500 0.045721 0.023739 0.533500 0.046679 0.023630 0.533500 0.047636 0.023754 0.533500 0.048535 0.024103 0.533500 0.049324 0.024657 0.533500 0.049958 0.025383 0.533500 0.050400 0.026240 0.533500 0.052134 0.030920 0.533500 0.049478 0.031390 0.533500 0.046839 0.031945 0.535785 0.050400 0.026240 0.534626 0.051279 0.028612 0.535263 0.042898 0.029020 0.535512 0.042747 0.028509 0.535764 0.042664 0.027971 0.536017 0.042655 0.027412 0.536262 0.042726 0.026850 0.536517 0.042899 0.026241 0.536744 0.043161 0.025672 0.536940 0.043510 0.025152 0.537108 0.043957 0.024673 0.537236 0.044487 0.024265 0.537316 0.045082 0.023951 0.537348 0.045709 0.023742 0.537330 0.046358 0.023642 0.537263 0.047028 0.023649 0.537148 0.047689 0.023768 0.536990 0.048310 0.023993 0.536802 0.048865 0.024300 0.536584 0.049354 0.024685 0.536336 0.049785 0.025148 0.536066 0.050138 0.025674 0.533500 0.042524 0.033043 0.533500 0.040839 0.033538 0.540000 0.039716 0.019357 0.540000 0.044677 0.018147 0.540000 0.049694 0.017194 0.540000 0.054753 0.016501 0.540000 0.059842 0.016071 0.540000 0.064946 0.015903 0.540000 0.070051 0.015999 0.540000 0.075145 0.016359 0.540000 0.080214 0.016981 0.540000 0.085243 0.017863 0.540000 0.090221 0.019004 0.540000 0.095133 0.020400 0.540000 0.099966 0.022048 0.540000 0.104709 0.023943 0.533500 0.099204 0.036749 0.533500 0.094940 0.035051 0.533500 0.090591 0.033586 0.533500 0.086169 0.032357 0.533500 0.081687 0.031369 0.534626 0.081673 0.028908 0.535785 0.081660 0.026379 0.536066 0.081608 0.025757 0.536336 0.081456 0.025143 0.536584 0.081210 0.024560 0.536802 0.080882 0.024031 0.536990 0.080466 0.023552 0.537148 0.079960 0.023128 0.537263 0.079380 0.022790 0.537330 0.078752 0.022554 0.537348 0.078109 0.022426 0.537316 0.077448 0.022407 0.537236 0.076781 0.022499 0.537108 0.076143 0.022700 0.536940 0.075560 0.022997 0.536744 0.075054 0.023366 0.536517 0.074612 0.023811 0.536262 0.074241 0.024324 0.536017 0.073982 0.024828 0.535764 0.073800 0.025357 0.535512 0.073693 0.025890 0.535263 0.073660 0.026422 0.533500 0.073680 0.030222 0.533500 0.069368 0.029922 0.533500 0.065046 0.029842 0.533500 0.060725 0.029982 0.533500 0.056418 0.030342 0.533500 0.077653 0.025151 0.533500 0.077330 0.025195 0.533500 0.077029 0.025322 0.533500 0.076771 0.025522 0.533500 0.076574 0.025781 0.533500 0.076451 0.026084 0.533500 0.076410 0.026407 0.533500 0.076454 0.026731 0.533500 0.076581 0.027031 0.533500 0.076781 0.027289 0.533500 0.077041 0.027487 0.533500 0.077343 0.027610 0.533500 0.077667 0.027651 0.533500 0.077990 0.027606 0.533500 0.078291 0.027480 0.533500 0.078548 0.027280 0.533500 0.078746 0.027020 0.533500 0.078869 0.026718 0.533500 0.078910 0.026394 0.533500 0.078865 0.026071 0.533500 0.078739 0.025770 0.533500 0.078539 0.025512 0.533500 0.078279 0.025315 0.533500 0.077977 0.025192 0.536000 0.078385 0.025383 0.535947 0.078549 0.025522 0.535883 0.078681 0.025679 0.535809 0.078784 0.025855 0.535725 0.078859 0.026048 0.535635 0.078900 0.026250 0.535543 0.078909 0.026451 0.535452 0.078886 0.026644 0.535360 0.078832 0.026835 0.535269 0.078745 0.027020 0.535182 0.078628 0.027191 0.535104 0.078486 0.027339 0.535037 0.078323 0.027460 0.534980 0.078134 0.027557 0.534936 0.077925 0.027622 0.534909 0.077707 0.027649 0.534900 0.077491 0.027639 0.534909 0.077281 0.027592 0.534936 0.077078 0.027507 0.534980 0.076894 0.027388 0.535037 0.076738 0.027245 0.535104 0.076614 0.027084 0.535182 0.076516 0.026903 0.535269 0.076448 0.026708 0.535360 0.076415 0.026506 0.535452 0.076413 0.026308 0.535543 0.076443 0.026116 0.535635 0.076505 0.025924 0.535725 0.076598 0.025741 0.535809 0.076722 0.025575 0.535883 0.076869 0.025433 0.535947 0.077038 0.025317 0.536000 0.077232 0.025226 0.536000 0.077526 0.025158 0.536000 0.077828 0.025162 0.536000 0.078120 0.025239 0.536000 0.075854 0.025058 0.535751 0.075572 0.025564 0.535493 0.075429 0.026105 0.535236 0.075425 0.026659 0.534984 0.075564 0.027219 0.534764 0.075842 0.027726 0.534672 0.076025 0.027946 0.534591 0.076243 0.028148 0.534523 0.076494 0.028325 0.534474 0.076769 0.028467 0.534444 0.077061 0.028569 0.534434 0.077357 0.028630 0.534444 0.077658 0.028650 0.534474 0.077966 0.028629 0.534523 0.078270 0.028566 0.534591 0.078558 0.028463 0.534672 0.078823 0.028326 0.534764 0.079058 0.028163 0.534984 0.079461 0.027749 0.535236 0.079744 0.027246 0.535493 0.079888 0.026711 0.535751 0.079896 0.026151 0.536000 0.079758 0.025589 0.536000 0.079509 0.025119 0.536000 0.079156 0.024721 0.536000 0.078720 0.024416 0.536000 0.078224 0.024223 0.536000 0.077697 0.024151 0.536000 0.077168 0.024205 0.536000 0.076666 0.024382 0.536000 0.076220 0.024672 0.533500 0.077648 0.024151 0.533500 0.078230 0.024224 0.533500 0.078774 0.024446 0.533500 0.079242 0.024801 0.533500 0.079602 0.025265 0.533500 0.079830 0.025807 0.533500 0.079910 0.026389 0.533500 0.079836 0.026971 0.533500 0.079614 0.027515 0.533500 0.079259 0.027983 0.533500 0.078795 0.028343 0.533500 0.078254 0.028571 0.533500 0.077672 0.028651 0.533500 0.077089 0.028577 0.533500 0.076545 0.028355 0.533500 0.076077 0.028000 0.533500 0.075717 0.027536 0.533500 0.075490 0.026995 0.533500 0.075410 0.026413 0.533500 0.075483 0.025830 0.533500 0.075705 0.025286 0.533500 0.076060 0.024818 0.533500 0.076524 0.024458 0.533500 0.077066 0.024230 0.536000 0.079301 0.025518 0.536000 0.078843 0.025449 0.536000 0.076773 0.025168 0.536000 0.076314 0.025112 0.533500 0.073660 0.026422 0.533500 0.073771 0.025464 0.533500 0.074108 0.024561 0.533500 0.074651 0.023764 0.533500 0.075370 0.023121 0.533500 0.076221 0.022668 0.533500 0.077156 0.022432 0.533500 0.078121 0.022427 0.533500 0.079058 0.022653 0.533500 0.079914 0.023096 0.533500 0.080639 0.023732 0.533500 0.081192 0.024523 0.533500 0.081538 0.025422 0.533500 0.081660 0.026379 0.533500 0.079031 0.030902 0.533500 0.076361 0.030519 0.536000 0.136666 0.027169 0.536000 0.136946 0.027000 0.536000 0.137259 0.026910 0.536000 0.137586 0.026904 0.536000 0.137902 0.026982 0.536000 0.138188 0.027140 0.536000 0.138423 0.027367 0.536000 0.138591 0.027646 0.536000 0.138682 0.027960 0.536000 0.138688 0.028286 0.536000 0.138609 0.028603 0.536000 0.138451 0.028888 0.536000 0.138225 0.029123 0.536000 0.137945 0.029292 0.536000 0.137632 0.029382 0.536000 0.137306 0.029388 0.536000 0.136989 0.029310 0.536000 0.136703 0.029152 0.536000 0.136468 0.028925 0.536000 0.136300 0.028646 0.536000 0.136210 0.028332 0.536000 0.136203 0.028006 0.536000 0.136282 0.027689 0.536000 0.136440 0.027404 0.533500 0.136666 0.027169 0.533500 0.136440 0.027404 0.533500 0.136282 0.027689 0.533500 0.136203 0.028006 0.533500 0.136210 0.028332 0.533500 0.136300 0.028646 0.533500 0.136468 0.028925 0.533500 0.136703 0.029152 0.533500 0.136989 0.029310 0.533500 0.137306 0.029388 0.533500 0.137632 0.029382 0.533500 0.137945 0.029292 0.533500 0.138225 0.029123 0.533500 0.138451 0.028888 0.533500 0.138609 0.028603 0.533500 0.138688 0.028286 0.533500 0.138682 0.027960 0.533500 0.138591 0.027646 0.533500 0.138423 0.027367 0.533500 0.138188 0.027140 0.533500 0.137902 0.026982 0.533500 0.137586 0.026904 0.533500 0.137259 0.026910 0.533500 0.136946 0.027000 0.536000 0.136043 0.026387 0.536000 0.135635 0.026810 0.536000 0.135351 0.027324 0.536000 0.135210 0.027894 0.536000 0.135221 0.028481 0.536000 0.135383 0.029046 0.536000 0.135687 0.029549 0.536000 0.136110 0.029956 0.536000 0.136624 0.030240 0.536000 0.137194 0.030382 0.536000 0.137781 0.030371 0.536000 0.138345 0.030208 0.536000 0.138848 0.029905 0.536000 0.139256 0.029482 0.536000 0.139540 0.028968 0.536000 0.139681 0.028398 0.536000 0.139671 0.027811 0.536000 0.139508 0.027246 0.536000 0.139205 0.026743 0.536000 0.138782 0.026336 0.536000 0.138268 0.026051 0.536000 0.137698 0.025910 0.536000 0.137110 0.025921 0.536000 0.136546 0.026084 0.533500 0.136043 0.026387 0.533500 0.136546 0.026084 0.533500 0.137110 0.025921 0.533500 0.137698 0.025910 0.533500 0.138268 0.026051 0.533500 0.138782 0.026336 0.533500 0.139205 0.026743 0.533500 0.139508 0.027246 0.533500 0.139671 0.027811 0.533500 0.139681 0.028398 0.533500 0.139540 0.028968 0.533500 0.139256 0.029482 0.533500 0.138848 0.029905 0.533500 0.138345 0.030208 0.533500 0.137781 0.030371 0.533500 0.137194 0.030382 0.533500 0.136624 0.030240 0.533500 0.136110 0.029956 0.533500 0.135687 0.029549 0.533500 0.135383 0.029046 0.533500 0.135221 0.028481 0.533500 0.135210 0.027894 0.533500 0.135351 0.027324 0.533500 0.135635 0.026810 0.533500 0.142942 0.028623 0.533500 0.140970 0.030423 0.533500 0.138882 0.032088 0.533500 0.136687 0.033610 0.533500 0.134318 0.030640 0.533500 0.133812 0.029819 0.533500 0.133518 0.028901 0.533500 0.133451 0.027939 0.533500 0.133617 0.026989 0.533500 0.134005 0.026106 0.533500 0.134593 0.025342 0.533500 0.135347 0.024741 0.533500 0.136223 0.024337 0.533500 0.137170 0.024155 0.533500 0.138133 0.024205 0.533500 0.139056 0.024484 0.533500 0.139885 0.024976 0.533500 0.140573 0.025652 0.535262 0.140573 0.025652 0.534405 0.141726 0.027097 0.535262 0.134318 0.030640 0.535603 0.133917 0.030028 0.535952 0.133625 0.029328 0.536290 0.133468 0.028566 0.536595 0.133462 0.027788 0.536850 0.133604 0.027034 0.537055 0.133907 0.026282 0.537186 0.134370 0.025591 0.537230 0.134952 0.025019 0.537186 0.135639 0.024578 0.537055 0.136416 0.024281 0.536850 0.137216 0.024153 0.536595 0.137983 0.024183 0.536290 0.138740 0.024362 0.535952 0.139448 0.024684 0.535603 0.140066 0.025124 0.534405 0.135471 0.032085 0.533500 0.134021 0.035188 0.533500 0.131240 0.036555 0.533500 0.128362 0.037702 0.533500 0.125404 0.038623 0.533500 0.122384 0.039313 0.533500 0.119319 0.039766 0.533500 0.116228 0.039981 0.533500 0.113130 0.039956 0.533500 0.110043 0.039692 0.534405 0.110478 0.037790 0.535262 0.110889 0.035987 0.535603 0.110985 0.035262 0.535952 0.110944 0.034505 0.536290 0.110755 0.033750 0.536595 0.110423 0.033047 0.536850 0.109968 0.032429 0.537055 0.109369 0.031882 0.537186 0.108652 0.031460 0.537230 0.107879 0.031198 0.537186 0.107069 0.031099 0.537055 0.106240 0.031168 0.536850 0.105463 0.031401 0.536595 0.104785 0.031760 0.536290 0.104181 0.032250 0.535952 0.103683 0.032847 0.535603 0.103317 0.033512 0.535262 0.103090 0.034207 0.534405 0.102678 0.036010 0.533500 0.102244 0.037912 0.533500 0.101220 0.037552 0.533500 0.100207 0.037164 0.540000 0.107121 0.024841 0.540000 0.109611 0.025497 0.540000 0.112153 0.025905 0.540000 0.114723 0.026059 0.540000 0.117296 0.025959 0.540000 0.119847 0.025606 0.540000 0.122350 0.025003 0.540000 0.124781 0.024156 0.540000 0.127117 0.023073 0.540000 0.129335 0.021764 0.540000 0.131412 0.020244 0.540000 0.133330 0.018525 0.540000 0.135068 0.016626 0.540000 0.136611 0.014565 0.540000 0.137943 0.012361 0.540000 0.139050 0.010037 0.540000 0.139923 0.007615 0.540000 0.140553 0.005118 0.540000 0.140934 0.002572 0.540000 0.141061 0.000000 0.540000 0.140934 -0.002572 0.540000 0.140553 -0.005118 0.540000 0.139923 -0.007615 0.540000 0.139050 -0.010037 0.540000 0.137943 -0.012361 0.540000 0.136611 -0.014565 0.540000 0.135068 -0.016626 0.540000 0.133330 -0.018525 0.540000 0.131412 -0.020244 0.540000 0.129335 -0.021764 0.540000 0.127117 -0.023073 0.540000 0.124781 -0.024156 0.540000 0.122350 -0.025003 0.540000 0.119847 -0.025606 0.540000 0.117296 -0.025959 0.540000 0.114723 -0.026059 0.540000 0.112153 -0.025905 0.540000 0.109611 -0.025497 0.540000 0.107121 -0.024841 0.540000 0.104709 -0.023943 0.533500 0.099204 -0.036749 0.533500 0.100207 -0.037164 0.533500 0.101220 -0.037552 0.533500 0.102244 -0.037912 0.534405 0.102678 -0.036010 0.535262 0.103090 -0.034207 0.535603 0.103317 -0.033512 0.535952 0.103683 -0.032847 0.536290 0.104181 -0.032250 0.536595 0.104785 -0.031760 0.536850 0.105463 -0.031401 0.537055 0.106240 -0.031168 0.537186 0.107069 -0.031099 0.537230 0.107879 -0.031198 0.537186 0.108652 -0.031460 0.537055 0.109369 -0.031882 0.536850 0.109968 -0.032429 0.536595 0.110423 -0.033047 0.536290 0.110755 -0.033750 0.535952 0.110944 -0.034505 0.535603 0.110985 -0.035262 0.535262 0.110889 -0.035987 0.534405 0.110478 -0.037790 0.533500 0.110043 -0.039692 0.533500 0.113130 -0.039956 0.533500 0.116228 -0.039981 0.533500 0.119319 -0.039766 0.533500 0.122384 -0.039313 0.533500 0.125404 -0.038623 0.533500 0.128362 -0.037702 0.533500 0.131240 -0.036555 0.533500 0.134021 -0.035188 0.533500 0.136687 -0.033610 0.534405 0.135471 -0.032085 0.535262 0.134318 -0.030640 0.535603 0.133917 -0.030028 0.535952 0.133625 -0.029328 0.536290 0.133468 -0.028566 0.536595 0.133462 -0.027788 0.536850 0.133604 -0.027034 0.537055 0.133907 -0.026282 0.537186 0.134370 -0.025591 0.537230 0.134952 -0.025019 0.537186 0.135639 -0.024578 0.537055 0.136416 -0.024281 0.536850 0.137216 -0.024153 0.536595 0.137983 -0.024183 0.536290 0.138740 -0.024362 0.535952 0.139448 -0.024684 0.535603 0.140066 -0.025124 0.535262 0.140573 -0.025652 0.534405 0.141726 -0.027097 0.533500 0.142942 -0.028623 0.533500 0.145073 -0.026374 0.533500 0.147024 -0.023967 0.533500 0.148783 -0.021417 0.533500 0.150340 -0.018738 0.533500 0.151684 -0.015947 0.533500 0.152808 -0.013060 0.533500 0.153705 -0.010094 0.533500 0.154371 -0.007068 0.533500 0.154800 -0.004000 0.534405 0.152849 -0.004000 0.535262 0.151000 -0.004000 0.535603 0.150271 -0.003933 0.535952 0.149542 -0.003724 0.536290 0.148848 -0.003371 0.536595 0.148237 -0.002891 0.536850 0.147735 -0.002310 0.537055 0.147336 -0.001604 0.537186 0.147084 -0.000812 0.537230 0.147000 0.000000 0.537186 0.147084 0.000812 0.537055 0.147336 0.001604 0.536850 0.147735 0.002310 0.536595 0.148237 0.002891 0.536290 0.148848 0.003371 0.535952 0.149542 0.003724 0.535603 0.150271 0.003933 0.535262 0.151000 0.004000 0.534405 0.152849 0.004000 0.533500 0.154800 0.004000 0.533500 0.154371 0.007068 0.533500 0.153705 0.010094 0.533500 0.152808 0.013060 0.533500 0.151684 0.015947 0.533500 0.150340 0.018738 0.533500 0.148783 0.021417 0.533500 0.147024 0.023967 0.533500 0.145073 0.026374 0.536000 0.107267 0.033879 0.536000 0.107573 0.033992 0.536000 0.107839 0.034181 0.536000 0.108048 0.034432 0.536000 0.108184 0.034729 0.536000 0.108238 0.035051 0.536000 0.108208 0.035376 0.536000 0.108094 0.035681 0.536000 0.107906 0.035948 0.536000 0.107654 0.036156 0.536000 0.107358 0.036292 0.536000 0.107036 0.036347 0.536000 0.106711 0.036316 0.536000 0.106405 0.036203 0.536000 0.106139 0.036014 0.536000 0.105931 0.035762 0.536000 0.105795 0.035466 0.536000 0.105740 0.035144 0.536000 0.105771 0.034819 0.536000 0.105884 0.034513 0.536000 0.106073 0.034247 0.536000 0.106324 0.034039 0.536000 0.106621 0.033903 0.536000 0.106943 0.033848 0.533500 0.107267 0.033879 0.533500 0.106943 0.033848 0.533500 0.106621 0.033903 0.533500 0.106324 0.034039 0.533500 0.106073 0.034247 0.533500 0.105884 0.034513 0.533500 0.105771 0.034819 0.533500 0.105740 0.035144 0.533500 0.105795 0.035466 0.533500 0.105931 0.035762 0.533500 0.106139 0.036014 0.533500 0.106405 0.036203 0.533500 0.106711 0.036316 0.533500 0.107036 0.036347 0.533500 0.107358 0.036292 0.533500 0.107654 0.036156 0.533500 0.107906 0.035948 0.533500 0.108094 0.035681 0.533500 0.108208 0.035376 0.533500 0.108238 0.035051 0.533500 0.108184 0.034729 0.533500 0.108048 0.034432 0.533500 0.107839 0.034181 0.533500 0.107573 0.033992 0.536000 0.107490 0.032904 0.536000 0.106905 0.032849 0.536000 0.106326 0.032947 0.536000 0.105792 0.033192 0.536000 0.105340 0.033567 0.536000 0.105000 0.034046 0.536000 0.104796 0.034597 0.536000 0.104741 0.035182 0.536000 0.104839 0.035761 0.536000 0.105084 0.036294 0.536000 0.105459 0.036747 0.536000 0.105938 0.037087 0.536000 0.106489 0.037291 0.536000 0.107073 0.037346 0.536000 0.107652 0.037247 0.536000 0.108186 0.037003 0.536000 0.108639 0.036628 0.536000 0.108979 0.036149 0.536000 0.109183 0.035598 0.536000 0.109238 0.035013 0.536000 0.109139 0.034434 0.536000 0.108894 0.033900 0.536000 0.108520 0.033448 0.536000 0.108041 0.033108 0.533500 0.107490 0.032904 0.533500 0.108041 0.033108 0.533500 0.108520 0.033448 0.533500 0.108894 0.033900 0.533500 0.109139 0.034434 0.533500 0.109238 0.035013 0.533500 0.109183 0.035598 0.533500 0.108979 0.036149 0.533500 0.108639 0.036628 0.533500 0.108186 0.037003 0.533500 0.107652 0.037247 0.533500 0.107073 0.037346 0.533500 0.106489 0.037291 0.533500 0.105938 0.037087 0.533500 0.105459 0.036747 0.533500 0.105084 0.036294 0.533500 0.104839 0.035761 0.533500 0.104741 0.035182 0.533500 0.104796 0.034597 0.533500 0.105000 0.034046 0.533500 0.105340 0.033567 0.533500 0.105792 0.033192 0.533500 0.106326 0.032947 0.533500 0.106905 0.032849 0.533500 0.107406 0.039273 0.533500 0.104802 0.038678 0.533500 0.103090 0.034207 0.533500 0.103416 0.033300 0.533500 0.103950 0.032497 0.533500 0.104660 0.031845 0.533500 0.105506 0.031382 0.533500 0.106439 0.031135 0.533500 0.107403 0.031119 0.533500 0.108343 0.031333 0.533500 0.109204 0.031767 0.533500 0.109937 0.032394 0.533500 0.110498 0.033178 0.533500 0.110856 0.034073 0.533500 0.110989 0.035028 0.533500 0.110889 0.035987 0.536000 0.107267 -0.033879 0.536000 0.106943 -0.033848 0.536000 0.106621 -0.033903 0.536000 0.106324 -0.034039 0.536000 0.106073 -0.034247 0.536000 0.105884 -0.034513 0.536000 0.105771 -0.034819 0.536000 0.105740 -0.035144 0.536000 0.105795 -0.035466 0.536000 0.105931 -0.035762 0.536000 0.106139 -0.036014 0.536000 0.106405 -0.036203 0.536000 0.106711 -0.036316 0.536000 0.107036 -0.036347 0.536000 0.107358 -0.036292 0.536000 0.107654 -0.036156 0.536000 0.107906 -0.035948 0.536000 0.108094 -0.035681 0.536000 0.108208 -0.035376 0.536000 0.108238 -0.035051 0.536000 0.108184 -0.034729 0.536000 0.108048 -0.034432 0.536000 0.107839 -0.034181 0.536000 0.107573 -0.033992 0.533500 0.107267 -0.033879 0.533500 0.107573 -0.033992 0.533500 0.107839 -0.034181 0.533500 0.108048 -0.034432 0.533500 0.108184 -0.034729 0.533500 0.108238 -0.035051 0.533500 0.108208 -0.035376 0.533500 0.108094 -0.035681 0.533500 0.107906 -0.035948 0.533500 0.107654 -0.036156 0.533500 0.107358 -0.036292 0.533500 0.107036 -0.036347 0.533500 0.106711 -0.036316 0.533500 0.106405 -0.036203 0.533500 0.106139 -0.036014 0.533500 0.105931 -0.035762 0.533500 0.105795 -0.035466 0.533500 0.105740 -0.035144 0.533500 0.105771 -0.034819 0.533500 0.105884 -0.034513 0.533500 0.106073 -0.034247 0.533500 0.106324 -0.034039 0.533500 0.106621 -0.033903 0.533500 0.106943 -0.033848 0.536000 0.107490 -0.032904 0.536000 0.108041 -0.033108 0.536000 0.108520 -0.033448 0.536000 0.108894 -0.033900 0.536000 0.109139 -0.034434 0.536000 0.109238 -0.035013 0.536000 0.109183 -0.035598 0.536000 0.108979 -0.036149 0.536000 0.108639 -0.036628 0.536000 0.108186 -0.037003 0.536000 0.107652 -0.037247 0.536000 0.107073 -0.037346 0.536000 0.106489 -0.037291 0.536000 0.105938 -0.037087 0.536000 0.105459 -0.036747 0.536000 0.105084 -0.036294 0.536000 0.104839 -0.035761 0.536000 0.104741 -0.035182 0.536000 0.104796 -0.034597 0.536000 0.105000 -0.034046 0.536000 0.105340 -0.033567 0.536000 0.105792 -0.033192 0.536000 0.106326 -0.032947 0.536000 0.106905 -0.032849 0.533500 0.107490 -0.032904 0.533500 0.106905 -0.032849 0.533500 0.106326 -0.032947 0.533500 0.105792 -0.033192 0.533500 0.105340 -0.033567 0.533500 0.105000 -0.034046 0.533500 0.104796 -0.034597 0.533500 0.104741 -0.035182 0.533500 0.104839 -0.035761 0.533500 0.105084 -0.036294 0.533500 0.105459 -0.036747 0.533500 0.105938 -0.037087 0.533500 0.106489 -0.037291 0.533500 0.107073 -0.037346 0.533500 0.107652 -0.037247 0.533500 0.108186 -0.037003 0.533500 0.108639 -0.036628 0.533500 0.108979 -0.036149 0.533500 0.109183 -0.035598 0.533500 0.109238 -0.035013 0.533500 0.109139 -0.034434 0.533500 0.108894 -0.033900 0.533500 0.108520 -0.033448 0.533500 0.108041 -0.033108 0.533500 0.104802 -0.038678 0.533500 0.107406 -0.039273 0.533500 0.110889 -0.035987 0.533500 0.110989 -0.035028 0.533500 0.110856 -0.034073 0.533500 0.110498 -0.033178 0.533500 0.109937 -0.032394 0.533500 0.109204 -0.031767 0.533500 0.108343 -0.031333 0.533500 0.107403 -0.031119 0.533500 0.106439 -0.031135 0.533500 0.105506 -0.031382 0.533500 0.104660 -0.031845 0.533500 0.103950 -0.032497 0.533500 0.103416 -0.033300 0.533500 0.103090 -0.034207 0.536000 0.136666 -0.027169 0.536000 0.136440 -0.027404 0.536000 0.136282 -0.027689 0.536000 0.136203 -0.028006 0.536000 0.136210 -0.028332 0.536000 0.136300 -0.028646 0.536000 0.136468 -0.028925 0.536000 0.136703 -0.029152 0.536000 0.136989 -0.029310 0.536000 0.137306 -0.029388 0.536000 0.137632 -0.029382 0.536000 0.137945 -0.029292 0.536000 0.138225 -0.029123 0.536000 0.138451 -0.028888 0.536000 0.138609 -0.028603 0.536000 0.138688 -0.028286 0.536000 0.138682 -0.027960 0.536000 0.138591 -0.027646 0.536000 0.138423 -0.027367 0.536000 0.138188 -0.027140 0.536000 0.137902 -0.026982 0.536000 0.137586 -0.026904 0.536000 0.137259 -0.026910 0.536000 0.136946 -0.027000 0.533500 0.136666 -0.027169 0.533500 0.136946 -0.027000 0.533500 0.137259 -0.026910 0.533500 0.137586 -0.026904 0.533500 0.137902 -0.026982 0.533500 0.138188 -0.027140 0.533500 0.138423 -0.027367 0.533500 0.138591 -0.027646 0.533500 0.138682 -0.027960 0.533500 0.138688 -0.028286 0.533500 0.138609 -0.028603 0.533500 0.138451 -0.028888 0.533500 0.138225 -0.029123 0.533500 0.137945 -0.029292 0.533500 0.137632 -0.029382 0.533500 0.137306 -0.029388 0.533500 0.136989 -0.029310 0.533500 0.136703 -0.029152 0.533500 0.136468 -0.028925 0.533500 0.136300 -0.028646 0.533500 0.136210 -0.028332 0.533500 0.136203 -0.028006 0.533500 0.136282 -0.027689 0.533500 0.136440 -0.027404 0.536000 0.136043 -0.026387 0.536000 0.136546 -0.026084 0.536000 0.137110 -0.025921 0.536000 0.137698 -0.025910 0.536000 0.138268 -0.026051 0.536000 0.138782 -0.026336 0.536000 0.139205 -0.026743 0.536000 0.139508 -0.027246 0.536000 0.139671 -0.027811 0.536000 0.139681 -0.028398 0.536000 0.139540 -0.028968 0.536000 0.139256 -0.029482 0.536000 0.138848 -0.029905 0.536000 0.138345 -0.030208 0.536000 0.137781 -0.030371 0.536000 0.137194 -0.030382 0.536000 0.136624 -0.030240 0.536000 0.136110 -0.029956 0.536000 0.135687 -0.029549 0.536000 0.135383 -0.029046 0.536000 0.135221 -0.028481 0.536000 0.135210 -0.027894 0.536000 0.135351 -0.027324 0.536000 0.135635 -0.026810 0.533500 0.136043 -0.026387 0.533500 0.135635 -0.026810 0.533500 0.135351 -0.027324 0.533500 0.135210 -0.027894 0.533500 0.135221 -0.028481 0.533500 0.135383 -0.029046 0.533500 0.135687 -0.029549 0.533500 0.136110 -0.029956 0.533500 0.136624 -0.030240 0.533500 0.137194 -0.030382 0.533500 0.137781 -0.030371 0.533500 0.138345 -0.030208 0.533500 0.138848 -0.029905 0.533500 0.139256 -0.029482 0.533500 0.139540 -0.028968 0.533500 0.139681 -0.028398 0.533500 0.139671 -0.027811 0.533500 0.139508 -0.027246 0.533500 0.139205 -0.026743 0.533500 0.138782 -0.026336 0.533500 0.138268 -0.026051 0.533500 0.137698 -0.025910 0.533500 0.137110 -0.025921 0.533500 0.136546 -0.026084 0.533500 0.138882 -0.032088 0.533500 0.140970 -0.030423 0.533500 0.140573 -0.025652 0.533500 0.139885 -0.024976 0.533500 0.139056 -0.024484 0.533500 0.138133 -0.024205 0.533500 0.137170 -0.024155 0.533500 0.136223 -0.024337 0.533500 0.135347 -0.024741 0.533500 0.134593 -0.025342 0.533500 0.134005 -0.026106 0.533500 0.133617 -0.026989 0.533500 0.133451 -0.027939 0.533500 0.133518 -0.028901 0.533500 0.133812 -0.029819 0.533500 0.134318 -0.030640 0.536000 0.149750 0.000000 0.536000 0.149793 -0.000324 0.536000 0.149917 -0.000625 0.536000 0.150116 -0.000884 0.536000 0.150375 -0.001083 0.536000 0.150676 -0.001207 0.536000 0.151000 -0.001250 0.536000 0.151324 -0.001207 0.536000 0.151625 -0.001083 0.536000 0.151884 -0.000884 0.536000 0.152083 -0.000625 0.536000 0.152207 -0.000324 0.536000 0.152250 0.000000 0.536000 0.152207 0.000324 0.536000 0.152083 0.000625 0.536000 0.151884 0.000884 0.536000 0.151625 0.001083 0.536000 0.151324 0.001207 0.536000 0.151000 0.001250 0.536000 0.150676 0.001207 0.536000 0.150375 0.001083 0.536000 0.150116 0.000884 0.536000 0.149917 0.000625 0.536000 0.149793 0.000324 0.533500 0.149750 0.000000 0.533500 0.149793 0.000324 0.533500 0.149917 0.000625 0.533500 0.150116 0.000884 0.533500 0.150375 0.001083 0.533500 0.150676 0.001207 0.533500 0.151000 0.001250 0.533500 0.151324 0.001207 0.533500 0.151625 0.001083 0.533500 0.151884 0.000884 0.533500 0.152083 0.000625 0.533500 0.152207 0.000324 0.533500 0.152250 0.000000 0.533500 0.152207 -0.000324 0.533500 0.152083 -0.000625 0.533500 0.151884 -0.000884 0.533500 0.151625 -0.001083 0.533500 0.151324 -0.001207 0.533500 0.151000 -0.001250 0.533500 0.150676 -0.001207 0.533500 0.150375 -0.001083 0.533500 0.150116 -0.000884 0.533500 0.149917 -0.000625 0.533500 0.149793 -0.000324 0.536000 0.148750 0.000000 0.536000 0.148827 0.000582 0.536000 0.149051 0.001125 0.536000 0.149409 0.001591 0.536000 0.149875 0.001949 0.536000 0.150418 0.002173 0.536000 0.151000 0.002250 0.536000 0.151582 0.002173 0.536000 0.152125 0.001949 0.536000 0.152591 0.001591 0.536000 0.152949 0.001125 0.536000 0.153173 0.000582 0.536000 0.153250 0.000000 0.536000 0.153173 -0.000582 0.536000 0.152949 -0.001125 0.536000 0.152591 -0.001591 0.536000 0.152125 -0.001949 0.536000 0.151582 -0.002173 0.536000 0.151000 -0.002250 0.536000 0.150418 -0.002173 0.536000 0.149875 -0.001949 0.536000 0.149409 -0.001591 0.536000 0.149051 -0.001125 0.536000 0.148827 -0.000582 0.533500 0.148750 0.000000 0.533500 0.148827 -0.000582 0.533500 0.149051 -0.001125 0.533500 0.149409 -0.001591 0.533500 0.149875 -0.001949 0.533500 0.150418 -0.002173 0.533500 0.151000 -0.002250 0.533500 0.151582 -0.002173 0.533500 0.152125 -0.001949 0.533500 0.152591 -0.001591 0.533500 0.152949 -0.001125 0.533500 0.153173 -0.000582 0.533500 0.153250 0.000000 0.533500 0.153173 0.000582 0.533500 0.152949 0.001125 0.533500 0.152591 0.001591 0.533500 0.152125 0.001949 0.533500 0.151582 0.002173 0.533500 0.151000 0.002250 0.533500 0.150418 0.002173 0.533500 0.149875 0.001949 0.533500 0.149409 0.001591 0.533500 0.149051 0.001125 0.533500 0.148827 0.000582 0.533500 0.154978 -0.001335 0.533500 0.154978 0.001335 0.533500 0.151000 0.004000 0.533500 0.150043 0.003884 0.533500 0.149141 0.003542 0.533500 0.148348 0.002994 0.533500 0.147708 0.002272 0.533500 0.147260 0.001418 0.533500 0.147029 0.000482 0.533500 0.147029 -0.000482 0.533500 0.147260 -0.001418 0.533500 0.147708 -0.002272 0.533500 0.148348 -0.002994 0.533500 0.149141 -0.003542 0.533500 0.150043 -0.003884 0.533500 0.151000 -0.004000 0.533500 0.056418 -0.030342 0.533500 0.060725 -0.029982 0.533500 0.065046 -0.029842 0.533500 0.069368 -0.029922 0.533500 0.086169 -0.032357 0.533500 0.090591 -0.033586 0.533500 0.094940 -0.035051 0.540000 0.099966 -0.022048 0.540000 0.095133 -0.020400 0.540000 0.090221 -0.019004 0.540000 0.085243 -0.017863 0.540000 0.080214 -0.016981 0.540000 0.075145 -0.016359 0.540000 0.070051 -0.015999 0.540000 0.064946 -0.015903 0.540000 0.059842 -0.016071 0.540000 0.054753 -0.016501 0.540000 0.049694 -0.017194 0.540000 0.044677 -0.018147 0.540000 0.039716 -0.019357 0.540000 0.034824 -0.020821 0.533500 0.039165 -0.034067 0.533500 0.040839 -0.033538 0.533500 0.042524 -0.033043 0.533500 0.025670 -0.035775 0.533500 0.028406 -0.035848 0.533500 0.031139 -0.035713 0.533500 0.033853 -0.035369 0.533500 0.036534 -0.034820 0.540000 0.032579 -0.021427 0.540000 0.030284 -0.021792 0.540000 0.027962 -0.021911 0.540000 0.025641 -0.021784 0.540000 0.023346 -0.021411 0.540000 0.021104 -0.020798 0.540000 0.018939 -0.019950 0.539301 0.017439 -0.020894 0.538569 0.015870 -0.021837 0.537805 0.014232 -0.022781 0.537009 0.012524 -0.023725 0.536180 0.010747 -0.024669 0.535319 0.008901 -0.025612 0.534426 0.006985 -0.026556 0.533500 0.005000 -0.027500 0.533500 0.007356 -0.029310 0.533500 0.009853 -0.030918 0.533500 0.012475 -0.032314 0.528500 0.005000 0.027500 0.528500 0.007401 0.029342 0.528500 0.009949 0.030974 0.528500 0.012626 0.032386 0.528500 0.015412 0.033568 0.528500 0.018287 0.034510 0.528500 0.021232 0.035206 0.528500 0.024226 0.035651 0.528500 0.027246 0.035842 0.528500 0.030271 0.035778 0.528500 0.033280 0.035459 0.528500 0.036252 0.034888 0.528500 0.039165 0.034067 0.528500 0.043694 0.032721 0.528500 0.048290 0.031629 0.528500 0.052940 0.030794 0.528500 0.057630 0.030218 0.528500 0.062344 0.029904 0.528500 0.067068 0.029852 0.528500 0.071788 0.030063 0.528500 0.076489 0.030536 0.528500 0.081156 0.031269 0.528500 0.085775 0.032260 0.528500 0.090332 0.033507 0.528500 0.094813 0.035004 0.528500 0.099204 0.036749 0.528500 0.102217 0.037902 0.528500 0.105313 0.038809 0.528500 0.108473 0.039464 0.528500 0.111675 0.039862 0.528500 0.114898 0.040000 0.528500 0.118122 0.039878 0.528500 0.121326 0.039497 0.528500 0.124489 0.038858 0.528500 0.127590 0.037967 0.528500 0.130609 0.036829 0.528500 0.133527 0.035451 0.528500 0.136323 0.033842 0.528500 0.138982 0.032014 0.528500 0.141484 0.029977 0.528500 0.143814 0.027745 0.528500 0.145956 0.025332 0.528500 0.147897 0.022755 0.528500 0.149624 0.020029 0.528500 0.151126 0.017174 0.528500 0.152392 0.014206 0.528500 0.153416 0.011146 0.528500 0.154189 0.008014 0.528500 0.154707 0.004829 0.528500 0.154967 0.001613 0.528500 0.154967 -0.001613 0.528500 0.154707 -0.004829 0.528500 0.154189 -0.008014 0.528500 0.153416 -0.011146 0.528500 0.152392 -0.014206 0.528500 0.151126 -0.017174 0.528500 0.149624 -0.020029 0.528500 0.147897 -0.022755 0.528500 0.145956 -0.025332 0.528500 0.143814 -0.027745 0.528500 0.141484 -0.029977 0.528500 0.138982 -0.032014 0.528500 0.136323 -0.033842 0.528500 0.133527 -0.035451 0.528500 0.130609 -0.036829 0.528500 0.127590 -0.037967 0.528500 0.124489 -0.038858 0.528500 0.121326 -0.039497 0.528500 0.118122 -0.039878 0.528500 0.114898 -0.040000 0.528500 0.111675 -0.039862 0.528500 0.108473 -0.039464 0.528500 0.105313 -0.038809 0.528500 0.102217 -0.037902 0.528500 0.099204 -0.036749 0.528500 0.094813 -0.035004 0.528500 0.090332 -0.033507 0.528500 0.085775 -0.032260 0.528500 0.081156 -0.031269 0.528500 0.076489 -0.030536 0.528500 0.071788 -0.030063 0.528500 0.067068 -0.029852 0.528500 0.062344 -0.029904 0.528500 0.057630 -0.030218 0.528500 0.052940 -0.030794 0.528500 0.048290 -0.031629 0.528500 0.043694 -0.032721 0.528500 0.039165 -0.034067 0.528500 0.036252 -0.034888 0.528500 0.033280 -0.035459 0.528500 0.030271 -0.035778 0.528500 0.027246 -0.035842 0.528500 0.024226 -0.035651 0.528500 0.021232 -0.035206 0.528500 0.018287 -0.034510 0.528500 0.015412 -0.033568 0.528500 0.012626 -0.032386 0.528500 0.009949 -0.030974 0.528500 0.007401 -0.029342 0.528500 0.005000 -0.027500 0.528500 0.100191 0.034452 0.528500 0.095997 0.032776 0.528500 0.091723 0.031319 0.528500 0.087379 0.030084 0.528500 0.082977 0.029076 0.528500 0.078528 0.028295 0.528500 0.074046 0.027745 0.528500 0.069541 0.027427 0.528500 0.065025 0.027342 0.528500 0.060512 0.027490 0.528500 0.056012 0.027871 0.528500 0.051537 0.028484 0.528500 0.047100 0.029326 0.528500 0.042713 0.030397 0.528500 0.038386 0.031692 0.528500 0.035529 0.032489 0.528500 0.032613 0.033030 0.528500 0.029660 0.033309 0.528500 0.026693 0.033325 0.528500 0.023738 0.033077 0.528500 0.020815 0.032567 0.528500 0.017950 0.031800 0.528500 0.015164 0.030781 0.528500 0.012480 0.029519 0.528500 0.009918 0.028023 0.528500 0.007500 0.026306 0.528500 0.007500 -0.026306 0.528500 0.009918 -0.028023 0.528500 0.012480 -0.029519 0.528500 0.015164 -0.030781 0.528500 0.017950 -0.031800 0.528500 0.020815 -0.032567 0.528500 0.023738 -0.033077 0.528500 0.026693 -0.033325 0.528500 0.029660 -0.033309 0.528500 0.032613 -0.033030 0.528500 0.035529 -0.032489 0.528500 0.038386 -0.031692 0.528500 0.042713 -0.030397 0.528500 0.047100 -0.029326 0.528500 0.051537 -0.028484 0.528500 0.056012 -0.027871 0.528500 0.060512 -0.027490 0.528500 0.065025 -0.027342 0.528500 0.069541 -0.027427 0.528500 0.074046 -0.027745 0.528500 0.078528 -0.028295 0.528500 0.082977 -0.029076 0.528500 0.087379 -0.030084 0.528500 0.091723 -0.031319 0.528500 0.095997 -0.032776 0.528500 0.100191 -0.034452 0.528500 0.103076 -0.035554 0.528500 0.106041 -0.036414 0.528500 0.109067 -0.037028 0.528500 0.112134 -0.037390 0.528500 0.115220 -0.037499 0.528500 0.118304 -0.037354 0.528500 0.121366 -0.036956 0.528500 0.124385 -0.036307 0.528500 0.127340 -0.035411 0.528500 0.130212 -0.034276 0.528500 0.132980 -0.032908 0.528500 0.135627 -0.031318 0.528500 0.138133 -0.029514 0.528500 0.140483 -0.027511 0.528500 0.142660 -0.025321 0.528500 0.144650 -0.022960 0.528500 0.146438 -0.020443 0.528500 0.148013 -0.017787 0.528500 0.149365 -0.015011 0.528500 0.150483 -0.012132 0.528500 0.151361 -0.009172 0.528500 0.151992 -0.006149 0.528500 0.152373 -0.003085 0.528500 0.152500 0.000000 0.528500 0.152373 0.003085 0.528500 0.151992 0.006149 0.528500 0.151361 0.009172 0.528500 0.150483 0.012132 0.528500 0.149365 0.015011 0.528500 0.148013 0.017787 0.528500 0.146438 0.020443 0.528500 0.144650 0.022960 0.528500 0.142660 0.025321 0.528500 0.140483 0.027511 0.528500 0.138133 0.029514 0.528500 0.135627 0.031318 0.528500 0.132980 0.032908 0.528500 0.130212 0.034276 0.528500 0.127340 0.035411 0.528500 0.124385 0.036307 0.528500 0.121366 0.036956 0.528500 0.118304 0.037354 0.528500 0.115220 0.037499 0.528500 0.112134 0.037390 0.528500 0.109067 0.037028 0.528500 0.106041 0.036414 0.528500 0.103076 0.035554 0.527500 0.100191 0.034452 0.527500 0.095997 0.032776 0.527500 0.091723 0.031319 0.527500 0.087379 0.030084 0.527500 0.082977 0.029076 0.527500 0.078528 0.028295 0.527500 0.074046 0.027745 0.527500 0.069541 0.027427 0.527500 0.065025 0.027342 0.527500 0.060512 0.027490 0.527500 0.056012 0.027871 0.527500 0.051537 0.028484 0.527500 0.047100 0.029326 0.527500 0.042713 0.030397 0.527500 0.038386 0.031692 0.527500 0.100191 -0.034452 0.527500 0.103076 -0.035554 0.527500 0.106041 -0.036414 0.527500 0.109067 -0.037028 0.527500 0.112134 -0.037390 0.527500 0.115220 -0.037499 0.527500 0.118304 -0.037354 0.527500 0.121366 -0.036956 0.527500 0.124385 -0.036307 0.527500 0.127340 -0.035411 0.527500 0.130212 -0.034276 0.527500 0.132980 -0.032908 0.527500 0.135627 -0.031318 0.527500 0.138133 -0.029514 0.527500 0.140483 -0.027511 0.527500 0.142660 -0.025321 0.527500 0.144650 -0.022960 0.527500 0.146438 -0.020443 0.527500 0.148013 -0.017787 0.527500 0.149365 -0.015011 0.527500 0.150483 -0.012132 0.527500 0.151361 -0.009172 0.527500 0.151992 -0.006149 0.527500 0.152373 -0.003085 0.527500 0.152500 0.000000 0.527500 0.152373 0.003085 0.527500 0.151992 0.006149 0.527500 0.151361 0.009172 0.527500 0.150483 0.012132 0.527500 0.149365 0.015011 0.527500 0.148013 0.017787 0.527500 0.146438 0.020443 0.527500 0.144650 0.022960 0.527500 0.142660 0.025321 0.527500 0.140483 0.027511 0.527500 0.138133 0.029514 0.527500 0.135627 0.031318 0.527500 0.132980 0.032908 0.527500 0.130212 0.034276 0.527500 0.127340 0.035411 0.527500 0.124385 0.036307 0.527500 0.121366 0.036956 0.527500 0.118304 0.037354 0.527500 0.115220 0.037499 0.527500 0.112134 0.037390 0.527500 0.109067 0.037028 0.527500 0.106041 0.036414 0.527500 0.103076 0.035554 0.527500 0.038386 -0.031692 0.527500 0.042713 -0.030397 0.527500 0.047100 -0.029326 0.527500 0.051537 -0.028484 0.527500 0.056012 -0.027871 0.527500 0.060512 -0.027490 0.527500 0.065025 -0.027342 0.527500 0.069541 -0.027427 0.527500 0.074046 -0.027745 0.527500 0.078528 -0.028295 0.527500 0.082977 -0.029076 0.527500 0.087379 -0.030084 0.527500 0.091723 -0.031319 0.527500 0.095997 -0.032776 0.527500 0.007500 -0.026306 0.527500 0.009918 -0.028023 0.527500 0.012480 -0.029519 0.527500 0.015164 -0.030781 0.527500 0.017950 -0.031800 0.527500 0.020815 -0.032567 0.527500 0.023738 -0.033077 0.527500 0.026693 -0.033325 0.527500 0.029660 -0.033309 0.527500 0.032613 -0.033030 0.527500 0.035529 -0.032489 0.527500 0.007500 0.026306 0.527500 0.035529 0.032489 0.527500 0.032613 0.033030 0.527500 0.029660 0.033309 0.527500 0.026693 0.033325 0.527500 0.023738 0.033077 0.527500 0.020815 0.032567 0.527500 0.017950 0.031800 0.527500 0.015164 0.030781 0.527500 0.012480 0.029519 0.527500 0.009918 0.028023 0.527500 0.005000 0.000000 0.527383 0.005000 -0.002537 0.527032 0.005000 -0.005053 0.526450 0.005000 -0.007526 0.525643 0.005000 -0.009934 0.524617 0.005000 -0.012258 0.523381 0.005000 -0.014477 0.521945 0.005000 -0.016572 0.520323 0.005000 -0.018527 0.518527 0.005000 -0.020323 0.516572 0.005000 -0.021945 0.514477 0.005000 -0.023381 0.512258 0.005000 -0.024617 0.509934 0.005000 -0.025643 0.507526 0.005000 -0.026450 0.505053 0.005000 -0.027032 0.502537 0.005000 -0.027383 0.502537 0.005000 0.027383 0.505053 0.005000 0.027032 0.507526 0.005000 0.026450 0.509934 0.005000 0.025643 0.512258 0.005000 0.024617 0.514477 0.005000 0.023381 0.516572 0.005000 0.021945 0.518527 0.005000 0.020323 0.520323 0.005000 0.018527 0.521945 0.005000 0.016572 0.523381 0.005000 0.014477 0.524617 0.005000 0.012258 0.525643 0.005000 0.009934 0.526450 0.005000 0.007526 0.527032 0.005000 0.005053 0.527383 0.005000 0.002537 0.527500 0.005000 0.027500 0.527500 0.099204 -0.036749 0.527500 0.094813 -0.035004 0.527500 0.090332 -0.033507 0.527500 0.085775 -0.032260 0.527500 0.081156 -0.031269 0.527500 0.076489 -0.030536 0.527500 0.071788 -0.030063 0.527500 0.067068 -0.029852 0.527500 0.062344 -0.029904 0.527500 0.057630 -0.030218 0.527500 0.052940 -0.030794 0.527500 0.048290 -0.031629 0.527500 0.043694 -0.032721 0.527500 0.099204 0.036749 0.527500 0.102217 0.037902 0.527500 0.105313 0.038809 0.527500 0.108473 0.039464 0.527500 0.111675 0.039862 0.527500 0.114898 0.040000 0.527500 0.118122 0.039878 0.527500 0.121326 0.039497 0.527500 0.124489 0.038858 0.527500 0.127590 0.037967 0.527500 0.130609 0.036829 0.527500 0.133527 0.035451 0.527500 0.136323 0.033842 0.527500 0.138982 0.032014 0.527500 0.141484 0.029977 0.527500 0.143814 0.027745 0.527500 0.145956 0.025332 0.527500 0.147897 0.022755 0.527500 0.149624 0.020029 0.527500 0.151126 0.017174 0.527500 0.152392 0.014206 0.527500 0.153416 0.011146 0.527500 0.154189 0.008014 0.527500 0.154707 0.004829 0.527500 0.154967 0.001613 0.527500 0.154967 -0.001613 0.527500 0.154707 -0.004829 0.527500 0.154189 -0.008014 0.527500 0.153416 -0.011146 0.527500 0.152392 -0.014206 0.527500 0.151126 -0.017174 0.527500 0.149624 -0.020029 0.527500 0.147897 -0.022755 0.527500 0.145956 -0.025332 0.527500 0.143814 -0.027745 0.527500 0.141484 -0.029977 0.527500 0.138982 -0.032014 0.527500 0.136323 -0.033842 0.527500 0.133527 -0.035451 0.527500 0.130609 -0.036829 0.527500 0.127590 -0.037967 0.527500 0.124489 -0.038858 0.527500 0.121326 -0.039497 0.527500 0.118122 -0.039878 0.527500 0.114898 -0.040000 0.527500 0.111675 -0.039862 0.527500 0.108473 -0.039464 0.527500 0.105313 -0.038809 0.527500 0.102217 -0.037902 0.527500 0.039165 0.034067 0.527500 0.043694 0.032721 0.527500 0.048290 0.031629 0.527500 0.052940 0.030794 0.527500 0.057630 0.030218 0.527500 0.062344 0.029904 0.527500 0.067068 0.029852 0.527500 0.071788 0.030063 0.527500 0.076489 0.030536 0.527500 0.081156 0.031269 0.527500 0.085775 0.032260 0.527500 0.090332 0.033507 0.527500 0.094813 0.035004 0.527500 0.007401 0.029342 0.527500 0.009949 0.030974 0.527500 0.012626 0.032386 0.527500 0.015412 0.033568 0.527500 0.018287 0.034510 0.527500 0.021232 0.035206 0.527500 0.024226 0.035651 0.527500 0.027246 0.035842 0.527500 0.030271 0.035778 0.527500 0.033280 0.035459 0.527500 0.036252 0.034888 0.472500 0.000000 0.000000 0.472628 0.000000 0.002654 0.473012 0.000000 0.005283 0.473648 0.000000 0.007864 0.474530 0.000000 0.010370 0.475650 0.000000 0.012780 0.476997 0.000000 0.015070 0.478559 0.000000 0.017220 0.480321 0.000000 0.019209 0.482267 0.000000 0.021019 0.484378 0.000000 0.022632 0.486635 0.000000 0.024034 0.489017 0.000000 0.025212 0.491502 0.000000 0.026154 0.494066 0.000000 0.026852 0.496685 0.000000 0.027299 0.499335 0.000000 0.027492 0.501992 0.000000 0.027428 0.504630 0.000000 0.027107 0.507224 0.000000 0.026534 0.509752 0.000000 0.025713 0.512188 0.000000 0.024652 0.514510 0.000000 0.023360 0.516697 0.000000 0.021851 0.518728 0.000000 0.020137 0.520584 0.000000 0.018236 0.522248 0.000000 0.016164 0.523704 0.000000 0.013941 0.524939 0.000000 0.011589 0.525941 0.000000 0.009127 0.526701 0.000000 0.006581 0.527211 0.000000 0.003973 0.527468 0.000000 0.001329 0.527468 0.000000 -0.001329 0.527211 0.000000 -0.003973 0.526701 0.000000 -0.006581 0.525941 0.000000 -0.009127 0.524939 0.000000 -0.011589 0.523704 0.000000 -0.013941 0.522248 0.000000 -0.016164 0.520584 0.000000 -0.018236 0.518728 0.000000 -0.020137 0.516697 0.000000 -0.021851 0.514510 0.000000 -0.023360 0.512188 0.000000 -0.024652 0.509752 0.000000 -0.025713 0.507224 0.000000 -0.026534 0.504630 0.000000 -0.027107 0.501992 0.000000 -0.027428 0.499335 0.000000 -0.027492 0.496685 0.000000 -0.027299 0.494066 0.000000 -0.026852 0.491502 0.000000 -0.026154 0.489017 0.000000 -0.025212 0.486635 0.000000 -0.024034 0.484378 0.000000 -0.022632 0.482267 0.000000 -0.021019 0.480321 0.000000 -0.019209 0.478559 0.000000 -0.017220 0.476997 0.000000 -0.015070 0.475650 0.000000 -0.012780 0.474530 0.000000 -0.010370 0.473648 0.000000 -0.007864 0.473012 0.000000 -0.005283 0.472628 0.000000 -0.002654</float_array>
          <technique_common>
            <accessor source="#JAW_4-mesh-positions-array" count="3957" stride="3">
              <param name="X" type="float"/>
              <param name="Y" type="float"/>
              <param name="Z" type="float"/>
            </accessor>
          </technique_common>
        </source>
        <source id="JAW_4-mesh-normals">
          <float_array id="JAW_4-mesh-normals-array" count="24288">-0.000000 0.987050 0.160411 -0.000000 0.987050 0.160411 -0.000000 1.000000 0.000000 -0.000000 1.000000 0.000000 0.000000 0.987050 -0.160411 0.000000 0.987050 -0.160411 0.000000 0.948536 -0.316668 0.000000 0.948536 -0.316668 0.000000 0.885456 -0.464723 0.000000 0.885456 -0.464723 0.000000 0.799443 -0.600742 0.000000 0.799443 -0.600742 0.000000 0.692724 -0.721202 0.000000 0.692724 -0.721202 0.000000 0.568065 -0.822984 0.000000 0.568065 -0.822984 0.000000 0.428693 -0.903450 0.000000 0.428693 -0.903450 0.000000 0.278217 -0.960518 0.000000 0.278217 -0.960518 0.000000 0.120537 -0.992709 0.000000 0.120537 -0.992709 0.000000 -0.040266 -0.999189 0.000000 -0.040266 -0.999189 0.000000 -0.200026 -0.979791 0.000000 -0.200026 -0.979791 0.000000 -0.354605 -0.935016 0.000000 -0.354605 -0.935016 0.000000 -0.500000 -0.866025 0.000000 -0.500000 -0.866025 0.000000 -0.632445 -0.774605 0.000000 -0.632445 -0.774605 0.000000 -0.748511 -0.663123 0.000000 -0.748511 -0.663123 0.000000 -0.845190 -0.534466 0.000000 -0.845190 -0.534466 0.000000 -0.919979 -0.391967 0.000000 -0.919979 -0.391967 0.000000 -0.970942 -0.239316 0.000000 -0.970942 -0.239316 0.000000 -0.996757 -0.080467 0.000000 -0.996757 -0.080467 0.000000 -0.996757 0.080467 0.000000 -0.996757 0.080467 0.000000 -0.970942 0.239316 0.000000 -0.970942 0.239316 0.000000 -0.919979 0.391967 0.000000 -0.919979 0.391967 0.000000 -0.845190 0.534466 0.000000 -0.845190 0.534466 0.000000 -0.748511 0.663123 0.000000 -0.748511 0.663123 0.000000 -0.632445 0.774605 0.000000 -0.632445 0.774605 0.000000 -0.500000 0.866025 0.000000 -0.500000 0.866025 0.000000 -0.354605 0.935016 0.000000 -0.354605 0.935016 0.000000 -0.200026 0.979791 0.000000 -0.200026 0.979791 0.000000 -0.040266 0.999189 0.000000 -0.040266 0.999189 -0.000000 0.120537 0.992709 -0.000000 0.120537 0.992709 -0.000000 0.278217 0.960518 -0.000000 0.278217 0.960518 -0.000000 0.428693 0.903450 -0.000000 0.428693 0.903450 -0.000000 0.568065 0.822984 -0.000000 0.568065 0.822984 -0.000000 0.692724 0.721202 -0.000000 0.692724 0.721202 -0.000000 0.799443 0.600742 -0.000000 0.799443 0.600742 -0.000000 0.885456 0.464723 -0.000000 0.885456 0.464723 -0.000000 0.948536 0.316668 -0.000000 0.948536 0.316668 1.000000 0.000000 0.000000 1.000000 0.000000 0.000000 1.000000 0.000000 0.000000 1.000000 0.000000 0.000000 1.000000 0.000000 0.000000 1.000000 0.000000 0.000000 1.000000 0.000000 0.000000 1.000000 0.000000 0.000000 1.000000 0.000000 0.000000 1.000000 0.000000 0.000000 1.000000 0.000000 0.000000 1.000000 0.000000 0.000000 1.000000 0.000000 0.000000 1.000000 0.000000 0.000000 1.000000 0.000000 0.000000 1.000000 0.000000 0.000000 1.000000 0.000000 0.000000 1.000000 0.000000 0.000000 1.000000 0.000000 0.000000 1.000000 0.000000 0.000000 1.000000 0.000000 0.000000 1.000000 0.000000 0.000000 1.000000 0.000000 0.000000 1.000000 0.000000 0.000000 1.000000 0.000000 0.000000 1.000000 0.000000 0.000000 1.000000 0.000000 0.000000 1.000000 0.000000 0.000000 1.000000 0.000000 0.000000 1.000000 0.000000 0.000000 1.000000 0.000000 0.000000 1.000000 0.000000 0.000000 1.000000 0.000000 0.000000 1.000000 0.000000 0.000000 1.000000 0.000000 0.000000 1.000000 0.000000 0.000000 1.000000 0.000000 0.000000 1.000000 0.000000 0.000000 1.000000 0.000000 0.000000 -0.000000 0.987050 0.160411 -0.000000 0.987050 0.160411 -0.000000 1.000000 0.000000 -0.000000 1.000000 0.000000 0.000000 0.987050 -0.160411 0.000000 0.987050 -0.160411 0.000000 0.948536 -0.316668 0.000000 0.948536 -0.316668 0.000000 0.885456 -0.464723 0.000000 0.885456 -0.464723 0.000000 0.799443 -0.600742 0.000000 0.799443 -0.600742 0.000000 0.692724 -0.721202 0.000000 0.692724 -0.721202 0.000000 0.568065 -0.822984 0.000000 0.568065 -0.822984 0.000000 0.428693 -0.903450 0.000000 0.428693 -0.903450 0.000000 0.278217 -0.960518 0.000000 0.278217 -0.960518 0.000000 0.120537 -0.992709 0.000000 0.120537 -0.992709 0.000000 -0.040266 -0.999189 0.000000 -0.040266 -0.999189 0.000000 -0.200026 -0.979791 0.000000 -0.200026 -0.979791 0.000000 -0.354605 -0.935016 0.000000 -0.354605 -0.935016 0.000000 -0.500000 -0.866025 0.000000 -0.500000 -0.866025 0.000000 -0.632445 -0.774605 0.000000 -0.632445 -0.774605 0.000000 -0.748511 -0.663123 0.000000 -0.748511 -0.663123 0.000000 -0.845190 -0.534466 0.000000 -0.845190 -0.534466 0.000000 -0.919979 -0.391967 0.000000 -0.919979 -0.391967 0.000000 -0.970942 -0.239316 0.000000 -0.970942 -0.239316 0.000000 -0.996757 -0.080467 0.000000 -0.996757 -0.080467 0.000000 -0.996757 0.080467 0.000000 -0.996757 0.080467 0.000000 -0.970942 0.239316 0.000000 -0.970942 0.239316 0.000000 -0.919979 0.391967 0.000000 -0.919979 0.391967 0.000000 -0.845190 0.534466 0.000000 -0.845190 0.534466 0.000000 -0.748511 0.663123 0.000000 -0.748511 0.663123 0.000000 -0.632445 0.774605 0.000000 -0.632445 0.774605 0.000000 -0.500000 0.866025 0.000000 -0.500000 0.866025 0.000000 -0.354605 0.935016 0.000000 -0.354605 0.935016 0.000000 -0.200026 0.979791 0.000000 -0.200026 0.979791 0.000000 -0.040266 0.999189 0.000000 -0.040266 0.999189 -0.000000 0.120537 0.992709 -0.000000 0.120537 0.992709 -0.000000 0.278217 0.960518 -0.000000 0.278217 0.960518 -0.000000 0.428693 0.903450 -0.000000 0.428693 0.903450 -0.000000 0.568065 0.822984 -0.000000 0.568065 0.822984 -0.000000 0.692724 0.721202 -0.000000 0.692724 0.721202 -0.000000 0.799443 0.600742 -0.000000 0.799443 0.600742 -0.000000 0.885456 0.464723 -0.000000 0.885456 0.464723 -0.000000 0.948536 0.316668 -0.000000 0.948536 0.316668 -1.000000 -0.000000 -0.000000 -1.000000 -0.000000 -0.000000 -1.000000 -0.000000 -0.000000 -1.000000 -0.000000 -0.000000 -1.000000 -0.000000 -0.000000 -1.000000 -0.000000 -0.000000 -1.000000 -0.000000 -0.000000 -1.000000 -0.000000 -0.000000 -1.000000 -0.000000 -0.000000 -1.000000 -0.000000 -0.000000 -1.000000 -0.000000 -0.000000 -1.000000 -0.000000 -0.000000 -1.000000 -0.000000 -0.000000 -1.000000 -0.000000 -0.000000 -1.000000 -0.000000 -0.000000 -1.000000 -0.000000 -0.000000 -1.000000 -0.000000 -0.000000 -1.000000 -0.000000 -0.000000 -1.000000 -0.000000 -0.000000 -1.000000 -0.000000 -0.000000 -1.000000 -0.000000 -0.000000 -1.000000 -0.000000 -0.000000 -1.000000 -0.000000 -0.000000 -1.000000 -0.000000 -0.000000 -1.000000 -0.000000 -0.000000 -1.000000 -0.000000 -0.000000 -1.000000 -0.000000 -0.000000 -1.000000 -0.000000 -0.000000 -1.000000 -0.000000 -0.000000 -1.000000 -0.000000 -0.000000 -1.000000 -0.000000 -0.000000 -1.000000 -0.000000 -0.000000 -1.000000 -0.000000 -0.000000 -1.000000 -0.000000 -0.000000 -1.000000 -0.000000 -0.000000 -1.000000 -0.000000 -0.000000 -1.000000 -0.000000 -0.000000 -1.000000 -0.000000 -0.000000 -1.000000 -0.000000 -0.000000 -0.991445 -0.000000 0.130526 -0.991445 -0.000000 0.130526 -1.000000 -0.000000 0.000000 -1.000000 -0.000000 0.000000 -0.991445 -0.000000 -0.130526 -0.991445 -0.000000 -0.130526 -0.965926 -0.000000 -0.258819 -0.965926 -0.000000 -0.258819 -0.923880 -0.000000 -0.382683 -0.923880 -0.000000 -0.382683 -0.866025 -0.000000 -0.500000 -0.866025 -0.000000 -0.500000 -0.793353 -0.000000 -0.608761 -0.793353 -0.000000 -0.608761 -0.707107 -0.000000 -0.707107 -0.707107 -0.000000 -0.707107 -0.608761 -0.000000 -0.793353 -0.608761 -0.000000 -0.793353 -0.500000 -0.000000 -0.866025 -0.500000 -0.000000 -0.866025 -0.382683 -0.000000 -0.923880 -0.382683 -0.000000 -0.923880 -0.258819 -0.000000 -0.965926 -0.258819 -0.000000 -0.965926 -0.130526 -0.000000 -0.991445 -0.130526 -0.000000 -0.991445 0.000000 -0.000000 -1.000000 0.000000 -0.000000 -1.000000 0.130526 -0.000000 -0.991445 0.130526 -0.000000 -0.991445 0.258819 -0.000000 -0.965926 0.258819 -0.000000 -0.965926 0.382683 -0.000000 -0.923880 0.382683 -0.000000 -0.923880 0.500000 -0.000000 -0.866025 0.500000 -0.000000 -0.866025 0.608761 -0.000000 -0.793353 0.608761 -0.000000 -0.793353 0.707107 -0.000000 -0.707107 0.707107 -0.000000 -0.707107 0.793353 -0.000000 -0.608761 0.793353 -0.000000 -0.608761 0.866025 -0.000000 -0.500000 0.866025 -0.000000 -0.500000 0.923880 -0.000000 -0.382683 0.923880 -0.000000 -0.382683 0.965926 -0.000000 -0.258819 0.965926 -0.000000 -0.258819 0.991445 -0.000000 -0.130526 0.991445 -0.000000 -0.130526 1.000000 0.000000 -0.000000 1.000000 0.000000 -0.000000 0.991445 0.000000 0.130526 0.991445 0.000000 0.130526 0.965926 0.000000 0.258819 0.965926 0.000000 0.258819 0.923880 0.000000 0.382683 0.923880 0.000000 0.382683 0.866025 0.000000 0.500000 0.866025 0.000000 0.500000 0.793353 0.000000 0.608761 0.793353 0.000000 0.608761 0.707107 0.000000 0.707107 0.707107 0.000000 0.707107 0.608761 0.000000 0.793353 0.608761 0.000000 0.793353 0.500000 0.000000 0.866025 0.500000 0.000000 0.866025 0.382683 0.000000 0.923880 0.382683 0.000000 0.923880 0.258819 0.000000 0.965926 0.258819 0.000000 0.965926 0.130526 0.000000 0.991445 0.130526 0.000000 0.991445 0.000000 0.000000 1.000000 0.000000 0.000000 1.000000 -0.130526 -0.000000 0.991445 -0.130526 -0.000000 0.991445 -0.258819 -0.000000 0.965926 -0.258819 -0.000000 0.965926 -0.382683 -0.000000 0.923880 -0.382683 -0.000000 0.923880 -0.500000 -0.000000 0.866025 -0.500000 -0.000000 0.866025 -0.608761 -0.000000 0.793353 -0.608761 -0.000000 0.793353 -0.707107 -0.000000 0.707107 -0.707107 -0.000000 0.707107 -0.793353 -0.000000 0.608761 -0.793353 -0.000000 0.608761 -0.866025 -0.000000 0.500000 -0.866025 -0.000000 0.500000 -0.923880 -0.000000 0.382683 -0.923880 -0.000000 0.382683 -0.965926 -0.000000 0.258819 -0.965926 -0.000000 0.258819 0.000000 -1.000000 0.000000 0.000000 -1.000000 0.000000 0.000000 -1.000000 0.000000 0.000000 -1.000000 0.000000 0.000000 -1.000000 0.000000 0.000000 -1.000000 0.000000 0.000000 -1.000000 0.000000 0.000000 -1.000000 0.000000 0.000000 -1.000000 0.000000 0.000000 -1.000000 0.000000 0.000000 -1.000000 0.000000 0.000000 -1.000000 0.000000 0.000000 -1.000000 0.000000 0.000000 -1.000000 0.000000 0.000000 -1.000000 0.000000 0.000000 -1.000000 0.000000 0.000000 -1.000000 0.000000 0.000000 -1.000000 0.000000 0.000000 -1.000000 0.000000 0.000000 -1.000000 0.000000 0.000000 -1.000000 0.000000 0.000000 -1.000000 0.000000 0.000000 -1.000000 0.000000 0.000000 -1.000000 0.000000 0.000000 -1.000000 0.000000 0.000000 -1.000000 0.000000 0.000000 -1.000000 0.000000 0.000000 -1.000000 0.000000 0.000000 -1.000000 0.000000 0.000000 -1.000000 0.000000 0.000000 -1.000000 0.000000 0.000000 -1.000000 0.000000 0.000000 -1.000000 0.000000 0.000000 -1.000000 0.000000 0.000000 -1.000000 0.000000 0.000000 -1.000000 0.000000 0.000000 -1.000000 0.000000 0.000000 -1.000000 0.000000 0.000000 -1.000000 0.000000 0.000000 -1.000000 0.000000 0.000000 -1.000000 0.000000 0.000000 -1.000000 0.000000 0.000000 -1.000000 0.000000 0.000000 -1.000000 0.000000 0.000000 -1.000000 0.000000 0.000000 -1.000000 0.000000 0.000000 -1.000000 0.000000 0.000000 -1.000000 0.000000 0.000000 0.804598 0.593820 0.000000 0.804598 0.593820 0.000000 0.623490 0.781831 0.000000 0.623490 0.781831 0.000000 0.399892 0.916562 0.000000 0.399892 0.916562 0.000000 0.149042 0.988831 0.000000 0.149042 0.988831 0.000000 -0.111964 0.993712 0.000000 -0.111964 0.993712 0.000000 -0.365341 0.930874 0.000000 -0.365341 0.930874 0.000000 -0.593820 0.804598 0.000000 -0.593820 0.804598 0.000000 -0.781831 0.623490 0.000000 -0.781831 0.623490 0.000000 -0.916562 0.399892 0.000000 -0.916562 0.399892 -0.000000 -0.988831 0.149042 -0.000000 -0.988831 0.149042 -0.000000 -0.993712 -0.111964 -0.000000 -0.993712 -0.111964 -0.000000 -0.930874 -0.365341 -0.000000 -0.930874 -0.365341 -0.000000 -0.804598 -0.593820 -0.000000 -0.804598 -0.593820 -0.000000 -0.623490 -0.781831 -0.000000 -0.623490 -0.781831 -0.000000 -0.399892 -0.916562 -0.000000 -0.399892 -0.916562 -0.000000 -0.149042 -0.988831 -0.000000 -0.149042 -0.988831 -0.000000 0.111964 -0.993712 -0.000000 0.111964 -0.993712 -0.000000 0.365341 -0.930874 -0.000000 0.365341 -0.930874 -0.000000 0.593820 -0.804598 -0.000000 0.593820 -0.804598 -0.000000 0.781831 -0.623490 -0.000000 0.781831 -0.623490 -0.000000 0.916562 -0.399892 -0.000000 0.916562 -0.399892 0.000000 0.988831 -0.149042 0.000000 0.988831 -0.149042 0.000000 0.993712 0.111964 0.000000 0.993712 0.111964 0.000000 0.930874 0.365341 0.000000 0.930874 0.365341 -0.000000 -0.399892 -0.916562 -0.000000 -0.399892 -0.916562 -0.000000 -0.623490 -0.781831 -0.000000 -0.623490 -0.781831 -0.000000 -0.804598 -0.593820 -0.000000 -0.804598 -0.593820 -0.000000 -0.930874 -0.365341 -0.000000 -0.930874 -0.365341 -0.000000 -0.993712 -0.111964 -0.000000 -0.993712 -0.111964 -0.000000 -0.988831 0.149042 -0.000000 -0.988831 0.149042 0.000000 -0.916562 0.399892 0.000000 -0.916562 0.399892 0.000000 -0.781831 0.623490 0.000000 -0.781831 0.623490 0.000000 -0.593820 0.804598 0.000000 -0.593820 0.804598 0.000000 -0.365341 0.930874 0.000000 -0.365341 0.930874 0.000000 -0.111964 0.993712 0.000000 -0.111964 0.993712 0.000000 0.149042 0.988831 0.000000 0.149042 0.988831 0.000000 0.399892 0.916562 0.000000 0.399892 0.916562 0.000000 0.623490 0.781831 0.000000 0.623490 0.781831 0.000000 0.804598 0.593820 0.000000 0.804598 0.593820 0.000000 0.930874 0.365341 0.000000 0.930874 0.365341 0.000000 0.993712 0.111964 0.000000 0.993712 0.111964 0.000000 0.988831 -0.149042 0.000000 0.988831 -0.149042 -0.000000 0.916562 -0.399892 -0.000000 0.916562 -0.399892 -0.000000 0.781831 -0.623490 -0.000000 0.781831 -0.623490 -0.000000 0.593820 -0.804598 -0.000000 0.593820 -0.804598 -0.000000 0.365341 -0.930874 -0.000000 0.365341 -0.930874 -0.000000 0.111964 -0.993712 -0.000000 0.111964 -0.993712 -0.000000 -0.149042 -0.988831 -0.000000 -0.149042 -0.988831 -1.000000 0.000000 0.000000 -1.000000 0.000000 0.000000 -1.000000 0.000000 0.000000 -1.000000 0.000000 0.000000 -1.000000 0.000000 0.000000 -1.000000 0.000000 0.000000 -1.000000 0.000000 0.000000 -1.000000 0.000000 0.000000 -1.000000 0.000000 0.000000 -1.000000 0.000000 0.000000 -1.000000 0.000000 0.000000 -1.000000 0.000000 0.000000 -1.000000 0.000000 0.000000 -1.000000 0.000000 0.000000 -1.000000 0.000000 0.000000 -1.000000 0.000000 0.000000 -1.000000 0.000000 0.000000 -1.000000 0.000000 0.000000 -1.000000 0.000000 0.000000 -1.000000 0.000000 0.000000 -1.000000 0.000000 0.000000 -1.000000 0.000000 0.000000 -1.000000 0.000000 0.000000 -1.000000 0.000000 0.000000 -1.000000 0.000000 0.000000 -1.000000 0.000000 0.000000 -1.000000 0.000000 0.000000 -1.000000 0.000000 0.000000 -1.000000 0.000000 0.000000 -1.000000 0.000000 0.000000 -1.000000 0.000000 0.000000 -1.000000 0.000000 0.000000 -1.000000 0.000000 0.000000 -1.000000 0.000000 0.000000 -1.000000 0.000000 0.000000 -1.000000 0.000000 0.000000 -1.000000 0.000000 0.000000 -1.000000 0.000000 0.000000 -1.000000 0.000000 0.000000 -1.000000 0.000000 0.000000 -1.000000 0.000000 0.000000 -1.000000 0.000000 0.000000 -1.000000 0.000000 0.000000 -1.000000 0.000000 0.000000 -1.000000 0.000000 0.000000 -1.000000 0.000000 0.000000 -1.000000 0.000000 0.000000 -1.000000 0.000000 0.000000 -1.000000 0.000000 0.000000 -1.000000 0.000000 0.000000 -1.000000 0.000000 0.000000 -1.000000 0.000000 0.000000 -1.000000 0.000000 0.000000 -1.000000 0.000000 0.000000 -1.000000 0.000000 0.000000 -1.000000 0.000000 0.000000 -1.000000 0.000000 0.000000 -1.000000 0.000000 0.000000 -1.000000 0.000000 0.000000 -1.000000 0.000000 0.000000 -1.000000 0.000000 0.000000 -1.000000 0.000000 0.000000 -1.000000 0.000000 0.000000 -1.000000 0.000000 0.000000 -1.000000 0.000000 0.000000 -1.000000 0.000000 0.000000 -1.000000 0.000000 0.000000 -1.000000 0.000000 0.000000 -1.000000 0.000000 0.000000 -1.000000 0.000000 0.000000 -1.000000 0.000000 0.000000 -1.000000 0.000000 0.000000 -1.000000 0.000000 0.000000 -1.000000 0.000000 0.000000 -1.000000 0.000000 0.000000 -1.000000 0.000000 0.000000 -1.000000 0.000000 0.000000 -1.000000 0.000000 0.000000 -1.000000 0.000000 0.000000 -1.000000 0.000000 0.000000 -1.000000 0.000000 0.000000 -1.000000 0.000000 0.000000 -1.000000 0.000000 0.000000 -1.000000 0.000000 0.000000 -1.000000 0.000000 0.000000 -1.000000 0.000000 0.000000 -1.000000 0.000000 0.000000 -1.000000 0.000000 0.000000 -1.000000 0.000000 0.000000 -1.000000 0.000000 0.000000 0.000000 -0.781831 0.623490 0.000000 -0.781831 0.623490 0.000000 -0.781831 0.623490 0.000000 -0.781831 0.623490 -1.000000 0.000000 0.000000 -1.000000 0.000000 0.000000 -1.000000 0.000000 0.000000 -1.000000 0.000000 0.000000 -1.000000 0.000000 0.000000 -1.000000 0.000000 0.000000 -1.000000 0.000000 0.000000 -1.000000 0.000000 0.000000 -1.000000 0.000000 0.000000 -1.000000 0.000000 0.000000 -1.000000 0.000000 0.000000 -1.000000 0.000000 0.000000 -1.000000 0.000000 0.000000 -1.000000 0.000000 0.000000 -1.000000 0.000000 0.000000 -1.000000 0.000000 0.000000 -1.000000 0.000000 0.000000 -1.000000 0.000000 0.000000 -1.000000 0.000000 0.000000 -1.000000 0.000000 0.000000 -1.000000 0.000000 0.000000 -1.000000 0.000000 0.000000 -1.000000 0.000000 0.000000 -1.000000 0.000000 0.000000 -0.000000 0.781831 -0.623490 -0.000000 0.781831 -0.623490 -0.000000 0.781831 -0.623490 -0.000000 0.781831 -0.623490 0.000000 -0.781831 0.623490 0.000000 -0.655115 0.755530 0.000000 -0.781831 0.623490 0.000000 -0.609902 0.792477 0.000000 -0.500747 0.865594 0.000000 -0.402527 0.915408 0.000000 -0.323641 0.946180 0.000000 -0.171759 0.985139 0.000000 -0.134385 0.990929 0.000000 0.068991 0.997617 0.000000 0.057318 0.998356 0.000000 0.257532 0.966270 0.000000 0.305732 0.952118 0.000000 0.451804 0.892117 0.000000 0.524704 0.851284 0.000000 0.623490 0.781831 0.000000 0.713183 0.700978 0.000000 0.769214 0.638991 0.000000 0.860214 0.509933 0.000000 0.884737 0.466091 0.000000 0.957253 0.289252 0.000000 0.960571 0.278036 0.000000 0.995988 0.089487 0.000000 0.998659 0.051761 0.000000 0.994474 -0.104982 0.000000 0.982028 -0.188738 0.000000 0.955318 -0.295580 -0.000000 0.908324 -0.418268 -0.000000 0.882364 -0.470568 -0.000000 0.781831 -0.623490 -0.000000 0.781831 -0.623490 0.000000 0.037391 0.999301 0.000000 0.037391 0.999301 0.000000 -0.222521 0.974928 0.000000 -0.222521 0.974928 0.000000 -0.467269 0.884115 0.000000 -0.467269 0.884115 0.000000 -0.680173 0.733052 0.000000 -0.680173 0.733052 0.000000 -0.846724 0.532032 0.000000 -0.846724 0.532032 -0.000000 -0.955573 0.294755 -0.000000 -0.955573 0.294755 -0.000000 -0.999301 0.037391 -0.000000 -0.999301 0.037391 -0.000000 -0.974928 -0.222521 -0.000000 -0.974928 -0.222521 -0.000000 -0.884115 -0.467269 -0.000000 -0.884115 -0.467269 -0.000000 -0.733052 -0.680173 -0.000000 -0.733052 -0.680173 -0.000000 -0.532032 -0.846724 -0.000000 -0.532032 -0.846724 -0.000000 -0.294755 -0.955573 -0.000000 -0.294755 -0.955573 -0.000000 -0.037391 -0.999301 -0.000000 -0.037391 -0.999301 -0.000000 0.222521 -0.974928 -0.000000 0.222521 -0.974928 -0.000000 0.467269 -0.884115 -0.000000 0.467269 -0.884115 -0.000000 0.680173 -0.733052 -0.000000 0.680173 -0.733052 -0.000000 0.846724 -0.532032 -0.000000 0.846724 -0.532032 0.000000 0.955573 -0.294755 0.000000 0.955573 -0.294755 0.000000 0.999301 -0.037391 0.000000 0.999301 -0.037391 0.000000 0.974928 0.222521 0.000000 0.974928 0.222521 0.000000 0.884115 0.467269 0.000000 0.884115 0.467269 0.000000 0.733052 0.680173 0.000000 0.733052 0.680173 0.000000 0.532032 0.846724 0.000000 0.532032 0.846724 0.000000 0.294755 0.955573 0.000000 0.294755 0.955573 -0.000000 0.467269 -0.884115 -0.000000 0.467269 -0.884115 -0.000000 0.222521 -0.974928 -0.000000 0.222521 -0.974928 -0.000000 -0.037391 -0.999301 -0.000000 -0.037391 -0.999301 -0.000000 -0.294755 -0.955573 -0.000000 -0.294755 -0.955573 -0.000000 -0.532032 -0.846724 -0.000000 -0.532032 -0.846724 -0.000000 -0.733052 -0.680173 -0.000000 -0.733052 -0.680173 -0.000000 -0.884115 -0.467269 -0.000000 -0.884115 -0.467269 -0.000000 -0.974928 -0.222521 -0.000000 -0.974928 -0.222521 -0.000000 -0.999301 0.037391 -0.000000 -0.999301 0.037391 -0.000000 -0.955573 0.294755 -0.000000 -0.955573 0.294755 0.000000 -0.846724 0.532032 0.000000 -0.846724 0.532032 0.000000 -0.680173 0.733052 0.000000 -0.680173 0.733052 0.000000 -0.467269 0.884115 0.000000 -0.467269 0.884115 0.000000 -0.222521 0.974928 0.000000 -0.222521 0.974928 0.000000 0.037391 0.999301 0.000000 0.037391 0.999301 0.000000 0.294755 0.955573 0.000000 0.294755 0.955573 0.000000 0.532032 0.846724 0.000000 0.532032 0.846724 0.000000 0.733052 0.680173 0.000000 0.733052 0.680173 0.000000 0.884115 0.467269 0.000000 0.884115 0.467269 0.000000 0.974928 0.222521 0.000000 0.974928 0.222521 0.000000 0.999301 -0.037391 0.000000 0.999301 -0.037391 0.000000 0.955573 -0.294755 0.000000 0.955573 -0.294755 -0.000000 0.846724 -0.532032 -0.000000 0.846724 -0.532032 -0.000000 0.680173 -0.733052 -0.000000 0.680173 -0.733052 -1.000000 0.000000 0.000000 -1.000000 0.000000 0.000000 -1.000000 0.000000 0.000000 -1.000000 0.000000 0.000000 -1.000000 0.000000 0.000000 -1.000000 0.000000 0.000000 -1.000000 0.000000 0.000000 -1.000000 0.000000 0.000000 -1.000000 0.000000 0.000000 -1.000000 0.000000 0.000000 -1.000000 0.000000 0.000000 -1.000000 0.000000 0.000000 -1.000000 0.000000 0.000000 -1.000000 0.000000 0.000000 -1.000000 0.000000 0.000000 -1.000000 0.000000 0.000000 -1.000000 0.000000 0.000000 -1.000000 0.000000 0.000000 -1.000000 0.000000 0.000000 -1.000000 0.000000 0.000000 -1.000000 0.000000 0.000000 -1.000000 0.000000 0.000000 -1.000000 0.000000 0.000000 -1.000000 0.000000 0.000000 -1.000000 0.000000 0.000000 -1.000000 0.000000 0.000000 -1.000000 0.000000 0.000000 -1.000000 0.000000 0.000000 -1.000000 0.000000 0.000000 -1.000000 0.000000 0.000000 -1.000000 0.000000 0.000000 -1.000000 0.000000 0.000000 -1.000000 0.000000 0.000000 -1.000000 0.000000 0.000000 -1.000000 0.000000 0.000000 -1.000000 0.000000 0.000000 -1.000000 0.000000 0.000000 -1.000000 0.000000 0.000000 -1.000000 0.000000 0.000000 -1.000000 0.000000 0.000000 -1.000000 0.000000 0.000000 -1.000000 0.000000 0.000000 -1.000000 0.000000 0.000000 -1.000000 0.000000 0.000000 -1.000000 0.000000 0.000000 -1.000000 0.000000 0.000000 -1.000000 0.000000 0.000000 -1.000000 0.000000 0.000000 -1.000000 0.000000 0.000000 -1.000000 0.000000 0.000000 -1.000000 0.000000 0.000000 -1.000000 0.000000 0.000000 -1.000000 0.000000 0.000000 -1.000000 0.000000 0.000000 -1.000000 0.000000 0.000000 -1.000000 0.000000 0.000000 -1.000000 0.000000 0.000000 -1.000000 0.000000 0.000000 -1.000000 0.000000 0.000000 -1.000000 0.000000 0.000000 -1.000000 0.000000 0.000000 -1.000000 0.000000 0.000000 -1.000000 0.000000 0.000000 -1.000000 0.000000 0.000000 -1.000000 0.000000 0.000000 -1.000000 0.000000 0.000000 -1.000000 0.000000 0.000000 -1.000000 0.000000 0.000000 -1.000000 0.000000 0.000000 -1.000000 0.000000 0.000000 -1.000000 0.000000 0.000000 -1.000000 0.000000 0.000000 -1.000000 0.000000 0.000000 -1.000000 0.000000 0.000000 -1.000000 0.000000 0.000000 -1.000000 0.000000 0.000000 -1.000000 0.000000 0.000000 -1.000000 0.000000 0.000000 -1.000000 0.000000 0.000000 -1.000000 0.000000 0.000000 -1.000000 0.000000 0.000000 -1.000000 0.000000 0.000000 -1.000000 0.000000 0.000000 -1.000000 0.000000 0.000000 -1.000000 0.000000 0.000000 -1.000000 0.000000 0.000000 -1.000000 0.000000 0.000000 -1.000000 0.000000 0.000000 -1.000000 0.000000 0.000000 -1.000000 0.000000 0.000000 -0.000000 -0.974928 -0.222521 -0.000000 -0.974928 -0.222521 -0.000000 -0.974928 -0.222521 -0.000000 -0.974928 -0.222521 -1.000000 0.000000 0.000000 -1.000000 0.000000 0.000000 -1.000000 0.000000 0.000000 -1.000000 0.000000 0.000000 -1.000000 0.000000 0.000000 -1.000000 0.000000 0.000000 -1.000000 0.000000 0.000000 -1.000000 0.000000 0.000000 -1.000000 0.000000 0.000000 -1.000000 0.000000 0.000000 -1.000000 0.000000 0.000000 -1.000000 0.000000 0.000000 -1.000000 0.000000 0.000000 -1.000000 0.000000 0.000000 -1.000000 0.000000 0.000000 -1.000000 0.000000 0.000000 -1.000000 0.000000 0.000000 -1.000000 0.000000 0.000000 -1.000000 0.000000 0.000000 -1.000000 0.000000 0.000000 -1.000000 0.000000 0.000000 -1.000000 0.000000 0.000000 -1.000000 0.000000 0.000000 -1.000000 0.000000 0.000000 0.000000 0.974928 0.222521 0.000000 0.974928 0.222521 0.000000 0.974928 0.222521 0.000000 0.974928 0.222521 -0.000000 -0.974928 -0.222521 -0.000000 -0.999154 -0.041124 -0.000000 -0.974928 -0.222521 -0.000000 -0.999851 0.017261 -0.000000 -0.988959 0.148189 -0.000000 -0.966666 0.256039 0.000000 -0.941540 0.336900 0.000000 -0.877303 0.479937 0.000000 -0.858527 0.512768 0.000000 -0.736953 0.675944 0.000000 -0.744809 0.667277 0.000000 -0.594891 0.803806 0.000000 -0.553775 0.832666 0.000000 -0.415791 0.909460 0.000000 -0.338413 0.940998 0.000000 -0.222521 0.974928 0.000000 -0.103384 0.994642 0.000000 -0.019986 0.999800 0.000000 0.137654 0.990480 0.000000 0.187220 0.982318 0.000000 0.370691 0.928756 0.000000 0.381529 0.924357 0.000000 0.551025 0.834489 0.000000 0.582185 0.813056 0.000000 0.702123 0.712056 0.000000 0.759845 0.650104 0.000000 0.826725 0.562607 0.000000 0.893346 0.449370 0.000000 0.918050 0.396465 0.000000 0.974928 0.222521 0.000000 0.974928 0.222521 -0.000000 -0.467269 -0.884115 -0.000000 -0.467269 -0.884115 -0.000000 -0.222521 -0.974928 -0.000000 -0.222521 -0.974928 -0.000000 0.037391 -0.999301 -0.000000 0.037391 -0.999301 -0.000000 0.294755 -0.955573 -0.000000 0.294755 -0.955573 -0.000000 0.532032 -0.846724 -0.000000 0.532032 -0.846724 -0.000000 0.733052 -0.680173 -0.000000 0.733052 -0.680173 -0.000000 0.884115 -0.467269 -0.000000 0.884115 -0.467269 0.000000 0.974928 -0.222521 0.000000 0.974928 -0.222521 0.000000 0.999301 0.037391 0.000000 0.999301 0.037391 0.000000 0.955573 0.294755 0.000000 0.955573 0.294755 0.000000 0.846724 0.532032 0.000000 0.846724 0.532032 0.000000 0.680173 0.733052 0.000000 0.680173 0.733052 0.000000 0.467269 0.884115 0.000000 0.467269 0.884115 0.000000 0.222521 0.974928 0.000000 0.222521 0.974928 0.000000 -0.037391 0.999301 0.000000 -0.037391 0.999301 0.000000 -0.294755 0.955573 0.000000 -0.294755 0.955573 0.000000 -0.532032 0.846724 0.000000 -0.532032 0.846724 0.000000 -0.733052 0.680173 0.000000 -0.733052 0.680173 0.000000 -0.884115 0.467269 0.000000 -0.884115 0.467269 -0.000000 -0.974928 0.222521 -0.000000 -0.974928 0.222521 -0.000000 -0.999301 -0.037391 -0.000000 -0.999301 -0.037391 -0.000000 -0.955573 -0.294755 -0.000000 -0.955573 -0.294755 -0.000000 -0.846724 -0.532032 -0.000000 -0.846724 -0.532032 -0.000000 -0.680173 -0.733052 -0.000000 -0.680173 -0.733052 0.000000 -0.037391 0.999301 0.000000 -0.037391 0.999301 0.000000 0.222521 0.974928 0.000000 0.222521 0.974928 0.000000 0.467269 0.884115 0.000000 0.467269 0.884115 0.000000 0.680173 0.733052 0.000000 0.680173 0.733052 0.000000 0.846724 0.532032 0.000000 0.846724 0.532032 0.000000 0.955573 0.294755 0.000000 0.955573 0.294755 0.000000 0.999301 0.037391 0.000000 0.999301 0.037391 0.000000 0.974928 -0.222521 0.000000 0.974928 -0.222521 -0.000000 0.884115 -0.467269 -0.000000 0.884115 -0.467269 -0.000000 0.733052 -0.680173 -0.000000 0.733052 -0.680173 -0.000000 0.532032 -0.846724 -0.000000 0.532032 -0.846724 -0.000000 0.294755 -0.955573 -0.000000 0.294755 -0.955573 -0.000000 0.037391 -0.999301 -0.000000 0.037391 -0.999301 -0.000000 -0.222521 -0.974928 -0.000000 -0.222521 -0.974928 -0.000000 -0.467269 -0.884115 -0.000000 -0.467269 -0.884115 -0.000000 -0.680173 -0.733052 -0.000000 -0.680173 -0.733052 -0.000000 -0.846724 -0.532032 -0.000000 -0.846724 -0.532032 -0.000000 -0.955573 -0.294755 -0.000000 -0.955573 -0.294755 -0.000000 -0.999301 -0.037391 -0.000000 -0.999301 -0.037391 -0.000000 -0.974928 0.222521 -0.000000 -0.974928 0.222521 0.000000 -0.884115 0.467269 0.000000 -0.884115 0.467269 0.000000 -0.733052 0.680173 0.000000 -0.733052 0.680173 0.000000 -0.532032 0.846724 0.000000 -0.532032 0.846724 0.000000 -0.294755 0.955573 0.000000 -0.294755 0.955573 -1.000000 0.000000 0.000000 -1.000000 0.000000 0.000000 -1.000000 0.000000 0.000000 -1.000000 0.000000 0.000000 -1.000000 0.000000 0.000000 -1.000000 0.000000 0.000000 -1.000000 0.000000 0.000000 -1.000000 0.000000 0.000000 -1.000000 0.000000 0.000000 -1.000000 0.000000 0.000000 -1.000000 0.000000 0.000000 -1.000000 0.000000 0.000000 -1.000000 0.000000 0.000000 -1.000000 0.000000 0.000000 -1.000000 0.000000 0.000000 -1.000000 0.000000 0.000000 -1.000000 0.000000 0.000000 -1.000000 0.000000 0.000000 -1.000000 0.000000 0.000000 -1.000000 0.000000 0.000000 -1.000000 0.000000 0.000000 -1.000000 0.000000 0.000000 -1.000000 0.000000 0.000000 -1.000000 0.000000 0.000000 -1.000000 0.000000 0.000000 -1.000000 0.000000 0.000000 -1.000000 0.000000 0.000000 -1.000000 0.000000 0.000000 -1.000000 0.000000 0.000000 -1.000000 0.000000 0.000000 -1.000000 0.000000 0.000000 -1.000000 0.000000 0.000000 -1.000000 0.000000 0.000000 -1.000000 0.000000 0.000000 -1.000000 0.000000 0.000000 -1.000000 0.000000 0.000000 -1.000000 0.000000 0.000000 -1.000000 0.000000 0.000000 -1.000000 0.000000 0.000000 -1.000000 0.000000 0.000000 -1.000000 0.000000 0.000000 -1.000000 0.000000 0.000000 -1.000000 0.000000 0.000000 -1.000000 0.000000 0.000000 -1.000000 0.000000 0.000000 -1.000000 0.000000 0.000000 -1.000000 0.000000 0.000000 -1.000000 0.000000 0.000000 -1.000000 0.000000 0.000000 -1.000000 0.000000 0.000000 -1.000000 0.000000 0.000000 -1.000000 0.000000 0.000000 -1.000000 0.000000 0.000000 -1.000000 0.000000 0.000000 -1.000000 0.000000 0.000000 -1.000000 0.000000 0.000000 -1.000000 0.000000 0.000000 -1.000000 0.000000 0.000000 -1.000000 0.000000 0.000000 -1.000000 0.000000 0.000000 -1.000000 0.000000 0.000000 -1.000000 0.000000 0.000000 -1.000000 0.000000 0.000000 -1.000000 0.000000 0.000000 -1.000000 0.000000 0.000000 -1.000000 0.000000 0.000000 -1.000000 0.000000 0.000000 -1.000000 0.000000 0.000000 -1.000000 0.000000 0.000000 -1.000000 0.000000 0.000000 -1.000000 0.000000 0.000000 -1.000000 0.000000 0.000000 -1.000000 0.000000 0.000000 -1.000000 0.000000 0.000000 -1.000000 0.000000 0.000000 -1.000000 0.000000 0.000000 -1.000000 0.000000 0.000000 -1.000000 0.000000 0.000000 -1.000000 0.000000 0.000000 -1.000000 0.000000 0.000000 -1.000000 0.000000 0.000000 -1.000000 0.000000 0.000000 -1.000000 0.000000 0.000000 -1.000000 0.000000 0.000000 -1.000000 0.000000 0.000000 -1.000000 0.000000 0.000000 -1.000000 0.000000 0.000000 -1.000000 0.000000 0.000000 -1.000000 0.000000 0.000000 -1.000000 0.000000 0.000000 0.000000 0.974928 -0.222521 0.000000 0.974928 -0.222521 0.000000 0.974928 -0.222521 0.000000 0.974928 -0.222521 -1.000000 0.000000 0.000000 -1.000000 0.000000 0.000000 -1.000000 0.000000 0.000000 -1.000000 0.000000 0.000000 -1.000000 0.000000 0.000000 -1.000000 0.000000 0.000000 -1.000000 0.000000 0.000000 -1.000000 0.000000 0.000000 -1.000000 0.000000 0.000000 -1.000000 0.000000 0.000000 -1.000000 0.000000 0.000000 -1.000000 0.000000 0.000000 -1.000000 0.000000 0.000000 -1.000000 0.000000 0.000000 -1.000000 0.000000 0.000000 -1.000000 0.000000 0.000000 -1.000000 0.000000 0.000000 -1.000000 0.000000 0.000000 -1.000000 0.000000 0.000000 -1.000000 0.000000 0.000000 -1.000000 0.000000 0.000000 -1.000000 0.000000 0.000000 -1.000000 0.000000 0.000000 -1.000000 0.000000 0.000000 -0.000000 -0.974928 0.222521 -0.000000 -0.974928 0.222521 -0.000000 -0.974928 0.222521 -0.000000 -0.974928 0.222521 0.000000 0.974928 -0.222521 -0.000000 0.918050 -0.396465 0.000000 0.974928 -0.222521 -0.000000 0.893346 -0.449370 -0.000000 0.826725 -0.562607 -0.000000 0.759845 -0.650104 -0.000000 0.702123 -0.712056 -0.000000 0.582185 -0.813056 -0.000000 0.551025 -0.834489 -0.000000 0.370691 -0.928756 -0.000000 0.381529 -0.924357 -0.000000 0.187220 -0.982318 -0.000000 0.137654 -0.990480 -0.000000 -0.019986 -0.999800 -0.000000 -0.103384 -0.994642 -0.000000 -0.222521 -0.974928 -0.000000 -0.338413 -0.940998 -0.000000 -0.415791 -0.909460 -0.000000 -0.553775 -0.832666 -0.000000 -0.594891 -0.803806 -0.000000 -0.736953 -0.675944 -0.000000 -0.744809 -0.667277 -0.000000 -0.858527 -0.512768 -0.000000 -0.877303 -0.479937 -0.000000 -0.941540 -0.336900 -0.000000 -0.966666 -0.256039 -0.000000 -0.988959 -0.148189 -0.000000 -0.999851 -0.017261 -0.000000 -0.999154 0.041124 -0.000000 -0.974928 0.222521 -0.000000 -0.974928 0.222521 -0.000000 0.399892 -0.916562 -0.000000 0.399892 -0.916562 -0.000000 0.623490 -0.781831 -0.000000 0.623490 -0.781831 -0.000000 0.804598 -0.593820 -0.000000 0.804598 -0.593820 -0.000000 0.930874 -0.365341 -0.000000 0.930874 -0.365341 0.000000 0.993712 -0.111964 0.000000 0.993712 -0.111964 0.000000 0.988831 0.149042 0.000000 0.988831 0.149042 0.000000 0.916562 0.399892 0.000000 0.916562 0.399892 0.000000 0.781831 0.623490 0.000000 0.781831 0.623490 0.000000 0.593820 0.804598 0.000000 0.593820 0.804598 0.000000 0.365341 0.930874 0.000000 0.365341 0.930874 0.000000 0.111964 0.993712 0.000000 0.111964 0.993712 0.000000 -0.149042 0.988831 0.000000 -0.149042 0.988831 0.000000 -0.399892 0.916562 0.000000 -0.399892 0.916562 0.000000 -0.623490 0.781831 0.000000 -0.623490 0.781831 0.000000 -0.804598 0.593820 0.000000 -0.804598 0.593820 0.000000 -0.930874 0.365341 0.000000 -0.930874 0.365341 -0.000000 -0.993712 0.111964 -0.000000 -0.993712 0.111964 -0.000000 -0.988831 -0.149042 -0.000000 -0.988831 -0.149042 -0.000000 -0.916562 -0.399892 -0.000000 -0.916562 -0.399892 -0.000000 -0.781831 -0.623490 -0.000000 -0.781831 -0.623490 -0.000000 -0.593820 -0.804598 -0.000000 -0.593820 -0.804598 -0.000000 -0.365341 -0.930874 -0.000000 -0.365341 -0.930874 -0.000000 -0.111964 -0.993712 -0.000000 -0.111964 -0.993712 -0.000000 0.149042 -0.988831 -0.000000 0.149042 -0.988831 0.000000 -0.804598 0.593820 0.000000 -0.804598 0.593820 0.000000 -0.623490 0.781831 0.000000 -0.623490 0.781831 0.000000 -0.399892 0.916562 0.000000 -0.399892 0.916562 0.000000 -0.149042 0.988831 0.000000 -0.149042 0.988831 0.000000 0.111964 0.993712 0.000000 0.111964 0.993712 0.000000 0.365341 0.930874 0.000000 0.365341 0.930874 0.000000 0.593820 0.804598 0.000000 0.593820 0.804598 0.000000 0.781831 0.623490 0.000000 0.781831 0.623490 0.000000 0.916562 0.399892 0.000000 0.916562 0.399892 0.000000 0.988831 0.149042 0.000000 0.988831 0.149042 0.000000 0.993712 -0.111964 0.000000 0.993712 -0.111964 -0.000000 0.930874 -0.365341 -0.000000 0.930874 -0.365341 -0.000000 0.804598 -0.593820 -0.000000 0.804598 -0.593820 -0.000000 0.623490 -0.781831 -0.000000 0.623490 -0.781831 -0.000000 0.399892 -0.916562 -0.000000 0.399892 -0.916562 -0.000000 0.149042 -0.988831 -0.000000 0.149042 -0.988831 -0.000000 -0.111964 -0.993712 -0.000000 -0.111964 -0.993712 -0.000000 -0.365341 -0.930874 -0.000000 -0.365341 -0.930874 -0.000000 -0.593820 -0.804598 -0.000000 -0.593820 -0.804598 -0.000000 -0.781831 -0.623490 -0.000000 -0.781831 -0.623490 -0.000000 -0.916562 -0.399892 -0.000000 -0.916562 -0.399892 -0.000000 -0.988831 -0.149042 -0.000000 -0.988831 -0.149042 -0.000000 -0.993712 0.111964 -0.000000 -0.993712 0.111964 0.000000 -0.930874 0.365341 0.000000 -0.930874 0.365341 -1.000000 0.000000 0.000000 -1.000000 0.000000 0.000000 -1.000000 0.000000 0.000000 -1.000000 0.000000 0.000000 -1.000000 0.000000 0.000000 -1.000000 0.000000 0.000000 -1.000000 0.000000 0.000000 -1.000000 0.000000 0.000000 -1.000000 0.000000 0.000000 -1.000000 0.000000 0.000000 -1.000000 0.000000 0.000000 -1.000000 0.000000 0.000000 -1.000000 0.000000 0.000000 -1.000000 0.000000 0.000000 -1.000000 0.000000 0.000000 -1.000000 0.000000 0.000000 -1.000000 0.000000 0.000000 -1.000000 0.000000 0.000000 -1.000000 0.000000 0.000000 -1.000000 0.000000 0.000000 -1.000000 0.000000 0.000000 -1.000000 0.000000 0.000000 -1.000000 0.000000 0.000000 -1.000000 0.000000 0.000000 -1.000000 0.000000 0.000000 -1.000000 0.000000 0.000000 -1.000000 0.000000 0.000000 -1.000000 0.000000 0.000000 -1.000000 0.000000 0.000000 -1.000000 0.000000 0.000000 -1.000000 0.000000 0.000000 -1.000000 0.000000 0.000000 -1.000000 0.000000 0.000000 -1.000000 0.000000 0.000000 -1.000000 0.000000 0.000000 -1.000000 0.000000 0.000000 -1.000000 0.000000 0.000000 -1.000000 0.000000 0.000000 -1.000000 0.000000 0.000000 -1.000000 0.000000 0.000000 -1.000000 0.000000 0.000000 -1.000000 0.000000 0.000000 -1.000000 0.000000 0.000000 -1.000000 0.000000 0.000000 -1.000000 0.000000 0.000000 -1.000000 0.000000 0.000000 -1.000000 0.000000 0.000000 -1.000000 0.000000 0.000000 -1.000000 0.000000 0.000000 -1.000000 0.000000 0.000000 -1.000000 0.000000 0.000000 -1.000000 0.000000 0.000000 -1.000000 0.000000 0.000000 -1.000000 0.000000 0.000000 -1.000000 0.000000 0.000000 -1.000000 0.000000 0.000000 -1.000000 0.000000 0.000000 -1.000000 0.000000 0.000000 -1.000000 0.000000 0.000000 -1.000000 0.000000 0.000000 -1.000000 0.000000 0.000000 -1.000000 0.000000 0.000000 -1.000000 0.000000 0.000000 -1.000000 0.000000 0.000000 -1.000000 0.000000 0.000000 -1.000000 0.000000 0.000000 -1.000000 0.000000 0.000000 -1.000000 0.000000 0.000000 -1.000000 0.000000 0.000000 -1.000000 0.000000 0.000000 -1.000000 0.000000 0.000000 -1.000000 0.000000 0.000000 -1.000000 0.000000 0.000000 -1.000000 0.000000 0.000000 -1.000000 0.000000 0.000000 -1.000000 0.000000 0.000000 -1.000000 0.000000 0.000000 -1.000000 0.000000 0.000000 -1.000000 0.000000 0.000000 -1.000000 0.000000 0.000000 -1.000000 0.000000 0.000000 -1.000000 0.000000 0.000000 -1.000000 0.000000 0.000000 -1.000000 0.000000 0.000000 -1.000000 0.000000 0.000000 -1.000000 0.000000 0.000000 -1.000000 0.000000 0.000000 -1.000000 0.000000 0.000000 -1.000000 0.000000 0.000000 -1.000000 0.000000 0.000000 0.000000 0.781831 0.623490 0.000000 0.781831 0.623490 0.000000 0.781831 0.623490 0.000000 0.781831 0.623490 -1.000000 0.000000 0.000000 -1.000000 0.000000 0.000000 -1.000000 0.000000 0.000000 -1.000000 0.000000 0.000000 -1.000000 0.000000 0.000000 -1.000000 0.000000 0.000000 -1.000000 0.000000 0.000000 -1.000000 0.000000 0.000000 -1.000000 0.000000 0.000000 -1.000000 0.000000 0.000000 -1.000000 0.000000 0.000000 -1.000000 0.000000 0.000000 -1.000000 0.000000 0.000000 -1.000000 0.000000 0.000000 -1.000000 0.000000 0.000000 -1.000000 0.000000 0.000000 -1.000000 0.000000 0.000000 -1.000000 0.000000 0.000000 -1.000000 0.000000 0.000000 -1.000000 0.000000 0.000000 -1.000000 0.000000 0.000000 -1.000000 0.000000 0.000000 -1.000000 0.000000 0.000000 -1.000000 0.000000 0.000000 -0.000000 -0.781831 -0.623490 -0.000000 -0.781831 -0.623490 -0.000000 -0.781831 -0.623490 -0.000000 -0.781831 -0.623490 0.000000 0.781831 0.623490 0.000000 0.882364 0.470568 0.000000 0.781831 0.623490 0.000000 0.908324 0.418268 0.000000 0.955318 0.295580 0.000000 0.982028 0.188738 0.000000 0.994474 0.104982 0.000000 0.998659 -0.051761 0.000000 0.995988 -0.089487 0.000000 0.957253 -0.289252 0.000000 0.960571 -0.278036 -0.000000 0.884737 -0.466091 -0.000000 0.860214 -0.509933 -0.000000 0.769214 -0.638991 -0.000000 0.713183 -0.700978 -0.000000 0.623490 -0.781831 -0.000000 0.524704 -0.851284 -0.000000 0.451804 -0.892117 -0.000000 0.305732 -0.952118 -0.000000 0.257532 -0.966270 -0.000000 0.068991 -0.997617 -0.000000 0.057318 -0.998356 -0.000000 -0.134385 -0.990929 -0.000000 -0.171759 -0.985139 -0.000000 -0.323641 -0.946180 -0.000000 -0.402527 -0.915408 -0.000000 -0.500747 -0.865594 -0.000000 -0.609902 -0.792477 -0.000000 -0.655115 -0.755530 -0.000000 -0.781831 -0.623490 -0.000000 -0.781831 -0.623490 0.000000 0.965926 -0.258819 0.000000 0.965926 -0.258819 0.000000 1.000000 -0.000000 0.000000 1.000000 -0.000000 0.000000 0.965926 0.258819 0.000000 0.965926 0.258819 0.000000 0.866025 0.500000 0.000000 0.866025 0.500000 0.000000 0.707107 0.707107 0.000000 0.707107 0.707107 0.000000 0.500000 0.866025 0.000000 0.500000 0.866025 0.000000 0.258819 0.965926 0.000000 0.258819 0.965926 0.000000 -0.000000 1.000000 0.000000 -0.000000 1.000000 0.000000 -0.258819 0.965926 0.000000 -0.258819 0.965926 0.000000 -0.500000 0.866025 0.000000 -0.500000 0.866025 0.000000 -0.707107 0.707107 0.000000 -0.707107 0.707107 0.000000 -0.866025 0.500000 0.000000 -0.866025 0.500000 -0.000000 -0.965926 0.258819 -0.000000 -0.965926 0.258819 -0.000000 -1.000000 0.000000 -0.000000 -1.000000 0.000000 -0.000000 -0.965926 -0.258819 -0.000000 -0.965926 -0.258819 -0.000000 -0.866025 -0.500000 -0.000000 -0.866025 -0.500000 -0.000000 -0.707107 -0.707107 -0.000000 -0.707107 -0.707107 -0.000000 -0.500000 -0.866025 -0.000000 -0.500000 -0.866025 -0.000000 -0.258819 -0.965926 -0.000000 -0.258819 -0.965926 -0.000000 -0.000000 -1.000000 -0.000000 -0.000000 -1.000000 -0.000000 0.258819 -0.965926 -0.000000 0.258819 -0.965926 -0.000000 0.500000 -0.866025 -0.000000 0.500000 -0.866025 -0.000000 0.707107 -0.707107 -0.000000 0.707107 -0.707107 -0.000000 0.866025 -0.500000 -0.000000 0.866025 -0.500000 -0.000000 -0.965926 -0.258819 -0.000000 -0.965926 -0.258819 -0.000000 -1.000000 -0.000000 -0.000000 -1.000000 -0.000000 -0.000000 -0.965926 0.258819 -0.000000 -0.965926 0.258819 0.000000 -0.866025 0.500000 0.000000 -0.866025 0.500000 0.000000 -0.707107 0.707107 0.000000 -0.707107 0.707107 0.000000 -0.500000 0.866025 0.000000 -0.500000 0.866025 0.000000 -0.258819 0.965926 0.000000 -0.258819 0.965926 0.000000 0.000000 1.000000 0.000000 0.000000 1.000000 0.000000 0.258819 0.965926 0.000000 0.258819 0.965926 0.000000 0.500000 0.866025 0.000000 0.500000 0.866025 0.000000 0.707107 0.707107 0.000000 0.707107 0.707107 0.000000 0.866025 0.500000 0.000000 0.866025 0.500000 0.000000 0.965926 0.258819 0.000000 0.965926 0.258819 0.000000 1.000000 -0.000000 0.000000 1.000000 -0.000000 0.000000 0.965926 -0.258819 0.000000 0.965926 -0.258819 -0.000000 0.866025 -0.500000 -0.000000 0.866025 -0.500000 -0.000000 0.707107 -0.707107 -0.000000 0.707107 -0.707107 -0.000000 0.500000 -0.866025 -0.000000 0.500000 -0.866025 -0.000000 0.258819 -0.965926 -0.000000 0.258819 -0.965926 -0.000000 0.000000 -1.000000 -0.000000 0.000000 -1.000000 -0.000000 -0.258819 -0.965926 -0.000000 -0.258819 -0.965926 -0.000000 -0.500000 -0.866025 -0.000000 -0.500000 -0.866025 -0.000000 -0.707107 -0.707107 -0.000000 -0.707107 -0.707107 -0.000000 -0.866025 -0.500000 -0.000000 -0.866025 -0.500000 -1.000000 0.000000 0.000000 -1.000000 0.000000 0.000000 -1.000000 0.000000 0.000000 -1.000000 0.000000 0.000000 -1.000000 0.000000 0.000000 -1.000000 0.000000 0.000000 -1.000000 0.000000 0.000000 -1.000000 0.000000 0.000000 -1.000000 0.000000 0.000000 -1.000000 0.000000 0.000000 -1.000000 0.000000 0.000000 -1.000000 0.000000 0.000000 -1.000000 0.000000 0.000000 -1.000000 0.000000 0.000000 -1.000000 0.000000 0.000000 -1.000000 0.000000 0.000000 -1.000000 0.000000 0.000000 -1.000000 0.000000 0.000000 -1.000000 0.000000 0.000000 -1.000000 0.000000 0.000000 -1.000000 0.000000 0.000000 -1.000000 0.000000 0.000000 -1.000000 0.000000 0.000000 -1.000000 0.000000 0.000000 -1.000000 0.000000 0.000000 -1.000000 0.000000 0.000000 -1.000000 0.000000 0.000000 -1.000000 0.000000 0.000000 -1.000000 0.000000 0.000000 -1.000000 0.000000 0.000000 -1.000000 0.000000 0.000000 -1.000000 0.000000 0.000000 -1.000000 0.000000 0.000000 -1.000000 0.000000 0.000000 -1.000000 0.000000 0.000000 -1.000000 0.000000 0.000000 -1.000000 0.000000 0.000000 -1.000000 0.000000 0.000000 -1.000000 0.000000 0.000000 -1.000000 0.000000 0.000000 -1.000000 0.000000 0.000000 -1.000000 0.000000 0.000000 -1.000000 0.000000 0.000000 -1.000000 0.000000 0.000000 -1.000000 0.000000 0.000000 -1.000000 0.000000 0.000000 -1.000000 0.000000 0.000000 -1.000000 0.000000 0.000000 -1.000000 0.000000 0.000000 -1.000000 0.000000 0.000000 -1.000000 0.000000 0.000000 -1.000000 0.000000 0.000000 -1.000000 0.000000 0.000000 -1.000000 0.000000 0.000000 -1.000000 0.000000 0.000000 -1.000000 0.000000 0.000000 -1.000000 0.000000 0.000000 -1.000000 0.000000 0.000000 -1.000000 0.000000 0.000000 -1.000000 0.000000 0.000000 -1.000000 0.000000 0.000000 -1.000000 0.000000 0.000000 -1.000000 0.000000 0.000000 -1.000000 0.000000 0.000000 -1.000000 0.000000 0.000000 -1.000000 0.000000 0.000000 -1.000000 0.000000 0.000000 -1.000000 0.000000 0.000000 -1.000000 0.000000 0.000000 -1.000000 0.000000 0.000000 -1.000000 0.000000 0.000000 -1.000000 0.000000 0.000000 -1.000000 0.000000 0.000000 -1.000000 0.000000 0.000000 -1.000000 0.000000 0.000000 -1.000000 0.000000 0.000000 -1.000000 0.000000 0.000000 -1.000000 0.000000 0.000000 -1.000000 0.000000 0.000000 -1.000000 0.000000 0.000000 -1.000000 0.000000 0.000000 -1.000000 0.000000 0.000000 -1.000000 0.000000 0.000000 -1.000000 0.000000 0.000000 -1.000000 0.000000 0.000000 -1.000000 0.000000 0.000000 -1.000000 0.000000 0.000000 -1.000000 0.000000 0.000000 -1.000000 0.000000 0.000000 -1.000000 0.000000 0.000000 0.000000 0.000000 1.000000 0.000000 0.000000 1.000000 0.000000 0.000000 1.000000 0.000000 0.000000 1.000000 -1.000000 0.000000 0.000000 -1.000000 0.000000 0.000000 -1.000000 0.000000 0.000000 -1.000000 0.000000 0.000000 -1.000000 0.000000 0.000000 -1.000000 0.000000 0.000000 -1.000000 0.000000 0.000000 -1.000000 0.000000 0.000000 -1.000000 0.000000 0.000000 -1.000000 0.000000 0.000000 -1.000000 0.000000 0.000000 -1.000000 0.000000 0.000000 -1.000000 0.000000 0.000000 -1.000000 0.000000 0.000000 -1.000000 0.000000 0.000000 -1.000000 0.000000 0.000000 -1.000000 0.000000 0.000000 -1.000000 0.000000 0.000000 -1.000000 0.000000 0.000000 -1.000000 0.000000 0.000000 -1.000000 0.000000 0.000000 -1.000000 0.000000 0.000000 -1.000000 0.000000 0.000000 -1.000000 0.000000 0.000000 -0.000000 0.000000 -1.000000 -0.000000 0.000000 -1.000000 -0.000000 0.000000 -1.000000 -0.000000 0.000000 -1.000000 0.000000 -0.000000 1.000000 0.000000 0.182240 0.983254 0.000000 -0.000000 1.000000 0.000000 0.239316 0.970942 0.000000 0.364538 0.931189 0.000000 0.464723 0.885456 0.000000 0.537966 0.842967 0.000000 0.663123 0.748511 0.000000 0.690952 0.722901 0.000000 0.822984 0.568065 0.000000 0.816283 0.577652 0.000000 0.916029 0.401112 0.000000 0.935016 0.354605 0.000000 0.979180 0.202992 0.000000 0.992709 0.120537 0.000000 1.000000 -0.000000 0.000000 0.992709 -0.120537 0.000000 0.979180 -0.202992 -0.000000 0.935016 -0.354605 -0.000000 0.916029 -0.401112 -0.000000 0.822984 -0.568065 -0.000000 0.816283 -0.577652 -0.000000 0.690952 -0.722901 -0.000000 0.663123 -0.748511 -0.000000 0.537966 -0.842967 -0.000000 0.464723 -0.885456 -0.000000 0.364538 -0.931189 -0.000000 0.239316 -0.970942 -0.000000 0.182240 -0.983254 -0.000000 0.000000 -1.000000 -0.000000 0.000000 -1.000000 -0.906308 -0.166894 0.388269 -0.906308 -0.146639 0.396363 -0.906308 -0.166894 0.388269 -0.906308 -0.145064 0.396942 -0.906308 -0.125993 0.403401 -0.906308 -0.122785 0.404388 -0.906308 -0.105011 0.409364 -0.906308 -0.100127 0.410586 -0.906308 -0.083749 0.414237 -0.906308 -0.077160 0.415515 -0.906308 -0.062265 0.418006 -0.906308 -0.053954 0.419160 -0.906308 -0.040614 0.420662 -0.906308 -0.030582 0.421510 -0.906308 -0.018856 0.422197 -0.906308 -0.007115 0.422558 -0.906308 0.002953 0.422608 -0.906308 0.016374 0.422301 -0.906308 0.024754 0.421893 -0.906308 0.039812 0.420739 -0.906308 0.046489 0.420054 -0.906308 0.063127 0.417877 -0.906308 0.068100 0.417095 -0.906308 0.086247 0.413724 -0.906308 0.089530 0.413026 -0.906308 0.109101 0.408293 -0.906308 0.110721 0.407857 -0.906308 0.131618 0.401601 -0.906308 0.131618 0.401601 -0.906308 0.298489 0.299183 -0.906308 0.298375 0.299297 -0.906308 0.317739 0.278654 -0.906308 0.296765 0.300893 -0.906308 0.295219 0.302410 -0.906308 0.338353 0.253227 -0.906308 0.325440 0.269620 -0.906308 0.297246 0.300418 -0.906308 0.297399 0.300267 -0.906308 0.294950 0.302673 -0.906308 0.291141 0.306338 -0.906308 0.286105 0.311046 -0.906308 0.279548 0.316953 -0.906308 0.266151 0.328283 -0.906308 0.271771 0.323646 -0.906308 0.263498 0.330416 -0.906308 0.255057 0.336975 -0.906308 0.246801 0.343068 -0.906308 0.232458 0.352944 -0.906308 0.239583 0.348146 -0.906308 0.233873 0.352008 -0.906308 0.229451 0.354906 -0.906308 0.226561 0.356758 -0.906308 0.196496 0.374160 -0.906308 0.225262 0.357580 -0.906308 0.200964 0.371779 -0.906308 0.225398 0.357494 -0.906308 0.229136 0.355110 -0.906308 0.227313 0.356280 -0.906308 0.350457 0.236191 -0.906308 0.356936 0.226280 -0.906308 0.372053 0.200456 -0.906308 0.373379 0.197976 -0.906308 0.387582 0.168484 -0.906308 0.390018 0.162764 -0.906308 0.399459 0.137981 -0.906308 0.404176 0.123484 -0.906308 0.408940 0.106650 -0.906308 0.414388 0.082999 -0.906308 0.415968 0.074680 -0.906308 0.420016 0.046831 -0.906308 0.420033 0.046670 -0.906308 0.420500 0.042262 -0.906308 0.420278 0.044417 -0.906308 0.420556 0.041703 -0.906308 0.420183 0.045303 -0.906308 0.420537 0.041888 -0.906308 0.421028 0.036625 -0.906308 0.421570 0.029752 -0.906308 0.422099 0.020942 -0.906308 0.422618 0.000000 -0.906308 0.422483 0.010689 -0.906308 0.422618 0.000000 -0.906308 0.422483 -0.010689 -0.906308 0.422099 -0.020942 -0.906308 0.420556 -0.041703 -0.906308 0.421570 -0.029752 -0.906308 0.421028 -0.036625 -0.906308 0.420537 -0.041888 -0.906308 0.420183 -0.045303 -0.906308 0.420016 -0.046831 -0.906308 0.415968 -0.074680 -0.906308 0.420033 -0.046670 -0.906308 0.420278 -0.044417 -0.906308 0.420500 -0.042262 -0.906308 0.414388 -0.082999 -0.906308 0.408940 -0.106650 -0.906308 0.404176 -0.123484 -0.906308 0.399459 -0.137981 -0.906308 0.390018 -0.162764 -0.906308 0.387582 -0.168484 -0.906308 0.372053 -0.200456 -0.906308 0.373379 -0.197976 -0.906308 0.356936 -0.226280 -0.906308 0.350457 -0.236191 -0.906308 0.338353 -0.253227 -0.906308 0.325440 -0.269620 -0.906308 0.317739 -0.278654 -0.906308 0.298489 -0.299183 -0.906308 0.298375 -0.299297 -0.906308 0.295219 -0.302410 -0.906308 0.296765 -0.300893 -0.906308 0.297246 -0.300418 -0.906308 0.297399 -0.300267 -0.906308 0.294950 -0.302673 -0.906308 0.291141 -0.306338 -0.906308 0.286105 -0.311046 -0.906308 0.279548 -0.316953 -0.906308 0.266151 -0.328283 -0.906308 0.271771 -0.323646 -0.906308 0.263498 -0.330416 -0.906308 0.255057 -0.336975 -0.906308 0.246801 -0.343068 -0.906308 0.232458 -0.352944 -0.906308 0.239583 -0.348146 -0.906308 0.233873 -0.352008 -0.906308 0.229451 -0.354906 -0.906308 0.226561 -0.356758 -0.906308 0.225262 -0.357580 -0.906308 0.225398 -0.357494 -0.906308 0.200964 -0.371779 -0.906308 0.196496 -0.374160 -0.906308 0.227313 -0.356280 -0.906308 0.229136 -0.355110 -0.906308 0.171587 -0.386218 -0.906308 0.158616 -0.391723 -0.906308 0.141181 -0.398339 -0.906308 0.119188 -0.405463 -0.906308 0.109927 -0.408071 -0.906308 0.078596 -0.415245 -0.906308 0.078014 -0.415355 -0.906308 0.045633 -0.420147 -0.906308 0.037237 -0.420975 -0.906308 0.012979 -0.422419 -0.906308 -0.004485 -0.422594 -0.906308 -0.019754 -0.422156 -0.906308 -0.047806 -0.419906 -0.906308 -0.047966 -0.419887 -0.906308 -0.052368 -0.419361 -0.906308 -0.050218 -0.419624 -0.906308 -0.046163 -0.420089 -0.906308 -0.049333 -0.419729 -0.906308 -0.052741 -0.419314 -0.906308 -0.057981 -0.418622 -0.906308 -0.064802 -0.417621 -0.906308 -0.073508 -0.416176 -0.906308 -0.087391 -0.413484 -0.906308 -0.083590 -0.414269 -0.906308 -0.094041 -0.412022 -0.906308 -0.104433 -0.409512 -0.906308 -0.127766 -0.402842 -0.906308 -0.114343 -0.406856 -0.906308 -0.122814 -0.404380 -0.906308 -0.129394 -0.402322 -0.906308 -0.134416 -0.400673 -0.906308 -0.137666 -0.399567 -0.906308 -0.166894 -0.388269 -0.906308 -0.139119 -0.399064 -0.906308 -0.156299 -0.392653 -0.906308 -0.145589 -0.396749 -0.906308 -0.138966 -0.399117 -0.906308 -0.136824 -0.399857 -0.906308 -0.134772 -0.400553 -0.906308 -0.166894 -0.388269 -0.906308 0.171587 0.386218 -0.906308 0.158616 0.391723 -0.906308 0.141181 0.398339 -0.906308 0.119188 0.405463 -0.906308 0.109927 0.408071 -0.906308 0.078596 0.415245 -0.906308 0.078014 0.415355 -0.906308 0.045633 0.420147 -0.906308 0.037237 0.420975 -0.906308 0.012979 0.422419 -0.906308 -0.004485 0.422594 -0.906308 -0.019754 0.422156 -0.906308 -0.046163 0.420089 -0.906308 -0.047806 0.419906 -0.906308 -0.049333 0.419729 -0.906308 -0.052741 0.419314 -0.906308 -0.057981 0.418622 -0.906308 -0.064802 0.417621 -0.906308 -0.087391 0.413484 -0.906308 -0.073508 0.416176 -0.906308 -0.083590 0.414269 -0.906308 -0.094041 0.412022 -0.906308 -0.104433 0.409512 -0.906308 -0.127766 0.402842 -0.906308 -0.114343 0.406856 -0.906308 -0.122814 0.404380 -0.906308 -0.129394 0.402322 -0.906308 -0.134416 0.400673 -0.906308 -0.137666 0.399567 -0.906308 -0.139119 0.399064 -0.906308 -0.156299 0.392653 -0.906308 -0.145589 0.396749 -0.906308 -0.138966 0.399117 -0.906308 -0.134772 0.400553 -0.906308 -0.136824 0.399857 -0.906308 -0.047966 0.419887 -0.906308 -0.050218 0.419624 -0.906308 -0.052368 0.419361 -0.906308 0.131618 -0.401601 -0.906308 0.110721 -0.407857 -0.906308 0.131618 -0.401601 -0.906308 0.109101 -0.408293 -0.906308 0.089530 -0.413026 -0.906308 0.086247 -0.413724 -0.906308 0.068100 -0.417095 -0.906308 0.063127 -0.417877 -0.906308 0.046489 -0.420054 -0.906308 0.039812 -0.420739 -0.906308 0.024754 -0.421893 -0.906308 0.016374 -0.422301 -0.906308 0.002953 -0.422608 -0.906308 -0.007115 -0.422558 -0.906308 -0.018856 -0.422197 -0.906308 -0.030582 -0.421510 -0.906308 -0.040614 -0.420662 -0.906308 -0.053954 -0.419160 -0.906308 -0.062265 -0.418006 -0.906308 -0.077160 -0.415515 -0.906308 -0.083749 -0.414237 -0.906308 -0.100127 -0.410586 -0.906308 -0.105011 -0.409364 -0.906308 -0.122785 -0.404388 -0.906308 -0.125993 -0.403401 -0.906308 -0.145064 -0.396942 -0.906308 -0.146639 -0.396363 -0.906308 -0.133011 -0.401141 -0.906308 -0.148396 -0.395708 -0.906308 -0.174762 -0.384792 -0.906308 -0.181239 -0.381783 -0.906308 -0.190641 -0.377177 -0.906308 -0.212791 -0.365138 -0.906308 -0.205212 -0.369451 -0.906308 -0.218594 -0.361694 -0.906308 -0.230895 -0.353969 -0.906308 -0.242827 -0.345892 -0.906308 -0.242213 -0.346322 -0.906308 -0.252638 -0.338792 -0.906308 -0.271133 -0.324181 -0.906308 -0.262254 -0.331405 -0.906308 -0.114495 -0.406813 -0.906308 -0.089763 -0.412976 -0.906308 -0.079778 -0.415020 -0.906308 -0.045504 -0.420161 -0.906308 -0.044493 -0.420270 -0.906308 -0.008891 -0.422525 -0.906308 -0.000734 -0.422618 -0.906308 0.026774 -0.421769 -0.906308 0.044045 -0.420317 -0.906308 0.062249 -0.418009 -0.906308 0.088329 -0.413285 -0.906308 0.097280 -0.411270 -0.906308 -0.422618 0.000000 -0.906308 -0.422618 0.000000 -0.906308 -0.422618 0.000000 -0.906308 -0.422618 0.000000 -0.906308 -0.422618 0.000000 -0.906308 -0.422618 0.000000 -0.906308 -0.422618 0.000000 -0.906308 -0.422618 0.000000 -0.906308 -0.422618 0.000000 -0.906308 -0.422618 0.000000 -0.906308 -0.422618 0.000000 -0.906308 -0.422618 0.000000 -0.906308 -0.422618 0.000000 -0.906308 -0.422618 0.000000 -0.906308 -0.422618 0.000000 -0.906308 -0.422618 0.000000 -0.906308 -0.422618 0.000000 -0.906308 -0.422618 0.000000 -0.906308 0.097280 0.411270 -0.906308 0.088329 0.413285 -0.906308 0.062249 0.418009 -0.906308 0.044045 0.420317 -0.906308 0.026774 0.421769 -0.906308 -0.000734 0.422618 -0.906308 -0.008891 0.422525 -0.906308 -0.045504 0.420161 -0.906308 -0.044493 0.420270 -0.906308 -0.079778 0.415020 -0.906308 -0.089763 0.412976 -0.906308 -0.114495 0.406813 -0.906308 -0.133011 0.401141 -0.906308 -0.148396 0.395708 -0.906308 -0.174762 0.384792 -0.906308 -0.181239 0.381783 -0.906308 -0.190641 0.377177 -0.906308 -0.205212 0.369451 -0.906308 -0.212791 0.365138 -0.906308 -0.218594 0.361694 -0.906308 -0.230895 0.353969 -0.906308 -0.242827 0.345892 -0.906308 -0.242213 0.346322 -0.906308 -0.252638 0.338792 -0.906308 -0.262254 0.331405 -0.906308 -0.271133 0.324181 -1.000000 0.000000 0.000000 -1.000000 0.000000 0.000000 -1.000000 0.000000 0.000000 -1.000000 0.000000 0.000000 -1.000000 0.000000 0.000000 -1.000000 0.000000 0.000000 -1.000000 0.000000 0.000000 -1.000000 0.000000 0.000000 -1.000000 0.000000 0.000000 -1.000000 0.000000 0.000000 -1.000000 0.000000 0.000000 -1.000000 0.000000 0.000000 -1.000000 0.000000 0.000000 -1.000000 0.000000 0.000000 -1.000000 0.000000 0.000000 -1.000000 0.000000 0.000000 -1.000000 0.000000 0.000000 -1.000000 0.000000 0.000000 -1.000000 0.000000 0.000000 -1.000000 0.000000 0.000000 -1.000000 0.000000 0.000000 -1.000000 0.000000 0.000000 -1.000000 0.000000 0.000000 -1.000000 0.000000 0.000000 -1.000000 0.000000 0.000000 -1.000000 0.000000 0.000000 -1.000000 0.000000 0.000000 -1.000000 0.000000 0.000000 -1.000000 0.000000 0.000000 -1.000000 0.000000 0.000000 -1.000000 0.000000 0.000000 -1.000000 0.000000 0.000000 -1.000000 0.000000 0.000000 -1.000000 0.000000 0.000000 -1.000000 0.000000 0.000000 -1.000000 0.000000 0.000000 -1.000000 0.000000 0.000000 -1.000000 0.000000 0.000000 -1.000000 0.000000 0.000000 -1.000000 0.000000 0.000000 -1.000000 0.000000 0.000000 -1.000000 0.000000 0.000000 -1.000000 0.000000 0.000000 -1.000000 0.000000 0.000000 -1.000000 0.000000 0.000000 -1.000000 0.000000 0.000000 -1.000000 0.000000 0.000000 -1.000000 0.000000 0.000000 -1.000000 0.000000 0.000000 -1.000000 0.000000 0.000000 -1.000000 0.000000 0.000000 -1.000000 0.000000 0.000000 -1.000000 0.000000 0.000000 -1.000000 0.000000 0.000000 -1.000000 0.000000 0.000000 -1.000000 0.000000 0.000000 -1.000000 0.000000 0.000000 -1.000000 0.000000 0.000000 -1.000000 0.000000 0.000000 -1.000000 0.000000 0.000000 -1.000000 0.000000 0.000000 -1.000000 0.000000 0.000000 -1.000000 0.000000 0.000000 -1.000000 0.000000 0.000000 -1.000000 0.000000 0.000000 -1.000000 0.000000 0.000000 -1.000000 0.000000 0.000000 -1.000000 0.000000 0.000000 -1.000000 0.000000 0.000000 -1.000000 0.000000 0.000000 -1.000000 0.000000 0.000000 -1.000000 0.000000 0.000000 -1.000000 0.000000 0.000000 -1.000000 0.000000 0.000000 -1.000000 0.000000 0.000000 -1.000000 0.000000 0.000000 -1.000000 0.000000 0.000000 -1.000000 0.000000 0.000000 -1.000000 0.000000 0.000000 -1.000000 0.000000 0.000000 -1.000000 0.000000 0.000000 -1.000000 0.000000 0.000000 -1.000000 0.000000 0.000000 1.000000 -0.000000 -0.000000 1.000000 -0.000000 -0.000000 1.000000 -0.000000 -0.000000 1.000000 -0.000000 -0.000000 1.000000 -0.000000 -0.000000 1.000000 -0.000000 -0.000000 1.000000 -0.000000 -0.000000 1.000000 -0.000000 -0.000000 1.000000 -0.000000 -0.000000 1.000000 -0.000000 -0.000000 1.000000 -0.000000 -0.000000 1.000000 -0.000000 -0.000000 1.000000 -0.000000 -0.000000 1.000000 -0.000000 -0.000000 1.000000 -0.000000 -0.000000 1.000000 -0.000000 -0.000000 1.000000 -0.000000 -0.000000 1.000000 -0.000000 -0.000000 1.000000 -0.000000 -0.000000 1.000000 -0.000000 -0.000000 1.000000 -0.000000 -0.000000 1.000000 -0.000000 -0.000000 1.000000 -0.000000 -0.000000 1.000000 -0.000000 -0.000000 1.000000 -0.000000 -0.000000 1.000000 -0.000000 -0.000000 1.000000 -0.000000 -0.000000 1.000000 -0.000000 -0.000000 1.000000 -0.000000 -0.000000 1.000000 -0.000000 -0.000000 1.000000 -0.000000 -0.000000 1.000000 -0.000000 -0.000000 1.000000 -0.000000 -0.000000 1.000000 -0.000000 -0.000000 1.000000 -0.000000 -0.000000 1.000000 -0.000000 -0.000000 1.000000 -0.000000 -0.000000 1.000000 -0.000000 -0.000000 1.000000 -0.000000 -0.000000 1.000000 -0.000000 -0.000000 1.000000 -0.000000 -0.000000 1.000000 -0.000000 -0.000000 1.000000 -0.000000 -0.000000 1.000000 -0.000000 -0.000000 1.000000 -0.000000 -0.000000 1.000000 -0.000000 -0.000000 1.000000 -0.000000 -0.000000 1.000000 -0.000000 -0.000000 1.000000 -0.000000 -0.000000 1.000000 -0.000000 -0.000000 1.000000 -0.000000 -0.000000 1.000000 -0.000000 -0.000000 1.000000 -0.000000 -0.000000 1.000000 -0.000000 -0.000000 1.000000 -0.000000 -0.000000 1.000000 -0.000000 -0.000000 1.000000 -0.000000 -0.000000 1.000000 -0.000000 -0.000000 1.000000 -0.000000 -0.000000 1.000000 -0.000000 -0.000000 1.000000 -0.000000 -0.000000 1.000000 -0.000000 -0.000000 1.000000 -0.000000 -0.000000 1.000000 -0.000000 -0.000000 1.000000 -0.000000 -0.000000 1.000000 -0.000000 -0.000000 1.000000 -0.000000 -0.000000 1.000000 -0.000000 -0.000000 1.000000 -0.000000 -0.000000 1.000000 -0.000000 -0.000000 1.000000 -0.000000 -0.000000 1.000000 -0.000000 -0.000000 1.000000 -0.000000 -0.000000 1.000000 -0.000000 -0.000000 1.000000 -0.000000 -0.000000 1.000000 -0.000000 -0.000000 1.000000 -0.000000 -0.000000 1.000000 -0.000000 -0.000000 1.000000 -0.000000 -0.000000 1.000000 -0.000000 -0.000000 1.000000 -0.000000 -0.000000 1.000000 -0.000000 -0.000000 1.000000 -0.000000 -0.000000 1.000000 -0.000000 -0.000000 1.000000 -0.000000 -0.000000 1.000000 -0.000000 -0.000000 1.000000 -0.000000 -0.000000 1.000000 -0.000000 -0.000000 1.000000 -0.000000 -0.000000 1.000000 -0.000000 -0.000000 1.000000 -0.000000 -0.000000 1.000000 -0.000000 -0.000000 1.000000 -0.000000 -0.000000 1.000000 -0.000000 -0.000000 1.000000 -0.000000 -0.000000 1.000000 -0.000000 -0.000000 1.000000 -0.000000 -0.000000 1.000000 -0.000000 -0.000000 1.000000 -0.000000 -0.000000 1.000000 -0.000000 -0.000000 1.000000 -0.000000 -0.000000 1.000000 -0.000000 -0.000000 1.000000 -0.000000 -0.000000 1.000000 -0.000000 -0.000000 1.000000 -0.000000 -0.000000 1.000000 -0.000000 -0.000000 1.000000 -0.000000 -0.000000 1.000000 -0.000000 -0.000000 1.000000 -0.000000 -0.000000 1.000000 -0.000000 -0.000000 1.000000 -0.000000 -0.000000 1.000000 -0.000000 -0.000000 1.000000 -0.000000 -0.000000 1.000000 -0.000000 -0.000000 1.000000 -0.000000 -0.000000 1.000000 -0.000000 -0.000000 1.000000 -0.000000 -0.000000 1.000000 -0.000000 -0.000000 1.000000 -0.000000 -0.000000 1.000000 -0.000000 -0.000000 1.000000 -0.000000 -0.000000 1.000000 -0.000000 -0.000000 1.000000 -0.000000 -0.000000 1.000000 -0.000000 -0.000000 1.000000 -0.000000 -0.000000 1.000000 -0.000000 -0.000000 1.000000 -0.000000 -0.000000 1.000000 -0.000000 -0.000000 1.000000 -0.000000 -0.000000 1.000000 -0.000000 -0.000000 1.000000 -0.000000 -0.000000 1.000000 -0.000000 -0.000000 1.000000 -0.000000 -0.000000 1.000000 -0.000000 -0.000000 1.000000 -0.000000 -0.000000 1.000000 -0.000000 -0.000000 1.000000 -0.000000 -0.000000 1.000000 -0.000000 -0.000000 1.000000 -0.000000 -0.000000 1.000000 -0.000000 -0.000000 1.000000 -0.000000 -0.000000 1.000000 -0.000000 -0.000000 1.000000 -0.000000 -0.000000 1.000000 -0.000000 -0.000000 1.000000 -0.000000 -0.000000 1.000000 -0.000000 -0.000000 1.000000 -0.000000 -0.000000 1.000000 -0.000000 -0.000000 1.000000 -0.000000 -0.000000 1.000000 -0.000000 -0.000000 1.000000 -0.000000 -0.000000 1.000000 -0.000000 -0.000000 1.000000 -0.000000 -0.000000 1.000000 -0.000000 -0.000000 1.000000 -0.000000 -0.000000 1.000000 -0.000000 -0.000000 1.000000 -0.000000 -0.000000 1.000000 -0.000000 -0.000000 1.000000 -0.000000 -0.000000 1.000000 -0.000000 -0.000000 1.000000 -0.000000 -0.000000 1.000000 -0.000000 -0.000000 1.000000 -0.000000 -0.000000 1.000000 -0.000000 -0.000000 1.000000 -0.000000 -0.000000 1.000000 -0.000000 -0.000000 1.000000 -0.000000 -0.000000 1.000000 -0.000000 -0.000000 1.000000 -0.000000 -0.000000 1.000000 -0.000000 -0.000000 1.000000 -0.000000 -0.000000 1.000000 -0.000000 -0.000000 1.000000 -0.000000 -0.000000 1.000000 -0.000000 -0.000000 1.000000 -0.000000 -0.000000 1.000000 -0.000000 -0.000000 1.000000 -0.000000 -0.000000 1.000000 -0.000000 -0.000000 1.000000 -0.000000 -0.000000 1.000000 -0.000000 -0.000000 1.000000 -0.000000 -0.000000 1.000000 -0.000000 -0.000000 1.000000 -0.000000 -0.000000 1.000000 -0.000000 -0.000000 1.000000 -0.000000 -0.000000 1.000000 -0.000000 -0.000000 1.000000 -0.000000 -0.000000 1.000000 -0.000000 -0.000000 1.000000 -0.000000 -0.000000 1.000000 -0.000000 -0.000000 1.000000 -0.000000 -0.000000 1.000000 -0.000000 -0.000000 1.000000 -0.000000 -0.000000 1.000000 -0.000000 -0.000000 1.000000 -0.000000 -0.000000 1.000000 -0.000000 -0.000000 1.000000 -0.000000 -0.000000 1.000000 -0.000000 -0.000000 1.000000 -0.000000 -0.000000 0.000000 0.311434 0.950268 0.000000 0.311434 0.950268 0.000000 0.258155 0.966104 0.000000 0.258155 0.966104 0.000000 0.204078 0.978955 0.000000 0.204078 0.978955 0.000000 0.149371 0.988781 0.000000 0.149371 0.988781 0.000000 0.094203 0.995553 0.000000 0.094203 0.995553 0.000000 0.038743 0.999249 0.000000 0.038743 0.999249 0.000000 -0.016836 0.999858 0.000000 -0.016836 0.999858 0.000000 -0.072363 0.997378 0.000000 -0.072363 0.997378 0.000000 -0.127667 0.991817 0.000000 -0.127667 0.991817 0.000000 -0.182576 0.983192 0.000000 -0.182576 0.983192 0.000000 -0.236921 0.971529 0.000000 -0.236921 0.971529 0.000000 -0.290534 0.956865 0.000000 -0.290534 0.956865 0.000000 -0.343250 0.939244 0.000000 -0.343250 0.939244 0.000000 -0.394905 0.918722 0.000000 -0.394905 0.918722 0.000000 -0.369836 0.929097 0.000000 -0.319574 0.947561 0.000000 -0.344494 0.938789 0.000000 -0.318898 0.947789 0.000000 -0.254943 0.966956 0.000000 -0.242165 0.970235 0.000000 -0.189851 0.981813 0.000000 -0.163179 0.986596 0.000000 -0.123913 0.992293 0.000000 -0.083132 0.996539 0.000000 -0.046741 0.998907 0.000000 -0.002544 0.999997 0.000000 0.030710 0.999528 0.000000 0.078061 0.996949 0.000000 0.107978 0.994153 0.000000 0.158157 0.987414 0.000000 0.184598 0.982814 0.000000 0.237225 0.971455 0.000000 0.260110 0.965579 0.000000 0.314749 0.949175 0.000000 0.334062 0.942551 0.000000 0.390226 0.920719 0.000000 0.406010 0.913869 0.000000 0.463163 0.886273 0.000000 0.475522 0.879704 0.000000 0.533087 0.846061 0.000000 0.542181 0.840261 0.000000 0.599542 0.800343 0.000000 0.597042 0.802210 0.000000 0.649242 0.760582 0.000000 0.662097 0.749418 0.000000 0.698548 0.715564 0.000000 0.720343 0.693618 0.000000 0.751834 0.659352 0.000000 0.773903 0.633304 0.000000 0.800610 0.599185 0.000000 0.822428 0.568870 0.000000 0.844584 0.535424 0.000000 0.865601 0.500734 0.000000 0.883490 0.468450 0.000000 0.903143 0.429341 0.000000 0.917096 0.398666 0.000000 0.934808 0.355154 0.000000 0.945200 0.326491 0.000000 0.960391 0.278656 0.000000 0.967634 0.252356 0.000000 0.979725 0.200345 0.000000 0.984263 0.176708 0.000000 0.992685 0.120731 0.000000 0.994987 0.100000 0.000000 0.999186 0.040331 0.000000 0.999443 0.033383 0.000000 0.999186 -0.040331 0.000000 0.999443 -0.033383 0.000000 0.994987 -0.100000 0.000000 0.992685 -0.120731 0.000000 0.984263 -0.176708 0.000000 0.979725 -0.200345 0.000000 0.967634 -0.252356 0.000000 0.960391 -0.278656 -0.000000 0.945200 -0.326491 -0.000000 0.934808 -0.355154 -0.000000 0.917096 -0.398666 -0.000000 0.903143 -0.429341 -0.000000 0.883490 -0.468450 -0.000000 0.865601 -0.500734 -0.000000 0.844584 -0.535424 -0.000000 0.822428 -0.568870 -0.000000 0.800610 -0.599185 -0.000000 0.773903 -0.633304 -0.000000 0.751834 -0.659352 -0.000000 0.720343 -0.693618 -0.000000 0.698548 -0.715564 -0.000000 0.662097 -0.749418 -0.000000 0.649242 -0.760582 -0.000000 0.599542 -0.800343 -0.000000 0.597042 -0.802210 -0.000000 0.542181 -0.840261 -0.000000 0.533087 -0.846061 -0.000000 0.475522 -0.879704 -0.000000 0.463163 -0.886273 -0.000000 0.406010 -0.913869 -0.000000 0.390226 -0.920719 -0.000000 0.334062 -0.942551 -0.000000 0.314749 -0.949175 -0.000000 0.260110 -0.965579 -0.000000 0.237225 -0.971455 -0.000000 0.184598 -0.982814 -0.000000 0.158157 -0.987414 -0.000000 0.107978 -0.994153 -0.000000 0.078061 -0.996949 -0.000000 0.030710 -0.999528 -0.000000 -0.002544 -0.999997 -0.000000 -0.046741 -0.998907 -0.000000 -0.083132 -0.996539 -0.000000 -0.123913 -0.992293 -0.000000 -0.163179 -0.986596 -0.000000 -0.189851 -0.981813 -0.000000 -0.242165 -0.970235 -0.000000 -0.254943 -0.966956 -0.000000 -0.319574 -0.947561 -0.000000 -0.318898 -0.947789 -0.000000 -0.344494 -0.938789 -0.000000 -0.369836 -0.929097 -0.000000 -0.394905 -0.918722 -0.000000 -0.394905 -0.918722 -0.000000 -0.343250 -0.939244 -0.000000 -0.343250 -0.939244 -0.000000 -0.290534 -0.956865 -0.000000 -0.290534 -0.956865 -0.000000 -0.236921 -0.971529 -0.000000 -0.236921 -0.971529 -0.000000 -0.182576 -0.983192 -0.000000 -0.182576 -0.983192 -0.000000 -0.127667 -0.991817 -0.000000 -0.127667 -0.991817 -0.000000 -0.072363 -0.997378 -0.000000 -0.072363 -0.997378 -0.000000 -0.016836 -0.999858 -0.000000 -0.016836 -0.999858 -0.000000 0.038743 -0.999249 -0.000000 0.038743 -0.999249 -0.000000 0.094203 -0.995553 -0.000000 0.094203 -0.995553 -0.000000 0.149371 -0.988781 -0.000000 0.149371 -0.988781 -0.000000 0.204078 -0.978955 -0.000000 0.204078 -0.978955 -0.000000 0.258155 -0.966104 -0.000000 0.258155 -0.966104 -0.000000 0.311434 -0.950268 -0.000000 0.311434 -0.950268 -0.000000 0.230183 -0.973147 -0.000000 0.230183 -0.973147 -0.000000 0.147293 -0.989093 -0.000000 0.147293 -0.989093 -0.000000 0.063353 -0.997991 -0.000000 0.063353 -0.997991 -0.000000 -0.021039 -0.999779 -0.000000 -0.021039 -0.999779 -0.000000 -0.105280 -0.994443 -0.000000 -0.105280 -0.994443 -0.000000 -0.188772 -0.982021 -0.000000 -0.188772 -0.982021 -0.000000 -0.270918 -0.962602 -0.000000 -0.270918 -0.962602 -0.000000 -0.351134 -0.936325 -0.000000 -0.351134 -0.936325 -0.000000 -0.428848 -0.903376 -0.000000 -0.428848 -0.903376 -0.000000 -0.503507 -0.863991 -0.000000 -0.503507 -0.863991 -0.000000 -0.574578 -0.818450 -0.000000 -0.574578 -0.818450 -0.000000 -0.641555 -0.767077 -0.000000 -0.641555 -0.767077 -0.000000 -1.000000 -0.000000 -0.000000 -1.000000 -0.000000 -0.000000 -1.000000 -0.000000 -0.000000 -1.000000 -0.000000 0.000000 -0.641555 0.767077 0.000000 -0.641555 0.767077 0.000000 -0.574578 0.818450 0.000000 -0.574578 0.818450 0.000000 -0.503507 0.863991 0.000000 -0.503507 0.863991 0.000000 -0.428848 0.903376 0.000000 -0.428848 0.903376 0.000000 -0.351134 0.936325 0.000000 -0.351134 0.936325 0.000000 -0.270918 0.962602 0.000000 -0.270918 0.962602 0.000000 -0.188772 0.982021 0.000000 -0.188772 0.982021 0.000000 -0.105280 0.994443 0.000000 -0.105280 0.994443 0.000000 -0.021039 0.999779 0.000000 -0.021039 0.999779 0.000000 0.063353 0.997991 0.000000 0.063353 0.997991 0.000000 0.147293 0.989093 0.000000 0.147293 0.989093 0.000000 0.230183 0.973147 0.000000 0.230183 0.973147 0.000000 0.311434 0.950268 0.000000 0.311434 0.950268 0.000000 0.261989 0.965071 0.000000 0.261989 0.965071 0.000000 0.211846 0.977303 0.000000 0.211846 0.977303 0.000000 0.161139 0.986932 0.000000 0.161139 0.986932 0.000000 0.110002 0.993931 0.000000 0.110002 0.993931 0.000000 0.058573 0.998283 0.000000 0.058573 0.998283 0.000000 0.006987 0.999976 0.000000 0.006987 0.999976 0.000000 -0.044617 0.999004 0.000000 -0.044617 0.999004 0.000000 -0.096102 0.995371 0.000000 -0.096102 0.995371 0.000000 -0.147331 0.989087 0.000000 -0.147331 0.989087 0.000000 -0.198168 0.980168 0.000000 -0.198168 0.980168 0.000000 -0.248477 0.968638 0.000000 -0.248477 0.968638 0.000000 -0.298124 0.954527 0.000000 -0.298124 0.954527 0.000000 -0.346977 0.937874 0.000000 -0.346977 0.937874 0.000000 -0.394905 0.918722 0.000000 -0.394905 0.918722 0.000000 -0.317981 0.948097 0.000000 -0.317981 0.948097 0.000000 -0.238901 0.971044 0.000000 -0.238901 0.971044 0.000000 -0.158202 0.987407 0.000000 -0.158202 0.987407 0.000000 -0.076430 0.997075 0.000000 -0.076430 0.997075 0.000000 0.005861 0.999983 0.000000 0.005861 0.999983 0.000000 0.088111 0.996111 0.000000 0.088111 0.996111 0.000000 0.169765 0.985485 0.000000 0.169765 0.985485 0.000000 0.250267 0.968177 0.000000 0.250267 0.968177 0.000000 0.329072 0.944305 0.000000 0.329072 0.944305 0.000000 0.405646 0.914030 0.000000 0.405646 0.914030 0.000000 0.479470 0.877558 0.000000 0.479470 0.877558 0.000000 0.550043 0.835136 0.000000 0.550043 0.835136 0.000000 0.616887 0.787052 0.000000 0.616887 0.787052 0.000000 0.679548 0.733631 0.000000 0.679548 0.733631 0.000000 0.737601 0.675237 0.000000 0.737601 0.675237 0.000000 0.790654 0.612264 0.000000 0.790654 0.612264 0.000000 0.838345 0.545139 0.000000 0.838345 0.545139 0.000000 0.880353 0.474319 0.000000 0.880353 0.474319 0.000000 0.916392 0.400283 0.000000 0.916392 0.400283 0.000000 0.946217 0.323532 0.000000 0.946217 0.323532 0.000000 0.969627 0.244588 0.000000 0.969627 0.244588 0.000000 0.986463 0.163986 0.000000 0.986463 0.163986 0.000000 0.996610 0.082272 0.000000 0.996610 0.082272 0.000000 1.000000 -0.000000 0.000000 1.000000 -0.000000 0.000000 0.996610 -0.082272 0.000000 0.996610 -0.082272 0.000000 0.986463 -0.163986 0.000000 0.986463 -0.163986 0.000000 0.969627 -0.244588 0.000000 0.969627 -0.244588 -0.000000 0.946217 -0.323532 -0.000000 0.946217 -0.323532 -0.000000 0.916392 -0.400283 -0.000000 0.916392 -0.400283 -0.000000 0.880353 -0.474319 -0.000000 0.880353 -0.474319 -0.000000 0.838345 -0.545139 -0.000000 0.838345 -0.545139 -0.000000 0.790654 -0.612264 -0.000000 0.790654 -0.612264 -0.000000 0.737601 -0.675237 -0.000000 0.737601 -0.675237 -0.000000 0.679548 -0.733631 -0.000000 0.679548 -0.733631 -0.000000 0.616887 -0.787052 -0.000000 0.616887 -0.787052 -0.000000 0.550043 -0.835136 -0.000000 0.550043 -0.835136 -0.000000 0.479470 -0.877558 -0.000000 0.479470 -0.877558 -0.000000 0.405646 -0.914030 -0.000000 0.405646 -0.914030 -0.000000 0.329072 -0.944305 -0.000000 0.329072 -0.944305 -0.000000 0.250267 -0.968177 -0.000000 0.250267 -0.968177 -0.000000 0.169765 -0.985485 -0.000000 0.169765 -0.985485 -0.000000 0.088111 -0.996111 -0.000000 0.088111 -0.996111 -0.000000 0.005861 -0.999983 -0.000000 0.005861 -0.999983 -0.000000 -0.076430 -0.997075 -0.000000 -0.076430 -0.997075 -0.000000 -0.158202 -0.987407 -0.000000 -0.158202 -0.987407 -0.000000 -0.238901 -0.971044 -0.000000 -0.238901 -0.971044 -0.000000 -0.317981 -0.948097 -0.000000 -0.317981 -0.948097 -0.000000 -0.394905 -0.918722 -0.000000 -0.394905 -0.918722 -0.000000 -0.346977 -0.937874 -0.000000 -0.346977 -0.937874 -0.000000 -0.298124 -0.954527 -0.000000 -0.298124 -0.954527 -0.000000 -0.248477 -0.968638 -0.000000 -0.248477 -0.968638 -0.000000 -0.198168 -0.980168 -0.000000 -0.198168 -0.980168 -0.000000 -0.147331 -0.989087 -0.000000 -0.147331 -0.989087 -0.000000 -0.096102 -0.995371 -0.000000 -0.096102 -0.995371 -0.000000 -0.044617 -0.999004 -0.000000 -0.044617 -0.999004 -0.000000 0.006987 -0.999976 -0.000000 0.006987 -0.999976 -0.000000 0.058573 -0.998283 -0.000000 0.058573 -0.998283 -0.000000 0.110002 -0.993931 -0.000000 0.110002 -0.993931 -0.000000 0.161139 -0.986932 -0.000000 0.161139 -0.986932 -0.000000 0.211846 -0.977303 -0.000000 0.211846 -0.977303 -0.000000 0.261989 -0.965071 -0.000000 0.261989 -0.965071 -0.000000 0.311434 -0.950268 -0.000000 0.311434 -0.950268 -0.000000 0.225766 -0.974181 -0.000000 0.225766 -0.974181 -0.000000 0.138313 -0.990389 -0.000000 0.138313 -0.990389 -0.000000 0.049766 -0.998761 -0.000000 0.049766 -0.998761 -0.000000 -0.039175 -0.999232 -0.000000 -0.039175 -0.999232 -0.000000 -0.127807 -0.991799 -0.000000 -0.127807 -0.991799 -0.000000 -0.215427 -0.976520 -0.000000 -0.215427 -0.976520 -0.000000 -0.301343 -0.953516 -0.000000 -0.301343 -0.953516 -0.000000 -0.384875 -0.922969 -0.000000 -0.384875 -0.922969 -0.000000 -0.465362 -0.885120 -0.000000 -0.465362 -0.885120 -0.000000 -0.542168 -0.840270 -0.000000 -0.542168 -0.840270 -0.000000 -0.614686 -0.788772 -0.000000 -0.614686 -0.788772 -0.000000 -1.000000 -0.000000 -0.000000 -1.000000 -0.000000 -0.000000 -1.000000 -0.000000 -0.000000 -1.000000 -0.000000 0.000000 -0.614686 0.788772 0.000000 -0.614686 0.788772 0.000000 -0.542168 0.840270 0.000000 -0.542168 0.840270 0.000000 -0.465362 0.885120 0.000000 -0.465362 0.885120 0.000000 -0.384875 0.922969 0.000000 -0.384875 0.922969 0.000000 -0.301343 0.953516 0.000000 -0.301343 0.953516 0.000000 -0.215427 0.976520 0.000000 -0.215427 0.976520 0.000000 -0.127807 0.991799 0.000000 -0.127807 0.991799 0.000000 -0.039175 0.999232 0.000000 -0.039175 0.999232 0.000000 0.049766 0.998761 0.000000 0.049766 0.998761 0.000000 0.138313 0.990389 0.000000 0.138313 0.990389 0.000000 0.225766 0.974181 0.000000 0.225766 0.974181 -0.000000 0.311434 -0.950268 -0.000000 0.311434 -0.950268 -0.000000 0.258155 -0.966104 -0.000000 0.258155 -0.966104 -0.000000 0.204078 -0.978955 -0.000000 0.204078 -0.978955 -0.000000 0.149371 -0.988781 -0.000000 0.149371 -0.988781 -0.000000 0.094203 -0.995553 -0.000000 0.094203 -0.995553 -0.000000 0.038743 -0.999249 -0.000000 0.038743 -0.999249 -0.000000 -0.016836 -0.999858 -0.000000 -0.016836 -0.999858 -0.000000 -0.072363 -0.997378 -0.000000 -0.072363 -0.997378 -0.000000 -0.127667 -0.991817 -0.000000 -0.127667 -0.991817 -0.000000 -0.182576 -0.983192 -0.000000 -0.182576 -0.983192 -0.000000 -0.236921 -0.971529 -0.000000 -0.236921 -0.971529 -0.000000 -0.290534 -0.956865 -0.000000 -0.290534 -0.956865 -0.000000 -0.343250 -0.939244 -0.000000 -0.343250 -0.939244 -0.000000 -0.394905 -0.918722 -0.000000 -0.394905 -0.918722 -0.000000 -0.319574 -0.947561 -0.000000 -0.319574 -0.947561 -0.000000 -0.242165 -0.970235 -0.000000 -0.242165 -0.970235 -0.000000 -0.163179 -0.986596 -0.000000 -0.163179 -0.986596 -0.000000 -0.083132 -0.996539 -0.000000 -0.083132 -0.996539 -0.000000 -0.002544 -0.999997 -0.000000 -0.002544 -0.999997 -0.000000 0.078061 -0.996949 -0.000000 0.078061 -0.996949 -0.000000 0.158157 -0.987414 -0.000000 0.158157 -0.987414 -0.000000 0.237225 -0.971455 -0.000000 0.237225 -0.971455 -0.000000 0.314749 -0.949175 -0.000000 0.314749 -0.949175 -0.000000 0.390226 -0.920719 -0.000000 0.390226 -0.920719 -0.000000 0.463163 -0.886273 -0.000000 0.463163 -0.886273 -0.000000 0.533087 -0.846061 -0.000000 0.533087 -0.846061 -0.000000 0.599542 -0.800343 -0.000000 0.599542 -0.800343 -0.000000 0.662097 -0.749418 -0.000000 0.662097 -0.749418 -0.000000 0.720343 -0.693618 -0.000000 0.720343 -0.693618 -0.000000 0.773903 -0.633304 -0.000000 0.773903 -0.633304 -0.000000 0.822428 -0.568870 -0.000000 0.822428 -0.568870 -0.000000 0.865601 -0.500734 -0.000000 0.865601 -0.500734 -0.000000 0.903143 -0.429341 -0.000000 0.903143 -0.429341 -0.000000 0.934808 -0.355154 -0.000000 0.934808 -0.355154 0.000000 0.960391 -0.278656 0.000000 0.960391 -0.278656 0.000000 0.979725 -0.200345 0.000000 0.979725 -0.200345 0.000000 0.992685 -0.120731 0.000000 0.992685 -0.120731 0.000000 0.999186 -0.040331 0.000000 0.999186 -0.040331 0.000000 0.999186 0.040331 0.000000 0.999186 0.040331 0.000000 0.992685 0.120731 0.000000 0.992685 0.120731 0.000000 0.979725 0.200345 0.000000 0.979725 0.200345 0.000000 0.960391 0.278656 0.000000 0.960391 0.278656 0.000000 0.934808 0.355154 0.000000 0.934808 0.355154 0.000000 0.903143 0.429341 0.000000 0.903143 0.429341 0.000000 0.865601 0.500734 0.000000 0.865601 0.500734 0.000000 0.822428 0.568870 0.000000 0.822428 0.568870 0.000000 0.773903 0.633304 0.000000 0.773903 0.633304 0.000000 0.720343 0.693618 0.000000 0.720343 0.693618 0.000000 0.662097 0.749418 0.000000 0.662097 0.749418 0.000000 0.599542 0.800343 0.000000 0.599542 0.800343 0.000000 0.533087 0.846061 0.000000 0.533087 0.846061 0.000000 0.463163 0.886273 0.000000 0.463163 0.886273 0.000000 0.390226 0.920719 0.000000 0.390226 0.920719 0.000000 0.314749 0.949175 0.000000 0.314749 0.949175 0.000000 0.237225 0.971455 0.000000 0.237225 0.971455 0.000000 0.158157 0.987414 0.000000 0.158157 0.987414 0.000000 0.078061 0.996949 0.000000 0.078061 0.996949 0.000000 -0.002544 0.999997 0.000000 -0.002544 0.999997 0.000000 -0.083132 0.996539 0.000000 -0.083132 0.996539 0.000000 -0.163179 0.986596 0.000000 -0.163179 0.986596 0.000000 -0.242165 0.970235 0.000000 -0.242165 0.970235 0.000000 -0.319574 0.947561 0.000000 -0.319574 0.947561 0.000000 -0.394905 0.918722 0.000000 -0.394905 0.918722 0.000000 -0.343250 0.939244 0.000000 -0.343250 0.939244 0.000000 -0.290534 0.956865 0.000000 -0.290534 0.956865 0.000000 -0.236921 0.971529 0.000000 -0.236921 0.971529 0.000000 -0.182576 0.983192 0.000000 -0.182576 0.983192 0.000000 -0.127667 0.991817 0.000000 -0.127667 0.991817 0.000000 -0.072363 0.997378 0.000000 -0.072363 0.997378 0.000000 -0.016836 0.999858 0.000000 -0.016836 0.999858 0.000000 0.038743 0.999249 0.000000 0.038743 0.999249 0.000000 0.094203 0.995553 0.000000 0.094203 0.995553 0.000000 0.149371 0.988781 0.000000 0.149371 0.988781 0.000000 0.204078 0.978955 0.000000 0.204078 0.978955 0.000000 0.258155 0.966104 0.000000 0.258155 0.966104 0.000000 0.311434 0.950268 0.000000 0.311434 0.950268 1.000000 -0.000000 -0.000000 1.000000 -0.000000 -0.000000 1.000000 -0.000000 -0.000000 1.000000 -0.000000 -0.000000 1.000000 -0.000000 -0.000000 1.000000 -0.000000 -0.000000 1.000000 -0.000000 -0.000000 1.000000 -0.000000 -0.000000 1.000000 -0.000000 -0.000000 1.000000 -0.000000 -0.000000 1.000000 -0.000000 -0.000000 1.000000 -0.000000 -0.000000 1.000000 -0.000000 -0.000000 1.000000 -0.000000 -0.000000 1.000000 -0.000000 -0.000000 1.000000 -0.000000 -0.000000 1.000000 -0.000000 -0.000000 1.000000 -0.000000 -0.000000 1.000000 -0.000000 -0.000000 1.000000 -0.000000 -0.000000 1.000000 -0.000000 -0.000000 1.000000 -0.000000 -0.000000 1.000000 -0.000000 -0.000000 1.000000 -0.000000 -0.000000 1.000000 -0.000000 -0.000000 1.000000 -0.000000 -0.000000 1.000000 -0.000000 -0.000000 1.000000 -0.000000 -0.000000 1.000000 -0.000000 -0.000000 1.000000 -0.000000 -0.000000 1.000000 -0.000000 -0.000000 1.000000 -0.000000 -0.000000 1.000000 -0.000000 -0.000000 1.000000 -0.000000 -0.000000 1.000000 -0.000000 -0.000000 1.000000 -0.000000 -0.000000 1.000000 -0.000000 -0.000000 1.000000 -0.000000 -0.000000 1.000000 -0.000000 -0.000000 1.000000 -0.000000 -0.000000 1.000000 -0.000000 -0.000000 1.000000 -0.000000 -0.000000 1.000000 -0.000000 -0.000000 1.000000 -0.000000 -0.000000 1.000000 -0.000000 -0.000000 1.000000 -0.000000 -0.000000 1.000000 -0.000000 -0.000000 1.000000 -0.000000 -0.000000 1.000000 -0.000000 -0.000000 1.000000 -0.000000 -0.000000 1.000000 -0.000000 -0.000000 1.000000 -0.000000 -0.000000 1.000000 -0.000000 -0.000000 1.000000 -0.000000 -0.000000 1.000000 -0.000000 -0.000000 1.000000 -0.000000 -0.000000 1.000000 -0.000000 -0.000000 1.000000 -0.000000 -0.000000 1.000000 -0.000000 -0.000000 1.000000 -0.000000 -0.000000 1.000000 -0.000000 -0.000000 1.000000 -0.000000 -0.000000 1.000000 -0.000000 -0.000000 1.000000 -0.000000 -0.000000 1.000000 -0.000000 -0.000000 1.000000 -0.000000 -0.000000 1.000000 -0.000000 -0.000000 1.000000 -0.000000 -0.000000 1.000000 -0.000000 -0.000000 1.000000 -0.000000 -0.000000 1.000000 -0.000000 -0.000000 1.000000 -0.000000 -0.000000 1.000000 -0.000000 -0.000000 1.000000 -0.000000 -0.000000 1.000000 -0.000000 -0.000000 1.000000 -0.000000 -0.000000 1.000000 -0.000000 -0.000000 1.000000 -0.000000 -0.000000 1.000000 -0.000000 -0.000000 1.000000 -0.000000 -0.000000 1.000000 -0.000000 -0.000000 1.000000 -0.000000 -0.000000 1.000000 -0.000000 -0.000000 1.000000 -0.000000 -0.000000 1.000000 -0.000000 -0.000000 1.000000 -0.000000 -0.000000 1.000000 -0.000000 -0.000000 1.000000 -0.000000 -0.000000 1.000000 -0.000000 -0.000000 1.000000 -0.000000 -0.000000 1.000000 -0.000000 -0.000000 1.000000 -0.000000 -0.000000 1.000000 -0.000000 -0.000000 1.000000 -0.000000 -0.000000 1.000000 -0.000000 -0.000000 1.000000 -0.000000 -0.000000 1.000000 -0.000000 -0.000000 1.000000 -0.000000 -0.000000 1.000000 -0.000000 -0.000000 1.000000 -0.000000 -0.000000 1.000000 -0.000000 -0.000000 1.000000 -0.000000 -0.000000 1.000000 -0.000000 -0.000000 1.000000 -0.000000 -0.000000 1.000000 -0.000000 -0.000000 1.000000 -0.000000 -0.000000 1.000000 -0.000000 -0.000000 1.000000 -0.000000 -0.000000 1.000000 -0.000000 -0.000000 1.000000 -0.000000 -0.000000 1.000000 -0.000000 -0.000000 1.000000 -0.000000 -0.000000 1.000000 -0.000000 -0.000000 1.000000 -0.000000 -0.000000 1.000000 -0.000000 -0.000000 0.000000 -1.000000 0.000000 0.000000 -1.000000 0.000000 0.000000 -1.000000 0.000000 0.000000 -1.000000 0.000000 0.000000 -1.000000 0.000000 0.000000 -1.000000 0.000000 0.000000 -1.000000 0.000000 0.000000 -1.000000 0.000000 0.000000 -1.000000 0.000000 0.000000 -1.000000 0.000000 0.000000 -1.000000 0.000000 0.000000 -1.000000 0.000000 0.000000 -1.000000 0.000000 0.000000 -1.000000 0.000000 0.000000 -1.000000 0.000000 0.000000 -1.000000 0.000000 0.000000 -1.000000 0.000000 0.000000 -1.000000 0.000000 0.000000 -1.000000 0.000000 -0.000000 0.230183 -0.973147 -0.000000 0.311434 -0.950268 -0.000000 0.230183 -0.973147 -0.000000 0.311434 -0.950268 -0.000000 0.147293 -0.989093 -0.000000 0.147293 -0.989093 -0.000000 0.063353 -0.997991 -0.000000 0.063353 -0.997991 -0.000000 -0.021039 -0.999779 -0.000000 -0.021039 -0.999779 -0.000000 -0.105280 -0.994443 -0.000000 -0.105280 -0.994443 -0.000000 -0.188772 -0.982021 -0.000000 -0.188772 -0.982021 -0.000000 -0.270918 -0.962602 -0.000000 -0.270918 -0.962602 -0.000000 -0.351134 -0.936325 -0.000000 -0.351134 -0.936325 -0.000000 -0.428848 -0.903376 -0.000000 -0.428848 -0.903376 -0.000000 -0.503507 -0.863991 -0.000000 -0.503507 -0.863991 -0.000000 -0.574578 -0.818450 -0.000000 -0.574578 -0.818450 -0.000000 -0.641555 -0.767077 -0.000000 -0.641555 -0.767077 -0.000000 -0.641555 -0.767077 0.000000 1.000000 -0.000000 0.000000 1.000000 -0.000000 0.000000 1.000000 -0.000000 0.000000 1.000000 -0.000000 0.000000 -1.000000 0.000000 0.000000 -1.000000 0.000000 0.000000 -1.000000 0.000000 0.000000 -1.000000 0.000000 0.000000 -1.000000 0.000000 0.000000 -1.000000 0.000000 0.000000 -1.000000 0.000000 0.000000 -1.000000 0.000000 0.000000 -1.000000 0.000000 0.000000 -1.000000 0.000000 0.000000 -1.000000 0.000000 0.000000 -1.000000 0.000000 0.000000 -1.000000 0.000000 0.000000 -1.000000 0.000000 0.000000 -1.000000 0.000000 0.000000 -1.000000 0.000000 0.000000 -1.000000 0.000000 0.000000 -1.000000 0.000000 -1.000000 0.000000 0.000000 -1.000000 0.000000 0.000000 -1.000000 0.000000 0.000000 -1.000000 0.000000 0.000000 -1.000000 0.000000 0.000000 -1.000000 0.000000 0.000000 -1.000000 0.000000 0.000000 -1.000000 0.000000 0.000000 -1.000000 0.000000 0.000000 -1.000000 0.000000 0.000000 -1.000000 0.000000 0.000000 -1.000000 0.000000 0.000000 -1.000000 0.000000 0.000000 -1.000000 0.000000 0.000000 -1.000000 0.000000 0.000000 -1.000000 0.000000 0.000000 -1.000000 0.000000 0.000000 -1.000000 0.000000 0.000000 -1.000000 0.000000 0.000000 -1.000000 0.000000 0.000000 -1.000000 0.000000 0.000000 -1.000000 0.000000 0.000000 -1.000000 0.000000 0.000000 -1.000000 0.000000 0.000000 -1.000000 0.000000 0.000000 -1.000000 0.000000 0.000000 -1.000000 0.000000 0.000000 -1.000000 0.000000 0.000000 -1.000000 0.000000 0.000000 -1.000000 0.000000 0.000000 -1.000000 0.000000 0.000000 -1.000000 0.000000 0.000000 -1.000000 0.000000 0.000000 -1.000000 0.000000 0.000000 -1.000000 0.000000 0.000000 -1.000000 0.000000 0.000000 -1.000000 0.000000 0.000000 -1.000000 0.000000 0.000000 -1.000000 0.000000 0.000000 -1.000000 0.000000 0.000000 -1.000000 0.000000 0.000000 -1.000000 0.000000 0.000000 -1.000000 0.000000 0.000000 -1.000000 0.000000 0.000000 -1.000000 0.000000 0.000000 -1.000000 0.000000 0.000000 -1.000000 0.000000 0.000000 -1.000000 0.000000 0.000000 -1.000000 0.000000 0.000000 -1.000000 0.000000 0.000000 -1.000000 0.000000 0.000000 -1.000000 0.000000 0.000000 -1.000000 0.000000 0.000000 -1.000000 0.000000 0.000000 -1.000000 0.000000 0.000000 -1.000000 0.000000 0.000000 -1.000000 0.000000 0.000000 -1.000000 0.000000 0.000000 -1.000000 0.000000 0.000000 -1.000000 0.000000 0.000000 -1.000000 0.000000 0.000000 -1.000000 0.000000 0.000000 -1.000000 0.000000 0.000000 -1.000000 0.000000 0.000000 -1.000000 0.000000 0.000000 -1.000000 0.000000 0.000000 -1.000000 0.000000 0.000000 -1.000000 0.000000 0.000000 -1.000000 0.000000 0.000000 -1.000000 0.000000 0.000000 -1.000000 0.000000 0.000000 -1.000000 0.000000 0.000000 -1.000000 0.000000 0.000000 -1.000000 0.000000 0.000000 -1.000000 0.000000 0.000000 -1.000000 0.000000 0.000000 -1.000000 0.000000 0.000000 -1.000000 0.000000 0.000000 -1.000000 0.000000 0.000000 -1.000000 0.000000 0.000000 -1.000000 0.000000 0.000000 -1.000000 0.000000 0.000000 -1.000000 0.000000 0.000000 -1.000000 0.000000 0.000000 -1.000000 0.000000 0.000000 -1.000000 0.000000 0.000000 -1.000000 0.000000 0.000000 -1.000000 0.000000 0.000000 -1.000000 0.000000 0.000000 -1.000000 0.000000 0.000000 -1.000000 0.000000 0.000000 -1.000000 0.000000 0.000000 -1.000000 0.000000 0.000000 -1.000000 0.000000 0.000000 -1.000000 0.000000 0.000000 -1.000000 0.000000 0.000000 -1.000000 0.000000 0.000000 -1.000000 0.000000 0.000000 -1.000000 0.000000 0.000000 -1.000000 0.000000 0.000000 -1.000000 0.000000 0.000000 -1.000000 0.000000 0.000000 -1.000000 0.000000 0.000000 -1.000000 0.000000 0.000000 -1.000000 0.000000 0.000000 -1.000000 0.000000 0.000000 -1.000000 0.000000 0.000000 -1.000000 0.000000 0.000000 -1.000000 0.000000 0.000000 -1.000000 0.000000 0.000000 -1.000000 0.000000 0.000000 -1.000000 0.000000 0.000000 -1.000000 0.000000 0.000000 -1.000000 0.000000 0.000000 -1.000000 0.000000 0.000000 -1.000000 0.000000 0.000000 -1.000000 0.000000 0.000000 -1.000000 0.000000 0.000000 -1.000000 0.000000 0.000000 -1.000000 0.000000 0.000000 -1.000000 0.000000 0.000000 -1.000000 0.000000 0.000000 -1.000000 0.000000 0.000000 -1.000000 0.000000 0.000000 -1.000000 0.000000 0.000000 -1.000000 0.000000 0.000000 -1.000000 0.000000 0.000000 -1.000000 0.000000 0.000000 -1.000000 0.000000 0.000000 -1.000000 0.000000 0.000000 -1.000000 0.000000 0.000000 -1.000000 0.000000 0.000000 -1.000000 0.000000 0.000000 -1.000000 0.000000 0.000000 -1.000000 0.000000 0.000000 -1.000000 0.000000 0.000000 -1.000000 0.000000 0.000000 -1.000000 0.000000 0.000000 -1.000000 0.000000 0.000000 -1.000000 0.000000 0.000000 -1.000000 0.000000 0.000000 -1.000000 0.000000 0.000000 -1.000000 0.000000 0.000000 -1.000000 0.000000 0.000000 -1.000000 0.000000 0.000000 -1.000000 0.000000 0.000000 -1.000000 0.000000 0.000000 -1.000000 0.000000 0.000000 -1.000000 0.000000 0.000000 -1.000000 0.000000 0.000000 -1.000000 0.000000 0.000000 -1.000000 0.000000 0.000000 -1.000000 0.000000 0.000000 -1.000000 0.000000 0.000000 -1.000000 0.000000 0.000000 -1.000000 0.000000 0.000000 -1.000000 0.000000 0.000000 -1.000000 0.000000 0.000000 -1.000000 0.000000 0.000000 -1.000000 0.000000 0.000000 -1.000000 0.000000 0.000000 -1.000000 0.000000 0.000000 -1.000000 0.000000 0.000000 -1.000000 0.000000 0.000000 -1.000000 0.000000 0.000000 -1.000000 0.000000 0.000000 -1.000000 0.000000 0.000000 -1.000000 0.000000 0.000000 -1.000000 0.000000 0.000000 -1.000000 0.000000 0.000000 -1.000000 0.000000 0.000000 -1.000000 0.000000 0.000000 -1.000000 0.000000 0.000000 -1.000000 0.000000 0.000000 -1.000000 0.000000 0.000000 -1.000000 0.000000 0.000000 -1.000000 0.000000 0.000000 -1.000000 0.000000 0.000000 -1.000000 0.000000 0.000000 -1.000000 0.000000 0.000000 -1.000000 0.000000 0.000000 -1.000000 0.000000 0.000000 -1.000000 0.000000 0.000000 -1.000000 0.000000 0.000000 -1.000000 0.000000 0.000000 -1.000000 0.000000 0.000000 -1.000000 0.000000 0.000000 -1.000000 0.000000 0.000000 -1.000000 0.000000 0.000000 -1.000000 0.000000 0.000000 -1.000000 0.000000 0.000000 -1.000000 0.000000 0.000000 -1.000000 0.000000 0.000000 -1.000000 0.000000 0.000000 -1.000000 0.000000 0.000000 -1.000000 0.000000 0.000000 -1.000000 0.000000 0.000000 -1.000000 0.000000 0.000000 -1.000000 0.000000 0.000000 -1.000000 0.000000 0.000000 -1.000000 0.000000 0.000000 -1.000000 0.000000 0.000000 -1.000000 0.000000 0.000000 -1.000000 0.000000 0.000000 -1.000000 0.000000 0.000000 -1.000000 0.000000 0.000000 -1.000000 0.000000 0.000000 -1.000000 0.000000 0.000000 -1.000000 0.000000 0.000000 -1.000000 0.000000 0.000000 -1.000000 0.000000 0.000000 -1.000000 0.000000 0.000000 -1.000000 0.000000 0.000000 -1.000000 0.000000 0.000000 -1.000000 0.000000 0.000000 -1.000000 0.000000 0.000000 -1.000000 0.000000 0.000000 -1.000000 0.000000 0.000000 -1.000000 0.000000 0.000000 -1.000000 0.000000 0.000000 -1.000000 0.000000 0.000000 -1.000000 0.000000 0.000000 -1.000000 0.000000 0.000000 -1.000000 0.000000 0.000000 -1.000000 0.000000 0.000000 -1.000000 0.000000 0.000000 -1.000000 0.000000 0.000000 -1.000000 0.000000 0.000000 -1.000000 0.000000 0.000000 -1.000000 0.000000 0.000000 -1.000000 0.000000 0.000000 -1.000000 0.000000 0.000000 -1.000000 0.000000 0.000000 -1.000000 0.000000 0.000000 -1.000000 0.000000 0.000000 -1.000000 0.000000 0.000000 -1.000000 0.000000 0.000000 -1.000000 0.000000 0.000000 -1.000000 0.000000 0.000000 -1.000000 0.000000 0.000000 -1.000000 0.000000 0.000000 -1.000000 0.000000 0.000000 -1.000000 0.000000 0.000000 -1.000000 0.000000 0.000000 -1.000000 0.000000 0.000000 -1.000000 0.000000 0.000000 -1.000000 0.000000 0.000000 -1.000000 0.000000 0.000000 -1.000000 0.000000 0.000000 -1.000000 0.000000 0.000000 -1.000000 0.000000 0.000000 -1.000000 0.000000 0.000000 -1.000000 0.000000 0.000000 -1.000000 0.000000 0.000000 -1.000000 0.000000 0.000000 -1.000000 0.000000 0.000000 -1.000000 0.000000 0.000000 -1.000000 0.000000 0.000000 -1.000000 0.000000 0.000000 -1.000000 0.000000 0.000000 -1.000000 0.000000 0.000000 -1.000000 0.000000 0.000000 -1.000000 0.000000 0.000000 -1.000000 0.000000 0.000000 -1.000000 0.000000 0.000000 -1.000000 0.000000 0.000000 -1.000000 0.000000 0.000000 -1.000000 0.000000 0.000000 -1.000000 0.000000 0.000000 -1.000000 0.000000 0.000000 -1.000000 0.000000 0.000000 -1.000000 0.000000 0.000000 -1.000000 0.000000 0.000000 -1.000000 0.000000 0.000000 -1.000000 0.000000 0.000000 -1.000000 0.000000 0.000000 -1.000000 0.000000 0.000000 -1.000000 0.000000 0.000000 -1.000000 0.000000 0.000000 -1.000000 0.000000 0.000000 -1.000000 0.000000 0.000000 -1.000000 0.000000 0.000000 -1.000000 0.000000 0.000000 -1.000000 0.000000 0.000000 -1.000000 0.000000 0.000000 -1.000000 0.000000 0.000000 -1.000000 0.000000 0.000000 -1.000000 0.000000 0.000000 -1.000000 0.000000 0.000000 -1.000000 0.000000 0.000000 -1.000000 0.000000 0.000000 -1.000000 0.000000 0.000000 -1.000000 0.000000 0.000000 -1.000000 0.000000 0.000000 -1.000000 0.000000 0.000000 -1.000000 0.000000 0.000000 -1.000000 0.000000 0.000000 -1.000000 0.000000 0.000000 -1.000000 0.000000 0.000000 -1.000000 0.000000 0.000000 -1.000000 0.000000 0.000000 -1.000000 0.000000 0.000000 -1.000000 0.000000 0.000000 -1.000000 0.000000 0.000000 -1.000000 0.000000 0.000000 -1.000000 0.000000 0.000000 -1.000000 0.000000 0.000000 -1.000000 0.000000 0.000000 -1.000000 0.000000 0.000000 -1.000000 0.000000 0.000000 -1.000000 0.000000 0.000000 -1.000000 0.000000 0.000000 -1.000000 0.000000 0.000000 -1.000000 0.000000 0.000000 -1.000000 0.000000 0.000000 1.000000 -0.000000 0.000000 1.000000 -0.000000 0.000000 1.000000 -0.000000 0.000000 1.000000 -0.000000 0.000000 1.000000 -0.000000 0.000000 1.000000 -0.000000 0.000000 1.000000 -0.000000 0.000000 1.000000 -0.000000 0.000000 1.000000 -0.000000 0.000000 1.000000 -0.000000 0.000000 0.000000 0.965134 -0.261755 0.000000 0.965134 -0.261755 0.000000 0.965134 -0.261755 0.000000 0.965134 -0.261755 0.000000 0.994374 -0.105927 0.000000 0.965134 -0.261755 0.000000 0.957944 -0.286956 0.000000 0.864501 -0.502631 0.000000 0.888754 -0.458384 0.000000 0.784844 -0.619693 0.000000 0.704954 -0.709253 0.000000 0.650279 -0.759695 0.000000 0.497365 -0.867542 0.000000 0.493147 -0.869946 0.000000 0.315499 -0.948926 0.000000 0.255881 -0.966708 0.000000 0.115966 -0.993253 0.000000 -0.003040 -0.999995 0.000000 -0.090767 -0.995872 0.000000 -0.261755 -0.965134 0.000000 -0.288584 -0.957454 0.000000 -0.477271 -0.878756 0.000000 -0.502631 -0.864501 0.000000 -0.647699 -0.761897 0.000000 -0.709253 -0.704954 0.000000 -0.787174 -0.616732 0.000000 -0.867542 -0.497365 0.000000 -0.890121 -0.455724 0.000000 -0.966708 -0.255881 0.000000 -0.961227 -0.275758 -0.000000 -0.996360 -0.085249 -0.000000 -0.999995 0.003040 -0.000000 -0.994534 0.104417 -0.000000 -0.965134 0.261755 -0.000000 -0.959016 0.283351 -0.000000 -0.888984 0.457938 -0.000000 -0.864501 0.502631 -0.000000 -0.784490 0.620141 -0.000000 -0.704954 0.709253 -0.000000 -0.650127 0.759825 -0.000000 -0.497365 0.867542 -0.000000 -0.494231 0.869331 -0.000000 -0.314049 0.949407 -0.000000 -0.255881 0.966708 -0.000000 -0.114457 0.993428 -0.000000 0.003040 0.999995 -0.000000 0.091261 0.995827 -0.000000 0.261755 0.965134 -0.000000 0.288545 0.957466 -0.000000 0.502631 0.864501 -0.000000 0.476439 0.879207 -0.000000 0.646374 0.763021 -0.000000 0.709253 0.704954 -0.000000 0.786683 0.617357 -0.000000 0.867542 0.497365 -0.000000 0.890462 0.455057 -0.000000 0.966708 0.255881 -0.000000 0.961078 0.276277 0.000000 0.996332 0.085568 0.000000 0.999995 -0.003040 -0.000000 0.955872 0.293785 -0.000000 0.966708 0.255881 -0.000000 0.905061 0.425282 -0.000000 0.867542 0.497365 -0.000000 0.770853 0.637013 -0.000000 0.709253 0.704954 -0.000000 0.588204 0.808713 -0.000000 0.502631 0.864501 -0.000000 0.368590 0.929592 -0.000000 0.261755 0.965134 -0.000000 0.125814 0.992054 -0.000000 0.003040 0.999995 -0.000000 -0.124868 0.992173 -0.000000 -0.255881 0.966708 -0.000000 -0.367704 0.929943 -0.000000 -0.497365 0.867542 -0.000000 -0.587432 0.809273 -0.000000 -0.704954 0.709253 -0.000000 -0.695396 0.718626 -0.000000 -0.789613 0.613605 -0.000000 -0.864501 0.502631 -0.000000 -0.926823 0.375499 -0.000000 -0.965134 0.261755 -0.000000 -0.993149 0.116855 -0.000000 -0.999995 0.003040 -0.000000 -0.986816 -0.161844 0.000000 -0.966708 -0.255881 0.000000 -0.954287 -0.298892 0.000000 -0.903414 -0.428770 0.000000 -0.867542 -0.497365 0.000000 -0.835529 -0.549447 0.000000 -0.747911 -0.663799 0.000000 -0.709253 -0.704954 0.000000 -0.641865 -0.766818 0.000000 -0.502631 -0.864501 0.000000 -0.520407 -0.853919 0.000000 -0.387670 -0.921798 0.000000 -0.261755 -0.965134 0.000000 -0.249167 -0.968460 0.000000 -0.105343 -0.994436 0.000000 -0.003040 -0.999995 0.000000 0.043672 -0.999046 0.000000 0.192085 -0.981378 0.000000 0.255881 -0.966708 0.000000 0.334682 -0.942331 0.000000 0.497365 -0.867542 0.000000 0.466610 -0.884463 0.000000 0.584306 -0.811534 0.000000 0.704954 -0.709253 0.000000 0.691544 -0.722335 0.000000 0.786176 -0.618003 0.000000 0.864501 -0.502631 0.000000 0.926227 -0.376966 0.000000 0.965134 -0.261755 0.000000 0.992963 -0.118428 0.000000 0.999995 -0.003040 0.000000 0.987704 0.156333 1.000000 -0.000000 0.000000 1.000000 -0.000000 0.000000 1.000000 -0.000000 0.000000 1.000000 -0.000000 0.000000 1.000000 -0.000000 0.000000 1.000000 -0.000000 0.000000 1.000000 -0.000000 0.000000 1.000000 -0.000000 0.000000 1.000000 -0.000000 0.000000 1.000000 -0.000000 0.000000 1.000000 -0.000000 0.000000 1.000000 -0.000000 0.000000 1.000000 -0.000000 0.000000 1.000000 -0.000000 0.000000 1.000000 -0.000000 0.000000 1.000000 -0.000000 0.000000 1.000000 -0.000000 0.000000 1.000000 -0.000000 0.000000 1.000000 -0.000000 0.000000 1.000000 -0.000000 0.000000 1.000000 -0.000000 0.000000 1.000000 -0.000000 0.000000 1.000000 -0.000000 0.000000 1.000000 -0.000000 0.000000 1.000000 -0.000000 0.000000 1.000000 -0.000000 0.000000 1.000000 -0.000000 0.000000 1.000000 -0.000000 0.000000 1.000000 -0.000000 0.000000 1.000000 -0.000000 0.000000 1.000000 -0.000000 0.000000 1.000000 -0.000000 0.000000 1.000000 -0.000000 0.000000 1.000000 -0.000000 0.000000 1.000000 -0.000000 0.000000 1.000000 -0.000000 0.000000 1.000000 -0.000000 0.000000 1.000000 -0.000000 0.000000 1.000000 -0.000000 0.000000 1.000000 -0.000000 0.000000 1.000000 -0.000000 0.000000 1.000000 -0.000000 0.000000 -0.000000 -0.965134 0.261754 -0.000000 -0.996707 0.081084 -0.000000 -0.965134 0.261754 -0.000000 -0.999731 0.023177 -0.000000 -0.994213 -0.107425 -0.000000 -0.976228 -0.216748 0.000000 -0.954652 -0.297725 0.000000 -0.895989 -0.444076 0.000000 -0.878778 -0.477231 0.000000 -0.763679 -0.645597 0.000000 -0.771670 -0.636024 0.000000 -0.628209 -0.778044 0.000000 -0.586986 -0.809597 0.000000 -0.453690 -0.891160 0.000000 -0.376180 -0.926547 0.000000 -0.262596 -0.964906 0.000000 -0.143512 -0.989649 0.000000 -0.061701 -0.998095 0.000000 0.097497 -0.995236 0.000000 0.146239 -0.989249 0.000000 0.332839 -0.942984 0.000000 0.343264 -0.939239 0.000000 0.516502 -0.856286 0.000000 0.548838 -0.835929 0.000000 0.672495 -0.740101 0.000000 0.732941 -0.680292 0.000000 0.803189 -0.595724 0.000000 0.874447 -0.485120 0.000000 0.901244 -0.433313 0.000000 0.965134 -0.261754 0.000000 0.965134 -0.261754 -0.000000 -0.965134 0.261755 -0.000000 -0.965134 0.261755 -0.000000 -0.965134 0.261755 -0.000000 -0.965134 0.261755 1.000000 -0.000000 0.000000 1.000000 -0.000000 0.000000 1.000000 -0.000000 0.000000 1.000000 -0.000000 0.000000 1.000000 -0.000000 0.000000 1.000000 -0.000000 0.000000 1.000000 -0.000000 0.000000 1.000000 -0.000000 0.000000 1.000000 -0.000000 0.000000 1.000000 -0.000000 0.000000 1.000000 -0.000000 0.000000 1.000000 -0.000000 0.000000 1.000000 -0.000000 0.000000 1.000000 -0.000000 0.000000 1.000000 -0.000000 0.000000 1.000000 -0.000000 0.000000 1.000000 -0.000000 0.000000 1.000000 -0.000000 0.000000 1.000000 -0.000000 0.000000 1.000000 -0.000000 0.000000 1.000000 -0.000000 0.000000 1.000000 -0.000000 0.000000 1.000000 -0.000000 0.000000 1.000000 -0.000000 0.000000 0.906308 -0.130622 -0.401926 0.906308 -0.128751 -0.402529 0.906308 -0.128406 -0.402639 0.906308 -0.126363 -0.403285 0.906308 -0.123633 -0.404130 0.906308 -0.130758 -0.401881 0.906308 -0.132285 -0.401381 0.906308 -0.133337 -0.401033 0.906308 -0.133874 -0.400854 0.906308 -0.120470 -0.405084 0.906308 -0.121000 -0.404926 0.906308 -0.121273 -0.404845 0.906308 -0.120995 -0.404928 0.906308 -0.120138 -0.405183 0.906308 -0.116949 -0.406115 0.906308 -0.116972 -0.406108 0.906308 -0.118799 -0.405577 0.906308 -0.120174 -0.405172 0.906308 -0.114735 -0.406746 0.906308 -0.113162 -0.407186 0.906308 -0.112045 -0.407495 0.906308 -0.109233 -0.408258 0.906308 -0.109044 -0.408308 0.906308 -0.105934 -0.409126 0.906308 -0.105303 -0.409289 0.906308 -0.102833 -0.409917 0.906308 -0.101363 -0.410283 0.906308 -0.099745 -0.410679 0.906308 -0.097404 -0.411240 0.906308 -0.096883 -0.411364 0.906308 -0.094416 -0.411937 0.906308 -0.093570 -0.412130 0.906308 -0.092404 -0.412393 0.906308 -0.089989 -0.412926 0.906308 -0.090802 -0.412748 0.906308 -0.089726 -0.412984 0.906308 -0.089217 -0.413094 0.906308 -0.086758 -0.413617 0.906308 -0.089268 -0.413083 0.906308 -0.083959 -0.414194 0.906308 -0.089895 -0.412947 0.906308 -0.081858 -0.414615 0.906308 -0.091131 -0.412676 0.906308 -0.097522 -0.411212 0.906308 -0.092927 -0.412275 0.906308 -0.095192 -0.411758 0.906308 -0.098010 -0.411096 0.906308 -0.101240 -0.410313 0.906308 -0.104619 -0.409464 0.906308 -0.113045 -0.407219 0.906308 -0.107975 -0.408592 0.906308 -0.111285 -0.407703 0.906308 -0.114269 -0.406877 0.906308 -0.116726 -0.406179 0.906308 -0.118685 -0.405611 0.906308 -0.081504 -0.414685 0.906308 -0.079574 -0.415059 0.906308 -0.079433 -0.415086 0.906308 -0.077854 -0.415385 0.906308 -0.076765 -0.415588 0.906308 -0.076208 -0.415690 0.000000 0.092960 -0.995670 0.000000 0.212743 -0.977108 0.000000 0.347491 -0.937683 0.000000 0.440790 -0.897610 0.000000 0.578341 -0.815795 0.000000 0.643128 -0.765759 0.000000 0.769778 -0.638312 0.000000 0.764681 -0.644409 0.000000 0.859760 -0.510699 0.000000 -0.027713 -0.999616 0.000000 -0.167905 -0.985803 0.000000 -0.266552 -0.963821 0.000000 -0.417329 -0.908756 0.000000 -0.427553 -0.903990 0.000000 -0.569615 -0.821912 0.000000 -0.638312 -0.769778 -0.000000 -0.695855 -0.718183 -0.000000 -0.815795 -0.578341 -0.000000 -0.804757 -0.593604 -0.000000 -0.891241 -0.453530 -0.000000 -0.937683 -0.347491 -0.000000 -0.952548 -0.304388 -0.000000 -0.988202 -0.153154 -0.000000 -0.995670 -0.092960 -0.000000 -0.999986 0.005374 -0.000000 -0.985803 0.167905 -0.000000 -0.985736 0.168300 -0.000000 -0.944511 0.328480 -0.000000 -0.908756 0.417329 -0.000000 -0.877771 0.479080 -0.000000 -0.769778 0.638312 -0.000000 -0.788658 0.614833 -0.000000 -0.673335 0.739337 -0.000000 -0.578341 0.815795 -0.000000 -0.534057 0.845448 -0.000000 -0.347491 0.937683 -0.000000 -0.377405 0.926048 -0.000000 -0.212743 0.977108 -0.000000 -0.092960 0.995670 -0.000000 -0.041758 0.999128 -0.000000 0.167905 0.985803 -0.000000 0.134224 0.990951 -0.000000 0.305009 0.952349 -0.000000 0.417329 0.908756 -0.000000 0.461655 0.887059 -0.000000 0.638312 0.769778 -0.000000 0.599141 0.800644 0.000000 0.722451 0.691423 0.000000 0.815795 0.578341 0.000000 0.826538 0.562881 0.000000 0.907234 0.420627 0.000000 0.937683 0.347491 0.000000 0.962424 0.271550 0.000000 0.995670 0.092960 0.000000 0.992872 0.119183 0.000000 0.999120 -0.041948 0.000000 0.985803 -0.167905 0.000000 0.978700 -0.205298 0.000000 0.908756 -0.417329 0.000000 0.931448 -0.363875 0.000000 0.895837 0.444384 0.000000 0.815795 0.578341 0.000000 0.752836 0.658208 -0.000000 0.638312 0.769778 -0.000000 0.577209 0.816596 -0.000000 0.417329 0.908756 -0.000000 0.369298 0.929311 -0.000000 0.167905 0.985803 -0.000000 0.140731 0.990048 -0.000000 -0.092960 0.995670 -0.000000 -0.095708 0.995409 -0.000000 -0.326793 0.945096 -0.000000 -0.347491 0.937683 -0.000000 -0.539600 0.841922 -0.000000 -0.578341 0.815795 -0.000000 -0.722226 0.691657 -0.000000 -0.769778 0.638312 -0.000000 -0.864457 0.502707 -0.000000 -0.908756 0.417329 -0.000000 -0.958337 0.285640 -0.000000 -0.985803 0.167905 -0.000000 -0.999497 0.031718 -0.000000 -0.995670 -0.092960 -0.000000 -0.976386 -0.216032 -0.000000 -0.937683 -0.347491 -0.000000 -0.893975 -0.448116 -0.000000 -0.815795 -0.578341 -0.000000 -0.750484 -0.660888 0.000000 -0.638312 -0.769778 0.000000 -0.557482 -0.830189 0.000000 -0.417329 -0.908756 0.000000 -0.447763 -0.894152 0.000000 -0.325655 -0.945489 0.000000 -0.167905 -0.985803 0.000000 -0.194125 -0.980977 0.000000 -0.057405 -0.998351 0.000000 0.092960 -0.995670 0.000000 0.079918 -0.996801 0.000000 0.212743 -0.977108 0.000000 0.347491 -0.937683 0.000000 0.341732 -0.939798 0.000000 0.467269 -0.884115 0.000000 0.578341 -0.815795 0.000000 0.584389 -0.811473 0.000000 0.689260 -0.724514 0.000000 0.769778 -0.638312 0.000000 0.778972 -0.627059 0.000000 0.852167 -0.523271 0.000000 0.908756 -0.417329 0.000000 0.957312 -0.289055 0.000000 0.985803 -0.167905 0.000000 0.999356 -0.035887 0.000000 0.995670 0.092960 0.000000 0.977819 0.209452 0.000000 0.937683 0.347491 1.000000 -0.000000 0.000000 1.000000 -0.000000 0.000000 1.000000 -0.000000 0.000000 1.000000 -0.000000 0.000000 1.000000 -0.000000 0.000000 1.000000 -0.000000 0.000000 1.000000 -0.000000 0.000000 1.000000 -0.000000 0.000000 1.000000 -0.000000 0.000000 1.000000 -0.000000 0.000000 1.000000 -0.000000 0.000000 1.000000 -0.000000 0.000000 1.000000 -0.000000 0.000000 1.000000 -0.000000 0.000000 1.000000 -0.000000 0.000000 1.000000 -0.000000 0.000000 1.000000 -0.000000 0.000000 1.000000 -0.000000 0.000000 1.000000 -0.000000 0.000000 1.000000 -0.000000 0.000000 1.000000 -0.000000 0.000000 1.000000 -0.000000 0.000000 1.000000 -0.000000 0.000000 1.000000 -0.000000 0.000000 1.000000 -0.000000 0.000000 1.000000 -0.000000 0.000000 1.000000 -0.000000 0.000000 1.000000 -0.000000 0.000000 1.000000 -0.000000 0.000000 1.000000 -0.000000 0.000000 1.000000 -0.000000 0.000000 1.000000 -0.000000 0.000000 1.000000 -0.000000 0.000000 1.000000 -0.000000 0.000000 1.000000 -0.000000 0.000000 1.000000 -0.000000 0.000000 1.000000 -0.000000 0.000000 1.000000 -0.000000 0.000000 1.000000 -0.000000 0.000000 1.000000 -0.000000 0.000000 1.000000 -0.000000 0.000000 1.000000 -0.000000 0.000000 1.000000 -0.000000 0.000000 1.000000 -0.000000 0.000000 1.000000 -0.000000 0.000000 1.000000 -0.000000 0.000000 1.000000 -0.000000 0.000000 1.000000 -0.000000 0.000000 1.000000 -0.000000 0.000000 1.000000 -0.000000 0.000000 1.000000 -0.000000 0.000000 1.000000 -0.000000 0.000000 1.000000 -0.000000 0.000000 1.000000 -0.000000 0.000000 1.000000 -0.000000 0.000000 1.000000 -0.000000 0.000000 1.000000 -0.000000 0.000000 1.000000 -0.000000 0.000000 1.000000 -0.000000 0.000000 1.000000 -0.000000 0.000000 1.000000 -0.000000 0.000000 0.000000 0.937683 0.347491 0.000000 0.937683 0.347491 0.000000 0.937683 0.347491 0.000000 0.937683 0.347491 0.000000 0.937683 0.347491 0.000000 0.985173 0.171564 0.000000 0.993596 0.112991 0.000000 0.999868 -0.016274 0.000000 0.991764 -0.128075 0.000000 0.978130 -0.207995 0.000000 0.932295 -0.361698 0.000000 0.919718 -0.392579 0.000000 0.818644 -0.574301 0.000000 0.828677 -0.559727 0.000000 0.702489 -0.711694 0.000000 0.657417 -0.753527 0.000000 0.543113 -0.839660 0.000000 0.457983 -0.888961 0.000000 0.360001 -0.932952 0.000000 0.231932 -0.972732 0.000000 0.166450 -0.986050 0.000000 -0.007597 -0.999971 0.000000 -0.036672 -0.999327 0.000000 -0.246685 -0.969096 0.000000 -0.240338 -0.970689 0.000000 -0.430486 -0.902597 0.000000 -0.471437 -0.881900 0.000000 -0.595364 -0.803456 -0.000000 -0.668790 -0.743451 -0.000000 -0.738040 -0.674757 -0.000000 -0.827276 -0.561796 -0.000000 -0.854328 -0.519733 -0.000000 -0.937683 -0.347491 -0.000000 -0.937683 -0.347491 -0.000000 -0.937683 -0.347491 -0.000000 -0.937683 -0.347491 -0.000000 -0.937683 -0.347491 -0.000000 -0.937683 -0.347491 1.000000 -0.000000 0.000000 1.000000 -0.000000 0.000000 1.000000 -0.000000 0.000000 1.000000 -0.000000 0.000000 1.000000 -0.000000 0.000000 1.000000 -0.000000 0.000000 1.000000 -0.000000 0.000000 1.000000 -0.000000 0.000000 1.000000 -0.000000 0.000000 1.000000 -0.000000 0.000000 1.000000 -0.000000 0.000000 1.000000 -0.000000 0.000000 1.000000 -0.000000 0.000000 1.000000 -0.000000 0.000000 1.000000 -0.000000 0.000000 1.000000 -0.000000 0.000000 1.000000 -0.000000 0.000000 1.000000 -0.000000 0.000000 1.000000 -0.000000 0.000000 1.000000 -0.000000 0.000000 1.000000 -0.000000 0.000000 1.000000 -0.000000 0.000000 1.000000 -0.000000 0.000000 1.000000 -0.000000 0.000000 0.906308 0.099912 -0.410638 0.906308 0.099093 -0.410837 0.906308 0.098891 -0.410885 0.906308 0.097534 -0.411209 0.906308 0.096785 -0.411386 0.906308 0.096561 -0.411439 0.906308 0.095648 -0.411652 0.906308 0.095677 -0.411646 0.906308 0.095424 -0.411704 0.906308 0.095560 -0.411673 0.906308 0.095292 -0.411735 0.906308 0.094871 -0.411832 0.906308 0.094149 -0.411998 0.906308 0.094314 -0.411960 0.906308 0.093645 -0.412113 0.906308 0.092771 -0.412310 0.906308 0.092837 -0.412295 0.906308 0.091912 -0.412503 0.906308 0.091338 -0.412630 0.906308 0.090916 -0.412723 0.906308 0.089909 -0.412944 0.906308 0.089909 -0.412944 0.906308 0.088902 -0.413162 0.906308 0.088478 -0.413253 0.906308 0.087904 -0.413375 0.906308 0.087043 -0.413557 0.906308 0.086977 -0.413571 0.906308 0.085659 -0.413846 0.906308 0.086165 -0.413741 0.906308 0.085493 -0.413880 0.906308 0.084377 -0.414109 0.906308 0.084934 -0.413996 0.906308 0.084510 -0.414082 0.906308 0.084241 -0.414137 0.906308 0.083233 -0.414341 0.906308 0.084123 -0.414161 0.906308 0.083008 -0.414386 0.906308 0.084152 -0.414155 0.906308 0.084328 -0.414120 0.906308 0.084654 -0.414053 0.906308 0.085126 -0.413956 0.906308 0.085129 -0.413956 0.906308 0.085715 -0.413835 0.906308 0.086417 -0.413689 0.906308 0.087248 -0.413514 0.906308 0.100288 -0.410547 0.906308 0.100025 -0.410611 0.906308 0.082253 -0.414537 0.906308 0.080884 -0.414806 0.906308 0.080680 -0.414846 0.906308 0.079853 -0.415006 0.906308 0.079738 -0.415028 0.906308 0.079473 -0.415079 0.906308 0.095474 -0.411693 0.906308 0.094677 -0.411877 0.906308 0.095149 -0.411768 0.906308 0.094680 -0.411876 0.906308 0.094094 -0.412010 0.906308 0.093395 -0.412169 0.906308 0.092566 -0.412356 0.000000 -0.253603 -0.967308 0.000000 -0.134706 -0.990886 0.000000 0.005396 -0.999985 0.000000 0.106777 -0.994283 0.000000 0.264028 -0.964515 0.000000 0.342032 -0.939688 0.000000 0.504666 -0.863315 0.000000 0.497789 -0.867298 0.000000 0.632906 -0.774229 0.000000 -0.368332 -0.929694 0.000000 -0.495319 -0.868711 0.000000 -0.580475 -0.814278 0.000000 -0.703281 -0.710912 0.000000 -0.711255 -0.702934 0.000000 -0.816623 -0.577172 0.000000 -0.863315 -0.504666 -0.000000 -0.899711 -0.436486 -0.000000 -0.964515 -0.264028 -0.000000 -0.959371 -0.282148 -0.000000 -0.992661 -0.120927 -0.000000 -0.999985 -0.005396 -0.000000 -0.999192 0.040191 -0.000000 -0.980904 0.194492 -0.000000 -0.967308 0.253603 -0.000000 -0.937691 0.347471 -0.000000 -0.868711 0.495319 -0.000000 -0.868512 0.495667 -0.000000 -0.774930 0.632047 -0.000000 -0.710912 0.703281 -0.000000 -0.660656 0.750689 -0.000000 -0.504666 0.863315 -0.000000 -0.530444 0.847720 -0.000000 -0.379460 0.925208 -0.000000 -0.264028 0.964515 -0.000000 -0.212267 0.977212 -0.000000 -0.005396 0.999985 -0.000000 -0.037485 0.999297 -0.000000 0.134706 0.990886 -0.000000 0.253603 0.967308 -0.000000 0.302894 0.953024 -0.000000 0.495319 0.868711 -0.000000 0.465437 0.885081 -0.000000 0.612679 0.790332 -0.000000 0.703281 0.710912 -0.000000 0.737498 0.675349 -0.000000 0.863315 0.504666 -0.000000 0.837081 0.547079 0.000000 0.915536 0.402236 0.000000 0.964515 0.264028 0.000000 0.969315 0.245824 0.000000 0.996420 0.084538 0.000000 0.999985 0.005396 0.000000 0.997227 -0.074426 0.000000 0.967308 -0.253603 0.000000 0.973659 -0.228008 0.000000 0.924354 -0.381536 0.000000 0.868711 -0.495319 0.000000 0.849233 -0.528019 0.000000 0.710912 -0.703281 0.000000 0.750536 -0.660829 0.000000 0.993847 0.110760 0.000000 0.964515 0.264028 0.000000 0.932711 0.360625 -0.000000 0.863315 0.504666 -0.000000 0.821938 0.569577 -0.000000 0.703281 0.710912 -0.000000 0.665192 0.746672 -0.000000 0.495319 0.868711 -0.000000 0.471241 0.882004 -0.000000 0.253603 0.967308 -0.000000 0.250933 0.968005 -0.000000 0.016589 0.999862 -0.000000 -0.005396 0.999985 -0.000000 -0.218682 0.975796 -0.000000 -0.264028 0.964515 -0.000000 -0.441722 0.897152 -0.000000 -0.504666 0.863315 -0.000000 -0.640056 0.768328 -0.000000 -0.710912 0.703281 -0.000000 -0.802590 0.596531 -0.000000 -0.868711 0.495319 -0.000000 -0.928211 0.372055 -0.000000 -0.967308 0.253603 -0.000000 -0.991334 0.131369 -0.000000 -0.999985 -0.005396 -0.000000 -0.993377 -0.114905 -0.000000 -0.964515 -0.264028 -0.000000 -0.931419 -0.363949 0.000000 -0.863315 -0.504666 0.000000 -0.808058 -0.589103 0.000000 -0.703281 -0.710912 0.000000 -0.726875 -0.686770 0.000000 -0.629727 -0.776816 0.000000 -0.495319 -0.868711 0.000000 -0.518301 -0.855198 0.000000 -0.395796 -0.918338 0.000000 -0.253603 -0.967308 0.000000 -0.266244 -0.963906 0.000000 -0.134706 -0.990886 0.000000 0.005396 -0.999985 0.000000 -0.000739 -1.000000 0.000000 0.136276 -0.990671 0.000000 0.264028 -0.964515 0.000000 0.271190 -0.962526 0.000000 0.399497 -0.916734 0.000000 0.504666 -0.863315 0.000000 0.517158 -0.855890 0.000000 0.621467 -0.783440 0.000000 0.710912 -0.703281 0.000000 0.800458 -0.599389 0.000000 0.868711 -0.495319 0.000000 0.926651 -0.375923 0.000000 0.967308 -0.253603 0.000000 0.990426 -0.138042 0.000000 0.999985 0.005396 1.000000 -0.000000 0.000000 1.000000 -0.000000 0.000000 1.000000 -0.000000 0.000000 1.000000 -0.000000 0.000000 1.000000 -0.000000 0.000000 1.000000 -0.000000 0.000000 1.000000 -0.000000 0.000000 1.000000 -0.000000 0.000000 1.000000 -0.000000 0.000000 1.000000 -0.000000 0.000000 1.000000 -0.000000 0.000000 1.000000 -0.000000 0.000000 1.000000 -0.000000 0.000000 1.000000 -0.000000 0.000000 1.000000 -0.000000 0.000000 1.000000 -0.000000 0.000000 1.000000 -0.000000 0.000000 1.000000 -0.000000 0.000000 1.000000 -0.000000 0.000000 1.000000 -0.000000 0.000000 1.000000 -0.000000 0.000000 1.000000 -0.000000 0.000000 1.000000 -0.000000 0.000000 1.000000 -0.000000 0.000000 1.000000 -0.000000 0.000000 1.000000 -0.000000 0.000000 1.000000 -0.000000 0.000000 1.000000 -0.000000 0.000000 1.000000 -0.000000 0.000000 1.000000 -0.000000 0.000000 1.000000 -0.000000 0.000000 1.000000 -0.000000 0.000000 1.000000 -0.000000 0.000000 1.000000 -0.000000 0.000000 1.000000 -0.000000 0.000000 1.000000 -0.000000 0.000000 1.000000 -0.000000 0.000000 1.000000 -0.000000 0.000000 1.000000 -0.000000 0.000000 1.000000 -0.000000 0.000000 1.000000 -0.000000 0.000000 1.000000 -0.000000 0.000000 1.000000 -0.000000 0.000000 1.000000 -0.000000 0.000000 1.000000 -0.000000 0.000000 1.000000 -0.000000 0.000000 1.000000 -0.000000 0.000000 1.000000 -0.000000 0.000000 1.000000 -0.000000 0.000000 1.000000 -0.000000 0.000000 1.000000 -0.000000 0.000000 1.000000 -0.000000 0.000000 1.000000 -0.000000 0.000000 1.000000 -0.000000 0.000000 1.000000 -0.000000 0.000000 1.000000 -0.000000 0.000000 1.000000 -0.000000 0.000000 1.000000 -0.000000 0.000000 1.000000 -0.000000 0.000000 1.000000 -0.000000 0.000000 1.000000 -0.000000 0.000000 0.000000 0.999985 0.005396 0.000000 0.999985 0.005396 0.000000 0.999985 0.005396 0.000000 0.999985 0.005396 0.000000 0.999985 0.005396 0.000000 0.984362 -0.176157 0.000000 0.972219 -0.234073 0.000000 0.933848 -0.357671 0.000000 0.887951 -0.459938 0.000000 0.847774 -0.530358 0.000000 0.752078 -0.659074 0.000000 0.729687 -0.683781 0.000000 0.572497 -0.819907 0.000000 0.586914 -0.809649 0.000000 0.416317 -0.909219 0.000000 0.359645 -0.933089 0.000000 0.222758 -0.974874 0.000000 0.125892 -0.992044 0.000000 0.018770 -0.999824 0.000000 -0.115178 -0.993345 0.000000 -0.181262 -0.983435 0.000000 -0.349554 -0.936916 0.000000 -0.376651 -0.926355 0.000000 -0.563615 -0.826037 0.000000 -0.558198 -0.829708 0.000000 -0.713534 -0.700621 0.000000 -0.744922 -0.667152 0.000000 -0.834495 -0.551015 -0.000000 -0.882935 -0.469495 -0.000000 -0.924476 -0.381240 -0.000000 -0.969636 -0.244552 -0.000000 -0.980650 -0.195768 -0.000000 -0.999985 -0.005396 -0.000000 -0.999985 -0.005396 -0.000000 -0.999985 -0.005396 -0.000000 -0.999985 -0.005396 -0.000000 -0.999985 -0.005396 -0.000000 -0.999985 -0.005396 1.000000 -0.000000 0.000000 1.000000 -0.000000 0.000000 1.000000 -0.000000 0.000000 1.000000 -0.000000 0.000000 1.000000 -0.000000 0.000000 1.000000 -0.000000 0.000000 1.000000 -0.000000 0.000000 1.000000 -0.000000 0.000000 1.000000 -0.000000 0.000000 1.000000 -0.000000 0.000000 1.000000 -0.000000 0.000000 1.000000 -0.000000 0.000000 1.000000 -0.000000 0.000000 1.000000 -0.000000 0.000000 1.000000 -0.000000 0.000000 1.000000 -0.000000 0.000000 1.000000 -0.000000 0.000000 1.000000 -0.000000 0.000000 1.000000 -0.000000 0.000000 1.000000 -0.000000 0.000000 1.000000 -0.000000 0.000000 1.000000 -0.000000 0.000000 1.000000 -0.000000 0.000000 1.000000 -0.000000 0.000000 0.906308 -0.046741 -0.420026 0.906308 -0.047579 -0.419932 0.906308 -0.047785 -0.419908 0.906308 -0.049171 -0.419748 0.906308 -0.049935 -0.419658 0.906308 -0.050164 -0.419631 0.906308 -0.051095 -0.419518 0.906308 -0.051065 -0.419522 0.906308 -0.051323 -0.419490 0.906308 -0.051185 -0.419507 0.906308 -0.051457 -0.419474 0.906308 -0.051887 -0.419421 0.906308 -0.052621 -0.419329 0.906308 -0.052453 -0.419350 0.906308 -0.053134 -0.419265 0.906308 -0.054024 -0.419151 0.906308 -0.053956 -0.419160 0.906308 -0.054896 -0.419038 0.906308 -0.055479 -0.418961 0.906308 -0.055908 -0.418904 0.906308 -0.056929 -0.418766 0.906308 -0.056929 -0.418766 0.906308 -0.057950 -0.418626 0.906308 -0.058379 -0.418567 0.906308 -0.058961 -0.418485 0.906308 -0.059832 -0.418361 0.906308 -0.059899 -0.418352 0.906308 -0.061231 -0.418159 0.906308 -0.060720 -0.418234 0.906308 -0.061399 -0.418134 0.906308 -0.062526 -0.417967 0.906308 -0.061963 -0.418051 0.906308 -0.062391 -0.417987 0.906308 -0.062663 -0.417947 0.906308 -0.063680 -0.417793 0.906308 -0.062782 -0.417929 0.906308 -0.063907 -0.417758 0.906308 -0.062753 -0.417933 0.906308 -0.062576 -0.417960 0.906308 -0.062246 -0.418009 0.906308 -0.061770 -0.418080 0.906308 -0.061767 -0.418080 0.906308 -0.061175 -0.418167 0.906308 -0.060466 -0.418270 0.906308 -0.059625 -0.418391 0.906308 -0.046357 -0.420068 0.906308 -0.046625 -0.420038 0.906308 -0.064668 -0.417641 0.906308 -0.066046 -0.417426 0.906308 -0.066252 -0.417393 0.906308 -0.067084 -0.417260 0.906308 -0.067199 -0.417242 0.906308 -0.067465 -0.417199 0.906308 -0.051272 -0.419497 0.906308 -0.052084 -0.419397 0.906308 -0.051603 -0.419456 0.906308 -0.052081 -0.419397 0.906308 -0.052677 -0.419322 0.906308 -0.053389 -0.419232 0.906308 -0.054232 -0.419124 1.000000 0.000000 0.000000 1.000000 0.000000 0.000000 1.000000 0.000000 0.000000 1.000000 0.000000 0.000000 1.000000 0.000000 0.000000 1.000000 0.000000 0.000000 1.000000 0.000000 0.000000 1.000000 0.000000 0.000000 1.000000 0.000000 0.000000 1.000000 0.000000 0.000000 1.000000 0.000000 0.000000 1.000000 0.000000 0.000000 1.000000 0.000000 0.000000 1.000000 0.000000 0.000000 1.000000 0.000000 0.000000 1.000000 0.000000 0.000000 1.000000 0.000000 0.000000 1.000000 0.000000 0.000000 1.000000 0.000000 0.000000 1.000000 0.000000 0.000000 1.000000 0.000000 0.000000 1.000000 0.000000 0.000000 1.000000 0.000000 0.000000 1.000000 0.000000 0.000000 1.000000 0.000000 0.000000 1.000000 0.000000 0.000000 1.000000 0.000000 0.000000 1.000000 0.000000 0.000000 1.000000 0.000000 0.000000 1.000000 0.000000 0.000000 1.000000 0.000000 0.000000 1.000000 0.000000 0.000000 1.000000 0.000000 0.000000 1.000000 0.000000 0.000000 1.000000 0.000000 0.000000 1.000000 0.000000 0.000000 1.000000 0.000000 0.000000 1.000000 0.000000 0.000000 1.000000 0.000000 0.000000 1.000000 0.000000 0.000000 1.000000 0.000000 0.000000 1.000000 0.000000 0.000000 1.000000 0.000000 0.000000 1.000000 0.000000 0.000000 1.000000 0.000000 0.000000 1.000000 0.000000 0.000000 1.000000 0.000000 0.000000 1.000000 0.000000 0.000000 1.000000 0.000000 0.000000 1.000000 0.000000 0.000000 1.000000 0.000000 0.000000 1.000000 0.000000 0.000000 -0.000000 0.965134 0.261755 -0.000000 0.965134 0.261755 -0.000000 0.965134 0.261755 -0.000000 0.965134 0.261755 0.000000 -0.922026 -0.387128 0.000000 -0.965134 -0.261755 0.000000 -0.977487 -0.210996 0.000000 -0.999995 -0.003040 0.000000 -0.999623 -0.027462 0.000000 -0.986466 0.163967 0.000000 -0.966708 0.255881 0.000000 -0.936177 0.351528 0.000000 -0.867542 0.497365 0.000000 -0.851765 0.523925 0.000000 -0.709253 0.704954 0.000000 -0.734292 0.678833 0.000000 -0.580928 0.813955 -0.000000 -0.502631 0.864501 -0.000000 -0.401129 0.916022 -0.000000 -0.261755 0.965134 -0.000000 -0.209333 0.977844 -0.000000 -0.003040 0.999995 -0.000000 -0.006094 0.999981 -0.000000 0.199570 0.979884 -0.000000 0.255881 0.966708 -0.000000 0.391786 0.920056 -0.000000 0.497365 0.867542 -0.000000 0.559656 0.828725 -0.000000 0.704954 0.709253 -0.000000 0.708787 0.705422 -0.000000 0.831500 0.555524 -0.000000 0.864501 0.502631 -0.000000 0.921437 0.388528 -0.000000 0.965134 0.261755 -0.000000 0.976687 0.214670 -0.000000 0.999995 0.003040 -0.000000 0.999609 0.027962 -0.000000 0.986372 -0.164530 -0.000000 0.966708 -0.255881 -0.000000 0.936107 -0.351716 -0.000000 0.867542 -0.497365 -0.000000 0.852417 -0.522862 -0.000000 0.733254 -0.679955 -0.000000 0.709253 -0.704954 -0.000000 0.579691 -0.814836 0.000000 0.502631 -0.864501 0.000000 0.400675 -0.916220 0.000000 0.261755 -0.965134 0.000000 0.209373 -0.977836 0.000000 0.003040 -0.999995 0.000000 0.007041 -0.999975 0.000000 -0.197867 -0.980229 0.000000 -0.255881 -0.966708 0.000000 -0.391054 -0.920368 0.000000 -0.497365 -0.867542 0.000000 -0.560276 -0.828306 0.000000 -0.704954 -0.709253 0.000000 -0.708406 -0.705805 0.000000 -0.831323 -0.555790 0.000000 -0.864501 -0.502631 0.000000 -0.695396 -0.718626 0.000000 -0.704954 -0.709253 0.000000 -0.587432 -0.809273 0.000000 -0.497365 -0.867542 0.000000 -0.367704 -0.929943 0.000000 -0.255881 -0.966708 0.000000 -0.124868 -0.992173 0.000000 0.003040 -0.999995 0.000000 0.125814 -0.992054 0.000000 0.261755 -0.965134 0.000000 0.368590 -0.929592 0.000000 0.502631 -0.864501 -0.000000 0.588204 -0.808713 -0.000000 0.709253 -0.704954 -0.000000 0.770853 -0.637013 -0.000000 0.867542 -0.497365 -0.000000 0.905061 -0.425282 -0.000000 0.966708 -0.255881 -0.000000 0.955872 -0.293785 -0.000000 0.987704 -0.156333 -0.000000 0.999995 0.003040 -0.000000 0.992963 0.118428 -0.000000 0.965134 0.261755 -0.000000 0.926227 0.376966 -0.000000 0.864501 0.502631 -0.000000 0.786176 0.618003 -0.000000 0.704954 0.709253 -0.000000 0.691544 0.722335 -0.000000 0.584306 0.811534 -0.000000 0.497365 0.867542 -0.000000 0.466610 0.884463 -0.000000 0.334682 0.942331 -0.000000 0.255881 0.966708 -0.000000 0.192085 0.981378 -0.000000 -0.003040 0.999995 -0.000000 0.043672 0.999046 -0.000000 -0.105343 0.994436 -0.000000 -0.261755 0.965134 -0.000000 -0.249167 0.968460 -0.000000 -0.387670 0.921798 -0.000000 -0.502631 0.864501 0.000000 -0.520407 0.853919 0.000000 -0.641865 0.766818 0.000000 -0.709253 0.704954 0.000000 -0.747911 0.663799 0.000000 -0.835529 0.549447 0.000000 -0.867542 0.497365 0.000000 -0.903414 0.428770 0.000000 -0.966708 0.255881 0.000000 -0.954287 0.298892 0.000000 -0.986816 0.161844 0.000000 -0.999995 -0.003040 0.000000 -0.993149 -0.116855 0.000000 -0.965134 -0.261755 0.000000 -0.926823 -0.375499 0.000000 -0.864501 -0.502631 0.000000 -0.789613 -0.613605 0.000000 -0.965134 -0.261755 0.000000 -0.965134 -0.261755 0.000000 -0.965134 -0.261755 0.000000 -0.965134 -0.261755 -0.000000 0.560490 0.828161 -0.000000 0.548838 0.835929 -0.000000 0.685116 0.728434 -0.000000 0.732941 0.680292 -0.000000 0.781404 0.624025 -0.000000 0.874447 0.485120 -0.000000 0.860871 0.508824 -0.000000 0.921757 0.387768 -0.000000 0.965134 0.261755 -0.000000 0.965134 0.261755 -0.000000 0.424294 0.905524 -0.000000 0.332839 0.942984 -0.000000 0.273430 0.961892 -0.000000 0.097497 0.995236 -0.000000 0.108260 0.994123 -0.000000 -0.062155 0.998066 -0.000000 -0.143512 0.989649 -0.000000 -0.227784 0.973712 -0.000000 -0.376180 0.926547 -0.000000 -0.385485 0.922714 0.000000 -0.536387 0.843972 0.000000 -0.586986 0.809597 0.000000 -0.671089 0.741377 0.000000 -0.763679 0.645597 0.000000 -0.782975 0.622054 0.000000 -0.870352 0.492430 0.000000 -0.895989 0.444076 0.000000 -0.937450 0.348119 0.000000 -0.976228 0.216748 0.000000 -0.980927 0.194379 0.000000 -0.999282 0.037882 0.000000 -0.999731 -0.023177 0.000000 -0.993464 -0.114143 0.000000 -0.965134 -0.261755 0.000000 -0.965134 -0.261755 1.000000 0.000000 0.000000 1.000000 0.000000 0.000000 1.000000 0.000000 0.000000 1.000000 0.000000 0.000000 1.000000 0.000000 0.000000 1.000000 0.000000 0.000000 1.000000 0.000000 0.000000 1.000000 0.000000 0.000000 1.000000 0.000000 0.000000 1.000000 0.000000 0.000000 1.000000 0.000000 0.000000 1.000000 0.000000 0.000000 1.000000 0.000000 0.000000 1.000000 0.000000 0.000000 1.000000 0.000000 0.000000 1.000000 0.000000 0.000000 1.000000 0.000000 0.000000 1.000000 0.000000 0.000000 1.000000 0.000000 0.000000 1.000000 0.000000 0.000000 1.000000 0.000000 0.000000 1.000000 0.000000 0.000000 1.000000 0.000000 0.000000 1.000000 0.000000 0.000000 0.906308 -0.089453 0.413043 0.906308 -0.081858 0.414615 0.906308 -0.089171 0.413104 0.906308 -0.086758 0.413617 0.906308 -0.089449 0.413044 0.906308 -0.089989 0.412926 0.906308 -0.090291 0.412860 0.906308 -0.091691 0.412552 0.906308 -0.093547 0.412135 0.906308 -0.093570 0.412130 0.906308 -0.095814 0.411614 0.906308 -0.097404 0.411240 0.906308 -0.098532 0.410972 0.906308 -0.101363 0.410283 0.906308 -0.101552 0.410236 0.906308 -0.104671 0.409451 0.906308 -0.105303 0.409289 0.906308 -0.107769 0.408647 0.906308 -0.109233 0.408258 0.906308 -0.110841 0.407824 0.906308 -0.113162 0.407186 0.906308 -0.113678 0.407042 0.906308 -0.116115 0.406354 0.906308 -0.116949 0.406115 0.906308 -0.118097 0.405782 0.906308 -0.120470 0.405084 0.906308 -0.119673 0.405320 0.906308 -0.120728 0.405007 0.906308 -0.121227 0.404858 0.906308 -0.123633 0.404130 0.906308 -0.121177 0.404873 0.906308 -0.126363 0.403285 0.906308 -0.120563 0.405057 0.906308 -0.128406 0.402639 0.906308 -0.119349 0.405416 0.906308 -0.113045 0.407219 0.906308 -0.117582 0.405932 0.906308 -0.115350 0.406572 0.906308 -0.112562 0.407352 0.906308 -0.109355 0.408225 0.906308 -0.105986 0.409113 0.906308 -0.097522 0.411212 0.906308 -0.102626 0.409968 0.906308 -0.099298 0.410787 0.906308 -0.096286 0.411504 0.906308 -0.093797 0.412078 0.906308 -0.091807 0.412526 0.906308 -0.090327 0.412852 0.906308 -0.079574 0.415059 0.906308 -0.081504 0.414685 0.906308 -0.083959 0.414194 0.906308 -0.079433 0.415086 0.906308 -0.077854 0.415385 0.906308 -0.076765 0.415588 0.906308 -0.076208 0.415690 0.906308 -0.128751 0.402529 0.906308 -0.130622 0.401926 0.906308 -0.130758 0.401881 0.906308 -0.132285 0.401381 0.906308 -0.133337 0.401033 0.906308 -0.133874 0.400854 0.906308 -0.056661 0.418803 0.906308 -0.053608 0.419204 0.906308 -0.059549 0.418402 0.906308 -0.027464 0.421725 0.906308 -0.053110 0.419268 0.906308 -0.045504 0.420161 0.906308 -0.053844 0.419174 0.906308 -0.055940 0.418900 0.906308 -0.059514 0.418407 0.906308 -0.064474 0.417671 0.906308 -0.070623 0.416676 0.906308 -0.089763 0.412976 0.906308 -0.078260 0.415309 0.906308 -0.087186 0.413527 0.906308 -0.096873 0.411366 0.906308 -0.106595 0.408954 0.906308 -0.116300 0.406301 0.906308 -0.133011 0.401141 0.906308 -0.125663 0.403504 0.906308 -0.134019 0.400806 0.906308 -0.140951 0.398421 0.906308 -0.146498 0.396414 0.906308 -0.150856 0.394777 0.906308 -0.153580 0.393725 0.906308 -0.174762 0.384792 0.906308 -0.155206 0.393087 0.906308 -0.155823 0.392843 0.906308 -0.155522 0.392962 0.906308 -0.150856 0.394777 0.906308 -0.183020 0.380933 0.906308 -0.153127 0.393901 0.906308 -0.213927 0.364474 0.906308 -0.205212 0.369451 0.906308 -0.190641 0.377177 0.906308 -0.243365 0.345514 0.906308 -0.230895 0.353969 0.906308 -0.218594 0.361694 0.906308 -0.271133 0.324181 0.906308 -0.262254 0.331405 0.906308 -0.252638 0.338792 0.906308 -0.242213 0.346322 0.906308 -0.000734 0.422618 0.906308 0.004782 0.422591 0.906308 0.037000 0.420995 0.906308 0.044045 0.420317 0.906308 0.069003 0.416947 0.906308 0.088329 0.413285 0.906308 0.100603 0.410469 0.906308 0.131618 0.401601 0.906308 0.131618 0.401601 -0.000000 0.578341 0.815795 -0.000000 0.440790 0.897610 -0.000000 0.347491 0.937683 -0.000000 0.212743 0.977108 -0.000000 0.092960 0.995670 0.000000 -0.027713 0.999616 0.000000 -0.167905 0.985803 0.000000 -0.266552 0.963821 0.000000 -0.417329 0.908756 0.000000 -0.427553 0.903990 0.000000 -0.569615 0.821912 -0.000000 0.643128 0.765759 -0.000000 0.769778 0.638312 -0.000000 0.764681 0.644409 -0.000000 0.859760 0.510699 -0.000000 0.908756 0.417329 -0.000000 0.931448 0.363875 -0.000000 0.985803 0.167905 -0.000000 0.978700 0.205298 -0.000000 0.999120 0.041948 -0.000000 0.995670 -0.092960 -0.000000 0.992872 -0.119183 -0.000000 0.962424 -0.271550 -0.000000 0.937683 -0.347491 -0.000000 0.907234 -0.420627 -0.000000 0.815795 -0.578341 -0.000000 0.826538 -0.562881 -0.000000 0.722451 -0.691423 -0.000000 0.638312 -0.769778 -0.000000 0.599141 -0.800644 -0.000000 0.417329 -0.908756 -0.000000 0.461655 -0.887059 -0.000000 0.305009 -0.952349 -0.000000 0.167905 -0.985803 -0.000000 0.134224 -0.990951 -0.000000 -0.041758 -0.999128 0.000000 -0.092960 -0.995670 0.000000 -0.212743 -0.977108 0.000000 -0.347491 -0.937683 0.000000 -0.377405 -0.926048 0.000000 -0.534057 -0.845448 0.000000 -0.578341 -0.815795 0.000000 -0.673335 -0.739337 0.000000 -0.769778 -0.638312 0.000000 -0.788658 -0.614833 0.000000 -0.877771 -0.479080 0.000000 -0.908756 -0.417329 0.000000 -0.944511 -0.328480 0.000000 -0.985803 -0.167905 0.000000 -0.985736 -0.168300 0.000000 -0.999986 -0.005374 0.000000 -0.995670 0.092960 0.000000 -0.988202 0.153154 0.000000 -0.937683 0.347491 0.000000 -0.952548 0.304388 0.000000 -0.891241 0.453530 0.000000 -0.815795 0.578341 0.000000 -0.804757 0.593604 0.000000 -0.695855 0.718183 0.000000 -0.638312 0.769778 0.000000 -0.999497 -0.031718 0.000000 -0.985803 -0.167905 0.000000 -0.958337 -0.285640 0.000000 -0.908756 -0.417329 0.000000 -0.864457 -0.502707 0.000000 -0.769778 -0.638312 0.000000 -0.722226 -0.691657 0.000000 -0.578341 -0.815795 0.000000 -0.539600 -0.841922 0.000000 -0.347491 -0.937683 0.000000 -0.326793 -0.945096 0.000000 -0.092960 -0.995670 0.000000 -0.095708 -0.995409 -0.000000 0.140731 -0.990048 -0.000000 0.167905 -0.985803 -0.000000 0.369298 -0.929311 -0.000000 0.417329 -0.908756 -0.000000 0.577209 -0.816596 -0.000000 0.638312 -0.769778 -0.000000 0.752836 -0.658208 -0.000000 0.815795 -0.578341 -0.000000 0.895837 -0.444384 -0.000000 0.937683 -0.347491 -0.000000 0.977819 -0.209452 -0.000000 0.995670 -0.092960 -0.000000 0.999356 0.035887 -0.000000 0.985803 0.167905 -0.000000 0.957312 0.289055 -0.000000 0.908756 0.417329 -0.000000 0.852167 0.523271 -0.000000 0.769778 0.638312 -0.000000 0.778972 0.627059 -0.000000 0.689260 0.724514 -0.000000 0.578341 0.815795 -0.000000 0.584389 0.811473 -0.000000 0.467269 0.884115 -0.000000 0.347491 0.937683 -0.000000 0.341732 0.939798 -0.000000 0.212743 0.977108 -0.000000 0.092960 0.995670 0.000000 0.079918 0.996801 0.000000 -0.057405 0.998351 0.000000 -0.167905 0.985803 0.000000 -0.194125 0.980977 0.000000 -0.325655 0.945489 0.000000 -0.417329 0.908756 0.000000 -0.447763 0.894152 0.000000 -0.557482 0.830189 0.000000 -0.638312 0.769778 0.000000 -0.750484 0.660888 0.000000 -0.815795 0.578341 0.000000 -0.893975 0.448116 0.000000 -0.937683 0.347491 0.000000 -0.976386 0.216032 0.000000 -0.995670 0.092960 1.000000 0.000000 -0.000000 1.000000 0.000000 -0.000000 1.000000 0.000000 -0.000000 1.000000 0.000000 -0.000000 1.000000 0.000000 -0.000000 1.000000 0.000000 -0.000000 1.000000 0.000000 -0.000000 1.000000 0.000000 -0.000000 1.000000 0.000000 -0.000000 1.000000 0.000000 -0.000000 1.000000 0.000000 -0.000000 1.000000 0.000000 -0.000000 1.000000 0.000000 -0.000000 1.000000 0.000000 -0.000000 1.000000 0.000000 -0.000000 1.000000 0.000000 -0.000000 1.000000 0.000000 -0.000000 1.000000 0.000000 -0.000000 1.000000 0.000000 -0.000000 1.000000 0.000000 -0.000000 1.000000 0.000000 -0.000000 1.000000 0.000000 -0.000000 1.000000 0.000000 -0.000000 1.000000 0.000000 -0.000000 1.000000 0.000000 -0.000000 1.000000 0.000000 -0.000000 1.000000 0.000000 -0.000000 1.000000 0.000000 -0.000000 1.000000 0.000000 -0.000000 1.000000 0.000000 -0.000000 1.000000 0.000000 -0.000000 1.000000 0.000000 -0.000000 1.000000 0.000000 -0.000000 1.000000 0.000000 -0.000000 1.000000 0.000000 -0.000000 1.000000 0.000000 -0.000000 1.000000 0.000000 -0.000000 1.000000 0.000000 -0.000000 1.000000 0.000000 -0.000000 1.000000 0.000000 -0.000000 1.000000 0.000000 -0.000000 1.000000 0.000000 -0.000000 1.000000 0.000000 -0.000000 1.000000 0.000000 -0.000000 1.000000 0.000000 -0.000000 1.000000 0.000000 -0.000000 1.000000 0.000000 -0.000000 1.000000 0.000000 -0.000000 1.000000 0.000000 -0.000000 1.000000 0.000000 -0.000000 1.000000 0.000000 -0.000000 1.000000 0.000000 -0.000000 1.000000 0.000000 -0.000000 1.000000 0.000000 -0.000000 1.000000 0.000000 -0.000000 1.000000 0.000000 -0.000000 1.000000 0.000000 -0.000000 1.000000 0.000000 -0.000000 1.000000 0.000000 -0.000000 1.000000 0.000000 -0.000000 1.000000 0.000000 -0.000000 0.000000 -0.937683 0.347491 0.000000 -0.937683 0.347491 0.000000 -0.937683 0.347491 0.000000 -0.937683 0.347491 0.000000 -0.937683 0.347491 0.000000 -0.937683 0.347491 0.000000 -0.872194 0.489160 0.000000 -0.827276 0.561796 0.000000 -0.784167 0.620550 0.000000 -0.668790 0.743451 0.000000 -0.676509 0.736434 0.000000 -0.554058 0.832478 0.000000 -0.471437 0.881900 0.000000 -0.415390 0.909644 0.000000 -0.246685 0.969096 0.000000 -0.260068 0.965590 0.000000 -0.094861 0.995491 0.000000 -0.007597 0.999971 0.000000 0.072862 0.997342 -0.000000 0.231932 0.972732 -0.000000 0.234862 0.972029 -0.000000 0.391794 0.920053 -0.000000 0.457983 0.888961 -0.000000 0.540392 0.841414 -0.000000 0.657417 0.753527 -0.000000 0.673176 0.739483 -0.000000 0.784812 0.619734 -0.000000 0.818644 0.574301 -0.000000 0.871944 0.489605 -0.000000 0.932295 0.361698 -0.000000 0.937699 0.347449 -0.000000 0.980795 0.195042 -0.000000 0.991764 0.128075 -0.000000 0.998516 0.054467 -0.000000 0.993596 -0.112991 -0.000000 0.996359 -0.085256 -0.000000 0.975592 -0.219590 -0.000000 0.937683 -0.347491 -0.000000 0.937683 -0.347491 -0.000000 0.937683 -0.347491 -0.000000 0.937683 -0.347491 -0.000000 0.937683 -0.347491 1.000000 0.000000 -0.000000 1.000000 0.000000 -0.000000 1.000000 0.000000 -0.000000 1.000000 0.000000 -0.000000 1.000000 0.000000 -0.000000 1.000000 0.000000 -0.000000 1.000000 0.000000 -0.000000 1.000000 0.000000 -0.000000 1.000000 0.000000 -0.000000 1.000000 0.000000 -0.000000 1.000000 0.000000 -0.000000 1.000000 0.000000 -0.000000 1.000000 0.000000 -0.000000 1.000000 0.000000 -0.000000 1.000000 0.000000 -0.000000 1.000000 0.000000 -0.000000 1.000000 0.000000 -0.000000 1.000000 0.000000 -0.000000 1.000000 0.000000 -0.000000 1.000000 0.000000 -0.000000 1.000000 0.000000 -0.000000 1.000000 0.000000 -0.000000 1.000000 0.000000 -0.000000 1.000000 0.000000 -0.000000 0.906308 0.079853 0.415006 0.906308 0.080680 0.414846 0.906308 0.080884 0.414806 0.906308 0.082253 0.414537 0.906308 0.083008 0.414386 0.906308 0.083233 0.414341 0.906308 0.084152 0.414155 0.906308 0.084123 0.414161 0.906308 0.084377 0.414109 0.906308 0.084241 0.414137 0.906308 0.084510 0.414082 0.906308 0.084934 0.413996 0.906308 0.085659 0.413846 0.906308 0.085493 0.413880 0.906308 0.086165 0.413741 0.906308 0.087043 0.413557 0.906308 0.086977 0.413571 0.906308 0.087904 0.413375 0.906308 0.088478 0.413253 0.906308 0.088902 0.413162 0.906308 0.089909 0.412944 0.906308 0.089909 0.412944 0.906308 0.090916 0.412723 0.906308 0.091338 0.412630 0.906308 0.091912 0.412503 0.906308 0.092771 0.412310 0.906308 0.092837 0.412295 0.906308 0.094149 0.411998 0.906308 0.093645 0.412113 0.906308 0.094314 0.411960 0.906308 0.095424 0.411704 0.906308 0.094871 0.411832 0.906308 0.095292 0.411735 0.906308 0.095560 0.411673 0.906308 0.096561 0.411439 0.906308 0.095677 0.411646 0.906308 0.096785 0.411386 0.906308 0.095648 0.411652 0.906308 0.095474 0.411693 0.906308 0.095149 0.411768 0.906308 0.094680 0.411876 0.906308 0.094677 0.411877 0.906308 0.094094 0.412010 0.906308 0.093395 0.412169 0.906308 0.092566 0.412356 0.906308 0.079473 0.415079 0.906308 0.079738 0.415028 0.906308 0.097534 0.411209 0.906308 0.098891 0.410885 0.906308 0.099093 0.410837 0.906308 0.099912 0.410638 0.906308 0.100025 0.410611 0.906308 0.100288 0.410547 0.906308 0.084328 0.414120 0.906308 0.085129 0.413956 0.906308 0.084654 0.414053 0.906308 0.085126 0.413956 0.906308 0.085715 0.413835 0.906308 0.086417 0.413689 0.906308 0.087248 0.413514 0.906308 0.069417 0.416878 0.906308 0.068100 0.417095 0.906308 0.067137 0.417251 0.906308 0.046489 0.420054 0.906308 0.045838 0.420125 0.906308 0.024754 0.421893 0.906308 0.024419 0.421912 0.906308 0.002953 0.422608 0.906308 0.002938 0.422608 0.906308 -0.018551 0.422211 0.906308 -0.018856 0.422197 0.906308 -0.038119 0.420896 0.906308 -0.038392 0.420871 0.906308 -0.039015 0.420814 0.906308 -0.040614 0.420662 0.906308 -0.039992 0.420722 0.906308 -0.041468 0.420579 0.906308 -0.043277 0.420397 0.906308 -0.045396 0.420173 0.906308 -0.047878 0.419897 0.906308 -0.050638 0.419574 0.906308 -0.053565 0.419210 0.906308 -0.062265 0.418006 0.906308 -0.056522 0.418822 0.906308 -0.059461 0.418414 0.906308 -0.062403 0.417986 0.906308 -0.065210 0.417557 0.906308 -0.067763 0.417150 0.906308 -0.069972 0.416786 0.906308 -0.071840 0.416467 0.906308 -0.073402 0.416195 0.906308 -0.083749 0.414237 0.906308 -0.074578 0.415986 0.906308 -0.075323 0.415852 0.906308 -0.079799 0.415016 0.906308 -0.077530 0.415446 0.906308 0.071629 0.416504 0.906308 0.072376 0.416375 0.906308 0.073552 0.416169 0.906308 0.075112 0.415890 0.906308 0.076977 0.415549 0.906308 0.079177 0.415135 0.906308 0.089530 0.413026 0.906308 0.081715 0.414643 0.906308 0.084499 0.414085 0.906308 0.087410 0.413480 0.906308 0.090311 0.412856 0.906308 0.093221 0.412209 0.906308 0.096097 0.411548 0.906308 0.098800 0.410907 0.906308 0.110721 0.407857 0.906308 0.101227 0.410316 0.906308 0.103294 0.409801 0.906308 0.105056 0.409352 0.906308 0.106492 0.408981 0.906308 0.107441 0.408733 0.906308 0.108047 0.408573 0.906308 0.108312 0.408503 0.906308 0.114917 0.406694 0.906308 0.108241 0.408522 0.906308 0.106492 0.408981 0.906308 0.123294 0.404234 0.906308 -0.102083 0.410104 0.906308 -0.105011 0.409364 0.906308 -0.124070 0.403996 0.906308 -0.125993 0.403401 0.906308 -0.145694 0.396711 0.906308 -0.146639 0.396363 0.906308 -0.166894 0.388269 0.906308 -0.166894 0.388269 0.906308 -0.038191 0.420889 0.906308 -0.039992 0.420722 -0.000000 0.264028 0.964515 -0.000000 0.106777 0.994283 -0.000000 0.005396 0.999985 -0.000000 -0.134706 0.990886 -0.000000 -0.253603 0.967308 0.000000 -0.368332 0.929694 0.000000 -0.495319 0.868711 0.000000 -0.580475 0.814278 0.000000 -0.703281 0.710912 0.000000 -0.711255 0.702934 0.000000 -0.816623 0.577172 -0.000000 0.342032 0.939688 -0.000000 0.504666 0.863315 -0.000000 0.497789 0.867298 -0.000000 0.632906 0.774229 -0.000000 0.710912 0.703281 -0.000000 0.750536 0.660829 -0.000000 0.868711 0.495319 -0.000000 0.849233 0.528019 -0.000000 0.924354 0.381536 -0.000000 0.967308 0.253603 -0.000000 0.973659 0.228008 -0.000000 0.997227 0.074426 -0.000000 0.999985 -0.005396 -0.000000 0.996420 -0.084538 -0.000000 0.964515 -0.264028 -0.000000 0.969315 -0.245824 -0.000000 0.915536 -0.402236 -0.000000 0.863315 -0.504666 -0.000000 0.837081 -0.547079 -0.000000 0.703281 -0.710912 -0.000000 0.737498 -0.675349 -0.000000 0.612679 -0.790332 -0.000000 0.495319 -0.868711 -0.000000 0.465437 -0.885081 -0.000000 0.302894 -0.953024 0.000000 0.253603 -0.967308 0.000000 0.134706 -0.990886 0.000000 -0.005396 -0.999985 0.000000 -0.037485 -0.999297 0.000000 -0.212267 -0.977212 0.000000 -0.264028 -0.964515 0.000000 -0.379460 -0.925208 0.000000 -0.504666 -0.863315 0.000000 -0.530444 -0.847720 0.000000 -0.660656 -0.750689 0.000000 -0.710912 -0.703281 0.000000 -0.774930 -0.632047 0.000000 -0.868711 -0.495319 0.000000 -0.868512 -0.495667 0.000000 -0.937691 -0.347471 0.000000 -0.967308 -0.253603 0.000000 -0.980904 -0.194492 0.000000 -0.999985 0.005396 0.000000 -0.999192 -0.040191 0.000000 -0.992661 0.120927 0.000000 -0.964515 0.264028 0.000000 -0.959371 0.282148 0.000000 -0.899711 0.436486 0.000000 -0.863315 0.504666 0.000000 -0.928211 -0.372055 0.000000 -0.868711 -0.495319 0.000000 -0.802590 -0.596531 0.000000 -0.710912 -0.703281 0.000000 -0.640056 -0.768328 0.000000 -0.504666 -0.863315 0.000000 -0.441722 -0.897152 0.000000 -0.264028 -0.964515 0.000000 -0.218682 -0.975796 0.000000 -0.005396 -0.999985 0.000000 0.016589 -0.999862 0.000000 0.253603 -0.967308 0.000000 0.250933 -0.968005 -0.000000 0.471241 -0.882004 -0.000000 0.495319 -0.868711 -0.000000 0.665192 -0.746672 -0.000000 0.703281 -0.710912 -0.000000 0.821938 -0.569577 -0.000000 0.863315 -0.504666 -0.000000 0.932711 -0.360625 -0.000000 0.964515 -0.264028 -0.000000 0.993847 -0.110760 -0.000000 0.999985 -0.005396 -0.000000 0.990426 0.138042 -0.000000 0.967308 0.253603 -0.000000 0.926651 0.375923 -0.000000 0.868711 0.495319 -0.000000 0.800458 0.599389 -0.000000 0.710912 0.703281 -0.000000 0.621467 0.783440 -0.000000 0.504666 0.863315 -0.000000 0.517158 0.855890 -0.000000 0.399497 0.916734 -0.000000 0.264028 0.964515 -0.000000 0.271190 0.962526 -0.000000 0.136276 0.990671 -0.000000 0.005396 0.999985 -0.000000 -0.000739 1.000000 -0.000000 -0.134706 0.990886 -0.000000 -0.253603 0.967308 0.000000 -0.266244 0.963906 0.000000 -0.395796 0.918338 0.000000 -0.495319 0.868711 0.000000 -0.518301 0.855198 0.000000 -0.629727 0.776816 0.000000 -0.703281 0.710912 0.000000 -0.726875 0.686770 0.000000 -0.808058 0.589103 0.000000 -0.863315 0.504666 0.000000 -0.931419 0.363949 0.000000 -0.964515 0.264028 0.000000 -0.993377 0.114905 0.000000 -0.999985 0.005396 0.000000 -0.991334 -0.131369 0.000000 -0.967308 -0.253603 1.000000 0.000000 0.000000 1.000000 0.000000 0.000000 1.000000 0.000000 0.000000 1.000000 0.000000 0.000000 1.000000 0.000000 0.000000 1.000000 0.000000 0.000000 1.000000 0.000000 0.000000 1.000000 0.000000 0.000000 1.000000 0.000000 0.000000 1.000000 0.000000 0.000000 1.000000 0.000000 0.000000 1.000000 0.000000 0.000000 1.000000 0.000000 0.000000 1.000000 0.000000 0.000000 1.000000 0.000000 0.000000 1.000000 0.000000 0.000000 1.000000 0.000000 0.000000 1.000000 0.000000 0.000000 1.000000 0.000000 0.000000 1.000000 0.000000 0.000000 1.000000 0.000000 0.000000 1.000000 0.000000 0.000000 1.000000 0.000000 0.000000 1.000000 0.000000 0.000000 1.000000 0.000000 0.000000 1.000000 0.000000 0.000000 1.000000 0.000000 0.000000 1.000000 0.000000 0.000000 1.000000 0.000000 0.000000 1.000000 0.000000 0.000000 1.000000 0.000000 0.000000 1.000000 0.000000 0.000000 1.000000 0.000000 0.000000 1.000000 0.000000 0.000000 1.000000 0.000000 0.000000 1.000000 0.000000 0.000000 1.000000 0.000000 0.000000 1.000000 0.000000 0.000000 1.000000 0.000000 0.000000 1.000000 0.000000 0.000000 1.000000 0.000000 0.000000 1.000000 0.000000 0.000000 1.000000 0.000000 0.000000 1.000000 0.000000 0.000000 1.000000 0.000000 0.000000 1.000000 0.000000 0.000000 1.000000 0.000000 0.000000 1.000000 0.000000 0.000000 1.000000 0.000000 0.000000 1.000000 0.000000 0.000000 1.000000 0.000000 0.000000 1.000000 0.000000 0.000000 1.000000 0.000000 0.000000 1.000000 0.000000 0.000000 1.000000 0.000000 0.000000 1.000000 0.000000 0.000000 1.000000 0.000000 0.000000 1.000000 0.000000 0.000000 1.000000 0.000000 0.000000 1.000000 0.000000 0.000000 1.000000 0.000000 0.000000 0.000000 -0.999985 0.005396 0.000000 -0.999985 0.005396 0.000000 -0.999985 0.005396 0.000000 -0.999985 0.005396 0.000000 -0.999985 0.005396 0.000000 -0.999985 0.005396 0.000000 -0.986966 0.160926 0.000000 -0.969636 0.244552 0.000000 -0.949252 0.314515 0.000000 -0.882935 0.469495 0.000000 -0.887785 0.460258 0.000000 -0.805624 0.592427 0.000000 -0.744922 0.667152 0.000000 -0.701763 0.712411 0.000000 -0.563615 0.826037 0.000000 -0.574989 0.818161 0.000000 -0.430008 0.902825 0.000000 -0.349554 0.936916 0.000000 -0.273059 0.961997 -0.000000 -0.115178 0.993345 -0.000000 -0.112185 0.993687 -0.000000 0.053058 0.998591 -0.000000 0.125892 0.992044 -0.000000 0.219600 0.975590 -0.000000 0.359645 0.933089 -0.000000 0.379260 0.925290 -0.000000 0.525152 0.851008 -0.000000 0.572497 0.819907 -0.000000 0.651577 0.758583 -0.000000 0.752078 0.659074 -0.000000 0.762034 0.647537 -0.000000 0.854713 0.519100 -0.000000 0.887951 0.459938 -0.000000 0.919499 0.393092 -0.000000 0.972219 0.234073 -0.000000 0.965318 0.261078 -0.000000 0.991806 0.127754 -0.000000 0.999985 -0.005396 -0.000000 0.999985 -0.005396 -0.000000 0.999985 -0.005396 -0.000000 0.999985 -0.005396 -0.000000 0.999985 -0.005396 1.000000 0.000000 0.000000 1.000000 0.000000 0.000000 1.000000 0.000000 0.000000 1.000000 0.000000 0.000000 1.000000 0.000000 0.000000 1.000000 0.000000 0.000000 1.000000 0.000000 0.000000 1.000000 0.000000 0.000000 1.000000 0.000000 0.000000 1.000000 0.000000 0.000000 1.000000 0.000000 0.000000 1.000000 0.000000 0.000000 1.000000 0.000000 0.000000 1.000000 0.000000 0.000000 1.000000 0.000000 0.000000 1.000000 0.000000 0.000000 1.000000 0.000000 0.000000 1.000000 0.000000 0.000000 1.000000 0.000000 0.000000 1.000000 0.000000 0.000000 1.000000 0.000000 0.000000 1.000000 0.000000 0.000000 1.000000 0.000000 0.000000 1.000000 0.000000 0.000000 0.906308 -0.067084 0.417260 0.906308 -0.066252 0.417393 0.906308 -0.066046 0.417426 0.906308 -0.064668 0.417641 0.906308 -0.063907 0.417758 0.906308 -0.063680 0.417793 0.906308 -0.062753 0.417933 0.906308 -0.062782 0.417929 0.906308 -0.062526 0.417967 0.906308 -0.062663 0.417947 0.906308 -0.062391 0.417987 0.906308 -0.061963 0.418051 0.906308 -0.061231 0.418159 0.906308 -0.061399 0.418134 0.906308 -0.060720 0.418234 0.906308 -0.059832 0.418361 0.906308 -0.059899 0.418352 0.906308 -0.058961 0.418485 0.906308 -0.058379 0.418567 0.906308 -0.057950 0.418626 0.906308 -0.056929 0.418766 0.906308 -0.056929 0.418766 0.906308 -0.055908 0.418904 0.906308 -0.055479 0.418961 0.906308 -0.054896 0.419038 0.906308 -0.054024 0.419151 0.906308 -0.053956 0.419160 0.906308 -0.052621 0.419329 0.906308 -0.053134 0.419265 0.906308 -0.052453 0.419350 0.906308 -0.051323 0.419490 0.906308 -0.051887 0.419421 0.906308 -0.051457 0.419474 0.906308 -0.051185 0.419507 0.906308 -0.050164 0.419631 0.906308 -0.051065 0.419522 0.906308 -0.049935 0.419658 0.906308 -0.051095 0.419518 0.906308 -0.051272 0.419497 0.906308 -0.051603 0.419456 0.906308 -0.052081 0.419397 0.906308 -0.052084 0.419397 0.906308 -0.052677 0.419322 0.906308 -0.053389 0.419232 0.906308 -0.054232 0.419124 0.906308 -0.067465 0.417199 0.906308 -0.067199 0.417242 0.906308 -0.049171 0.419748 0.906308 -0.047785 0.419908 0.906308 -0.047579 0.419932 0.906308 -0.046741 0.420026 0.906308 -0.046625 0.420038 0.906308 -0.046357 0.420068 0.906308 -0.062576 0.417960 0.906308 -0.061767 0.418080 0.906308 -0.062246 0.418009 0.906308 -0.061770 0.418080 0.906308 -0.061175 0.418167 0.906308 -0.060466 0.418270 0.906308 -0.059625 0.418391 -0.000000 0.399892 0.916562 -0.000000 0.399892 0.916562 -0.000000 0.623490 0.781831 -0.000000 0.623490 0.781831 -0.000000 0.804598 0.593820 -0.000000 0.804598 0.593820 -0.000000 0.930874 0.365341 -0.000000 0.930874 0.365341 -0.000000 0.993712 0.111964 -0.000000 0.993712 0.111964 -0.000000 0.988831 -0.149042 -0.000000 0.988831 -0.149042 -0.000000 0.916562 -0.399892 -0.000000 0.916562 -0.399892 -0.000000 0.781831 -0.623490 -0.000000 0.781831 -0.623490 -0.000000 0.593820 -0.804598 -0.000000 0.593820 -0.804598 -0.000000 0.365341 -0.930874 -0.000000 0.365341 -0.930874 -0.000000 0.111964 -0.993712 -0.000000 0.111964 -0.993712 0.000000 -0.149042 -0.988831 0.000000 -0.149042 -0.988831 0.000000 -0.399892 -0.916562 0.000000 -0.399892 -0.916562 0.000000 -0.623490 -0.781831 0.000000 -0.623490 -0.781831 0.000000 -0.804598 -0.593820 0.000000 -0.804598 -0.593820 0.000000 -0.930874 -0.365341 0.000000 -0.930874 -0.365341 0.000000 -0.993712 -0.111964 0.000000 -0.993712 -0.111964 0.000000 -0.988831 0.149042 0.000000 -0.988831 0.149042 0.000000 -0.916562 0.399892 0.000000 -0.916562 0.399892 0.000000 -0.781831 0.623490 0.000000 -0.781831 0.623490 0.000000 -0.593820 0.804598 0.000000 -0.593820 0.804598 0.000000 -0.365341 0.930874 0.000000 -0.365341 0.930874 0.000000 -0.111964 0.993712 0.000000 -0.111964 0.993712 -0.000000 0.149042 0.988831 -0.000000 0.149042 0.988831 0.000000 -0.804598 -0.593820 0.000000 -0.804598 -0.593820 0.000000 -0.623490 -0.781831 0.000000 -0.623490 -0.781831 0.000000 -0.399892 -0.916562 0.000000 -0.399892 -0.916562 0.000000 -0.149042 -0.988831 0.000000 -0.149042 -0.988831 -0.000000 0.111964 -0.993712 -0.000000 0.111964 -0.993712 -0.000000 0.365341 -0.930874 -0.000000 0.365341 -0.930874 -0.000000 0.593820 -0.804598 -0.000000 0.593820 -0.804598 -0.000000 0.781831 -0.623490 -0.000000 0.781831 -0.623490 -0.000000 0.916562 -0.399892 -0.000000 0.916562 -0.399892 -0.000000 0.988831 -0.149042 -0.000000 0.988831 -0.149042 -0.000000 0.993712 0.111964 -0.000000 0.993712 0.111964 -0.000000 0.930874 0.365341 -0.000000 0.930874 0.365341 -0.000000 0.804598 0.593820 -0.000000 0.804598 0.593820 -0.000000 0.623490 0.781831 -0.000000 0.623490 0.781831 -0.000000 0.399892 0.916562 -0.000000 0.399892 0.916562 -0.000000 0.149042 0.988831 -0.000000 0.149042 0.988831 0.000000 -0.111964 0.993712 0.000000 -0.111964 0.993712 0.000000 -0.365341 0.930874 0.000000 -0.365341 0.930874 0.000000 -0.593820 0.804598 0.000000 -0.593820 0.804598 0.000000 -0.781831 0.623490 0.000000 -0.781831 0.623490 0.000000 -0.916562 0.399892 0.000000 -0.916562 0.399892 0.000000 -0.988831 0.149042 0.000000 -0.988831 0.149042 0.000000 -0.993712 -0.111964 0.000000 -0.993712 -0.111964 0.000000 -0.930874 -0.365341 0.000000 -0.930874 -0.365341 1.000000 0.000000 0.000000 1.000000 0.000000 0.000000 1.000000 0.000000 0.000000 1.000000 0.000000 0.000000 1.000000 0.000000 0.000000 1.000000 0.000000 0.000000 1.000000 0.000000 0.000000 1.000000 0.000000 0.000000 1.000000 0.000000 0.000000 1.000000 0.000000 0.000000 1.000000 0.000000 0.000000 1.000000 0.000000 0.000000 1.000000 0.000000 0.000000 1.000000 0.000000 0.000000 1.000000 0.000000 0.000000 1.000000 0.000000 0.000000 1.000000 0.000000 0.000000 1.000000 0.000000 0.000000 1.000000 0.000000 0.000000 1.000000 0.000000 0.000000 1.000000 0.000000 0.000000 1.000000 0.000000 0.000000 1.000000 0.000000 0.000000 1.000000 0.000000 0.000000 1.000000 0.000000 0.000000 1.000000 0.000000 0.000000 1.000000 0.000000 0.000000 1.000000 0.000000 0.000000 1.000000 0.000000 0.000000 1.000000 0.000000 0.000000 1.000000 0.000000 0.000000 1.000000 0.000000 0.000000 1.000000 0.000000 0.000000 1.000000 0.000000 0.000000 1.000000 0.000000 0.000000 1.000000 0.000000 0.000000 1.000000 0.000000 0.000000 1.000000 0.000000 0.000000 1.000000 0.000000 0.000000 1.000000 0.000000 0.000000 1.000000 0.000000 0.000000 1.000000 0.000000 0.000000 1.000000 0.000000 0.000000 1.000000 0.000000 0.000000 1.000000 0.000000 0.000000 1.000000 0.000000 0.000000 1.000000 0.000000 0.000000 1.000000 0.000000 0.000000 1.000000 0.000000 0.000000 1.000000 0.000000 0.000000 1.000000 0.000000 0.000000 1.000000 0.000000 0.000000 1.000000 0.000000 0.000000 1.000000 0.000000 0.000000 1.000000 0.000000 0.000000 1.000000 0.000000 0.000000 1.000000 0.000000 0.000000 1.000000 0.000000 0.000000 1.000000 0.000000 0.000000 1.000000 0.000000 0.000000 1.000000 0.000000 0.000000 1.000000 0.000000 0.000000 1.000000 0.000000 0.000000 1.000000 0.000000 0.000000 1.000000 0.000000 0.000000 1.000000 0.000000 0.000000 1.000000 0.000000 0.000000 1.000000 0.000000 0.000000 1.000000 0.000000 0.000000 1.000000 0.000000 0.000000 1.000000 0.000000 0.000000 1.000000 0.000000 0.000000 1.000000 0.000000 0.000000 1.000000 0.000000 0.000000 1.000000 0.000000 0.000000 1.000000 0.000000 0.000000 1.000000 0.000000 0.000000 1.000000 0.000000 0.000000 1.000000 0.000000 0.000000 1.000000 0.000000 0.000000 1.000000 0.000000 0.000000 1.000000 0.000000 0.000000 1.000000 0.000000 0.000000 1.000000 0.000000 0.000000 1.000000 0.000000 0.000000 1.000000 0.000000 0.000000 1.000000 0.000000 0.000000 1.000000 0.000000 0.000000 1.000000 0.000000 0.000000 1.000000 0.000000 0.000000 0.000000 -0.781831 0.623490 0.000000 -0.781831 0.623490 0.000000 -0.781831 0.623490 0.000000 -0.781831 0.623490 -0.000000 0.781831 -0.623490 -0.000000 0.882364 -0.470568 -0.000000 0.781831 -0.623490 -0.000000 0.908324 -0.418268 -0.000000 0.955318 -0.295580 -0.000000 0.982028 -0.188738 -0.000000 0.994474 -0.104982 -0.000000 0.998659 0.051761 -0.000000 0.995988 0.089487 -0.000000 0.957253 0.289252 -0.000000 0.960571 0.278036 -0.000000 0.884737 0.466091 -0.000000 0.860214 0.509933 -0.000000 0.769214 0.638991 -0.000000 0.713183 0.700978 -0.000000 0.623490 0.781831 -0.000000 0.524704 0.851284 -0.000000 0.451804 0.892117 -0.000000 0.305732 0.952118 -0.000000 0.257532 0.966270 -0.000000 0.068991 0.997617 -0.000000 0.057318 0.998356 0.000000 -0.134385 0.990929 0.000000 -0.171759 0.985139 0.000000 -0.323641 0.946180 0.000000 -0.402527 0.915408 0.000000 -0.500747 0.865594 0.000000 -0.609902 0.792477 0.000000 -0.655115 0.755530 0.000000 -0.781831 0.623490 0.000000 -0.781831 0.623490 -0.000000 0.781831 -0.623490 -0.000000 0.781831 -0.623490 -0.000000 0.781831 -0.623490 -0.000000 0.781831 -0.623490 1.000000 0.000000 0.000000 1.000000 0.000000 0.000000 1.000000 0.000000 0.000000 1.000000 0.000000 0.000000 1.000000 0.000000 0.000000 1.000000 0.000000 0.000000 1.000000 0.000000 0.000000 1.000000 0.000000 0.000000 1.000000 0.000000 0.000000 1.000000 0.000000 0.000000 1.000000 0.000000 0.000000 1.000000 0.000000 0.000000 1.000000 0.000000 0.000000 1.000000 0.000000 0.000000 1.000000 0.000000 0.000000 1.000000 0.000000 0.000000 1.000000 0.000000 0.000000 1.000000 0.000000 0.000000 1.000000 0.000000 0.000000 1.000000 0.000000 0.000000 1.000000 0.000000 0.000000 1.000000 0.000000 0.000000 1.000000 0.000000 0.000000 1.000000 0.000000 0.000000 0.906308 0.296765 0.300893 0.906308 0.298375 0.299297 0.906308 0.295219 0.302410 0.906308 0.317739 0.278654 0.906308 0.298489 0.299183 0.906308 0.325440 0.269620 0.906308 0.297246 0.300418 0.906308 0.297399 0.300267 0.906308 0.294950 0.302673 0.906308 0.291141 0.306338 0.906308 0.286105 0.311046 0.906308 0.279548 0.316953 0.906308 0.266151 0.328283 0.906308 0.271771 0.323646 0.906308 0.263498 0.330416 0.906308 0.255057 0.336975 0.906308 0.246801 0.343068 0.906308 0.232458 0.352944 0.906308 0.239583 0.348146 0.906308 0.233873 0.352008 0.906308 0.229451 0.354906 0.906308 0.226561 0.356758 0.906308 0.225262 0.357580 0.906308 0.225398 0.357494 0.906308 0.200964 0.371779 0.906308 0.196496 0.374160 0.906308 0.227313 0.356280 0.906308 0.229136 0.355110 0.906308 0.171587 0.386218 0.906308 0.158616 0.391723 0.906308 0.141181 0.398339 0.906308 0.119188 0.405463 0.906308 0.109927 0.408071 0.906308 0.078596 0.415245 0.906308 0.078014 0.415355 0.906308 0.045633 0.420147 0.906308 0.037237 0.420975 0.906308 0.012979 0.422419 0.906308 -0.004485 0.422594 0.906308 -0.019754 0.422156 0.906308 -0.047806 0.419906 0.906308 -0.047966 0.419887 0.906308 -0.052368 0.419361 0.906308 -0.050218 0.419624 0.906308 -0.046163 0.420089 0.906308 -0.049333 0.419729 0.906308 -0.052741 0.419314 0.906308 -0.057981 0.418622 0.906308 -0.064802 0.417621 0.906308 -0.073508 0.416176 0.906308 -0.087391 0.413484 0.906308 -0.083590 0.414269 0.906308 -0.094041 0.412022 0.906308 -0.104433 0.409512 0.906308 -0.127766 0.402842 0.906308 -0.114343 0.406856 0.906308 -0.122814 0.404380 0.906308 -0.129394 0.402322 0.906308 -0.134416 0.400673 0.906308 -0.137666 0.399567 0.906308 -0.139119 0.399064 0.906308 -0.145589 0.396749 0.906308 -0.156299 0.392653 0.906308 -0.138966 0.399117 0.906308 -0.134772 0.400553 0.906308 -0.136824 0.399857 0.906308 0.338353 0.253227 0.906308 0.350457 0.236191 0.906308 0.356936 0.226280 0.906308 0.372053 0.200456 0.906308 0.373379 0.197976 0.906308 0.387582 0.168484 0.906308 0.390018 0.162764 0.906308 0.399459 0.137981 0.906308 0.404176 0.123484 0.906308 0.408940 0.106650 0.906308 0.414388 0.082999 0.906308 0.415968 0.074680 0.906308 0.420556 0.041703 0.906308 0.420016 0.046831 0.906308 0.420183 0.045303 0.906308 0.420537 0.041888 0.906308 0.421028 0.036625 0.906308 0.421570 0.029752 0.906308 0.422099 0.020942 0.906308 0.422618 -0.000000 0.906308 0.422483 0.010689 0.906308 0.422618 0.000000 0.906308 0.422483 -0.010689 0.906308 0.422099 -0.020942 0.906308 0.420556 -0.041703 0.906308 0.421570 -0.029752 0.906308 0.421028 -0.036625 0.906308 0.420537 -0.041888 0.906308 0.420183 -0.045303 0.906308 0.414388 -0.082999 0.906308 0.420016 -0.046831 0.906308 0.415968 -0.074680 0.906308 0.420033 -0.046670 0.906308 0.420500 -0.042262 0.906308 0.420278 -0.044417 0.906308 0.408940 -0.106650 0.906308 0.404176 -0.123484 0.906308 0.399459 -0.137981 0.906308 0.390018 -0.162764 0.906308 0.387582 -0.168484 0.906308 0.372053 -0.200456 0.906308 0.373379 -0.197976 0.906308 0.356936 -0.226280 0.906308 0.350457 -0.236191 0.906308 0.338353 -0.253227 0.906308 0.325440 -0.269620 0.906308 0.317739 -0.278654 0.906308 0.297246 -0.300418 0.906308 0.298489 -0.299183 0.906308 0.297399 -0.300267 0.906308 0.294950 -0.302673 0.906308 0.291141 -0.306338 0.906308 0.286105 -0.311046 0.906308 0.279548 -0.316953 0.906308 0.266151 -0.328283 0.906308 0.271771 -0.323646 0.906308 0.263498 -0.330416 0.906308 0.255057 -0.336975 0.906308 0.246801 -0.343068 0.906308 0.232458 -0.352944 0.906308 0.239583 -0.348146 0.906308 0.233873 -0.352008 0.906308 0.229451 -0.354906 0.906308 0.226561 -0.356758 0.906308 0.196496 -0.374160 0.906308 0.225262 -0.357580 0.906308 0.200964 -0.371779 0.906308 0.225398 -0.357494 0.906308 0.229136 -0.355110 0.906308 0.227313 -0.356280 0.906308 0.171587 -0.386218 0.906308 0.158616 -0.391723 0.906308 0.141181 -0.398339 0.906308 0.119188 -0.405463 0.906308 0.109927 -0.408071 0.906308 0.078596 -0.415245 0.906308 0.078014 -0.415355 0.906308 0.045633 -0.420147 0.906308 0.037237 -0.420975 0.906308 0.012979 -0.422419 0.906308 -0.004485 -0.422594 0.906308 -0.019754 -0.422156 0.906308 -0.047806 -0.419906 0.906308 -0.047966 -0.419887 0.906308 -0.046163 -0.420089 0.906308 -0.049333 -0.419729 0.906308 -0.052741 -0.419314 0.906308 -0.057981 -0.418622 0.906308 -0.064802 -0.417621 0.906308 -0.087391 -0.413484 0.906308 -0.073508 -0.416176 0.906308 -0.083590 -0.414269 0.906308 -0.094041 -0.412022 0.906308 -0.104433 -0.409512 0.906308 -0.127766 -0.402842 0.906308 -0.114343 -0.406856 0.906308 -0.122814 -0.404380 0.906308 -0.129394 -0.402322 0.906308 -0.134416 -0.400673 0.906308 -0.137666 -0.399567 0.906308 -0.166894 -0.388269 0.906308 -0.139119 -0.399064 0.906308 -0.156299 -0.392653 0.906308 -0.145589 -0.396749 0.906308 -0.166894 -0.388269 0.906308 -0.134772 -0.400553 0.906308 -0.136824 -0.399857 0.906308 -0.138966 -0.399117 0.906308 -0.050218 -0.419624 0.906308 -0.052368 -0.419361 0.906308 0.298375 -0.299297 0.906308 0.295219 -0.302410 0.906308 0.296765 -0.300893 0.906308 0.420033 0.046670 0.906308 0.420500 0.042262 0.906308 0.420278 0.044417 -0.000000 -0.467269 0.884115 -0.000000 -0.467269 0.884115 -0.000000 -0.222521 0.974928 -0.000000 -0.222521 0.974928 -0.000000 0.037391 0.999301 -0.000000 0.037391 0.999301 -0.000000 0.294755 0.955573 -0.000000 0.294755 0.955573 -0.000000 0.532032 0.846724 -0.000000 0.532032 0.846724 -0.000000 0.733052 0.680173 -0.000000 0.733052 0.680173 -0.000000 0.884115 0.467269 -0.000000 0.884115 0.467269 -0.000000 0.974928 0.222521 -0.000000 0.974928 0.222521 -0.000000 0.999301 -0.037391 -0.000000 0.999301 -0.037391 -0.000000 0.955573 -0.294755 -0.000000 0.955573 -0.294755 -0.000000 0.846724 -0.532032 -0.000000 0.846724 -0.532032 -0.000000 0.680173 -0.733052 -0.000000 0.680173 -0.733052 0.000000 0.467269 -0.884115 0.000000 0.467269 -0.884115 0.000000 0.222521 -0.974928 0.000000 0.222521 -0.974928 0.000000 -0.037391 -0.999301 0.000000 -0.037391 -0.999301 0.000000 -0.294755 -0.955573 0.000000 -0.294755 -0.955573 0.000000 -0.532032 -0.846724 0.000000 -0.532032 -0.846724 0.000000 -0.733052 -0.680173 0.000000 -0.733052 -0.680173 0.000000 -0.884115 -0.467269 0.000000 -0.884115 -0.467269 0.000000 -0.974928 -0.222521 0.000000 -0.974928 -0.222521 0.000000 -0.999301 0.037391 0.000000 -0.999301 0.037391 0.000000 -0.955573 0.294755 0.000000 -0.955573 0.294755 0.000000 -0.846724 0.532032 0.000000 -0.846724 0.532032 0.000000 -0.680173 0.733052 0.000000 -0.680173 0.733052 0.000000 -0.037391 -0.999301 0.000000 -0.037391 -0.999301 0.000000 0.222521 -0.974928 0.000000 0.222521 -0.974928 0.000000 0.467269 -0.884115 0.000000 0.467269 -0.884115 -0.000000 0.680173 -0.733052 -0.000000 0.680173 -0.733052 -0.000000 0.846724 -0.532032 -0.000000 0.846724 -0.532032 -0.000000 0.955573 -0.294755 -0.000000 0.955573 -0.294755 -0.000000 0.999301 -0.037391 -0.000000 0.999301 -0.037391 -0.000000 0.974928 0.222521 -0.000000 0.974928 0.222521 -0.000000 0.884115 0.467269 -0.000000 0.884115 0.467269 -0.000000 0.733052 0.680173 -0.000000 0.733052 0.680173 -0.000000 0.532032 0.846724 -0.000000 0.532032 0.846724 -0.000000 0.294755 0.955573 -0.000000 0.294755 0.955573 -0.000000 0.037391 0.999301 -0.000000 0.037391 0.999301 -0.000000 -0.222521 0.974928 -0.000000 -0.222521 0.974928 -0.000000 -0.467269 0.884115 -0.000000 -0.467269 0.884115 0.000000 -0.680173 0.733052 0.000000 -0.680173 0.733052 0.000000 -0.846724 0.532032 0.000000 -0.846724 0.532032 0.000000 -0.955573 0.294755 0.000000 -0.955573 0.294755 0.000000 -0.999301 0.037391 0.000000 -0.999301 0.037391 0.000000 -0.974928 -0.222521 0.000000 -0.974928 -0.222521 0.000000 -0.884115 -0.467269 0.000000 -0.884115 -0.467269 0.000000 -0.733052 -0.680173 0.000000 -0.733052 -0.680173 0.000000 -0.532032 -0.846724 0.000000 -0.532032 -0.846724 0.000000 -0.294755 -0.955573 0.000000 -0.294755 -0.955573 1.000000 0.000000 0.000000 1.000000 0.000000 0.000000 1.000000 0.000000 0.000000 1.000000 0.000000 0.000000 1.000000 0.000000 0.000000 1.000000 0.000000 0.000000 1.000000 0.000000 0.000000 1.000000 0.000000 0.000000 1.000000 0.000000 0.000000 1.000000 0.000000 0.000000 1.000000 0.000000 0.000000 1.000000 0.000000 0.000000 1.000000 0.000000 0.000000 1.000000 0.000000 0.000000 1.000000 0.000000 0.000000 1.000000 0.000000 0.000000 1.000000 0.000000 0.000000 1.000000 0.000000 0.000000 1.000000 0.000000 0.000000 1.000000 0.000000 0.000000 1.000000 0.000000 0.000000 1.000000 0.000000 0.000000 1.000000 0.000000 0.000000 1.000000 0.000000 0.000000 1.000000 0.000000 0.000000 1.000000 0.000000 0.000000 1.000000 0.000000 0.000000 1.000000 0.000000 0.000000 1.000000 0.000000 0.000000 1.000000 0.000000 0.000000 1.000000 0.000000 0.000000 1.000000 0.000000 0.000000 1.000000 0.000000 0.000000 1.000000 0.000000 0.000000 1.000000 0.000000 0.000000 1.000000 0.000000 0.000000 1.000000 0.000000 0.000000 1.000000 0.000000 0.000000 1.000000 0.000000 0.000000 1.000000 0.000000 0.000000 1.000000 0.000000 0.000000 1.000000 0.000000 0.000000 1.000000 0.000000 0.000000 1.000000 0.000000 0.000000 1.000000 0.000000 0.000000 1.000000 0.000000 0.000000 1.000000 0.000000 0.000000 1.000000 0.000000 0.000000 1.000000 0.000000 0.000000 1.000000 0.000000 0.000000 1.000000 0.000000 0.000000 1.000000 0.000000 0.000000 1.000000 0.000000 0.000000 1.000000 0.000000 0.000000 1.000000 0.000000 0.000000 1.000000 0.000000 0.000000 1.000000 0.000000 0.000000 1.000000 0.000000 0.000000 1.000000 0.000000 0.000000 1.000000 0.000000 0.000000 1.000000 0.000000 0.000000 1.000000 0.000000 0.000000 1.000000 0.000000 0.000000 1.000000 0.000000 0.000000 1.000000 0.000000 0.000000 1.000000 0.000000 0.000000 1.000000 0.000000 0.000000 1.000000 0.000000 0.000000 1.000000 0.000000 0.000000 1.000000 0.000000 0.000000 1.000000 0.000000 0.000000 1.000000 0.000000 0.000000 1.000000 0.000000 0.000000 1.000000 0.000000 0.000000 1.000000 0.000000 0.000000 1.000000 0.000000 0.000000 1.000000 0.000000 0.000000 1.000000 0.000000 0.000000 1.000000 0.000000 0.000000 1.000000 0.000000 0.000000 1.000000 0.000000 0.000000 1.000000 0.000000 0.000000 1.000000 0.000000 0.000000 1.000000 0.000000 0.000000 1.000000 0.000000 0.000000 1.000000 0.000000 0.000000 1.000000 0.000000 0.000000 1.000000 0.000000 0.000000 1.000000 0.000000 0.000000 1.000000 0.000000 0.000000 0.000000 -0.974928 -0.222521 0.000000 -0.974928 -0.222521 0.000000 -0.974928 -0.222521 0.000000 -0.974928 -0.222521 -0.000000 0.974928 0.222521 -0.000000 0.918050 0.396465 -0.000000 0.974928 0.222521 -0.000000 0.893346 0.449370 -0.000000 0.826725 0.562607 -0.000000 0.759845 0.650104 -0.000000 0.702123 0.712056 -0.000000 0.582185 0.813056 -0.000000 0.551025 0.834489 -0.000000 0.370691 0.928756 -0.000000 0.381529 0.924357 -0.000000 0.187220 0.982318 -0.000000 0.137654 0.990480 -0.000000 -0.019986 0.999800 -0.000000 -0.103384 0.994642 -0.000000 -0.222521 0.974928 -0.000000 -0.338413 0.940998 -0.000000 -0.415791 0.909460 0.000000 -0.553775 0.832666 0.000000 -0.594891 0.803806 0.000000 -0.736953 0.675944 0.000000 -0.744809 0.667277 0.000000 -0.858527 0.512768 0.000000 -0.877303 0.479937 0.000000 -0.941540 0.336900 0.000000 -0.966666 0.256039 0.000000 -0.988959 0.148189 0.000000 -0.999851 0.017261 0.000000 -0.999154 -0.041124 0.000000 -0.974928 -0.222521 0.000000 -0.974928 -0.222521 -0.000000 0.974928 0.222521 -0.000000 0.974928 0.222521 -0.000000 0.974928 0.222521 -0.000000 0.974928 0.222521 1.000000 0.000000 0.000000 1.000000 0.000000 0.000000 1.000000 0.000000 0.000000 1.000000 0.000000 0.000000 1.000000 0.000000 0.000000 1.000000 0.000000 0.000000 1.000000 0.000000 0.000000 1.000000 0.000000 0.000000 1.000000 0.000000 0.000000 1.000000 0.000000 0.000000 1.000000 0.000000 0.000000 1.000000 0.000000 0.000000 1.000000 0.000000 0.000000 1.000000 0.000000 0.000000 1.000000 0.000000 0.000000 1.000000 0.000000 0.000000 1.000000 0.000000 0.000000 1.000000 0.000000 0.000000 1.000000 0.000000 0.000000 1.000000 0.000000 0.000000 1.000000 0.000000 0.000000 1.000000 0.000000 0.000000 1.000000 0.000000 0.000000 1.000000 0.000000 0.000000 0.000000 0.037391 -0.999301 0.000000 0.037391 -0.999301 0.000000 -0.222521 -0.974928 0.000000 -0.222521 -0.974928 0.000000 -0.467269 -0.884115 0.000000 -0.467269 -0.884115 0.000000 -0.680173 -0.733052 0.000000 -0.680173 -0.733052 0.000000 -0.846724 -0.532032 0.000000 -0.846724 -0.532032 0.000000 -0.955573 -0.294755 0.000000 -0.955573 -0.294755 -0.000000 -0.999301 -0.037391 -0.000000 -0.999301 -0.037391 -0.000000 -0.974928 0.222521 -0.000000 -0.974928 0.222521 -0.000000 -0.884115 0.467269 -0.000000 -0.884115 0.467269 -0.000000 -0.733052 0.680173 -0.000000 -0.733052 0.680173 -0.000000 -0.532032 0.846724 -0.000000 -0.532032 0.846724 -0.000000 -0.294755 0.955573 -0.000000 -0.294755 0.955573 -0.000000 -0.037391 0.999301 -0.000000 -0.037391 0.999301 -0.000000 0.222521 0.974928 -0.000000 0.222521 0.974928 -0.000000 0.467269 0.884115 -0.000000 0.467269 0.884115 -0.000000 0.680173 0.733052 -0.000000 0.680173 0.733052 -0.000000 0.846724 0.532032 -0.000000 0.846724 0.532032 -0.000000 0.955573 0.294755 -0.000000 0.955573 0.294755 0.000000 0.999301 0.037391 0.000000 0.999301 0.037391 0.000000 0.974928 -0.222521 0.000000 0.974928 -0.222521 0.000000 0.884115 -0.467269 0.000000 0.884115 -0.467269 0.000000 0.733052 -0.680173 0.000000 0.733052 -0.680173 0.000000 0.532032 -0.846724 0.000000 0.532032 -0.846724 0.000000 0.294755 -0.955573 0.000000 0.294755 -0.955573 -0.000000 0.467269 0.884115 -0.000000 0.467269 0.884115 -0.000000 0.222521 0.974928 -0.000000 0.222521 0.974928 -0.000000 -0.037391 0.999301 -0.000000 -0.037391 0.999301 -0.000000 -0.294755 0.955573 -0.000000 -0.294755 0.955573 -0.000000 -0.532032 0.846724 -0.000000 -0.532032 0.846724 -0.000000 -0.733052 0.680173 -0.000000 -0.733052 0.680173 -0.000000 -0.884115 0.467269 -0.000000 -0.884115 0.467269 -0.000000 -0.974928 0.222521 -0.000000 -0.974928 0.222521 -0.000000 -0.999301 -0.037391 -0.000000 -0.999301 -0.037391 0.000000 -0.955573 -0.294755 0.000000 -0.955573 -0.294755 0.000000 -0.846724 -0.532032 0.000000 -0.846724 -0.532032 0.000000 -0.680173 -0.733052 0.000000 -0.680173 -0.733052 0.000000 -0.467269 -0.884115 0.000000 -0.467269 -0.884115 0.000000 -0.222521 -0.974928 0.000000 -0.222521 -0.974928 0.000000 0.037391 -0.999301 0.000000 0.037391 -0.999301 0.000000 0.294755 -0.955573 0.000000 0.294755 -0.955573 0.000000 0.532032 -0.846724 0.000000 0.532032 -0.846724 0.000000 0.733052 -0.680173 0.000000 0.733052 -0.680173 0.000000 0.884115 -0.467269 0.000000 0.884115 -0.467269 0.000000 0.974928 -0.222521 0.000000 0.974928 -0.222521 0.000000 0.999301 0.037391 0.000000 0.999301 0.037391 -0.000000 0.955573 0.294755 -0.000000 0.955573 0.294755 -0.000000 0.846724 0.532032 -0.000000 0.846724 0.532032 -0.000000 0.680173 0.733052 -0.000000 0.680173 0.733052 1.000000 -0.000000 0.000000 1.000000 -0.000000 0.000000 1.000000 -0.000000 0.000000 1.000000 -0.000000 0.000000 1.000000 -0.000000 0.000000 1.000000 -0.000000 0.000000 1.000000 -0.000000 0.000000 1.000000 -0.000000 0.000000 1.000000 -0.000000 0.000000 1.000000 -0.000000 0.000000 1.000000 -0.000000 0.000000 1.000000 -0.000000 0.000000 1.000000 -0.000000 0.000000 1.000000 -0.000000 0.000000 1.000000 -0.000000 0.000000 1.000000 -0.000000 0.000000 1.000000 -0.000000 0.000000 1.000000 -0.000000 0.000000 1.000000 -0.000000 0.000000 1.000000 -0.000000 0.000000 1.000000 -0.000000 0.000000 1.000000 -0.000000 0.000000 1.000000 -0.000000 0.000000 1.000000 -0.000000 0.000000 1.000000 -0.000000 0.000000 1.000000 -0.000000 0.000000 1.000000 -0.000000 0.000000 1.000000 -0.000000 0.000000 1.000000 -0.000000 0.000000 1.000000 -0.000000 0.000000 1.000000 -0.000000 0.000000 1.000000 -0.000000 0.000000 1.000000 -0.000000 0.000000 1.000000 -0.000000 0.000000 1.000000 -0.000000 0.000000 1.000000 -0.000000 0.000000 1.000000 -0.000000 0.000000 1.000000 -0.000000 0.000000 1.000000 -0.000000 0.000000 1.000000 -0.000000 0.000000 1.000000 -0.000000 0.000000 1.000000 -0.000000 0.000000 1.000000 -0.000000 0.000000 1.000000 -0.000000 0.000000 1.000000 -0.000000 0.000000 1.000000 -0.000000 0.000000 1.000000 -0.000000 0.000000 1.000000 -0.000000 0.000000 1.000000 -0.000000 0.000000 1.000000 -0.000000 0.000000 1.000000 -0.000000 0.000000 1.000000 -0.000000 0.000000 1.000000 -0.000000 0.000000 1.000000 -0.000000 0.000000 1.000000 -0.000000 0.000000 1.000000 -0.000000 0.000000 1.000000 -0.000000 0.000000 1.000000 -0.000000 0.000000 1.000000 -0.000000 0.000000 1.000000 -0.000000 0.000000 1.000000 -0.000000 0.000000 1.000000 -0.000000 0.000000 1.000000 -0.000000 0.000000 1.000000 -0.000000 0.000000 1.000000 -0.000000 0.000000 1.000000 -0.000000 0.000000 1.000000 -0.000000 0.000000 1.000000 -0.000000 0.000000 1.000000 -0.000000 0.000000 1.000000 -0.000000 0.000000 1.000000 -0.000000 0.000000 1.000000 -0.000000 0.000000 1.000000 -0.000000 0.000000 1.000000 -0.000000 0.000000 1.000000 -0.000000 0.000000 1.000000 -0.000000 0.000000 1.000000 -0.000000 0.000000 1.000000 -0.000000 0.000000 1.000000 -0.000000 0.000000 1.000000 -0.000000 0.000000 1.000000 -0.000000 0.000000 1.000000 -0.000000 0.000000 1.000000 -0.000000 0.000000 1.000000 -0.000000 0.000000 1.000000 -0.000000 0.000000 1.000000 -0.000000 0.000000 1.000000 -0.000000 0.000000 1.000000 -0.000000 0.000000 1.000000 -0.000000 0.000000 1.000000 -0.000000 0.000000 0.000000 0.974928 -0.222521 0.000000 0.974928 -0.222521 0.000000 0.974928 -0.222521 0.000000 0.974928 -0.222521 -0.000000 -0.974928 0.222521 -0.000000 -0.999154 0.041124 -0.000000 -0.974928 0.222521 -0.000000 -0.999851 -0.017261 -0.000000 -0.988959 -0.148189 -0.000000 -0.966666 -0.256039 0.000000 -0.941540 -0.336900 0.000000 -0.877303 -0.479937 0.000000 -0.858527 -0.512768 0.000000 -0.736953 -0.675944 0.000000 -0.744809 -0.667277 0.000000 -0.594891 -0.803806 0.000000 -0.553775 -0.832666 0.000000 -0.415791 -0.909460 0.000000 -0.338413 -0.940998 0.000000 -0.222521 -0.974928 0.000000 -0.103384 -0.994642 0.000000 -0.019986 -0.999800 0.000000 0.137654 -0.990480 0.000000 0.187220 -0.982318 0.000000 0.370691 -0.928756 0.000000 0.381529 -0.924357 0.000000 0.551025 -0.834489 0.000000 0.582185 -0.813056 0.000000 0.702123 -0.712056 0.000000 0.759845 -0.650104 0.000000 0.826725 -0.562607 0.000000 0.893346 -0.449370 0.000000 0.918050 -0.396465 0.000000 0.974928 -0.222521 0.000000 0.974928 -0.222521 -0.000000 -0.974928 0.222521 -0.000000 -0.974928 0.222521 -0.000000 -0.974928 0.222521 -0.000000 -0.974928 0.222521 1.000000 -0.000000 0.000000 1.000000 -0.000000 0.000000 1.000000 -0.000000 0.000000 1.000000 -0.000000 0.000000 1.000000 -0.000000 0.000000 1.000000 -0.000000 0.000000 1.000000 -0.000000 0.000000 1.000000 -0.000000 0.000000 1.000000 -0.000000 0.000000 1.000000 -0.000000 0.000000 1.000000 -0.000000 0.000000 1.000000 -0.000000 0.000000 1.000000 -0.000000 0.000000 1.000000 -0.000000 0.000000 1.000000 -0.000000 0.000000 1.000000 -0.000000 0.000000 1.000000 -0.000000 0.000000 1.000000 -0.000000 0.000000 1.000000 -0.000000 0.000000 1.000000 -0.000000 0.000000 1.000000 -0.000000 0.000000 1.000000 -0.000000 0.000000 1.000000 -0.000000 0.000000 1.000000 -0.000000 0.000000 0.000000 0.804598 -0.593820 0.000000 0.804598 -0.593820 0.000000 0.623490 -0.781831 0.000000 0.623490 -0.781831 0.000000 0.399892 -0.916562 0.000000 0.399892 -0.916562 0.000000 0.149042 -0.988831 0.000000 0.149042 -0.988831 0.000000 -0.111964 -0.993712 0.000000 -0.111964 -0.993712 0.000000 -0.365341 -0.930874 0.000000 -0.365341 -0.930874 0.000000 -0.593820 -0.804598 0.000000 -0.593820 -0.804598 -0.000000 -0.781831 -0.623490 -0.000000 -0.781831 -0.623490 -0.000000 -0.916562 -0.399892 -0.000000 -0.916562 -0.399892 -0.000000 -0.988831 -0.149042 -0.000000 -0.988831 -0.149042 -0.000000 -0.993712 0.111964 -0.000000 -0.993712 0.111964 -0.000000 -0.930874 0.365341 -0.000000 -0.930874 0.365341 -0.000000 -0.804598 0.593820 -0.000000 -0.804598 0.593820 -0.000000 -0.623490 0.781831 -0.000000 -0.623490 0.781831 -0.000000 -0.399892 0.916562 -0.000000 -0.399892 0.916562 -0.000000 -0.149042 0.988831 -0.000000 -0.149042 0.988831 -0.000000 0.111964 0.993712 -0.000000 0.111964 0.993712 -0.000000 0.365341 0.930874 -0.000000 0.365341 0.930874 -0.000000 0.593820 0.804598 -0.000000 0.593820 0.804598 0.000000 0.781831 0.623490 0.000000 0.781831 0.623490 0.000000 0.916562 0.399892 0.000000 0.916562 0.399892 0.000000 0.988831 0.149042 0.000000 0.988831 0.149042 0.000000 0.993712 -0.111964 0.000000 0.993712 -0.111964 0.000000 0.930874 -0.365341 0.000000 0.930874 -0.365341 -0.000000 -0.399892 0.916562 -0.000000 -0.399892 0.916562 -0.000000 -0.623490 0.781831 -0.000000 -0.623490 0.781831 -0.000000 -0.804598 0.593820 -0.000000 -0.804598 0.593820 -0.000000 -0.930874 0.365341 -0.000000 -0.930874 0.365341 -0.000000 -0.993712 0.111964 -0.000000 -0.993712 0.111964 -0.000000 -0.988831 -0.149042 -0.000000 -0.988831 -0.149042 -0.000000 -0.916562 -0.399892 -0.000000 -0.916562 -0.399892 -0.000000 -0.781831 -0.623490 -0.000000 -0.781831 -0.623490 0.000000 -0.593820 -0.804598 0.000000 -0.593820 -0.804598 0.000000 -0.365341 -0.930874 0.000000 -0.365341 -0.930874 0.000000 -0.111964 -0.993712 0.000000 -0.111964 -0.993712 0.000000 0.149042 -0.988831 0.000000 0.149042 -0.988831 0.000000 0.399892 -0.916562 0.000000 0.399892 -0.916562 0.000000 0.623490 -0.781831 0.000000 0.623490 -0.781831 0.000000 0.804598 -0.593820 0.000000 0.804598 -0.593820 0.000000 0.930874 -0.365341 0.000000 0.930874 -0.365341 0.000000 0.993712 -0.111964 0.000000 0.993712 -0.111964 0.000000 0.988831 0.149042 0.000000 0.988831 0.149042 0.000000 0.916562 0.399892 0.000000 0.916562 0.399892 0.000000 0.781831 0.623490 0.000000 0.781831 0.623490 -0.000000 0.593820 0.804598 -0.000000 0.593820 0.804598 -0.000000 0.365341 0.930874 -0.000000 0.365341 0.930874 -0.000000 0.111964 0.993712 -0.000000 0.111964 0.993712 -0.000000 -0.149042 0.988831 -0.000000 -0.149042 0.988831 1.000000 -0.000000 0.000000 1.000000 -0.000000 0.000000 1.000000 -0.000000 0.000000 1.000000 -0.000000 0.000000 1.000000 -0.000000 0.000000 1.000000 -0.000000 0.000000 1.000000 -0.000000 0.000000 1.000000 -0.000000 0.000000 1.000000 -0.000000 0.000000 1.000000 -0.000000 0.000000 1.000000 -0.000000 0.000000 1.000000 -0.000000 0.000000 1.000000 -0.000000 0.000000 1.000000 -0.000000 0.000000 1.000000 -0.000000 0.000000 1.000000 -0.000000 0.000000 1.000000 -0.000000 0.000000 1.000000 -0.000000 0.000000 1.000000 -0.000000 0.000000 1.000000 -0.000000 0.000000 1.000000 -0.000000 0.000000 1.000000 -0.000000 0.000000 1.000000 -0.000000 0.000000 1.000000 -0.000000 0.000000 1.000000 -0.000000 0.000000 1.000000 -0.000000 0.000000 1.000000 -0.000000 0.000000 1.000000 -0.000000 0.000000 1.000000 -0.000000 0.000000 1.000000 -0.000000 0.000000 1.000000 -0.000000 0.000000 1.000000 -0.000000 0.000000 1.000000 -0.000000 0.000000 1.000000 -0.000000 0.000000 1.000000 -0.000000 0.000000 1.000000 -0.000000 0.000000 1.000000 -0.000000 0.000000 1.000000 -0.000000 0.000000 1.000000 -0.000000 0.000000 1.000000 -0.000000 0.000000 1.000000 -0.000000 0.000000 1.000000 -0.000000 0.000000 1.000000 -0.000000 0.000000 1.000000 -0.000000 0.000000 1.000000 -0.000000 0.000000 1.000000 -0.000000 0.000000 1.000000 -0.000000 0.000000 1.000000 -0.000000 0.000000 1.000000 -0.000000 0.000000 1.000000 -0.000000 0.000000 1.000000 -0.000000 0.000000 1.000000 -0.000000 0.000000 1.000000 -0.000000 0.000000 1.000000 -0.000000 0.000000 1.000000 -0.000000 0.000000 1.000000 -0.000000 0.000000 1.000000 -0.000000 0.000000 1.000000 -0.000000 0.000000 1.000000 -0.000000 0.000000 1.000000 -0.000000 0.000000 1.000000 -0.000000 0.000000 1.000000 -0.000000 0.000000 1.000000 -0.000000 0.000000 1.000000 -0.000000 0.000000 1.000000 -0.000000 0.000000 1.000000 -0.000000 0.000000 1.000000 -0.000000 0.000000 1.000000 -0.000000 0.000000 1.000000 -0.000000 0.000000 1.000000 -0.000000 0.000000 1.000000 -0.000000 0.000000 1.000000 -0.000000 0.000000 1.000000 -0.000000 0.000000 1.000000 -0.000000 0.000000 1.000000 -0.000000 0.000000 1.000000 -0.000000 0.000000 1.000000 -0.000000 0.000000 1.000000 -0.000000 0.000000 1.000000 -0.000000 0.000000 1.000000 -0.000000 0.000000 1.000000 -0.000000 0.000000 1.000000 -0.000000 0.000000 1.000000 -0.000000 0.000000 1.000000 -0.000000 0.000000 1.000000 -0.000000 0.000000 1.000000 -0.000000 0.000000 1.000000 -0.000000 0.000000 1.000000 -0.000000 0.000000 1.000000 -0.000000 0.000000 1.000000 -0.000000 0.000000 0.000000 0.781831 0.623490 0.000000 0.781831 0.623490 0.000000 0.781831 0.623490 0.000000 0.781831 0.623490 -0.000000 -0.781831 -0.623490 0.000000 -0.655115 -0.755530 -0.000000 -0.781831 -0.623490 0.000000 -0.609902 -0.792477 0.000000 -0.500747 -0.865594 0.000000 -0.402527 -0.915408 0.000000 -0.323641 -0.946180 0.000000 -0.171759 -0.985139 0.000000 -0.134385 -0.990929 0.000000 0.068991 -0.997617 0.000000 0.057318 -0.998356 0.000000 0.257532 -0.966270 0.000000 0.305732 -0.952118 0.000000 0.451804 -0.892117 0.000000 0.524704 -0.851284 0.000000 0.623490 -0.781831 0.000000 0.713183 -0.700978 0.000000 0.769214 -0.638991 0.000000 0.860214 -0.509933 0.000000 0.884737 -0.466091 0.000000 0.957253 -0.289252 0.000000 0.960571 -0.278036 0.000000 0.995988 -0.089487 0.000000 0.998659 -0.051761 0.000000 0.994474 0.104982 0.000000 0.982028 0.188738 0.000000 0.955318 0.295580 0.000000 0.908324 0.418268 0.000000 0.882364 0.470568 0.000000 0.781831 0.623490 0.000000 0.781831 0.623490 -0.000000 -0.781831 -0.623490 -0.000000 -0.781831 -0.623490 -0.000000 -0.781831 -0.623490 -0.000000 -0.781831 -0.623490 1.000000 -0.000000 0.000000 1.000000 -0.000000 0.000000 1.000000 -0.000000 0.000000 1.000000 -0.000000 0.000000 1.000000 -0.000000 0.000000 1.000000 -0.000000 0.000000 1.000000 -0.000000 0.000000 1.000000 -0.000000 0.000000 1.000000 -0.000000 0.000000 1.000000 -0.000000 0.000000 1.000000 -0.000000 0.000000 1.000000 -0.000000 0.000000 1.000000 -0.000000 0.000000 1.000000 -0.000000 0.000000 1.000000 -0.000000 0.000000 1.000000 -0.000000 0.000000 1.000000 -0.000000 0.000000 1.000000 -0.000000 0.000000 1.000000 -0.000000 0.000000 1.000000 -0.000000 0.000000 1.000000 -0.000000 0.000000 1.000000 -0.000000 0.000000 1.000000 -0.000000 0.000000 1.000000 -0.000000 0.000000 -0.000000 0.965926 0.258819 -0.000000 0.965926 0.258819 -0.000000 1.000000 0.000000 -0.000000 1.000000 0.000000 0.000000 0.965926 -0.258819 0.000000 0.965926 -0.258819 0.000000 0.866025 -0.500000 0.000000 0.866025 -0.500000 0.000000 0.707107 -0.707107 0.000000 0.707107 -0.707107 0.000000 0.500000 -0.866025 0.000000 0.500000 -0.866025 0.000000 0.258819 -0.965926 0.000000 0.258819 -0.965926 0.000000 -0.000000 -1.000000 0.000000 -0.000000 -1.000000 0.000000 -0.258819 -0.965926 0.000000 -0.258819 -0.965926 0.000000 -0.500000 -0.866025 0.000000 -0.500000 -0.866025 0.000000 -0.707107 -0.707107 0.000000 -0.707107 -0.707107 0.000000 -0.866025 -0.500000 0.000000 -0.866025 -0.500000 0.000000 -0.965926 -0.258819 0.000000 -0.965926 -0.258819 0.000000 -1.000000 0.000000 0.000000 -1.000000 0.000000 0.000000 -0.965926 0.258819 0.000000 -0.965926 0.258819 0.000000 -0.866025 0.500000 0.000000 -0.866025 0.500000 0.000000 -0.707107 0.707107 0.000000 -0.707107 0.707107 0.000000 -0.500000 0.866025 0.000000 -0.500000 0.866025 0.000000 -0.258819 0.965926 0.000000 -0.258819 0.965926 0.000000 -0.000000 1.000000 0.000000 -0.000000 1.000000 -0.000000 0.258819 0.965926 -0.000000 0.258819 0.965926 -0.000000 0.500000 0.866025 -0.000000 0.500000 0.866025 -0.000000 0.707107 0.707107 -0.000000 0.707107 0.707107 -0.000000 0.866025 0.500000 -0.000000 0.866025 0.500000 -0.000000 -0.965926 0.258819 -0.000000 -0.965926 0.258819 -0.000000 -1.000000 0.000000 -0.000000 -1.000000 0.000000 0.000000 -0.965926 -0.258819 0.000000 -0.965926 -0.258819 0.000000 -0.866025 -0.500000 0.000000 -0.866025 -0.500000 0.000000 -0.707107 -0.707107 0.000000 -0.707107 -0.707107 0.000000 -0.500000 -0.866025 0.000000 -0.500000 -0.866025 0.000000 -0.258819 -0.965926 0.000000 -0.258819 -0.965926 -0.000000 0.000000 -1.000000 -0.000000 0.000000 -1.000000 -0.000000 0.258819 -0.965926 -0.000000 0.258819 -0.965926 -0.000000 0.500000 -0.866025 -0.000000 0.500000 -0.866025 -0.000000 0.707107 -0.707107 -0.000000 0.707107 -0.707107 -0.000000 0.866025 -0.500000 -0.000000 0.866025 -0.500000 -0.000000 0.965926 -0.258819 -0.000000 0.965926 -0.258819 -0.000000 1.000000 -0.000000 -0.000000 1.000000 -0.000000 -0.000000 0.965926 0.258819 -0.000000 0.965926 0.258819 -0.000000 0.866025 0.500000 -0.000000 0.866025 0.500000 -0.000000 0.707107 0.707107 -0.000000 0.707107 0.707107 -0.000000 0.500000 0.866025 -0.000000 0.500000 0.866025 -0.000000 0.258819 0.965926 -0.000000 0.258819 0.965926 -0.000000 0.000000 1.000000 -0.000000 0.000000 1.000000 -0.000000 -0.258819 0.965926 -0.000000 -0.258819 0.965926 -0.000000 -0.500000 0.866025 -0.000000 -0.500000 0.866025 -0.000000 -0.707107 0.707107 -0.000000 -0.707107 0.707107 -0.000000 -0.866025 0.500000 -0.000000 -0.866025 0.500000 1.000000 0.000000 0.000000 1.000000 0.000000 0.000000 1.000000 0.000000 0.000000 1.000000 0.000000 0.000000 1.000000 0.000000 0.000000 1.000000 0.000000 0.000000 1.000000 0.000000 0.000000 1.000000 0.000000 0.000000 1.000000 0.000000 0.000000 1.000000 0.000000 0.000000 1.000000 0.000000 0.000000 1.000000 0.000000 0.000000 1.000000 0.000000 0.000000 1.000000 0.000000 0.000000 1.000000 0.000000 0.000000 1.000000 0.000000 0.000000 1.000000 0.000000 0.000000 1.000000 0.000000 0.000000 1.000000 0.000000 0.000000 1.000000 0.000000 0.000000 1.000000 0.000000 0.000000 1.000000 0.000000 0.000000 1.000000 0.000000 0.000000 1.000000 0.000000 0.000000 1.000000 0.000000 0.000000 1.000000 0.000000 0.000000 1.000000 0.000000 0.000000 1.000000 0.000000 0.000000 1.000000 0.000000 0.000000 1.000000 0.000000 0.000000 1.000000 0.000000 0.000000 1.000000 0.000000 0.000000 1.000000 0.000000 0.000000 1.000000 0.000000 0.000000 1.000000 0.000000 0.000000 1.000000 0.000000 0.000000 1.000000 0.000000 0.000000 1.000000 0.000000 0.000000 1.000000 0.000000 0.000000 1.000000 0.000000 0.000000 1.000000 0.000000 0.000000 1.000000 0.000000 0.000000 1.000000 0.000000 0.000000 1.000000 0.000000 0.000000 1.000000 0.000000 0.000000 1.000000 0.000000 0.000000 1.000000 0.000000 0.000000 1.000000 0.000000 0.000000 1.000000 0.000000 0.000000 1.000000 0.000000 0.000000 1.000000 0.000000 0.000000 1.000000 0.000000 0.000000 1.000000 0.000000 0.000000 1.000000 0.000000 0.000000 1.000000 0.000000 0.000000 1.000000 0.000000 0.000000 1.000000 0.000000 0.000000 1.000000 0.000000 0.000000 1.000000 0.000000 0.000000 1.000000 0.000000 0.000000 1.000000 0.000000 0.000000 1.000000 0.000000 0.000000 1.000000 0.000000 0.000000 1.000000 0.000000 0.000000 1.000000 0.000000 0.000000 1.000000 0.000000 0.000000 1.000000 0.000000 0.000000 1.000000 0.000000 0.000000 1.000000 0.000000 0.000000 1.000000 0.000000 0.000000 1.000000 0.000000 0.000000 1.000000 0.000000 0.000000 1.000000 0.000000 0.000000 1.000000 0.000000 0.000000 1.000000 0.000000 0.000000 1.000000 0.000000 0.000000 1.000000 0.000000 0.000000 1.000000 0.000000 0.000000 1.000000 0.000000 0.000000 1.000000 0.000000 0.000000 1.000000 0.000000 0.000000 1.000000 0.000000 0.000000 1.000000 0.000000 0.000000 1.000000 0.000000 0.000000 1.000000 0.000000 0.000000 1.000000 0.000000 0.000000 1.000000 0.000000 0.000000 1.000000 0.000000 0.000000 1.000000 0.000000 0.000000 1.000000 0.000000 0.000000 0.000000 0.000000 1.000000 0.000000 0.000000 1.000000 0.000000 0.000000 1.000000 0.000000 0.000000 1.000000 0.000000 0.000000 -1.000000 0.000000 0.182240 -0.983254 0.000000 0.000000 -1.000000 0.000000 0.239316 -0.970942 0.000000 0.364538 -0.931189 0.000000 0.464723 -0.885456 0.000000 0.537966 -0.842967 0.000000 0.663123 -0.748511 0.000000 0.690952 -0.722901 0.000000 0.822984 -0.568065 0.000000 0.816283 -0.577652 0.000000 0.916029 -0.401112 0.000000 0.935016 -0.354605 0.000000 0.979180 -0.202992 0.000000 0.992709 -0.120537 0.000000 1.000000 -0.000000 0.000000 0.992709 0.120537 0.000000 0.979180 0.202992 0.000000 0.935016 0.354605 0.000000 0.916029 0.401112 0.000000 0.822984 0.568065 0.000000 0.816283 0.577652 0.000000 0.690952 0.722901 0.000000 0.663123 0.748511 0.000000 0.537966 0.842967 0.000000 0.464723 0.885456 0.000000 0.364538 0.931189 0.000000 0.239316 0.970942 0.000000 0.182240 0.983254 0.000000 -0.000000 1.000000 0.000000 -0.000000 1.000000 -0.000000 -0.000000 -1.000000 -0.000000 -0.000000 -1.000000 -0.000000 -0.000000 -1.000000 -0.000000 -0.000000 -1.000000 1.000000 0.000000 0.000000 1.000000 0.000000 0.000000 1.000000 0.000000 0.000000 1.000000 0.000000 0.000000 1.000000 0.000000 0.000000 1.000000 0.000000 0.000000 1.000000 0.000000 0.000000 1.000000 0.000000 0.000000 1.000000 0.000000 0.000000 1.000000 0.000000 0.000000 1.000000 0.000000 0.000000 1.000000 0.000000 0.000000 1.000000 0.000000 0.000000 1.000000 0.000000 0.000000 1.000000 0.000000 0.000000 1.000000 0.000000 0.000000 1.000000 0.000000 0.000000 1.000000 0.000000 0.000000 1.000000 0.000000 0.000000 1.000000 0.000000 0.000000 1.000000 0.000000 0.000000 1.000000 0.000000 0.000000 1.000000 0.000000 0.000000 1.000000 0.000000 0.000000 0.906308 0.072603 -0.416335 0.906308 0.071629 -0.416504 0.906308 0.068100 -0.417095 0.906308 0.069417 -0.416878 0.906308 0.067137 -0.417251 0.906308 0.046489 -0.420054 0.906308 0.045838 -0.420125 0.906308 0.024754 -0.421893 0.906308 0.024419 -0.421912 0.906308 0.002953 -0.422608 0.906308 0.002938 -0.422608 0.906308 -0.018551 -0.422211 0.906308 -0.039992 -0.420722 0.906308 -0.038191 -0.420889 0.906308 -0.038178 -0.420890 0.906308 -0.018856 -0.422197 0.906308 -0.040614 -0.420662 0.906308 -0.038811 -0.420832 0.906308 -0.040102 -0.420711 0.906308 -0.041995 -0.420527 0.906308 -0.044355 -0.420284 0.906308 -0.047245 -0.419969 0.906308 -0.050583 -0.419580 0.906308 -0.062265 -0.418006 0.906308 -0.054174 -0.419132 0.906308 -0.057776 -0.418650 0.906308 -0.061393 -0.418135 0.906308 -0.064880 -0.417608 0.906308 -0.068007 -0.417111 0.906308 -0.070612 -0.416678 0.906308 -0.083749 -0.414237 0.906308 -0.072744 -0.416311 0.906308 -0.074351 -0.416027 0.906308 -0.075323 -0.415852 0.906308 -0.077530 -0.415446 0.906308 -0.079799 -0.415016 0.906308 -0.102083 -0.410104 0.906308 -0.105011 -0.409364 0.906308 -0.124070 -0.403996 0.906308 -0.125993 -0.403401 0.906308 -0.145694 -0.396711 0.906308 -0.146639 -0.396363 0.906308 0.089530 -0.413026 0.906308 0.082043 -0.414578 0.906308 0.078934 -0.415181 0.906308 0.076339 -0.415666 0.906308 0.110721 -0.407857 0.906308 0.099420 -0.410758 0.906308 0.096151 -0.411535 0.906308 0.092623 -0.412344 0.906308 0.131618 -0.401601 0.906308 0.123294 -0.404234 0.906308 0.114917 -0.406694 0.906308 0.108241 -0.408522 0.906308 0.106492 -0.408981 0.906308 0.131618 -0.401601 0.906308 0.108254 -0.408518 0.906308 0.107639 -0.408681 0.906308 0.106385 -0.409009 0.906308 0.104543 -0.409484 0.906308 0.102242 -0.410064 0.906308 0.089074 -0.413125 0.906308 0.085499 -0.413879 0.906308 0.074209 -0.416052 0.906308 -0.056661 -0.418803 0.906308 -0.059549 -0.418402 0.906308 -0.053608 -0.419204 0.906308 -0.027464 -0.421725 0.906308 -0.045504 -0.420161 0.906308 -0.000734 -0.422618 0.906308 0.004782 -0.422591 0.906308 0.037000 -0.420995 0.906308 0.044045 -0.420317 0.906308 0.069003 -0.416947 0.906308 0.088329 -0.413285 0.906308 0.100603 -0.410469 0.906308 -0.089763 -0.412976 0.906308 -0.071406 -0.416542 0.906308 -0.063868 -0.417764 0.906308 -0.058162 -0.418597 0.906308 -0.133011 -0.401141 0.906308 -0.116326 -0.406294 0.906308 -0.104487 -0.409498 0.906308 -0.092540 -0.412362 0.906308 -0.174762 -0.384792 0.906308 -0.150447 -0.394933 0.906308 -0.144786 -0.397043 0.906308 -0.137318 -0.399687 0.906308 -0.190641 -0.377177 0.906308 -0.183020 -0.380933 0.906308 -0.155522 -0.392962 0.906308 -0.155705 -0.392890 0.906308 -0.205212 -0.369451 0.906308 -0.213927 -0.364474 0.906308 -0.218594 -0.361694 0.906308 -0.230895 -0.353969 0.906308 -0.243365 -0.345514 0.906308 -0.242213 -0.346322 0.906308 -0.252638 -0.338792 0.906308 -0.262254 -0.331405 0.906308 -0.271133 -0.324181 0.906308 -0.150856 -0.394777 0.906308 -0.153127 -0.393901 0.906308 -0.154092 -0.393525 0.906308 -0.127650 -0.402879 0.906308 -0.081128 -0.414758 0.906308 -0.054600 -0.419076 0.906308 -0.053163 -0.419261 0.906308 -0.422618 -0.000000 0.906308 -0.422618 -0.000000 0.906308 -0.422618 -0.000000 0.906308 -0.422618 -0.000000 0.906308 -0.422618 -0.000000 0.906308 -0.422618 -0.000000 0.906308 -0.422618 -0.000000 0.906308 -0.422618 -0.000000 0.906308 -0.422618 -0.000000 0.906308 -0.422618 -0.000000 0.906308 -0.422618 -0.000000 0.906308 -0.422618 -0.000000 0.906308 -0.422618 -0.000000 0.906308 -0.422618 -0.000000 0.906308 -0.422618 -0.000000 0.906308 -0.422618 -0.000000 0.906308 -0.422618 -0.000000 0.906308 -0.422618 -0.000000 1.000000 0.000000 0.000000 1.000000 0.000000 0.000000 1.000000 0.000000 0.000000 1.000000 0.000000 0.000000 1.000000 0.000000 0.000000 1.000000 0.000000 0.000000 1.000000 0.000000 0.000000 1.000000 0.000000 0.000000 1.000000 0.000000 0.000000 1.000000 0.000000 0.000000 1.000000 0.000000 0.000000 1.000000 0.000000 0.000000 1.000000 0.000000 0.000000 1.000000 0.000000 0.000000 1.000000 0.000000 0.000000 1.000000 0.000000 0.000000 1.000000 0.000000 0.000000 1.000000 0.000000 0.000000 1.000000 0.000000 0.000000 1.000000 0.000000 0.000000 1.000000 0.000000 0.000000 1.000000 0.000000 0.000000 1.000000 0.000000 0.000000 1.000000 0.000000 0.000000 1.000000 0.000000 0.000000 1.000000 0.000000 0.000000 1.000000 0.000000 0.000000 1.000000 0.000000 0.000000 1.000000 0.000000 0.000000 1.000000 0.000000 0.000000 1.000000 0.000000 0.000000 1.000000 0.000000 0.000000 1.000000 0.000000 0.000000 1.000000 0.000000 0.000000 1.000000 0.000000 0.000000 1.000000 0.000000 0.000000 1.000000 0.000000 0.000000 1.000000 0.000000 0.000000 1.000000 0.000000 0.000000 1.000000 0.000000 0.000000 1.000000 0.000000 0.000000 1.000000 0.000000 0.000000 1.000000 0.000000 0.000000 1.000000 0.000000 0.000000 1.000000 0.000000 0.000000 1.000000 0.000000 0.000000 1.000000 0.000000 0.000000 1.000000 0.000000 0.000000 1.000000 0.000000 0.000000 1.000000 0.000000 0.000000 1.000000 0.000000 0.000000 1.000000 0.000000 0.000000 1.000000 0.000000 0.000000 1.000000 0.000000 0.000000 1.000000 0.000000 0.000000 1.000000 0.000000 0.000000 1.000000 0.000000 0.000000 1.000000 0.000000 0.000000 1.000000 0.000000 0.000000 1.000000 0.000000 0.000000 1.000000 0.000000 0.000000 1.000000 0.000000 0.000000 1.000000 0.000000 0.000000 1.000000 0.000000 0.000000 1.000000 0.000000 0.000000 1.000000 0.000000 0.000000 1.000000 0.000000 0.000000 1.000000 0.000000 0.000000 1.000000 0.000000 0.000000 1.000000 0.000000 0.000000 1.000000 0.000000 0.000000 1.000000 0.000000 0.000000 1.000000 0.000000 0.000000 1.000000 0.000000 0.000000 1.000000 0.000000 0.000000 1.000000 0.000000 0.000000 1.000000 0.000000 0.000000 1.000000 0.000000 0.000000 1.000000 0.000000 0.000000 1.000000 0.000000 0.000000 1.000000 0.000000 0.000000 1.000000 0.000000 0.000000 1.000000 0.000000 0.000000 -1.000000 -0.000000 -0.000000 -1.000000 -0.000000 -0.000000 -1.000000 -0.000000 -0.000000 -1.000000 -0.000000 -0.000000 -1.000000 -0.000000 -0.000000 -1.000000 -0.000000 -0.000000 -1.000000 -0.000000 -0.000000 -1.000000 -0.000000 -0.000000 -1.000000 -0.000000 -0.000000 -1.000000 -0.000000 -0.000000 -1.000000 -0.000000 -0.000000 -1.000000 -0.000000 -0.000000 -1.000000 -0.000000 -0.000000 -1.000000 -0.000000 -0.000000 -1.000000 -0.000000 -0.000000 -1.000000 -0.000000 -0.000000 -1.000000 -0.000000 -0.000000 -1.000000 -0.000000 -0.000000 -1.000000 -0.000000 -0.000000 -1.000000 -0.000000 -0.000000 -1.000000 -0.000000 -0.000000 -1.000000 -0.000000 -0.000000 -1.000000 -0.000000 -0.000000 -1.000000 -0.000000 -0.000000 -1.000000 -0.000000 -0.000000 -1.000000 -0.000000 -0.000000 -1.000000 -0.000000 -0.000000 -1.000000 -0.000000 -0.000000 -1.000000 -0.000000 -0.000000 -1.000000 -0.000000 -0.000000 -1.000000 -0.000000 -0.000000 -1.000000 -0.000000 -0.000000 -1.000000 -0.000000 -0.000000 -1.000000 -0.000000 -0.000000 -1.000000 -0.000000 -0.000000 -1.000000 -0.000000 -0.000000 -1.000000 -0.000000 -0.000000 -1.000000 -0.000000 -0.000000 -1.000000 -0.000000 -0.000000 -1.000000 -0.000000 -0.000000 -1.000000 -0.000000 -0.000000 -1.000000 -0.000000 -0.000000 -1.000000 -0.000000 -0.000000 -1.000000 -0.000000 -0.000000 -1.000000 -0.000000 -0.000000 -1.000000 -0.000000 -0.000000 -1.000000 -0.000000 -0.000000 -1.000000 -0.000000 -0.000000 -1.000000 -0.000000 -0.000000 -1.000000 -0.000000 -0.000000 -1.000000 -0.000000 -0.000000 -1.000000 -0.000000 -0.000000 -1.000000 -0.000000 -0.000000 -1.000000 -0.000000 -0.000000 -1.000000 -0.000000 -0.000000 -1.000000 -0.000000 -0.000000 -1.000000 -0.000000 -0.000000 -1.000000 -0.000000 -0.000000 -1.000000 -0.000000 -0.000000 -1.000000 -0.000000 -0.000000 -1.000000 -0.000000 -0.000000 -1.000000 -0.000000 -0.000000 -1.000000 -0.000000 -0.000000 -1.000000 -0.000000 -0.000000 -1.000000 -0.000000 -0.000000 -1.000000 -0.000000 -0.000000 -1.000000 -0.000000 -0.000000 -1.000000 -0.000000 -0.000000 -1.000000 -0.000000 -0.000000 -1.000000 -0.000000 -0.000000 -1.000000 -0.000000 -0.000000 -1.000000 -0.000000 -0.000000 -1.000000 -0.000000 -0.000000 -1.000000 -0.000000 -0.000000 -1.000000 -0.000000 -0.000000 -1.000000 -0.000000 -0.000000 -1.000000 -0.000000 -0.000000 -1.000000 -0.000000 -0.000000 -1.000000 -0.000000 -0.000000 -1.000000 -0.000000 -0.000000 -1.000000 -0.000000 -0.000000 -1.000000 -0.000000 -0.000000 -1.000000 -0.000000 -0.000000 -1.000000 -0.000000 -0.000000 -1.000000 -0.000000 -0.000000 -1.000000 -0.000000 -0.000000 -1.000000 -0.000000 -0.000000 -1.000000 -0.000000 -0.000000 -1.000000 -0.000000 -0.000000 -1.000000 -0.000000 -0.000000 -1.000000 -0.000000 -0.000000 -1.000000 -0.000000 -0.000000 -1.000000 -0.000000 -0.000000 -1.000000 -0.000000 -0.000000 -1.000000 -0.000000 -0.000000 -1.000000 -0.000000 -0.000000 -1.000000 -0.000000 -0.000000 -1.000000 -0.000000 -0.000000 -1.000000 -0.000000 -0.000000 -1.000000 -0.000000 -0.000000 -1.000000 -0.000000 -0.000000 -1.000000 -0.000000 -0.000000 -1.000000 -0.000000 -0.000000 -1.000000 -0.000000 -0.000000 -1.000000 -0.000000 -0.000000 -1.000000 -0.000000 -0.000000 -1.000000 -0.000000 -0.000000 -1.000000 -0.000000 -0.000000 -1.000000 -0.000000 -0.000000 -1.000000 -0.000000 -0.000000 -1.000000 -0.000000 -0.000000 -1.000000 -0.000000 -0.000000 -1.000000 -0.000000 -0.000000 -1.000000 -0.000000 -0.000000 -1.000000 -0.000000 -0.000000 -1.000000 -0.000000 -0.000000 -1.000000 -0.000000 -0.000000 -1.000000 -0.000000 -0.000000 -1.000000 -0.000000 -0.000000 -1.000000 -0.000000 -0.000000 -1.000000 -0.000000 -0.000000 -1.000000 -0.000000 -0.000000 -1.000000 -0.000000 -0.000000 -1.000000 -0.000000 -0.000000 -1.000000 -0.000000 -0.000000 -1.000000 -0.000000 -0.000000 -1.000000 -0.000000 -0.000000 -1.000000 -0.000000 -0.000000 -1.000000 -0.000000 -0.000000 -1.000000 -0.000000 -0.000000 -1.000000 -0.000000 -0.000000 -1.000000 -0.000000 -0.000000 -1.000000 -0.000000 -0.000000 -1.000000 -0.000000 -0.000000 -1.000000 -0.000000 -0.000000 -1.000000 -0.000000 -0.000000 -1.000000 -0.000000 -0.000000 -1.000000 -0.000000 -0.000000 -1.000000 -0.000000 -0.000000 -1.000000 -0.000000 -0.000000 -1.000000 -0.000000 -0.000000 -1.000000 -0.000000 -0.000000 -1.000000 -0.000000 -0.000000 -1.000000 -0.000000 -0.000000 -1.000000 -0.000000 -0.000000 -1.000000 -0.000000 -0.000000 -1.000000 -0.000000 -0.000000 -1.000000 -0.000000 -0.000000 -1.000000 -0.000000 -0.000000 -1.000000 -0.000000 -0.000000 -1.000000 -0.000000 -0.000000 -1.000000 -0.000000 -0.000000 -1.000000 -0.000000 -0.000000 -1.000000 -0.000000 -0.000000 -1.000000 -0.000000 -0.000000 -1.000000 -0.000000 -0.000000 -1.000000 -0.000000 -0.000000 -1.000000 -0.000000 -0.000000 -1.000000 -0.000000 -0.000000 -1.000000 -0.000000 -0.000000 -1.000000 -0.000000 -0.000000 -1.000000 -0.000000 -0.000000 -1.000000 -0.000000 -0.000000 -1.000000 -0.000000 -0.000000 -1.000000 -0.000000 -0.000000 -1.000000 -0.000000 -0.000000 -1.000000 -0.000000 -0.000000 -1.000000 -0.000000 -0.000000 -1.000000 -0.000000 -0.000000 -1.000000 -0.000000 -0.000000 -1.000000 -0.000000 -0.000000 -1.000000 -0.000000 -0.000000 -1.000000 -0.000000 -0.000000 -1.000000 -0.000000 -0.000000 -1.000000 -0.000000 -0.000000 -1.000000 -0.000000 -0.000000 -1.000000 -0.000000 -0.000000 -1.000000 -0.000000 -0.000000 -1.000000 -0.000000 -0.000000 -1.000000 -0.000000 -0.000000 -1.000000 -0.000000 -0.000000 -1.000000 -0.000000 -0.000000 -1.000000 -0.000000 -0.000000 -1.000000 -0.000000 -0.000000 -1.000000 -0.000000 -0.000000 -1.000000 -0.000000 -0.000000 -1.000000 -0.000000 -0.000000 -1.000000 -0.000000 -0.000000 -1.000000 -0.000000 -0.000000 -1.000000 -0.000000 -0.000000 -1.000000 -0.000000 -0.000000 -1.000000 -0.000000 -0.000000 -1.000000 -0.000000 -0.000000 -1.000000 -0.000000 -0.000000 -1.000000 -0.000000 -0.000000 -1.000000 -0.000000 -0.000000 -1.000000 -0.000000 -0.000000 -1.000000 -0.000000 -0.000000 -1.000000 -0.000000 -0.000000 0.000000 -0.394905 0.918722 0.000000 -0.394905 0.918722 0.000000 -0.344742 0.938698 0.000000 -0.343250 0.939244 0.000000 -0.293574 0.955936 0.000000 -0.290534 0.956865 0.000000 -0.241550 0.970388 0.000000 -0.236921 0.971529 0.000000 -0.188821 0.982011 0.000000 -0.182576 0.983192 0.000000 -0.157572 0.987507 0.000000 -0.127667 0.991817 0.000000 -0.126164 0.992009 0.000000 -0.094629 0.995513 0.000000 -0.072363 0.997378 0.000000 -0.043896 0.999036 0.000000 -0.016836 0.999858 -0.000000 0.006952 0.999976 -0.000000 0.038743 0.999249 -0.000000 0.057781 0.998329 -0.000000 0.094203 0.995553 -0.000000 0.108461 0.994101 -0.000000 0.149371 0.988781 -0.000000 0.158860 0.987301 -0.000000 0.190102 0.981764 -0.000000 0.204078 0.978955 -0.000000 0.221153 0.975239 -0.000000 0.258155 0.966104 -0.000000 0.251981 0.967732 -0.000000 0.271917 0.962321 -0.000000 0.291738 0.956498 -0.000000 0.311434 0.950268 -0.000000 0.311434 0.950268 0.000000 -0.394905 -0.918722 0.000000 -0.394905 -0.918722 0.000000 -0.369836 -0.929097 0.000000 -0.319574 -0.947561 0.000000 -0.344494 -0.938789 0.000000 -0.318898 -0.947789 0.000000 -0.254943 -0.966956 0.000000 -0.242165 -0.970235 0.000000 -0.189851 -0.981813 0.000000 -0.163179 -0.986596 0.000000 -0.123913 -0.992293 0.000000 -0.083132 -0.996539 0.000000 -0.046741 -0.998907 0.000000 -0.002544 -0.999997 -0.000000 0.030710 -0.999528 -0.000000 0.078061 -0.996949 -0.000000 0.107978 -0.994153 -0.000000 0.158157 -0.987414 -0.000000 0.184598 -0.982814 -0.000000 0.237225 -0.971455 -0.000000 0.260110 -0.965579 -0.000000 0.314749 -0.949175 -0.000000 0.334062 -0.942551 -0.000000 0.390226 -0.920719 -0.000000 0.406010 -0.913869 -0.000000 0.463163 -0.886273 -0.000000 0.475522 -0.879704 -0.000000 0.533087 -0.846061 -0.000000 0.542181 -0.840261 -0.000000 0.599542 -0.800343 -0.000000 0.597042 -0.802210 -0.000000 0.649242 -0.760582 -0.000000 0.662097 -0.749418 -0.000000 0.698548 -0.715564 -0.000000 0.720343 -0.693618 -0.000000 0.751834 -0.659352 -0.000000 0.773903 -0.633304 -0.000000 0.800610 -0.599185 -0.000000 0.822428 -0.568870 -0.000000 0.844584 -0.535424 -0.000000 0.865601 -0.500734 -0.000000 0.883490 -0.468450 -0.000000 0.903143 -0.429341 -0.000000 0.917096 -0.398666 -0.000000 0.934808 -0.355154 -0.000000 0.945200 -0.326491 -0.000000 0.960391 -0.278656 -0.000000 0.967634 -0.252356 -0.000000 0.979725 -0.200345 -0.000000 0.984263 -0.176708 -0.000000 0.992685 -0.120731 -0.000000 0.994987 -0.100000 -0.000000 0.999186 -0.040331 -0.000000 0.999443 -0.033383 -0.000000 0.999443 0.033383 -0.000000 0.999186 0.040331 -0.000000 0.994987 0.100000 -0.000000 0.992685 0.120731 -0.000000 0.984263 0.176708 -0.000000 0.979725 0.200345 -0.000000 0.967634 0.252356 -0.000000 0.960391 0.278656 -0.000000 0.945200 0.326491 -0.000000 0.934808 0.355154 -0.000000 0.917096 0.398666 -0.000000 0.903143 0.429341 -0.000000 0.883490 0.468450 -0.000000 0.865601 0.500734 -0.000000 0.844584 0.535424 -0.000000 0.822428 0.568870 -0.000000 0.800610 0.599185 -0.000000 0.773903 0.633304 -0.000000 0.751834 0.659352 -0.000000 0.720343 0.693618 -0.000000 0.698548 0.715564 -0.000000 0.662097 0.749418 -0.000000 0.649242 0.760582 -0.000000 0.599542 0.800343 -0.000000 0.597042 0.802210 -0.000000 0.542181 0.840261 -0.000000 0.533087 0.846061 -0.000000 0.475522 0.879704 -0.000000 0.463163 0.886273 -0.000000 0.406010 0.913869 -0.000000 0.390226 0.920719 -0.000000 0.334062 0.942551 -0.000000 0.314749 0.949175 -0.000000 0.260110 0.965579 -0.000000 0.237225 0.971455 -0.000000 0.184598 0.982814 -0.000000 0.158157 0.987414 -0.000000 0.107978 0.994153 -0.000000 0.078061 0.996949 -0.000000 0.030710 0.999528 -0.000000 -0.002544 0.999997 -0.000000 -0.046741 0.998907 -0.000000 -0.083132 0.996539 -0.000000 -0.123913 0.992293 -0.000000 -0.163179 0.986596 -0.000000 -0.189851 0.981813 -0.000000 -0.242165 0.970235 -0.000000 -0.254943 0.966956 -0.000000 -0.319574 0.947561 -0.000000 -0.318898 0.947789 -0.000000 -0.344494 0.938789 -0.000000 -0.369836 0.929097 0.000000 0.311434 -0.950268 0.000000 0.311434 -0.950268 0.000000 0.291738 -0.956498 0.000000 0.258155 -0.966104 0.000000 0.271917 -0.962321 0.000000 0.251981 -0.967732 0.000000 0.221153 -0.975239 0.000000 0.204078 -0.978955 0.000000 0.190102 -0.981764 0.000000 0.149371 -0.988781 0.000000 0.158860 -0.987301 0.000000 0.108461 -0.994101 0.000000 0.094203 -0.995553 0.000000 0.057781 -0.998329 0.000000 0.038743 -0.999249 0.000000 0.006952 -0.999976 0.000000 -0.016836 -0.999858 0.000000 -0.043896 -0.999036 0.000000 -0.072363 -0.997378 0.000000 -0.094629 -0.995513 0.000000 -0.127667 -0.991817 0.000000 -0.126164 -0.992009 0.000000 -0.157572 -0.987507 0.000000 -0.182576 -0.983192 0.000000 -0.188821 -0.982011 0.000000 -0.236921 -0.971529 0.000000 -0.241550 -0.970388 0.000000 -0.290534 -0.956865 0.000000 -0.293574 -0.955936 0.000000 -0.343250 -0.939244 0.000000 -0.344742 -0.938698 0.000000 -0.641555 -0.767077 0.000000 -0.641555 -0.767077 0.000000 -0.575851 -0.817555 0.000000 -0.574578 -0.818450 0.000000 -0.506194 -0.862420 0.000000 -0.503507 -0.863991 0.000000 -0.433061 -0.901364 0.000000 -0.428848 -0.903376 0.000000 -0.356956 -0.934121 0.000000 -0.351134 -0.936325 0.000000 -0.286396 -0.958111 0.000000 -0.270918 -0.962602 0.000000 -0.214246 -0.976780 0.000000 -0.188772 -0.982021 0.000000 -0.140906 -0.990023 0.000000 -0.105280 -0.994443 0.000000 -0.064984 -0.997886 0.000000 -0.021039 -0.999779 -0.000000 0.011316 -0.999936 -0.000000 0.063353 -0.997991 -0.000000 0.087550 -0.996160 -0.000000 0.147293 -0.989093 -0.000000 0.163274 -0.986581 -0.000000 0.230183 -0.973147 -0.000000 0.238047 -0.971254 0.000000 -1.000000 -0.000000 0.000000 -1.000000 -0.000000 0.000000 -1.000000 -0.000000 0.000000 -1.000000 -0.000000 -0.000000 0.238047 0.971254 -0.000000 0.230183 0.973147 -0.000000 0.163274 0.986581 -0.000000 0.147293 0.989093 -0.000000 0.087550 0.996160 -0.000000 0.063353 0.997991 -0.000000 0.011316 0.999936 -0.000000 -0.021039 0.999779 -0.000000 -0.064984 0.997886 -0.000000 -0.105280 0.994443 -0.000000 -0.140906 0.990023 -0.000000 -0.188772 0.982021 -0.000000 -0.214246 0.976780 -0.000000 -0.270918 0.962602 -0.000000 -0.286396 0.958111 -0.000000 -0.351134 0.936325 -0.000000 -0.356956 0.934121 -0.000000 -0.428848 0.903376 -0.000000 -0.433061 0.901364 -0.000000 -0.503507 0.863991 -0.000000 -0.506194 0.862420 -0.000000 -0.574578 0.818450 -0.000000 -0.575851 0.817555 -0.000000 -0.641555 0.767077 -0.000000 -0.641555 0.767077 0.000000 -0.394905 0.918722 0.000000 -0.394905 0.918722 0.000000 -0.346977 0.937874 0.000000 -0.346977 0.937874 0.000000 -0.298124 0.954527 0.000000 -0.298124 0.954527 0.000000 -0.248477 0.968638 0.000000 -0.248477 0.968638 0.000000 -0.198168 0.980168 0.000000 -0.198168 0.980168 0.000000 -0.147331 0.989087 0.000000 -0.147331 0.989087 0.000000 -0.096102 0.995371 0.000000 -0.096102 0.995371 0.000000 -0.044617 0.999004 0.000000 -0.044617 0.999004 -0.000000 0.006987 0.999976 -0.000000 0.006987 0.999976 -0.000000 0.058573 0.998283 -0.000000 0.058573 0.998283 -0.000000 0.110002 0.993931 -0.000000 0.110002 0.993931 -0.000000 0.161139 0.986932 -0.000000 0.161139 0.986932 -0.000000 0.211846 0.977303 -0.000000 0.211846 0.977303 -0.000000 0.261989 0.965071 -0.000000 0.261989 0.965071 -0.000000 0.311434 0.950268 -0.000000 0.311434 0.950268 0.000000 -0.394905 -0.918722 0.000000 -0.394905 -0.918722 0.000000 -0.317981 -0.948097 0.000000 -0.317981 -0.948097 0.000000 -0.238901 -0.971044 0.000000 -0.238901 -0.971044 0.000000 -0.158202 -0.987407 0.000000 -0.158202 -0.987407 0.000000 -0.076430 -0.997075 0.000000 -0.076430 -0.997075 -0.000000 0.005861 -0.999983 -0.000000 0.005861 -0.999983 -0.000000 0.088111 -0.996111 -0.000000 0.088111 -0.996111 -0.000000 0.169765 -0.985485 -0.000000 0.169765 -0.985485 -0.000000 0.250267 -0.968177 -0.000000 0.250267 -0.968177 -0.000000 0.329072 -0.944305 -0.000000 0.329072 -0.944305 -0.000000 0.405646 -0.914030 -0.000000 0.405646 -0.914030 -0.000000 0.479470 -0.877558 -0.000000 0.479470 -0.877558 -0.000000 0.550043 -0.835136 -0.000000 0.550043 -0.835136 -0.000000 0.616887 -0.787052 -0.000000 0.616887 -0.787052 -0.000000 0.679548 -0.733631 -0.000000 0.679548 -0.733631 -0.000000 0.737601 -0.675237 -0.000000 0.737601 -0.675237 -0.000000 0.790654 -0.612264 -0.000000 0.790654 -0.612264 -0.000000 0.838345 -0.545139 -0.000000 0.838345 -0.545139 -0.000000 0.880353 -0.474319 -0.000000 0.880353 -0.474319 -0.000000 0.916392 -0.400283 -0.000000 0.916392 -0.400283 -0.000000 0.946217 -0.323532 -0.000000 0.946217 -0.323532 -0.000000 0.969627 -0.244588 -0.000000 0.969627 -0.244588 -0.000000 0.986463 -0.163986 -0.000000 0.986463 -0.163986 -0.000000 0.996610 -0.082272 -0.000000 0.996610 -0.082272 -0.000000 1.000000 -0.000000 -0.000000 1.000000 -0.000000 -0.000000 0.996610 0.082272 -0.000000 0.996610 0.082272 -0.000000 0.986463 0.163986 -0.000000 0.986463 0.163986 -0.000000 0.969627 0.244588 -0.000000 0.969627 0.244588 -0.000000 0.946217 0.323532 -0.000000 0.946217 0.323532 -0.000000 0.916392 0.400283 -0.000000 0.916392 0.400283 -0.000000 0.880353 0.474319 -0.000000 0.880353 0.474319 -0.000000 0.838345 0.545139 -0.000000 0.838345 0.545139 -0.000000 0.790654 0.612264 -0.000000 0.790654 0.612264 -0.000000 0.737601 0.675237 -0.000000 0.737601 0.675237 -0.000000 0.679548 0.733631 -0.000000 0.679548 0.733631 -0.000000 0.616887 0.787052 -0.000000 0.616887 0.787052 -0.000000 0.550043 0.835136 -0.000000 0.550043 0.835136 -0.000000 0.479470 0.877558 -0.000000 0.479470 0.877558 -0.000000 0.405646 0.914030 -0.000000 0.405646 0.914030 -0.000000 0.329072 0.944305 -0.000000 0.329072 0.944305 -0.000000 0.250267 0.968177 -0.000000 0.250267 0.968177 -0.000000 0.169765 0.985485 -0.000000 0.169765 0.985485 -0.000000 0.088111 0.996111 -0.000000 0.088111 0.996111 -0.000000 0.005861 0.999983 -0.000000 0.005861 0.999983 -0.000000 -0.076430 0.997075 -0.000000 -0.076430 0.997075 -0.000000 -0.158202 0.987407 -0.000000 -0.158202 0.987407 -0.000000 -0.238901 0.971044 -0.000000 -0.238901 0.971044 -0.000000 -0.317981 0.948097 -0.000000 -0.317981 0.948097 0.000000 0.311434 -0.950268 0.000000 0.311434 -0.950268 0.000000 0.261989 -0.965071 0.000000 0.261989 -0.965071 0.000000 0.211846 -0.977303 0.000000 0.211846 -0.977303 0.000000 0.161139 -0.986932 0.000000 0.161139 -0.986932 0.000000 0.110002 -0.993931 0.000000 0.110002 -0.993931 0.000000 0.058573 -0.998283 0.000000 0.058573 -0.998283 0.000000 0.006987 -0.999976 0.000000 0.006987 -0.999976 0.000000 -0.044617 -0.999004 0.000000 -0.044617 -0.999004 0.000000 -0.096102 -0.995371 0.000000 -0.096102 -0.995371 0.000000 -0.147331 -0.989087 0.000000 -0.147331 -0.989087 0.000000 -0.198168 -0.980168 0.000000 -0.198168 -0.980168 0.000000 -0.248477 -0.968638 0.000000 -0.248477 -0.968638 0.000000 -0.298124 -0.954527 0.000000 -0.298124 -0.954527 0.000000 -0.346977 -0.937874 0.000000 -0.346977 -0.937874 0.000000 -0.614686 -0.788772 0.000000 -0.614686 -0.788772 0.000000 -0.542168 -0.840270 0.000000 -0.542168 -0.840270 0.000000 -0.465362 -0.885120 0.000000 -0.465362 -0.885120 0.000000 -0.384875 -0.922969 0.000000 -0.384875 -0.922969 0.000000 -0.301343 -0.953516 0.000000 -0.301343 -0.953516 0.000000 -0.215427 -0.976520 0.000000 -0.215427 -0.976520 0.000000 -0.127807 -0.991799 0.000000 -0.127807 -0.991799 0.000000 -0.039175 -0.999232 0.000000 -0.039175 -0.999232 -0.000000 0.049766 -0.998761 -0.000000 0.049766 -0.998761 -0.000000 0.138313 -0.990389 -0.000000 0.138313 -0.990389 -0.000000 0.225766 -0.974181 -0.000000 0.225766 -0.974181 0.000000 -1.000000 -0.000000 0.000000 -1.000000 -0.000000 0.000000 -1.000000 -0.000000 0.000000 -1.000000 -0.000000 -0.000000 0.225766 0.974181 -0.000000 0.225766 0.974181 -0.000000 0.138313 0.990389 -0.000000 0.138313 0.990389 -0.000000 0.049766 0.998761 -0.000000 0.049766 0.998761 -0.000000 -0.039175 0.999232 -0.000000 -0.039175 0.999232 -0.000000 -0.127807 0.991799 -0.000000 -0.127807 0.991799 -0.000000 -0.215427 0.976520 -0.000000 -0.215427 0.976520 -0.000000 -0.301343 0.953516 -0.000000 -0.301343 0.953516 -0.000000 -0.384875 0.922969 -0.000000 -0.384875 0.922969 -0.000000 -0.465362 0.885120 -0.000000 -0.465362 0.885120 -0.000000 -0.542168 0.840270 -0.000000 -0.542168 0.840270 -0.000000 -0.614686 0.788772 -0.000000 -0.614686 0.788772 -0.000000 -1.000000 0.000000 -0.000000 -1.000000 0.000000 -0.000000 -1.000000 0.000000 -0.000000 -1.000000 0.000000 -0.000000 -1.000000 0.000000 -0.000000 -1.000000 0.000000 -0.000000 -1.000000 0.000000 -0.000000 -1.000000 0.000000 -0.000000 -1.000000 0.000000 -0.000000 -1.000000 0.000000 -0.000000 -1.000000 0.000000 -0.000000 -1.000000 0.000000 -0.000000 -1.000000 0.000000 -0.000000 -1.000000 0.000000 -0.000000 -1.000000 0.000000 -0.000000 -1.000000 0.000000 -0.000000 -1.000000 0.000000 -0.000000 -1.000000 0.000000 -0.000000 -1.000000 0.000000 -0.000000 -1.000000 0.000000 -0.000000 -1.000000 0.000000 -0.000000 -1.000000 0.000000 -0.000000 -1.000000 0.000000 -0.000000 -1.000000 0.000000 -0.000000 -1.000000 0.000000 -0.000000 -1.000000 0.000000 -0.000000 -1.000000 0.000000 -0.000000 -1.000000 0.000000 -0.000000 -1.000000 0.000000 -0.000000 -1.000000 0.000000 -0.000000 -1.000000 0.000000 -0.000000 -1.000000 0.000000 -0.000000 -1.000000 0.000000 -0.000000 -1.000000 0.000000 -0.000000 -1.000000 0.000000 -0.000000 -0.394905 -0.918722 -0.000000 -0.394905 -0.918722 -0.000000 -0.343250 -0.939244 -0.000000 -0.343250 -0.939244 -0.000000 -0.290534 -0.956865 -0.000000 -0.290534 -0.956865 -0.000000 -0.236921 -0.971529 -0.000000 -0.236921 -0.971529 -0.000000 -0.182576 -0.983192 -0.000000 -0.182576 -0.983192 -0.000000 -0.127667 -0.991817 -0.000000 -0.127667 -0.991817 -0.000000 -0.072363 -0.997378 -0.000000 -0.072363 -0.997378 -0.000000 -0.016836 -0.999858 -0.000000 -0.016836 -0.999858 -0.000000 0.038743 -0.999249 -0.000000 0.038743 -0.999249 -0.000000 0.094203 -0.995553 -0.000000 0.094203 -0.995553 -0.000000 0.149371 -0.988781 -0.000000 0.149371 -0.988781 -0.000000 0.204078 -0.978955 -0.000000 0.204078 -0.978955 -0.000000 0.258155 -0.966104 -0.000000 0.258155 -0.966104 0.000000 -0.394905 0.918722 0.000000 -0.394905 0.918722 0.000000 -0.319574 0.947561 0.000000 -0.319574 0.947561 0.000000 -0.242165 0.970235 0.000000 -0.242165 0.970235 0.000000 -0.163179 0.986596 0.000000 -0.163179 0.986596 0.000000 -0.083132 0.996539 0.000000 -0.083132 0.996539 0.000000 -0.002544 0.999997 0.000000 -0.002544 0.999997 0.000000 0.078061 0.996949 0.000000 0.078061 0.996949 0.000000 0.158157 0.987414 0.000000 0.158157 0.987414 0.000000 0.237225 0.971455 0.000000 0.237225 0.971455 0.000000 0.314749 0.949175 0.000000 0.314749 0.949175 0.000000 0.390226 0.920719 0.000000 0.390226 0.920719 0.000000 0.463163 0.886273 0.000000 0.463163 0.886273 0.000000 0.533087 0.846061 0.000000 0.533087 0.846061 0.000000 0.599542 0.800343 0.000000 0.599542 0.800343 0.000000 0.662097 0.749418 0.000000 0.662097 0.749418 0.000000 0.720343 0.693618 0.000000 0.720343 0.693618 0.000000 0.773903 0.633304 0.000000 0.773903 0.633304 0.000000 0.822428 0.568870 0.000000 0.822428 0.568870 0.000000 0.865601 0.500734 0.000000 0.865601 0.500734 0.000000 0.903143 0.429341 0.000000 0.903143 0.429341 0.000000 0.934808 0.355154 0.000000 0.934808 0.355154 0.000000 0.960391 0.278656 0.000000 0.960391 0.278656 0.000000 0.979725 0.200345 0.000000 0.979725 0.200345 0.000000 0.992685 0.120731 0.000000 0.992685 0.120731 0.000000 0.999186 0.040331 0.000000 0.999186 0.040331 0.000000 0.999186 -0.040331 0.000000 0.999186 -0.040331 0.000000 0.992685 -0.120731 0.000000 0.992685 -0.120731 0.000000 0.979725 -0.200345 0.000000 0.979725 -0.200345 0.000000 0.960391 -0.278656 0.000000 0.960391 -0.278656 -0.000000 0.934808 -0.355154 -0.000000 0.934808 -0.355154 -0.000000 0.903143 -0.429341 -0.000000 0.903143 -0.429341 -0.000000 0.865601 -0.500734 -0.000000 0.865601 -0.500734 -0.000000 0.822428 -0.568870 -0.000000 0.822428 -0.568870 -0.000000 0.773903 -0.633304 -0.000000 0.773903 -0.633304 -0.000000 0.720343 -0.693618 -0.000000 0.720343 -0.693618 -0.000000 0.662097 -0.749418 -0.000000 0.662097 -0.749418 -0.000000 0.599542 -0.800343 -0.000000 0.599542 -0.800343 -0.000000 0.533087 -0.846061 -0.000000 0.533087 -0.846061 -0.000000 0.463163 -0.886273 -0.000000 0.463163 -0.886273 -0.000000 0.390226 -0.920719 -0.000000 0.390226 -0.920719 -0.000000 0.314749 -0.949175 -0.000000 0.314749 -0.949175 -0.000000 0.237225 -0.971455 -0.000000 0.237225 -0.971455 -0.000000 0.158157 -0.987414 -0.000000 0.158157 -0.987414 -0.000000 0.078061 -0.996949 -0.000000 0.078061 -0.996949 -0.000000 -0.002544 -0.999997 -0.000000 -0.002544 -0.999997 -0.000000 -0.083132 -0.996539 -0.000000 -0.083132 -0.996539 -0.000000 -0.163179 -0.986596 -0.000000 -0.163179 -0.986596 -0.000000 -0.242165 -0.970235 -0.000000 -0.242165 -0.970235 -0.000000 -0.319574 -0.947561 -0.000000 -0.319574 -0.947561 0.000000 0.311434 0.950268 0.000000 0.311434 0.950268 0.000000 0.258155 0.966104 0.000000 0.258155 0.966104 0.000000 0.204078 0.978955 0.000000 0.204078 0.978955 0.000000 0.149371 0.988781 0.000000 0.149371 0.988781 0.000000 0.094203 0.995553 0.000000 0.094203 0.995553 0.000000 0.038743 0.999249 0.000000 0.038743 0.999249 0.000000 -0.016836 0.999858 0.000000 -0.016836 0.999858 0.000000 -0.072363 0.997378 0.000000 -0.072363 0.997378 0.000000 -0.127667 0.991817 0.000000 -0.127667 0.991817 0.000000 -0.182576 0.983192 0.000000 -0.182576 0.983192 0.000000 -0.236921 0.971529 0.000000 -0.236921 0.971529 0.000000 -0.290534 0.956865 0.000000 -0.290534 0.956865 0.000000 -0.343250 0.939244 0.000000 -0.343250 0.939244 0.000000 -0.641555 0.767077 0.000000 -0.641555 0.767077 0.000000 -0.574578 0.818450 0.000000 -0.574578 0.818450 0.000000 -0.503507 0.863991 0.000000 -0.503507 0.863991 0.000000 -0.428848 0.903376 0.000000 -0.428848 0.903376 0.000000 -0.351134 0.936325 0.000000 -0.351134 0.936325 0.000000 -0.270918 0.962602 0.000000 -0.270918 0.962602 0.000000 -0.188772 0.982021 0.000000 -0.188772 0.982021 0.000000 -0.105280 0.994443 0.000000 -0.105280 0.994443 0.000000 -0.021039 0.999779 0.000000 -0.021039 0.999779 0.000000 0.063353 0.997991 0.000000 0.063353 0.997991 0.000000 0.147293 0.989093 0.000000 0.147293 0.989093 0.000000 0.230183 0.973147 0.000000 0.230183 0.973147 0.000000 -0.641555 0.767077 1.000000 -0.000000 -0.000000 1.000000 -0.000000 -0.000000 1.000000 -0.000000 -0.000000 1.000000 -0.000000 -0.000000 1.000000 -0.000000 -0.000000 1.000000 -0.000000 -0.000000 1.000000 -0.000000 -0.000000 1.000000 -0.000000 -0.000000 1.000000 -0.000000 -0.000000 1.000000 -0.000000 -0.000000 1.000000 -0.000000 -0.000000 1.000000 -0.000000 -0.000000 1.000000 -0.000000 -0.000000 1.000000 -0.000000 -0.000000 1.000000 -0.000000 -0.000000 1.000000 -0.000000 -0.000000 1.000000 -0.000000 -0.000000 1.000000 -0.000000 -0.000000 1.000000 -0.000000 -0.000000 1.000000 -0.000000 -0.000000 1.000000 -0.000000 -0.000000 1.000000 -0.000000 -0.000000 1.000000 -0.000000 -0.000000 1.000000 -0.000000 -0.000000 1.000000 -0.000000 -0.000000 1.000000 -0.000000 -0.000000 1.000000 -0.000000 -0.000000 1.000000 -0.000000 -0.000000 1.000000 -0.000000 -0.000000 1.000000 -0.000000 -0.000000 1.000000 -0.000000 -0.000000 1.000000 -0.000000 -0.000000 1.000000 -0.000000 -0.000000 1.000000 -0.000000 -0.000000 1.000000 -0.000000 -0.000000 1.000000 -0.000000 -0.000000 1.000000 -0.000000 -0.000000 1.000000 -0.000000 -0.000000 1.000000 -0.000000 -0.000000 1.000000 -0.000000 -0.000000 1.000000 -0.000000 -0.000000 1.000000 -0.000000 -0.000000 1.000000 -0.000000 -0.000000 1.000000 -0.000000 -0.000000 1.000000 -0.000000 -0.000000 1.000000 -0.000000 -0.000000 1.000000 -0.000000 -0.000000 1.000000 -0.000000 -0.000000 1.000000 -0.000000 -0.000000 1.000000 -0.000000 -0.000000 1.000000 -0.000000 -0.000000 1.000000 -0.000000 -0.000000 1.000000 -0.000000 -0.000000 1.000000 -0.000000 -0.000000 1.000000 -0.000000 -0.000000 1.000000 -0.000000 -0.000000 1.000000 -0.000000 -0.000000 1.000000 -0.000000 -0.000000 1.000000 -0.000000 -0.000000 1.000000 -0.000000 -0.000000 1.000000 -0.000000 -0.000000 1.000000 -0.000000 -0.000000 1.000000 -0.000000 -0.000000 1.000000 -0.000000 -0.000000 1.000000 -0.000000 -0.000000 1.000000 -0.000000 -0.000000 1.000000 -0.000000 -0.000000 1.000000 -0.000000 -0.000000 1.000000 -0.000000 -0.000000 1.000000 -0.000000 -0.000000 1.000000 -0.000000 -0.000000 1.000000 -0.000000 -0.000000 1.000000 -0.000000 -0.000000 1.000000 -0.000000 -0.000000 1.000000 -0.000000 -0.000000 1.000000 -0.000000 -0.000000 1.000000 -0.000000 -0.000000 1.000000 -0.000000 -0.000000 1.000000 -0.000000 -0.000000 1.000000 -0.000000 -0.000000 1.000000 -0.000000 -0.000000 1.000000 -0.000000 -0.000000 1.000000 -0.000000 -0.000000 1.000000 -0.000000 -0.000000 1.000000 -0.000000 -0.000000 1.000000 -0.000000 -0.000000 1.000000 -0.000000 -0.000000 1.000000 -0.000000 -0.000000 1.000000 -0.000000 -0.000000 1.000000 -0.000000 -0.000000 1.000000 -0.000000 -0.000000 1.000000 -0.000000 -0.000000 1.000000 -0.000000 -0.000000 1.000000 -0.000000 -0.000000 1.000000 -0.000000 -0.000000 1.000000 -0.000000 -0.000000 1.000000 -0.000000 -0.000000 1.000000 -0.000000 -0.000000 1.000000 -0.000000 -0.000000 1.000000 -0.000000 -0.000000 1.000000 -0.000000 -0.000000 1.000000 -0.000000 -0.000000 1.000000 -0.000000 -0.000000 1.000000 -0.000000 -0.000000 1.000000 -0.000000 -0.000000 1.000000 -0.000000 -0.000000 1.000000 -0.000000 -0.000000 1.000000 -0.000000 -0.000000 1.000000 -0.000000 -0.000000 1.000000 -0.000000 -0.000000 1.000000 -0.000000 -0.000000 1.000000 -0.000000 -0.000000 1.000000 -0.000000 -0.000000 1.000000 -0.000000 -0.000000 1.000000 -0.000000 -0.000000 1.000000 -0.000000 -0.000000 1.000000 -0.000000 -0.000000 1.000000 -0.000000 -0.000000 1.000000 -0.000000 -0.000000 1.000000 -0.000000 -0.000000 1.000000 -0.000000 -0.000000 1.000000 -0.000000 -0.000000 1.000000 -0.000000 -0.000000 1.000000 -0.000000 -0.000000 1.000000 -0.000000 -0.000000 1.000000 -0.000000 -0.000000 1.000000 -0.000000 -0.000000 1.000000 -0.000000 -0.000000 1.000000 -0.000000 -0.000000 1.000000 -0.000000 -0.000000 1.000000 -0.000000 -0.000000 1.000000 -0.000000 -0.000000 1.000000 -0.000000 -0.000000 1.000000 -0.000000 -0.000000 1.000000 -0.000000 -0.000000 1.000000 -0.000000 -0.000000 1.000000 -0.000000 -0.000000 1.000000 -0.000000 -0.000000 1.000000 -0.000000 -0.000000 1.000000 -0.000000 -0.000000 1.000000 -0.000000 -0.000000 1.000000 -0.000000 -0.000000 1.000000 -0.000000 -0.000000 1.000000 -0.000000 -0.000000 1.000000 -0.000000 -0.000000 1.000000 -0.000000 -0.000000 1.000000 -0.000000 -0.000000 1.000000 -0.000000 -0.000000 1.000000 -0.000000 -0.000000 1.000000 -0.000000 -0.000000 1.000000 -0.000000 -0.000000 1.000000 -0.000000 -0.000000 1.000000 -0.000000 -0.000000 1.000000 -0.000000 -0.000000 1.000000 -0.000000 -0.000000 1.000000 -0.000000 -0.000000 1.000000 -0.000000 -0.000000 1.000000 -0.000000 -0.000000 1.000000 -0.000000 -0.000000 1.000000 -0.000000 -0.000000 1.000000 -0.000000 -0.000000 1.000000 -0.000000 -0.000000 1.000000 -0.000000 -0.000000 1.000000 -0.000000 -0.000000 1.000000 -0.000000 -0.000000 1.000000 -0.000000 -0.000000 1.000000 -0.000000 -0.000000 1.000000 -0.000000 -0.000000 1.000000 -0.000000 -0.000000 1.000000 -0.000000 -0.000000 1.000000 -0.000000 -0.000000 1.000000 -0.000000 -0.000000 1.000000 -0.000000 -0.000000 1.000000 -0.000000 -0.000000 1.000000 -0.000000 -0.000000 1.000000 -0.000000 -0.000000 1.000000 -0.000000 -0.000000 1.000000 -0.000000 -0.000000 1.000000 -0.000000 -0.000000 1.000000 -0.000000 -0.000000 1.000000 -0.000000 -0.000000 1.000000 -0.000000 -0.000000 1.000000 -0.000000 -0.000000 1.000000 -0.000000 -0.000000 1.000000 -0.000000 -0.000000 1.000000 -0.000000 -0.000000 1.000000 -0.000000 -0.000000 1.000000 -0.000000 -0.000000 1.000000 -0.000000 -0.000000 1.000000 -0.000000 -0.000000 1.000000 -0.000000 -0.000000 1.000000 -0.000000 -0.000000 1.000000 -0.000000 -0.000000 1.000000 -0.000000 -0.000000 1.000000 -0.000000 -0.000000 1.000000 -0.000000 -0.000000 1.000000 -0.000000 -0.000000 1.000000 -0.000000 -0.000000 1.000000 -0.000000 -0.000000 1.000000 -0.000000 -0.000000 0.092268 -0.000000 -0.995734 0.072435 -0.000000 -0.997373 0.000000 -0.000000 -1.000000 -0.024164 0.000000 -0.999708 -0.092268 0.000000 -0.995734 -0.120537 0.000000 -0.992709 -0.183750 0.000000 -0.982973 -0.215784 0.000000 -0.976441 -0.273663 0.000000 -0.961826 -0.309017 0.000000 -0.951057 -0.361242 0.000000 -0.932472 -0.399365 0.000000 -0.916792 -0.445738 0.000000 -0.895163 -0.485983 0.000000 -0.873968 -0.526432 0.000000 -0.850217 -0.568065 0.000000 -0.822984 -0.602635 0.000000 -0.798017 -0.644842 0.000000 -0.764316 -0.673696 0.000000 -0.739009 -0.715599 0.000000 -0.698511 -0.739009 0.000000 -0.673696 -0.779674 0.000000 -0.626185 -0.798017 0.000000 -0.602635 -0.836470 0.000000 -0.548013 -0.850217 0.000000 -0.526432 -0.885456 0.000000 -0.464723 -0.895163 0.000000 -0.445738 -0.926175 0.000000 -0.377095 -0.932472 0.000000 -0.361242 -0.958246 0.000000 -0.285946 -0.961826 0.000000 -0.273663 -0.981370 0.000000 -0.192127 -0.982973 0.000000 -0.183750 -0.995332 0.000000 -0.096514 -0.995734 0.000000 -0.092268 -1.000000 0.000000 -0.000000 -0.995734 -0.000000 0.092268 -0.995332 -0.000000 0.096514 -0.982973 -0.000000 0.183750 -0.981370 -0.000000 0.192127 -0.961826 -0.000000 0.273663 -0.958246 -0.000000 0.285946 -0.932472 -0.000000 0.361242 -0.926175 -0.000000 0.377095 -0.895163 -0.000000 0.445738 -0.885456 -0.000000 0.464723 -0.850217 -0.000000 0.526432 -0.836470 -0.000000 0.548013 -0.798017 -0.000000 0.602635 -0.779674 -0.000000 0.626185 -0.739009 -0.000000 0.673696 -0.715599 -0.000000 0.698511 -0.673696 -0.000000 0.739009 -0.644842 -0.000000 0.764316 -0.602635 -0.000000 0.798017 -0.568065 -0.000000 0.822984 -0.526432 -0.000000 0.850217 -0.485983 -0.000000 0.873968 -0.445738 -0.000000 0.895163 -0.399365 -0.000000 0.916792 -0.361242 -0.000000 0.932472 -0.309017 -0.000000 0.951057 -0.273663 -0.000000 0.961826 -0.215784 -0.000000 0.976441 -0.183750 -0.000000 0.982973 -0.120537 -0.000000 0.992709 -0.092268 -0.000000 0.995734 -0.024164 -0.000000 0.999708 0.000000 -0.000000 1.000000 0.072435 -0.000000 0.997373 0.092268 -0.000000 0.995734 0.168357 -0.000000 0.985726 0.183750 -0.000000 0.982973 0.262707 -0.000000 0.964876 0.273663 -0.000000 0.961826 0.354605 -0.000000 0.935016 0.361242 -0.000000 0.932472 0.443192 -0.000000 0.896427 0.445738 -0.000000 0.895163 0.527640 -0.000000 0.849468 0.526432 -0.000000 0.850217 0.602635 -0.000000 0.798017 0.607163 -0.000000 0.794578 0.673696 -0.000000 0.739009 0.681016 -0.000000 0.732269 0.739009 -0.000000 0.673696 0.748511 -0.000000 0.663123 0.798017 -0.000000 0.602635 0.809017 -0.000000 0.587785 0.850217 -0.000000 0.526432 0.861970 -0.000000 0.506960 0.895163 -0.000000 0.445738 0.906874 -0.000000 0.421401 0.932472 -0.000000 0.361242 0.943312 -0.000000 0.331908 0.961826 -0.000000 0.273663 0.970942 -0.000000 0.239316 0.982973 -0.000000 0.183750 0.989506 -0.000000 0.144489 0.995734 -0.000000 0.092268 0.998832 -0.000000 0.048313 0.998832 -0.000000 -0.048313 0.995734 -0.000000 -0.092268 0.989506 -0.000000 -0.144489 0.982973 -0.000000 -0.183750 0.970942 -0.000000 -0.239316 0.961826 -0.000000 -0.273663 0.943312 -0.000000 -0.331908 0.932472 -0.000000 -0.361242 0.906874 -0.000000 -0.421401 0.895163 -0.000000 -0.445738 0.861970 -0.000000 -0.506960 0.850217 -0.000000 -0.526432 0.809017 -0.000000 -0.587785 0.798017 -0.000000 -0.602635 0.748511 -0.000000 -0.663123 0.739009 -0.000000 -0.673696 0.681016 -0.000000 -0.732269 0.673696 -0.000000 -0.739009 0.607163 -0.000000 -0.794578 0.602635 -0.000000 -0.798017 0.527640 -0.000000 -0.849468 0.526432 -0.000000 -0.850217 0.445738 -0.000000 -0.895163 0.443192 -0.000000 -0.896427 0.361242 -0.000000 -0.932472 0.354605 -0.000000 -0.935016 0.273663 -0.000000 -0.961826 0.262707 -0.000000 -0.964876 0.183750 -0.000000 -0.982973 0.168357 -0.000000 -0.985726 -0.000000 -1.000000 -0.000000 -0.000000 -1.000000 -0.000000 -0.000000 -1.000000 -0.000000 -0.000000 -1.000000 -0.000000 -0.000000 -1.000000 -0.000000 -0.000000 -1.000000 -0.000000 -0.000000 -1.000000 -0.000000 -0.000000 -1.000000 -0.000000 -0.000000 -1.000000 -0.000000 -0.000000 -1.000000 -0.000000 -0.000000 -1.000000 -0.000000 -0.000000 -1.000000 -0.000000 -0.000000 -1.000000 -0.000000 -0.000000 -1.000000 -0.000000 -0.000000 -1.000000 -0.000000 -0.000000 -1.000000 -0.000000 -0.000000 -1.000000 -0.000000 -0.000000 -1.000000 -0.000000 -0.000000 -1.000000 -0.000000 -0.000000 -1.000000 -0.000000 -0.000000 -1.000000 -0.000000 -0.000000 -1.000000 -0.000000 -0.000000 -1.000000 -0.000000 -0.000000 -1.000000 -0.000000 -0.000000 -1.000000 -0.000000 -0.000000 -1.000000 -0.000000 -0.000000 -1.000000 -0.000000 -0.000000 -1.000000 -0.000000 -0.000000 -1.000000 -0.000000 -0.000000 -1.000000 -0.000000 -0.000000 -1.000000 -0.000000 -0.000000 -1.000000 -0.000000 -0.000000 -1.000000 -0.000000 -0.000000 -1.000000 -0.000000 -0.000000 -1.000000 -0.000000 -0.000000 -1.000000 -0.000000 -0.000000 -1.000000 -0.000000 -0.000000 -1.000000 -0.000000 -0.000000 -1.000000 -0.000000 -0.000000 -1.000000 -0.000000 -0.000000 -1.000000 -0.000000 -0.000000 -1.000000 -0.000000 -0.000000 -1.000000 -0.000000 -0.000000 -1.000000 -0.000000 -0.000000 -1.000000 -0.000000 -0.000000 -1.000000 -0.000000 -0.000000 -1.000000 -0.000000 -0.000000 -1.000000 -0.000000 -0.000000 -1.000000 -0.000000 -0.000000 -1.000000 -0.000000 -0.000000 -1.000000 -0.000000 -0.000000 -1.000000 -0.000000 -0.000000 -1.000000 -0.000000 -0.000000 -1.000000 -0.000000 -0.000000 -1.000000 -0.000000 -0.000000 -1.000000 -0.000000 -0.000000 -1.000000 -0.000000 -0.000000 -1.000000 -0.000000 -0.000000 -1.000000 -0.000000 -0.000000 -1.000000 -0.000000 -0.000000 -1.000000 -0.000000 -0.000000 -1.000000 -0.000000 -0.000000 -1.000000 -0.000000 -0.000000 -1.000000 -0.000000 -0.000000 -1.000000 -0.000000 -0.000000 -1.000000 -0.000000 -0.000000 -1.000000 -0.000000 -0.000000 -1.000000 -0.000000 -0.000000 -1.000000 -0.000000 -0.000000 -1.000000 -0.000000 -0.000000 -1.000000 -0.000000 -0.000000 -1.000000 -0.000000 -0.000000 -1.000000 -0.000000 -0.000000 -1.000000 -0.000000 -0.000000 -1.000000 -0.000000 -0.000000 -1.000000 -0.000000 -0.000000 -1.000000 -0.000000 -0.000000 -1.000000 -0.000000 -0.000000 -1.000000 -0.000000 -0.000000 -1.000000 -0.000000 -0.000000 -1.000000 -0.000000 -0.000000 -1.000000 -0.000000 -0.000000 -1.000000 -0.000000 -0.000000 -1.000000 -0.000000 -0.000000 -1.000000 -0.000000 -0.000000 -1.000000 -0.000000 -0.000000 -1.000000 -0.000000 -0.000000 -1.000000 -0.000000 -0.000000 -1.000000 -0.000000 -0.000000 -1.000000 -0.000000 -0.000000 -1.000000 -0.000000 -0.000000 -1.000000 -0.000000 -0.000000 -1.000000 -0.000000 -0.000000 -1.000000 -0.000000 -0.000000 -1.000000 -0.000000 -0.000000 -1.000000 -0.000000 -0.000000 -1.000000 -0.000000 -0.000000 -1.000000 -0.000000 -0.000000 -1.000000 -0.000000 -0.000000 -1.000000 -0.000000 -0.000000 -1.000000 -0.000000 -0.000000 -1.000000 -0.000000 -0.000000 -1.000000 -0.000000 -0.000000 -1.000000 -0.000000 -0.000000 -1.000000 -0.000000 -0.000000 -1.000000 -0.000000 -0.000000 -1.000000 -0.000000 -0.000000 -1.000000 -0.000000 -0.000000 -1.000000 -0.000000 -0.000000 -1.000000 -0.000000 -0.000000 -1.000000 -0.000000 -0.000000 -1.000000 -0.000000 -0.000000 -1.000000 -0.000000</float_array>
          <technique_common>
            <accessor source="#JAW_4-mesh-normals-array" count="8096" stride="3">
              <param name="X" type="float"/>
              <param name="Y" type="float"/>
              <param name="Z" type="float"/>
            </accessor>
          </technique_common>
        </source>
        <vertices id="JAW_4-mesh-vertices">
          <input semantic="POSITION" source="#JAW_4-mesh-positions"/>
        </vertices>
        <triangles material="ABS__White_" count="7910">
          <input semantic="VERTEX" source="#JAW_4-mesh-vertices" offset="0"/>
          <input semantic="NORMAL" source="#JAW_4-mesh-normals" offset="1"/>
          <p>1 0 77 1 0 2 0 2 77 1 39 3 0 2 39 3 38 4 38 4 39 3 40 5 38 4 40 5 37 6 37 6 40 5 41 7 37 6 41 7 36 8 36 8 41 7 42 9 36 8 42 9 35 10 35 10 42 9 43 11 35 10 43 11 34 12 34 12 43 11 44 13 34 12 44 13 33 14 33 14 44 13 45 15 33 14 45 15 32 16 32 16 45 15 46 17 32 16 46 17 31 18 31 18 46 17 47 19 31 18 47 19 30 20 30 20 47 19 48 21 30 20 48 21 29 22 29 22 48 21 49 23 29 22 49 23 28 24 28 24 49 23 50 25 28 24 50 25 27 26 27 26 50 25 51 27 27 26 51 27 26 28 26 28 51 27 52 29 26 28 52 29 25 30 25 30 52 29 53 31 25 30 53 31 24 32 24 32 53 31 54 33 24 32 54 33 23 34 23 34 54 33 55 35 23 34 55 35 22 36 22 36 55 35 56 37 22 36 56 37 21 38 21 38 56 37 57 39 21 38 57 39 20 40 20 40 57 39 58 41 20 40 58 41 19 42 19 42 58 41 59 43 19 42 59 43 18 44 18 44 59 43 60 45 18 44 60 45 17 46 17 46 60 45 61 47 17 46 61 47 16 48 16 48 61 47 62 49 16 48 62 49 15 50 15 50 62 49 63 51 15 50 63 51 14 52 14 52 63 51 64 53 14 52 64 53 13 54 13 54 64 53 65 55 13 54 65 55 12 56 12 56 65 55 66 57 12 56 66 57 11 58 11 58 66 57 67 59 11 58 67 59 10 60 10 60 67 59 68 61 10 60 68 61 9 62 9 62 68 61 69 63 9 62 69 63 8 64 8 64 69 63 70 65 8 64 70 65 7 66 7 66 70 65 71 67 7 66 71 67 6 68 6 68 71 67 72 69 6 68 72 69 5 70 5 70 72 69 73 71 5 70 73 71 4 72 4 72 73 71 74 73 4 72 74 73 3 74 3 74 74 73 75 75 3 74 75 75 2 76 2 76 75 75 76 77 2 76 76 77 1 0 1 0 76 77 77 1 78 78 79 79 116 80 116 80 79 79 115 81 115 81 79 79 80 82 115 81 80 82 114 83 114 83 80 82 81 84 114 83 81 84 113 85 113 85 81 84 112 86 112 86 81 84 111 87 111 87 81 84 110 88 110 88 81 84 109 89 109 89 81 84 108 90 108 90 81 84 107 91 107 91 81 84 106 92 106 92 81 84 105 93 105 93 81 84 104 94 104 94 81 84 82 95 104 94 82 95 103 96 103 96 82 95 102 97 102 97 82 95 101 98 101 98 82 95 100 99 100 99 82 95 99 100 99 100 82 95 98 101 98 101 82 95 97 102 97 102 82 95 96 103 96 103 82 95 95 104 95 104 82 95 94 105 94 105 82 95 93 106 93 106 82 95 83 107 93 106 83 107 92 108 92 108 83 107 84 109 92 108 84 109 91 110 91 110 84 109 85 111 91 110 85 111 90 112 90 112 85 111 86 113 90 112 86 113 89 114 89 114 86 113 87 115 89 114 87 115 88 116 118 117 79 118 117 119 117 119 79 118 78 120 117 119 78 120 155 121 155 121 78 120 116 122 155 121 116 122 154 123 154 123 116 122 115 124 154 123 115 124 153 125 153 125 115 124 114 126 153 125 114 126 152 127 152 127 114 126 113 128 152 127 113 128 151 129 151 129 113 128 112 130 151 129 112 130 150 131 150 131 112 130 111 132 150 131 111 132 149 133 149 133 111 132 110 134 149 133 110 134 148 135 148 135 110 134 109 136 148 135 109 136 147 137 147 137 109 136 108 138 147 137 108 138 146 139 146 139 108 138 107 140 146 139 107 140 145 141 145 141 107 140 106 142 145 141 106 142 144 143 144 143 106 142 105 144 144 143 105 144 143 145 143 145 105 144 104 146 143 145 104 146 142 147 142 147 104 146 103 148 142 147 103 148 141 149 141 149 103 148 102 150 141 149 102 150 140 151 140 151 102 150 101 152 140 151 101 152 139 153 139 153 101 152 100 154 139 153 100 154 138 155 138 155 100 154 99 156 138 155 99 156 137 157 137 157 99 156 98 158 137 157 98 158 136 159 136 159 98 158 97 160 136 159 97 160 135 161 135 161 97 160 96 162 135 161 96 162 134 163 134 163 96 162 95 164 134 163 95 164 133 165 133 165 95 164 94 166 133 165 94 166 132 167 132 167 94 166 93 168 132 167 93 168 131 169 131 169 93 168 92 170 131 169 92 170 130 171 130 171 92 170 91 172 130 171 91 172 129 173 129 173 91 172 90 174 129 173 90 174 128 175 128 175 90 174 89 176 128 175 89 176 127 177 127 177 89 176 88 178 127 177 88 178 126 179 126 179 88 178 87 180 126 179 87 180 125 181 125 181 87 180 86 182 125 181 86 182 124 183 124 183 86 182 85 184 124 183 85 184 123 185 123 185 85 184 84 186 123 185 84 186 122 187 122 187 84 186 83 188 122 187 83 188 121 189 121 189 83 188 82 190 121 189 82 190 120 191 120 191 82 190 81 192 120 191 81 192 119 193 119 193 81 192 80 194 119 193 80 194 118 117 118 117 80 194 79 118 0 195 38 196 1 197 1 197 38 196 37 198 1 197 37 198 2 199 2 199 37 198 36 200 2 199 36 200 3 201 3 201 36 200 35 202 3 201 35 202 34 203 34 203 33 204 3 201 3 201 33 204 32 205 3 201 32 205 31 206 31 206 30 207 3 201 3 201 30 207 29 208 3 201 29 208 28 209 28 209 27 210 3 201 3 201 27 210 26 211 3 201 26 211 4 212 4 212 26 211 25 213 4 212 25 213 24 214 24 214 23 215 4 212 4 212 23 215 22 216 4 212 22 216 21 217 21 217 20 218 4 212 4 212 20 218 19 219 4 212 19 219 18 220 18 220 17 221 4 212 4 212 17 221 16 222 4 212 16 222 15 223 4 212 15 223 5 224 5 224 15 223 14 225 5 224 14 225 6 226 6 226 14 225 13 227 6 226 13 227 7 228 7 228 13 227 12 229 7 228 12 229 8 230 8 230 12 229 11 231 8 230 11 231 9 232 9 232 11 231 10 233 157 234 251 235 156 236 156 236 251 235 204 237 156 236 204 237 203 238 203 238 204 237 205 239 203 238 205 239 202 240 202 240 205 239 206 241 202 240 206 241 201 242 201 242 206 241 207 243 201 242 207 243 200 244 200 244 207 243 208 245 200 244 208 245 199 246 199 246 208 245 209 247 199 246 209 247 198 248 198 248 209 247 210 249 198 248 210 249 197 250 197 250 210 249 211 251 197 250 211 251 196 252 196 252 211 251 212 253 196 252 212 253 195 254 195 254 212 253 213 255 195 254 213 255 194 256 194 256 213 255 214 257 194 256 214 257 193 258 193 258 214 257 215 259 193 258 215 259 192 260 192 260 215 259 216 261 192 260 216 261 191 262 191 262 216 261 217 263 191 262 217 263 190 264 190 264 217 263 218 265 190 264 218 265 189 266 189 266 218 265 219 267 189 266 219 267 188 268 188 268 219 267 220 269 188 268 220 269 187 270 187 270 220 269 221 271 187 270 221 271 186 272 186 272 221 271 222 273 186 272 222 273 185 274 185 274 222 273 223 275 185 274 223 275 184 276 184 276 223 275 224 277 184 276 224 277 183 278 183 278 224 277 225 279 183 278 225 279 182 280 182 280 225 279 226 281 182 280 226 281 181 282 181 282 226 281 227 283 181 282 227 283 180 284 180 284 227 283 228 285 180 284 228 285 179 286 179 286 228 285 229 287 179 286 229 287 178 288 178 288 229 287 230 289 178 288 230 289 177 290 177 290 230 289 231 291 177 290 231 291 176 292 176 292 231 291 232 293 176 292 232 293 175 294 175 294 232 293 233 295 175 294 233 295 174 296 174 296 233 295 234 297 174 296 234 297 173 298 173 298 234 297 235 299 173 298 235 299 172 300 172 300 235 299 236 301 172 300 236 301 171 302 171 302 236 301 237 303 171 302 237 303 170 304 170 304 237 303 238 305 170 304 238 305 169 306 169 306 238 305 239 307 169 306 239 307 168 308 168 308 239 307 240 309 168 308 240 309 167 310 167 310 240 309 241 311 167 310 241 311 166 312 166 312 241 311 242 313 166 312 242 313 165 314 165 314 242 313 243 315 165 314 243 315 164 316 164 316 243 315 244 317 164 316 244 317 163 318 163 318 244 317 245 319 163 318 245 319 162 320 162 320 245 319 246 321 162 320 246 321 161 322 161 322 246 321 247 323 161 322 247 323 160 324 160 324 247 323 248 325 160 324 248 325 159 326 159 326 248 325 249 327 159 326 249 327 158 328 158 328 249 327 250 329 158 328 250 329 157 234 157 234 250 329 251 235 203 330 181 331 156 332 156 332 181 331 180 333 156 332 180 333 157 334 157 334 180 333 179 335 157 334 179 335 158 336 158 336 179 335 178 337 158 336 178 337 159 338 159 338 178 337 177 339 159 338 177 339 160 340 160 340 177 339 176 341 160 340 176 341 161 342 161 342 176 341 175 343 161 342 175 343 162 344 162 344 175 343 174 345 162 344 174 345 163 346 163 346 174 345 173 347 163 346 173 347 164 348 164 348 173 347 172 349 164 348 172 349 165 350 165 350 172 349 171 351 165 350 171 351 166 352 166 352 171 351 170 353 166 352 170 353 167 354 167 354 170 353 169 355 167 354 169 355 168 356 181 331 203 330 182 357 182 357 203 330 202 358 182 357 202 358 183 359 183 359 202 358 201 360 183 359 201 360 184 361 184 361 201 360 200 362 184 361 200 362 185 363 185 363 200 362 199 364 185 363 199 364 186 365 186 365 199 364 198 366 186 365 198 366 187 367 187 367 198 366 197 368 187 367 197 368 188 369 188 369 197 368 196 370 188 369 196 370 189 371 189 371 196 370 195 372 189 371 195 372 190 373 190 373 195 372 194 374 190 373 194 374 191 375 191 375 194 374 193 376 191 375 193 376 192 377 253 378 299 379 252 380 252 380 299 379 276 381 252 380 276 381 275 382 275 382 276 381 277 383 275 382 277 383 274 384 274 384 277 383 278 385 274 384 278 385 273 386 273 386 278 385 279 387 273 386 279 387 272 388 272 388 279 387 280 389 272 388 280 389 271 390 271 390 280 389 281 391 271 390 281 391 270 392 270 392 281 391 282 393 270 392 282 393 269 394 269 394 282 393 283 395 269 394 283 395 268 396 268 396 283 395 284 397 268 396 284 397 267 398 267 398 284 397 285 399 267 398 285 399 266 400 266 400 285 399 286 401 266 400 286 401 265 402 265 402 286 401 287 403 265 402 287 403 264 404 264 404 287 403 288 405 264 404 288 405 263 406 263 406 288 405 289 407 263 406 289 407 262 408 262 408 289 407 290 409 262 408 290 409 261 410 261 410 290 409 291 411 261 410 291 411 260 412 260 412 291 411 292 413 260 412 292 413 259 414 259 414 292 413 293 415 259 414 293 415 258 416 258 416 293 415 294 417 258 416 294 417 257 418 257 418 294 417 295 419 257 418 295 419 256 420 256 420 295 419 296 421 256 420 296 421 255 422 255 422 296 421 297 423 255 422 297 423 254 424 254 424 297 423 298 425 254 424 298 425 253 378 253 378 298 425 299 379 301 426 347 427 300 428 300 428 347 427 324 429 300 428 324 429 323 430 323 430 324 429 325 431 323 430 325 431 322 432 322 432 325 431 326 433 322 432 326 433 321 434 321 434 326 433 327 435 321 434 327 435 320 436 320 436 327 435 328 437 320 436 328 437 319 438 319 438 328 437 329 439 319 438 329 439 318 440 318 440 329 439 330 441 318 440 330 441 317 442 317 442 330 441 331 443 317 442 331 443 316 444 316 444 331 443 332 445 316 444 332 445 315 446 315 446 332 445 333 447 315 446 333 447 314 448 314 448 333 447 334 449 314 448 334 449 313 450 313 450 334 449 335 451 313 450 335 451 312 452 312 452 335 451 336 453 312 452 336 453 311 454 311 454 336 453 337 455 311 454 337 455 310 456 310 456 337 455 338 457 310 456 338 457 309 458 309 458 338 457 339 459 309 458 339 459 308 460 308 460 339 459 340 461 308 460 340 461 307 462 307 462 340 461 341 463 307 462 341 463 306 464 306 464 341 463 342 465 306 464 342 465 305 466 305 466 342 465 343 467 305 466 343 467 304 468 304 468 343 467 344 469 304 468 344 469 303 470 303 470 344 469 345 471 303 470 345 471 302 472 302 472 345 471 346 473 302 472 346 473 301 426 301 426 346 473 347 427 275 474 301 475 252 476 252 476 301 475 300 477 252 476 300 477 253 478 253 478 300 477 323 479 253 478 323 479 254 480 254 480 323 479 322 481 254 480 322 481 255 482 255 482 322 481 321 483 255 482 321 483 256 484 256 484 321 483 320 485 256 484 320 485 257 486 257 486 320 485 319 487 257 486 319 487 258 488 258 488 319 487 318 489 258 488 318 489 317 490 275 474 274 491 301 475 301 475 274 491 302 492 302 492 274 491 273 493 302 492 273 493 303 494 303 494 273 493 272 495 303 494 272 495 304 496 304 496 272 495 271 497 304 496 271 497 305 498 305 498 271 497 270 499 305 498 270 499 306 500 306 500 270 499 307 501 307 501 270 499 269 502 307 501 269 502 308 503 308 503 269 502 268 504 308 503 268 504 309 505 309 505 268 504 267 506 309 505 267 506 310 507 310 507 267 506 266 508 310 507 266 508 311 509 311 509 266 508 265 510 311 509 265 510 312 511 312 511 265 510 264 512 312 511 264 512 263 513 312 511 263 513 313 514 313 514 263 513 262 515 313 514 262 515 314 516 314 516 262 515 261 517 314 516 261 517 315 518 315 518 261 517 260 519 315 518 260 519 316 520 316 520 260 519 259 521 316 520 259 521 317 490 317 490 259 521 258 488 349 522 333 523 348 524 348 524 333 523 332 525 348 524 332 525 365 526 365 526 332 525 331 527 365 526 331 527 330 528 350 529 336 530 349 522 349 522 336 530 335 531 349 522 335 531 334 532 351 533 339 534 350 529 350 529 339 534 338 535 350 529 338 535 337 536 339 534 351 533 340 537 340 537 351 533 352 538 340 537 352 538 341 539 341 539 352 538 342 540 342 540 352 538 353 541 342 540 353 541 343 542 343 542 353 541 354 543 343 542 354 543 344 544 344 544 354 543 355 545 344 544 355 545 345 546 345 546 355 545 356 547 345 546 356 547 346 548 346 548 356 547 357 549 346 548 357 549 347 550 347 550 357 549 358 551 347 550 358 551 324 552 324 552 358 551 359 553 324 552 359 553 325 554 325 554 359 553 360 555 325 554 360 555 326 556 326 556 360 555 361 557 326 556 361 557 327 558 327 558 361 557 362 559 327 558 362 559 328 560 328 560 362 559 363 561 328 560 363 561 329 562 329 562 363 561 364 563 329 562 364 563 330 528 330 528 364 563 365 526 337 536 336 530 350 529 334 532 333 523 349 522 351 564 366 565 352 566 352 566 366 565 367 567 299 568 289 569 276 570 276 570 289 569 288 571 276 570 288 571 277 572 277 572 288 571 287 573 277 572 287 573 278 574 278 574 287 573 286 575 278 574 286 575 279 576 279 576 286 575 285 577 279 576 285 577 280 578 280 578 285 577 284 579 280 578 284 579 281 580 281 580 284 579 283 581 281 580 283 581 282 582 289 569 299 568 290 583 290 583 299 568 298 584 290 583 298 584 291 585 291 585 298 584 297 586 291 585 297 586 292 587 292 587 297 586 296 588 292 587 296 588 293 589 293 589 296 588 295 590 293 589 295 590 294 591 368 592 369 593 365 594 365 594 369 593 348 595 367 596 370 597 352 598 352 598 370 597 353 599 353 599 370 597 371 600 353 599 371 600 354 601 354 601 371 600 372 602 354 601 372 602 355 603 355 603 372 602 373 604 355 603 373 604 356 605 356 605 373 604 374 606 356 605 374 606 375 607 356 605 375 607 357 608 357 608 375 607 376 609 357 608 376 609 358 610 358 610 376 609 377 611 358 610 377 611 359 612 359 612 377 611 378 613 359 612 378 613 360 614 360 614 378 613 379 615 360 614 379 615 361 616 361 616 379 615 380 617 361 616 380 617 381 618 361 616 381 618 362 619 362 619 381 618 382 620 362 619 382 620 363 621 363 621 382 620 383 622 363 621 383 622 364 623 364 623 383 622 384 624 364 623 384 624 365 625 365 625 384 624 368 626 386 627 432 628 385 629 385 629 432 628 409 630 385 629 409 630 408 631 408 631 409 630 410 632 408 631 410 632 407 633 407 633 410 632 411 634 407 633 411 634 406 635 406 635 411 634 412 636 406 635 412 636 405 637 405 637 412 636 413 638 405 637 413 638 404 639 404 639 413 638 414 640 404 639 414 640 403 641 403 641 414 640 415 642 403 641 415 642 402 643 402 643 415 642 416 644 402 643 416 644 401 645 401 645 416 644 417 646 401 645 417 646 400 647 400 647 417 646 418 648 400 647 418 648 399 649 399 649 418 648 419 650 399 649 419 650 398 651 398 651 419 650 420 652 398 651 420 652 397 653 397 653 420 652 421 654 397 653 421 654 396 655 396 655 421 654 422 656 396 655 422 656 395 657 395 657 422 656 423 658 395 657 423 658 394 659 394 659 423 658 424 660 394 659 424 660 393 661 393 661 424 660 425 662 393 661 425 662 392 663 392 663 425 662 426 664 392 663 426 664 391 665 391 665 426 664 427 666 391 665 427 666 390 667 390 667 427 666 428 668 390 667 428 668 389 669 389 669 428 668 429 670 389 669 429 670 388 671 388 671 429 670 430 672 388 671 430 672 387 673 387 673 430 672 431 674 387 673 431 674 386 627 386 627 431 674 432 628 434 675 480 676 433 677 433 677 480 676 457 678 433 677 457 678 456 679 456 679 457 678 458 680 456 679 458 680 455 681 455 681 458 680 459 682 455 681 459 682 454 683 454 683 459 682 460 684 454 683 460 684 453 685 453 685 460 684 461 686 453 685 461 686 452 687 452 687 461 686 462 688 452 687 462 688 451 689 451 689 462 688 463 690 451 689 463 690 450 691 450 691 463 690 464 692 450 691 464 692 449 693 449 693 464 692 465 694 449 693 465 694 448 695 448 695 465 694 466 696 448 695 466 696 447 697 447 697 466 696 467 698 447 697 467 698 446 699 446 699 467 698 468 700 446 699 468 700 445 701 445 701 468 700 469 702 445 701 469 702 444 703 444 703 469 702 470 704 444 703 470 704 443 705 443 705 470 704 471 706 443 705 471 706 442 707 442 707 471 706 472 708 442 707 472 708 441 709 441 709 472 708 473 710 441 709 473 710 440 711 440 711 473 710 474 712 440 711 474 712 439 713 439 713 474 712 475 714 439 713 475 714 438 715 438 715 475 714 476 716 438 715 476 716 437 717 437 717 476 716 477 718 437 717 477 718 436 719 436 719 477 718 478 720 436 719 478 720 435 721 435 721 478 720 479 722 435 721 479 722 434 675 434 675 479 722 480 676 408 723 434 724 385 725 385 725 434 724 433 726 385 725 433 726 386 727 386 727 433 726 456 728 386 727 456 728 387 729 387 729 456 728 455 730 387 729 455 730 388 731 388 731 455 730 454 732 388 731 454 732 389 733 389 733 454 732 453 734 389 733 453 734 390 735 390 735 453 734 452 736 390 735 452 736 391 737 391 737 452 736 451 738 391 737 451 738 450 739 408 723 407 740 434 724 434 724 407 740 435 741 435 741 407 740 406 742 435 741 406 742 436 743 436 743 406 742 405 744 436 743 405 744 437 745 437 745 405 744 404 746 437 745 404 746 438 747 438 747 404 746 403 748 438 747 403 748 439 749 439 749 403 748 440 750 440 750 403 748 402 751 440 750 402 751 441 752 441 752 402 751 401 753 441 752 401 753 442 754 442 754 401 753 400 755 442 754 400 755 443 756 443 756 400 755 399 757 443 756 399 757 444 758 444 758 399 757 398 759 444 758 398 759 445 760 445 760 398 759 397 761 445 760 397 761 396 762 445 760 396 762 446 763 446 763 396 762 395 764 446 763 395 764 447 765 447 765 395 764 394 766 447 765 394 766 448 767 448 767 394 766 393 768 448 767 393 768 449 769 449 769 393 768 392 770 449 769 392 770 450 739 450 739 392 770 391 737 482 771 466 772 481 773 481 773 466 772 465 774 481 773 465 774 498 775 498 775 465 774 464 776 498 775 464 776 463 777 483 778 469 779 482 771 482 771 469 779 468 780 482 771 468 780 467 781 484 782 472 783 483 778 483 778 472 783 471 784 483 778 471 784 470 785 472 783 484 782 473 786 473 786 484 782 485 787 473 786 485 787 474 788 474 788 485 787 475 789 475 789 485 787 486 790 475 789 486 790 476 791 476 791 486 790 487 792 476 791 487 792 477 793 477 793 487 792 488 794 477 793 488 794 478 795 478 795 488 794 489 796 478 795 489 796 479 797 479 797 489 796 490 798 479 797 490 798 480 799 480 799 490 798 491 800 480 799 491 800 457 801 457 801 491 800 492 802 457 801 492 802 458 803 458 803 492 802 493 804 458 803 493 804 459 805 459 805 493 804 494 806 459 805 494 806 460 807 460 807 494 806 495 808 460 807 495 808 461 809 461 809 495 808 496 810 461 809 496 810 462 811 462 811 496 810 497 812 462 811 497 812 463 777 463 777 497 812 498 775 470 785 469 779 483 778 467 781 466 772 482 771 484 813 499 814 485 815 485 815 499 814 500 816 432 817 422 818 409 819 409 819 422 818 421 820 409 819 421 820 410 821 410 821 421 820 420 822 410 821 420 822 411 823 411 823 420 822 419 824 411 823 419 824 412 825 412 825 419 824 418 826 412 825 418 826 413 827 413 827 418 826 417 828 413 827 417 828 414 829 414 829 417 828 416 830 414 829 416 830 415 831 422 818 432 817 423 832 423 832 432 817 431 833 423 832 431 833 424 834 424 834 431 833 430 835 424 834 430 835 425 836 425 836 430 835 429 837 425 836 429 837 426 838 426 838 429 837 428 839 426 838 428 839 427 840 501 841 502 842 498 843 498 843 502 842 481 844 500 845 503 846 485 847 485 847 503 846 486 848 486 848 503 846 504 849 486 848 504 849 487 850 487 850 504 849 505 851 487 850 505 851 488 852 488 852 505 851 506 853 488 852 506 853 489 854 489 854 506 853 507 855 489 854 507 855 508 856 489 854 508 856 490 857 490 857 508 856 509 858 490 857 509 858 491 859 491 859 509 858 510 860 491 859 510 860 492 861 492 861 510 860 511 862 492 861 511 862 493 863 493 863 511 862 512 864 493 863 512 864 494 865 494 865 512 864 513 866 494 865 513 866 514 867 494 865 514 867 495 868 495 868 514 867 515 869 495 868 515 869 496 870 496 870 515 869 516 871 496 870 516 871 497 872 497 872 516 871 517 873 497 872 517 873 498 874 498 874 517 873 501 875 519 876 565 877 518 878 518 878 565 877 542 879 518 878 542 879 541 880 541 880 542 879 543 881 541 880 543 881 540 882 540 882 543 881 544 883 540 882 544 883 539 884 539 884 544 883 545 885 539 884 545 885 538 886 538 886 545 885 546 887 538 886 546 887 537 888 537 888 546 887 547 889 537 888 547 889 536 890 536 890 547 889 548 891 536 890 548 891 535 892 535 892 548 891 549 893 535 892 549 893 534 894 534 894 549 893 550 895 534 894 550 895 533 896 533 896 550 895 551 897 533 896 551 897 532 898 532 898 551 897 552 899 532 898 552 899 531 900 531 900 552 899 553 901 531 900 553 901 530 902 530 902 553 901 554 903 530 902 554 903 529 904 529 904 554 903 555 905 529 904 555 905 528 906 528 906 555 905 556 907 528 906 556 907 527 908 527 908 556 907 557 909 527 908 557 909 526 910 526 910 557 909 558 911 526 910 558 911 525 912 525 912 558 911 559 913 525 912 559 913 524 914 524 914 559 913 560 915 524 914 560 915 523 916 523 916 560 915 561 917 523 916 561 917 522 918 522 918 561 917 562 919 522 918 562 919 521 920 521 920 562 919 563 921 521 920 563 921 520 922 520 922 563 921 564 923 520 922 564 923 519 876 519 876 564 923 565 877 567 924 613 925 566 926 566 926 613 925 590 927 566 926 590 927 589 928 589 928 590 927 591 929 589 928 591 929 588 930 588 930 591 929 592 931 588 930 592 931 587 932 587 932 592 931 593 933 587 932 593 933 586 934 586 934 593 933 594 935 586 934 594 935 585 936 585 936 594 935 595 937 585 936 595 937 584 938 584 938 595 937 596 939 584 938 596 939 583 940 583 940 596 939 597 941 583 940 597 941 582 942 582 942 597 941 598 943 582 942 598 943 581 944 581 944 598 943 599 945 581 944 599 945 580 946 580 946 599 945 600 947 580 946 600 947 579 948 579 948 600 947 601 949 579 948 601 949 578 950 578 950 601 949 602 951 578 950 602 951 577 952 577 952 602 951 603 953 577 952 603 953 576 954 576 954 603 953 604 955 576 954 604 955 575 956 575 956 604 955 605 957 575 956 605 957 574 958 574 958 605 957 606 959 574 958 606 959 573 960 573 960 606 959 607 961 573 960 607 961 572 962 572 962 607 961 608 963 572 962 608 963 571 964 571 964 608 963 609 965 571 964 609 965 570 966 570 966 609 965 610 967 570 966 610 967 569 968 569 968 610 967 611 969 569 968 611 969 568 970 568 970 611 969 612 971 568 970 612 971 567 924 567 924 612 971 613 925 541 972 567 973 518 974 518 974 567 973 566 975 518 974 566 975 519 976 519 976 566 975 589 977 519 976 589 977 520 978 520 978 589 977 588 979 520 978 588 979 521 980 521 980 588 979 587 981 521 980 587 981 522 982 522 982 587 981 586 983 522 982 586 983 523 984 523 984 586 983 585 985 523 984 585 985 524 986 524 986 585 985 584 987 524 986 584 987 583 988 541 972 540 989 567 973 567 973 540 989 568 990 568 990 540 989 539 991 568 990 539 991 569 992 569 992 539 991 538 993 569 992 538 993 570 994 570 994 538 993 537 995 570 994 537 995 571 996 571 996 537 995 536 997 571 996 536 997 572 998 572 998 536 997 573 999 573 999 536 997 535 1000 573 999 535 1000 574 1001 574 1001 535 1000 534 1002 574 1001 534 1002 575 1003 575 1003 534 1002 533 1004 575 1003 533 1004 576 1005 576 1005 533 1004 532 1006 576 1005 532 1006 577 1007 577 1007 532 1006 531 1008 577 1007 531 1008 578 1009 578 1009 531 1008 530 1010 578 1009 530 1010 529 1011 578 1009 529 1011 579 1012 579 1012 529 1011 528 1013 579 1012 528 1013 580 1014 580 1014 528 1013 527 1015 580 1014 527 1015 581 1016 581 1016 527 1015 526 1017 581 1016 526 1017 582 1018 582 1018 526 1017 525 1019 582 1018 525 1019 583 988 583 988 525 1019 524 986 615 1020 599 1021 614 1022 614 1022 599 1021 598 1023 614 1022 598 1023 631 1024 631 1024 598 1023 597 1025 631 1024 597 1025 596 1026 616 1027 602 1028 615 1020 615 1020 602 1028 601 1029 615 1020 601 1029 600 1030 617 1031 605 1032 616 1027 616 1027 605 1032 604 1033 616 1027 604 1033 603 1034 605 1032 617 1031 606 1035 606 1035 617 1031 618 1036 606 1035 618 1036 607 1037 607 1037 618 1036 608 1038 608 1038 618 1036 619 1039 608 1038 619 1039 609 1040 609 1040 619 1039 620 1041 609 1040 620 1041 610 1042 610 1042 620 1041 621 1043 610 1042 621 1043 611 1044 611 1044 621 1043 622 1045 611 1044 622 1045 612 1046 612 1046 622 1045 623 1047 612 1046 623 1047 613 1048 613 1048 623 1047 624 1049 613 1048 624 1049 590 1050 590 1050 624 1049 625 1051 590 1050 625 1051 591 1052 591 1052 625 1051 626 1053 591 1052 626 1053 592 1054 592 1054 626 1053 627 1055 592 1054 627 1055 593 1056 593 1056 627 1055 628 1057 593 1056 628 1057 594 1058 594 1058 628 1057 629 1059 594 1058 629 1059 595 1060 595 1060 629 1059 630 1061 595 1060 630 1061 596 1026 596 1026 630 1061 631 1024 603 1034 602 1028 616 1027 600 1030 599 1021 615 1020 617 1062 632 1063 618 1064 618 1064 632 1063 633 1065 565 1066 555 1067 542 1068 542 1068 555 1067 554 1069 542 1068 554 1069 543 1070 543 1070 554 1069 553 1071 543 1070 553 1071 544 1072 544 1072 553 1071 552 1073 544 1072 552 1073 545 1074 545 1074 552 1073 551 1075 545 1074 551 1075 546 1076 546 1076 551 1075 550 1077 546 1076 550 1077 547 1078 547 1078 550 1077 549 1079 547 1078 549 1079 548 1080 555 1067 565 1066 556 1081 556 1081 565 1066 564 1082 556 1081 564 1082 557 1083 557 1083 564 1082 563 1084 557 1083 563 1084 558 1085 558 1085 563 1084 562 1086 558 1085 562 1086 559 1087 559 1087 562 1086 561 1088 559 1087 561 1088 560 1089 634 1090 635 1091 631 1092 631 1092 635 1091 614 1093 633 1094 636 1095 618 1096 618 1096 636 1095 619 1097 619 1097 636 1095 637 1098 619 1097 637 1098 620 1099 620 1099 637 1098 638 1100 620 1099 638 1100 621 1101 621 1101 638 1100 639 1102 621 1101 639 1102 622 1103 622 1103 639 1102 640 1104 622 1103 640 1104 641 1105 622 1103 641 1105 623 1106 623 1106 641 1105 642 1107 623 1106 642 1107 624 1108 624 1108 642 1107 643 1109 624 1108 643 1109 625 1110 625 1110 643 1109 644 1111 625 1110 644 1111 626 1112 626 1112 644 1111 645 1113 626 1112 645 1113 627 1114 627 1114 645 1113 646 1115 627 1114 646 1115 647 1116 627 1114 647 1116 628 1117 628 1117 647 1116 648 1118 628 1117 648 1118 629 1119 629 1119 648 1118 649 1120 629 1119 649 1120 630 1121 630 1121 649 1120 650 1122 630 1121 650 1122 631 1123 631 1123 650 1122 634 1124 652 1125 698 1126 651 1127 651 1127 698 1126 675 1128 651 1127 675 1128 674 1129 674 1129 675 1128 676 1130 674 1129 676 1130 673 1131 673 1131 676 1130 677 1132 673 1131 677 1132 672 1133 672 1133 677 1132 678 1134 672 1133 678 1134 671 1135 671 1135 678 1134 679 1136 671 1135 679 1136 670 1137 670 1137 679 1136 680 1138 670 1137 680 1138 669 1139 669 1139 680 1138 681 1140 669 1139 681 1140 668 1141 668 1141 681 1140 682 1142 668 1141 682 1142 667 1143 667 1143 682 1142 683 1144 667 1143 683 1144 666 1145 666 1145 683 1144 684 1146 666 1145 684 1146 665 1147 665 1147 684 1146 685 1148 665 1147 685 1148 664 1149 664 1149 685 1148 686 1150 664 1149 686 1150 663 1151 663 1151 686 1150 687 1152 663 1151 687 1152 662 1153 662 1153 687 1152 688 1154 662 1153 688 1154 661 1155 661 1155 688 1154 689 1156 661 1155 689 1156 660 1157 660 1157 689 1156 690 1158 660 1157 690 1158 659 1159 659 1159 690 1158 691 1160 659 1159 691 1160 658 1161 658 1161 691 1160 692 1162 658 1161 692 1162 657 1163 657 1163 692 1162 693 1164 657 1163 693 1164 656 1165 656 1165 693 1164 694 1166 656 1165 694 1166 655 1167 655 1167 694 1166 695 1168 655 1167 695 1168 654 1169 654 1169 695 1168 696 1170 654 1169 696 1170 653 1171 653 1171 696 1170 697 1172 653 1171 697 1172 652 1125 652 1125 697 1172 698 1126 700 1173 746 1174 699 1175 699 1175 746 1174 723 1176 699 1175 723 1176 722 1177 722 1177 723 1176 724 1178 722 1177 724 1178 721 1179 721 1179 724 1178 725 1180 721 1179 725 1180 720 1181 720 1181 725 1180 726 1182 720 1181 726 1182 719 1183 719 1183 726 1182 727 1184 719 1183 727 1184 718 1185 718 1185 727 1184 728 1186 718 1185 728 1186 717 1187 717 1187 728 1186 729 1188 717 1187 729 1188 716 1189 716 1189 729 1188 730 1190 716 1189 730 1190 715 1191 715 1191 730 1190 731 1192 715 1191 731 1192 714 1193 714 1193 731 1192 732 1194 714 1193 732 1194 713 1195 713 1195 732 1194 733 1196 713 1195 733 1196 712 1197 712 1197 733 1196 734 1198 712 1197 734 1198 711 1199 711 1199 734 1198 735 1200 711 1199 735 1200 710 1201 710 1201 735 1200 736 1202 710 1201 736 1202 709 1203 709 1203 736 1202 737 1204 709 1203 737 1204 708 1205 708 1205 737 1204 738 1206 708 1205 738 1206 707 1207 707 1207 738 1206 739 1208 707 1207 739 1208 706 1209 706 1209 739 1208 740 1210 706 1209 740 1210 705 1211 705 1211 740 1210 741 1212 705 1211 741 1212 704 1213 704 1213 741 1212 742 1214 704 1213 742 1214 703 1215 703 1215 742 1214 743 1216 703 1215 743 1216 702 1217 702 1217 743 1216 744 1218 702 1217 744 1218 701 1219 701 1219 744 1218 745 1220 701 1219 745 1220 700 1173 700 1173 745 1220 746 1174 674 1221 700 1222 651 1223 651 1223 700 1222 699 1224 651 1223 699 1224 652 1225 652 1225 699 1224 722 1226 652 1225 722 1226 653 1227 653 1227 722 1226 721 1228 653 1227 721 1228 654 1229 654 1229 721 1228 720 1230 654 1229 720 1230 655 1231 655 1231 720 1230 719 1232 655 1231 719 1232 656 1233 656 1233 719 1232 718 1234 656 1233 718 1234 657 1235 657 1235 718 1234 717 1236 657 1235 717 1236 716 1237 674 1221 673 1238 700 1222 700 1222 673 1238 701 1239 701 1239 673 1238 672 1240 701 1239 672 1240 702 1241 702 1241 672 1240 671 1242 702 1241 671 1242 703 1243 703 1243 671 1242 670 1244 703 1243 670 1244 704 1245 704 1245 670 1244 669 1246 704 1245 669 1246 705 1247 705 1247 669 1246 706 1248 706 1248 669 1246 668 1249 706 1248 668 1249 707 1250 707 1250 668 1249 667 1251 707 1250 667 1251 708 1252 708 1252 667 1251 666 1253 708 1252 666 1253 709 1254 709 1254 666 1253 665 1255 709 1254 665 1255 710 1256 710 1256 665 1255 664 1257 710 1256 664 1257 711 1258 711 1258 664 1257 663 1259 711 1258 663 1259 662 1260 711 1258 662 1260 712 1261 712 1261 662 1260 661 1262 712 1261 661 1262 713 1263 713 1263 661 1262 660 1264 713 1263 660 1264 714 1265 714 1265 660 1264 659 1266 714 1265 659 1266 715 1267 715 1267 659 1266 658 1268 715 1267 658 1268 716 1237 716 1237 658 1268 657 1235 748 1269 732 1270 747 1271 747 1271 732 1270 731 1272 747 1271 731 1272 764 1273 764 1273 731 1272 730 1274 764 1273 730 1274 729 1275 749 1276 735 1277 748 1269 748 1269 735 1277 734 1278 748 1269 734 1278 733 1279 750 1280 738 1281 749 1276 749 1276 738 1281 737 1282 749 1276 737 1282 736 1283 738 1281 750 1280 739 1284 739 1284 750 1280 751 1285 739 1284 751 1285 740 1286 740 1286 751 1285 741 1287 741 1287 751 1285 752 1288 741 1287 752 1288 742 1289 742 1289 752 1288 753 1290 742 1289 753 1290 743 1291 743 1291 753 1290 754 1292 743 1291 754 1292 744 1293 744 1293 754 1292 755 1294 744 1293 755 1294 745 1295 745 1295 755 1294 756 1296 745 1295 756 1296 746 1297 746 1297 756 1296 757 1298 746 1297 757 1298 723 1299 723 1299 757 1298 758 1300 723 1299 758 1300 724 1301 724 1301 758 1300 759 1302 724 1301 759 1302 725 1303 725 1303 759 1302 760 1304 725 1303 760 1304 726 1305 726 1305 760 1304 761 1306 726 1305 761 1306 727 1307 727 1307 761 1306 762 1308 727 1307 762 1308 728 1309 728 1309 762 1308 763 1310 728 1309 763 1310 729 1275 729 1275 763 1310 764 1273 736 1283 735 1277 749 1276 733 1279 732 1270 748 1269 750 1311 765 1312 751 1313 751 1313 765 1312 766 1314 698 1315 688 1316 675 1317 675 1317 688 1316 687 1318 675 1317 687 1318 676 1319 676 1319 687 1318 686 1320 676 1319 686 1320 677 1321 677 1321 686 1320 685 1322 677 1321 685 1322 678 1323 678 1323 685 1322 684 1324 678 1323 684 1324 679 1325 679 1325 684 1324 683 1326 679 1325 683 1326 680 1327 680 1327 683 1326 682 1328 680 1327 682 1328 681 1329 688 1316 698 1315 689 1330 689 1330 698 1315 697 1331 689 1330 697 1331 690 1332 690 1332 697 1331 696 1333 690 1332 696 1333 691 1334 691 1334 696 1333 695 1335 691 1334 695 1335 692 1336 692 1336 695 1335 694 1337 692 1336 694 1337 693 1338 767 1339 768 1340 764 1341 764 1341 768 1340 747 1342 766 1343 769 1344 751 1345 751 1345 769 1344 752 1346 752 1346 769 1344 770 1347 752 1346 770 1347 753 1348 753 1348 770 1347 771 1349 753 1348 771 1349 754 1350 754 1350 771 1349 772 1351 754 1350 772 1351 755 1352 755 1352 772 1351 773 1353 755 1352 773 1353 774 1354 755 1352 774 1354 756 1355 756 1355 774 1354 775 1356 756 1355 775 1356 757 1357 757 1357 775 1356 776 1358 757 1357 776 1358 758 1359 758 1359 776 1358 777 1360 758 1359 777 1360 759 1361 759 1361 777 1360 778 1362 759 1361 778 1362 760 1363 760 1363 778 1362 779 1364 760 1363 779 1364 780 1365 760 1363 780 1365 761 1366 761 1366 780 1365 781 1367 761 1366 781 1367 762 1368 762 1368 781 1367 782 1369 762 1368 782 1369 763 1370 763 1370 782 1369 783 1371 763 1370 783 1371 764 1372 764 1372 783 1371 767 1373 785 1374 831 1375 784 1376 784 1376 831 1375 808 1377 784 1376 808 1377 807 1378 807 1378 808 1377 809 1379 807 1378 809 1379 806 1380 806 1380 809 1379 810 1381 806 1380 810 1381 805 1382 805 1382 810 1381 811 1383 805 1382 811 1383 804 1384 804 1384 811 1383 812 1385 804 1384 812 1385 803 1386 803 1386 812 1385 813 1387 803 1386 813 1387 802 1388 802 1388 813 1387 814 1389 802 1388 814 1389 801 1390 801 1390 814 1389 815 1391 801 1390 815 1391 800 1392 800 1392 815 1391 816 1393 800 1392 816 1393 799 1394 799 1394 816 1393 817 1395 799 1394 817 1395 798 1396 798 1396 817 1395 818 1397 798 1396 818 1397 797 1398 797 1398 818 1397 819 1399 797 1398 819 1399 796 1400 796 1400 819 1399 820 1401 796 1400 820 1401 795 1402 795 1402 820 1401 821 1403 795 1402 821 1403 794 1404 794 1404 821 1403 822 1405 794 1404 822 1405 793 1406 793 1406 822 1405 823 1407 793 1406 823 1407 792 1408 792 1408 823 1407 824 1409 792 1408 824 1409 791 1410 791 1410 824 1409 825 1411 791 1410 825 1411 790 1412 790 1412 825 1411 826 1413 790 1412 826 1413 789 1414 789 1414 826 1413 827 1415 789 1414 827 1415 788 1416 788 1416 827 1415 828 1417 788 1416 828 1417 787 1418 787 1418 828 1417 829 1419 787 1418 829 1419 786 1420 786 1420 829 1419 830 1421 786 1420 830 1421 785 1374 785 1374 830 1421 831 1375 833 1422 879 1423 832 1424 832 1424 879 1423 856 1425 832 1424 856 1425 855 1426 855 1426 856 1425 857 1427 855 1426 857 1427 854 1428 854 1428 857 1427 858 1429 854 1428 858 1429 853 1430 853 1430 858 1429 859 1431 853 1430 859 1431 852 1432 852 1432 859 1431 860 1433 852 1432 860 1433 851 1434 851 1434 860 1433 861 1435 851 1434 861 1435 850 1436 850 1436 861 1435 862 1437 850 1436 862 1437 849 1438 849 1438 862 1437 863 1439 849 1438 863 1439 848 1440 848 1440 863 1439 864 1441 848 1440 864 1441 847 1442 847 1442 864 1441 865 1443 847 1442 865 1443 846 1444 846 1444 865 1443 866 1445 846 1444 866 1445 845 1446 845 1446 866 1445 867 1447 845 1446 867 1447 844 1448 844 1448 867 1447 868 1449 844 1448 868 1449 843 1450 843 1450 868 1449 869 1451 843 1450 869 1451 842 1452 842 1452 869 1451 870 1453 842 1452 870 1453 841 1454 841 1454 870 1453 871 1455 841 1454 871 1455 840 1456 840 1456 871 1455 872 1457 840 1456 872 1457 839 1458 839 1458 872 1457 873 1459 839 1458 873 1459 838 1460 838 1460 873 1459 874 1461 838 1460 874 1461 837 1462 837 1462 874 1461 875 1463 837 1462 875 1463 836 1464 836 1464 875 1463 876 1465 836 1464 876 1465 835 1466 835 1466 876 1465 877 1467 835 1466 877 1467 834 1468 834 1468 877 1467 878 1469 834 1468 878 1469 833 1422 833 1422 878 1469 879 1423 807 1470 833 1471 784 1472 784 1472 833 1471 832 1473 784 1472 832 1473 785 1474 785 1474 832 1473 855 1475 785 1474 855 1475 786 1476 786 1476 855 1475 854 1477 786 1476 854 1477 787 1478 787 1478 854 1477 853 1479 787 1478 853 1479 788 1480 788 1480 853 1479 852 1481 788 1480 852 1481 789 1482 789 1482 852 1481 851 1483 789 1482 851 1483 790 1484 790 1484 851 1483 850 1485 790 1484 850 1485 849 1486 807 1470 806 1487 833 1471 833 1471 806 1487 834 1488 834 1488 806 1487 805 1489 834 1488 805 1489 835 1490 835 1490 805 1489 804 1491 835 1490 804 1491 836 1492 836 1492 804 1491 803 1493 836 1492 803 1493 837 1494 837 1494 803 1493 802 1495 837 1494 802 1495 838 1496 838 1496 802 1495 839 1497 839 1497 802 1495 801 1498 839 1497 801 1498 840 1499 840 1499 801 1498 800 1500 840 1499 800 1500 841 1501 841 1501 800 1500 799 1502 841 1501 799 1502 842 1503 842 1503 799 1502 798 1504 842 1503 798 1504 843 1505 843 1505 798 1504 797 1506 843 1505 797 1506 844 1507 844 1507 797 1506 796 1508 844 1507 796 1508 795 1509 844 1507 795 1509 845 1510 845 1510 795 1509 794 1511 845 1510 794 1511 846 1512 846 1512 794 1511 793 1513 846 1512 793 1513 847 1514 847 1514 793 1513 792 1515 847 1514 792 1515 848 1516 848 1516 792 1515 791 1517 848 1516 791 1517 849 1486 849 1486 791 1517 790 1484 881 1518 865 1519 880 1520 880 1520 865 1519 864 1521 880 1520 864 1521 897 1522 897 1522 864 1521 863 1523 897 1522 863 1523 862 1524 882 1525 868 1526 881 1518 881 1518 868 1526 867 1527 881 1518 867 1527 866 1528 883 1529 871 1530 882 1525 882 1525 871 1530 870 1531 882 1525 870 1531 869 1532 871 1530 883 1529 872 1533 872 1533 883 1529 884 1534 872 1533 884 1534 873 1535 873 1535 884 1534 874 1536 874 1536 884 1534 885 1537 874 1536 885 1537 875 1538 875 1538 885 1537 886 1539 875 1538 886 1539 876 1540 876 1540 886 1539 887 1541 876 1540 887 1541 877 1542 877 1542 887 1541 888 1543 877 1542 888 1543 878 1544 878 1544 888 1543 889 1545 878 1544 889 1545 879 1546 879 1546 889 1545 890 1547 879 1546 890 1547 856 1548 856 1548 890 1547 891 1549 856 1548 891 1549 857 1550 857 1550 891 1549 892 1551 857 1550 892 1551 858 1552 858 1552 892 1551 893 1553 858 1552 893 1553 859 1554 859 1554 893 1553 894 1555 859 1554 894 1555 860 1556 860 1556 894 1555 895 1557 860 1556 895 1557 861 1558 861 1558 895 1557 896 1559 861 1558 896 1559 862 1524 862 1524 896 1559 897 1522 869 1532 868 1526 882 1525 866 1528 865 1519 881 1518 883 1560 898 1561 884 1562 884 1562 898 1561 899 1563 831 1564 821 1565 808 1566 808 1566 821 1565 820 1567 808 1566 820 1567 809 1568 809 1568 820 1567 819 1569 809 1568 819 1569 810 1570 810 1570 819 1569 818 1571 810 1570 818 1571 811 1572 811 1572 818 1571 817 1573 811 1572 817 1573 812 1574 812 1574 817 1573 816 1575 812 1574 816 1575 813 1576 813 1576 816 1575 815 1577 813 1576 815 1577 814 1578 821 1565 831 1564 822 1579 822 1579 831 1564 830 1580 822 1579 830 1580 823 1581 823 1581 830 1580 829 1582 823 1581 829 1582 824 1583 824 1583 829 1582 828 1584 824 1583 828 1584 825 1585 825 1585 828 1584 827 1586 825 1585 827 1586 826 1587 900 1588 901 1589 897 1590 897 1590 901 1589 880 1591 899 1592 902 1593 884 1594 884 1594 902 1593 885 1595 885 1595 902 1593 903 1596 885 1595 903 1596 886 1597 886 1597 903 1596 904 1598 886 1597 904 1598 887 1599 887 1599 904 1598 905 1600 887 1599 905 1600 888 1601 888 1601 905 1600 906 1602 888 1601 906 1602 907 1603 888 1601 907 1603 889 1604 889 1604 907 1603 908 1605 889 1604 908 1605 890 1606 890 1606 908 1605 909 1607 890 1606 909 1607 891 1608 891 1608 909 1607 910 1609 891 1608 910 1609 892 1610 892 1610 910 1609 911 1611 892 1610 911 1611 893 1612 893 1612 911 1611 912 1613 893 1612 912 1613 913 1614 893 1612 913 1614 894 1615 894 1615 913 1614 914 1616 894 1615 914 1616 895 1617 895 1617 914 1616 915 1618 895 1617 915 1618 896 1619 896 1619 915 1618 916 1620 896 1619 916 1620 897 1621 897 1621 916 1620 900 1622 917 1623 918 1624 945 1625 945 1625 918 1624 944 1626 944 1626 918 1624 919 1627 944 1626 919 1627 943 1628 943 1628 919 1627 920 1629 943 1628 920 1629 942 1630 942 1630 920 1629 921 1631 942 1630 921 1631 941 1632 941 1632 921 1631 922 1633 941 1632 922 1633 940 1634 940 1634 922 1633 923 1635 940 1634 923 1635 939 1636 939 1636 923 1635 924 1637 939 1636 924 1637 938 1638 938 1638 924 1637 925 1639 938 1638 925 1639 937 1640 937 1640 925 1639 926 1641 937 1640 926 1641 936 1642 936 1642 926 1641 927 1643 936 1642 927 1643 935 1644 935 1644 927 1643 928 1645 935 1644 928 1645 934 1646 934 1646 928 1645 929 1647 934 1646 929 1647 933 1648 933 1648 929 1647 930 1649 933 1648 930 1649 932 1650 932 1650 930 1649 931 1651 370 1652 367 1653 946 1654 946 1654 367 1653 366 1655 946 1654 366 1655 351 1656 947 1657 1000 1658 946 1654 946 1654 1000 1658 1001 1659 946 1654 1001 1659 370 1652 370 1652 1001 1659 371 1660 371 1660 1001 1659 372 1661 372 1661 1001 1659 373 1662 373 1662 1001 1659 374 1663 374 1663 1001 1659 375 1664 375 1664 1001 1659 1002 1665 375 1664 1002 1665 376 1666 376 1666 1002 1665 377 1667 377 1667 1002 1665 378 1668 378 1668 1002 1665 379 1669 379 1669 1002 1665 1003 1670 379 1669 1003 1670 380 1671 380 1671 1003 1670 381 1672 381 1672 1003 1670 382 1673 382 1673 1003 1670 383 1674 383 1674 1003 1670 1004 1675 383 1674 1004 1675 384 1676 384 1676 1004 1675 1022 1677 384 1676 1022 1677 368 1678 368 1678 1022 1677 348 1679 368 1678 348 1679 369 1680 1000 1658 947 1657 999 1681 999 1681 947 1657 948 1682 999 1681 948 1682 998 1683 998 1683 948 1682 949 1684 998 1683 949 1684 950 1685 998 1683 950 1685 997 1686 997 1686 950 1685 951 1687 997 1686 951 1687 996 1688 996 1688 951 1687 952 1689 996 1688 952 1689 995 1690 995 1690 952 1689 953 1691 995 1690 953 1691 916 1692 916 1692 953 1691 900 1693 900 1693 953 1691 880 1694 900 1693 880 1694 901 1695 995 1690 916 1692 994 1696 994 1696 916 1692 915 1697 994 1696 915 1697 914 1698 914 1698 913 1699 994 1696 994 1696 913 1699 912 1700 994 1696 912 1700 911 1701 994 1696 911 1701 993 1702 993 1702 911 1701 910 1703 993 1702 910 1703 909 1704 909 1704 908 1705 993 1702 993 1702 908 1705 907 1706 993 1702 907 1706 992 1707 992 1707 907 1706 906 1708 992 1707 906 1708 905 1709 905 1709 904 1710 992 1707 992 1707 904 1710 903 1711 992 1707 903 1711 902 1712 992 1707 902 1712 954 1713 954 1713 902 1712 899 1714 954 1713 899 1714 898 1715 898 1715 883 1716 954 1713 992 1707 954 1713 991 1717 991 1717 954 1713 955 1718 991 1717 955 1718 990 1719 990 1719 955 1718 956 1720 990 1719 956 1720 989 1721 989 1721 956 1720 957 1722 989 1721 957 1722 988 1723 988 1723 957 1722 958 1724 988 1723 958 1724 959 1725 988 1723 959 1725 987 1726 987 1726 959 1725 960 1727 987 1726 960 1727 986 1728 986 1728 960 1727 961 1729 986 1728 961 1729 783 1730 783 1730 961 1729 767 1731 767 1731 961 1729 747 1732 767 1731 747 1732 768 1733 986 1728 783 1730 985 1734 985 1734 783 1730 782 1735 985 1734 782 1735 781 1736 781 1736 780 1737 985 1734 985 1734 780 1737 779 1738 985 1734 779 1738 778 1739 985 1734 778 1739 984 1740 984 1740 778 1739 777 1741 984 1740 777 1741 776 1742 776 1742 775 1743 984 1740 984 1740 775 1743 774 1744 984 1740 774 1744 983 1745 983 1745 774 1744 773 1746 983 1745 773 1746 772 1747 772 1747 771 1748 983 1745 983 1745 771 1748 770 1749 983 1745 770 1749 769 1750 766 1751 962 1752 769 1750 769 1750 962 1752 982 1753 769 1750 982 1753 983 1745 766 1751 765 1754 962 1752 962 1752 765 1754 750 1755 962 1752 963 1756 982 1753 982 1753 963 1756 981 1757 981 1757 963 1756 964 1758 981 1757 964 1758 980 1759 980 1759 964 1758 965 1760 980 1759 965 1760 979 1761 979 1761 965 1760 966 1762 979 1761 966 1762 967 1763 979 1761 967 1763 978 1764 978 1764 967 1763 968 1765 978 1764 968 1765 977 1766 977 1766 968 1765 969 1767 977 1766 969 1767 650 1768 650 1768 969 1767 634 1769 634 1769 969 1767 614 1770 634 1769 614 1770 635 1771 977 1766 650 1768 976 1772 976 1772 650 1768 649 1773 976 1772 649 1773 648 1774 648 1774 647 1775 976 1772 976 1772 647 1775 646 1776 976 1772 646 1776 645 1777 976 1772 645 1777 975 1778 975 1778 645 1777 644 1779 975 1778 644 1779 643 1780 643 1780 642 1781 975 1778 975 1778 642 1781 974 1782 974 1782 642 1781 641 1783 974 1782 641 1783 640 1784 640 1784 639 1785 974 1782 974 1782 639 1785 638 1786 974 1782 638 1786 637 1787 974 1782 637 1787 973 1788 973 1788 637 1787 636 1789 973 1788 636 1789 971 1790 971 1790 636 1789 970 1791 970 1791 636 1789 633 1792 970 1791 633 1792 632 1793 632 1793 617 1794 970 1791 971 1790 972 1795 973 1788 1022 1677 1004 1675 1021 1796 1021 1796 1004 1675 1005 1797 1021 1796 1005 1797 1020 1798 1020 1798 1005 1797 1006 1799 1020 1798 1006 1799 1019 1800 1019 1800 1006 1799 1007 1801 1019 1800 1007 1801 1018 1802 1018 1802 1007 1801 1017 1803 1017 1803 1007 1801 1008 1804 1017 1803 1008 1804 1016 1805 1016 1805 1008 1804 1009 1806 1016 1805 1009 1806 1015 1807 1015 1807 1009 1806 1010 1808 1015 1807 1010 1808 503 1809 503 1809 1010 1808 504 1810 504 1810 1010 1808 505 1811 505 1811 1010 1808 506 1812 506 1812 1010 1808 507 1813 507 1813 1010 1808 1011 1814 507 1813 1011 1814 508 1815 508 1815 1011 1814 509 1816 509 1816 1011 1814 510 1817 510 1817 1011 1814 511 1818 511 1818 1011 1814 1012 1819 511 1818 1012 1819 512 1820 512 1820 1012 1819 513 1821 513 1821 1012 1819 514 1822 514 1822 1012 1819 515 1823 515 1823 1012 1819 516 1824 516 1824 1012 1819 917 1623 516 1824 917 1623 517 1825 517 1825 917 1623 1013 1826 517 1825 1013 1826 1014 1827 917 1623 945 1625 1013 1826 517 1825 1014 1827 501 1828 501 1828 1014 1827 481 1829 501 1828 481 1829 502 1830 503 1809 500 1831 1015 1807 1015 1807 500 1831 499 1832 1015 1807 499 1832 484 1833 1023 1834 1024 1835 1049 1836 1049 1836 1024 1835 1048 1837 1048 1837 1024 1835 1025 1838 1048 1837 1025 1838 1047 1839 1047 1839 1025 1838 1026 1840 1047 1839 1026 1840 1046 1841 1046 1841 1026 1840 1027 1842 1046 1841 1027 1842 1045 1843 1045 1843 1027 1842 1028 1844 1045 1843 1028 1844 1044 1845 1044 1845 1028 1844 1029 1846 1044 1845 1029 1846 1043 1847 1043 1847 1029 1846 1030 1848 1043 1847 1030 1848 1042 1849 1042 1849 1030 1848 1031 1850 1042 1849 1031 1850 1041 1851 1041 1851 1031 1850 1032 1852 1041 1851 1032 1852 1040 1853 1040 1853 1032 1852 1033 1854 1040 1853 1033 1854 1039 1855 1039 1855 1033 1854 1034 1856 1039 1855 1034 1856 1038 1857 1038 1857 1034 1856 1035 1858 1038 1857 1035 1858 1037 1859 1037 1859 1035 1858 1036 1860 1037 1859 1036 1860 972 1795 972 1795 1036 1860 973 1788 1051 1861 1064 1862 1050 1863 1050 1863 1064 1862 1065 1864 1050 1863 1065 1864 1075 1865 1075 1865 1065 1864 1066 1866 1075 1865 1066 1866 1074 1867 1074 1867 1066 1866 1073 1868 1073 1868 1066 1866 1072 1869 1072 1869 1066 1866 1067 1870 1072 1869 1067 1870 1071 1871 1071 1871 1067 1870 1070 1872 1070 1872 1067 1870 1068 1873 1070 1872 1068 1873 1069 1874 1064 1862 1051 1861 1063 1875 1063 1875 1051 1861 1052 1876 1063 1875 1052 1876 1062 1877 1062 1877 1052 1876 1053 1878 1062 1877 1053 1878 1061 1879 1061 1879 1053 1878 1060 1880 1060 1880 1053 1878 1054 1881 1060 1880 1054 1881 1059 1882 1059 1882 1054 1881 1055 1883 1059 1882 1055 1883 1058 1884 1058 1884 1055 1883 1056 1885 1058 1884 1056 1885 1057 1886 1057 1886 1056 1885 1023 1834 1057 1886 1023 1834 1049 1836 1076 1887 1050 1888 1084 1889 1084 1889 1050 1888 1075 1890 1084 1889 1075 1890 1083 1891 1083 1891 1075 1890 1074 1892 1083 1891 1074 1892 1082 1893 1082 1893 1074 1892 1073 1894 1082 1893 1073 1894 1081 1895 1081 1895 1073 1894 1072 1896 1081 1895 1072 1896 1080 1897 1080 1897 1072 1896 1071 1898 1080 1897 1071 1898 1079 1899 1079 1899 1071 1898 1070 1900 1079 1899 1070 1900 1078 1901 1078 1901 1070 1900 1069 1902 1078 1901 1069 1902 1077 1903 1077 1903 1069 1902 1068 1904 932 1650 931 1651 1101 1905 1101 1905 931 1651 1085 1906 1101 1905 1085 1906 1100 1907 1100 1907 1085 1906 1086 1908 1100 1907 1086 1908 1099 1909 1099 1909 1086 1908 1087 1910 1099 1909 1087 1910 1098 1911 1098 1911 1087 1910 1088 1912 1098 1911 1088 1912 1097 1913 1097 1913 1088 1912 1096 1914 1096 1914 1088 1912 1089 1915 1096 1914 1089 1915 1095 1916 1095 1916 1089 1915 1090 1917 1095 1916 1090 1917 1094 1918 1094 1918 1090 1917 1076 1919 1094 1918 1076 1919 1093 1920 1093 1920 1076 1919 1084 1921 1093 1920 1084 1921 1083 1922 1093 1920 1083 1922 1092 1923 1092 1923 1083 1922 1082 1924 1092 1923 1082 1924 1081 1925 1092 1923 1081 1925 1091 1926 1091 1926 1081 1925 1080 1927 1091 1926 1080 1927 1079 1928 1079 1928 1078 1929 1091 1926 1091 1926 1078 1929 1077 1930 930 1931 1076 1932 931 1933 931 1933 1076 1932 1090 1934 931 1933 1090 1934 1089 1935 930 1931 929 1936 1076 1932 1076 1932 929 1936 1050 1937 1050 1937 929 1936 1025 1938 1050 1937 1025 1938 1024 1939 1025 1938 929 1936 1026 1940 1026 1940 929 1936 928 1941 1026 1940 928 1941 1027 1942 1027 1942 928 1941 927 1943 1027 1942 927 1943 926 1944 1027 1942 926 1944 1028 1945 1028 1945 926 1944 925 1946 1028 1945 925 1946 1029 1947 1029 1947 925 1946 1030 1948 1030 1948 925 1946 924 1949 1030 1948 924 1949 1031 1950 1031 1950 924 1949 923 1951 1031 1950 923 1951 1032 1952 1032 1952 923 1951 922 1953 1032 1952 922 1953 993 1954 993 1954 922 1953 921 1955 993 1954 921 1955 994 1956 994 1956 921 1955 995 1957 995 1957 921 1955 996 1958 996 1958 921 1955 920 1959 996 1958 920 1959 997 1960 997 1960 920 1959 998 1961 998 1961 920 1959 919 1962 998 1961 919 1962 999 1963 999 1963 919 1962 1000 1964 1000 1964 919 1962 918 1965 1000 1964 918 1965 1001 1966 1001 1966 918 1965 1002 1967 1002 1967 918 1965 1003 1968 1003 1968 918 1965 917 1969 1003 1968 917 1969 1004 1970 1004 1970 917 1969 1005 1971 1005 1971 917 1969 1012 1972 1005 1971 1012 1972 1006 1973 1006 1973 1012 1972 1011 1974 1006 1973 1011 1974 1007 1975 1007 1975 1011 1974 1010 1976 1007 1975 1010 1976 1008 1977 1008 1977 1010 1976 1009 1978 1032 1952 993 1954 1033 1979 1033 1979 993 1954 992 1980 1033 1979 992 1980 991 1981 991 1981 990 1982 1033 1979 1033 1979 990 1982 1034 1983 1034 1983 990 1982 989 1984 1034 1983 989 1984 988 1985 1034 1983 988 1985 1035 1986 1035 1986 988 1985 987 1987 1035 1986 987 1987 986 1988 1035 1986 986 1988 1036 1989 1036 1989 986 1988 985 1990 1036 1989 985 1990 984 1991 984 1991 983 1992 1036 1989 1036 1989 983 1992 973 1993 973 1993 983 1992 982 1994 973 1993 982 1994 981 1995 973 1993 981 1995 974 1996 974 1996 981 1995 980 1997 974 1996 980 1997 975 1998 975 1998 980 1997 979 1999 975 1998 979 1999 976 2000 976 2000 979 1999 978 2001 976 2000 978 2001 977 2002 1024 1939 1023 2003 1050 1937 1050 1937 1023 2003 1051 2004 1051 2004 1023 2003 1052 2005 1052 2005 1023 2003 1056 2006 1052 2005 1056 2006 1053 2007 1053 2007 1056 2006 1055 2008 1053 2007 1055 2008 1054 2009 931 1933 1089 1935 1085 2010 1085 2010 1089 1935 1088 2011 1085 2010 1088 2011 1086 2012 1086 2012 1088 2011 1087 2013 1103 2014 1300 2015 1102 2016 1102 2016 1300 2015 1202 2017 1102 2016 1202 2017 1201 2018 1201 2018 1202 2017 1203 2019 1201 2018 1203 2019 1200 2020 1200 2020 1203 2019 1204 2021 1200 2020 1204 2021 1199 2022 1199 2022 1204 2021 1205 2023 1199 2022 1205 2023 1206 2024 1300 2015 1103 2014 1299 2025 1299 2025 1103 2014 1104 2026 1299 2025 1104 2026 1298 2027 1298 2027 1104 2026 1105 2028 1298 2027 1105 2028 1106 2029 1298 2027 1106 2029 1297 2030 1297 2030 1106 2029 1107 2031 1297 2030 1107 2031 1296 2032 1296 2032 1107 2031 1108 2033 1296 2032 1108 2033 1295 2034 1295 2034 1108 2033 1109 2035 1295 2034 1109 2035 1294 2036 1294 2036 1109 2035 1110 2037 1294 2036 1110 2037 1293 2038 1293 2038 1110 2037 1111 2039 1293 2038 1111 2039 1112 2040 1293 2038 1112 2040 1292 2041 1292 2041 1112 2040 1113 2042 1292 2041 1113 2042 1291 2043 1291 2043 1113 2042 1114 2044 1291 2043 1114 2044 1290 2045 1290 2045 1114 2044 1115 2046 1290 2045 1115 2046 1289 2047 1289 2047 1115 2046 1288 2048 1288 2048 1115 2046 1116 2049 1288 2048 1116 2049 1287 2050 1287 2050 1116 2049 1117 2051 1287 2050 1117 2051 1286 2052 1286 2052 1117 2051 1118 2053 1286 2052 1118 2053 1119 2054 1286 2052 1119 2054 1285 2055 1285 2055 1119 2054 1120 2056 1285 2055 1120 2056 1284 2057 1284 2057 1120 2056 1121 2058 1284 2057 1121 2058 1283 2059 1283 2059 1121 2058 1122 2060 1283 2059 1122 2060 1282 2061 1282 2061 1122 2060 1123 2062 1282 2061 1123 2062 1281 2063 1281 2063 1123 2062 1124 2064 1281 2063 1124 2064 1125 2065 1281 2063 1125 2065 1280 2066 1280 2066 1125 2065 1126 2067 1280 2066 1126 2067 1279 2068 1279 2068 1126 2067 1127 2069 1279 2068 1127 2069 1278 2070 1278 2070 1127 2069 1128 2071 1278 2070 1128 2071 1277 2072 1277 2072 1128 2071 1129 2073 1277 2072 1129 2073 1276 2074 1276 2074 1129 2073 1130 2075 1276 2074 1130 2075 1275 2076 1275 2076 1130 2075 1274 2077 1274 2077 1130 2075 1131 2078 1274 2077 1131 2078 1273 2079 1273 2079 1131 2078 1132 2080 1273 2079 1132 2080 1272 2081 1272 2081 1132 2080 1133 2082 1272 2081 1133 2082 1271 2083 1271 2083 1133 2082 1134 2084 1271 2083 1134 2084 1270 2085 1270 2085 1134 2084 1135 2086 1270 2085 1135 2086 1269 2087 1269 2087 1135 2086 1136 2088 1269 2087 1136 2088 1268 2089 1268 2089 1136 2088 1267 2090 1267 2090 1136 2088 1137 2091 1267 2090 1137 2091 1266 2092 1266 2092 1137 2091 1138 2093 1266 2092 1138 2093 1265 2094 1265 2094 1138 2093 1139 2095 1265 2094 1139 2095 1264 2096 1264 2096 1139 2095 1140 2097 1264 2096 1140 2097 1263 2098 1263 2098 1140 2097 1141 2099 1263 2098 1141 2099 1262 2100 1262 2100 1141 2099 1142 2101 1262 2100 1142 2101 1261 2102 1261 2102 1142 2101 1143 2103 1261 2102 1143 2103 1260 2104 1260 2104 1143 2103 1144 2105 1260 2104 1144 2105 1145 2106 1260 2104 1145 2106 1259 2107 1259 2107 1145 2106 1146 2108 1259 2107 1146 2108 1258 2109 1258 2109 1146 2108 1147 2110 1258 2109 1147 2110 1257 2111 1257 2111 1147 2110 1148 2112 1257 2111 1148 2112 1256 2113 1256 2113 1148 2112 1149 2114 1256 2113 1149 2114 1255 2115 1255 2115 1149 2114 1150 2116 1255 2115 1150 2116 1254 2117 1254 2117 1150 2116 1151 2118 1254 2117 1151 2118 1253 2119 1253 2119 1151 2118 1152 2120 1253 2119 1152 2120 1252 2121 1252 2121 1152 2120 1153 2122 1252 2121 1153 2122 1251 2123 1251 2123 1153 2122 1154 2124 1251 2123 1154 2124 1250 2125 1250 2125 1154 2124 1155 2126 1250 2125 1155 2126 1249 2127 1249 2127 1155 2126 1156 2128 1249 2127 1156 2128 1248 2129 1248 2129 1156 2128 1157 2130 1248 2129 1157 2130 1247 2131 1247 2131 1157 2130 1158 2132 1247 2131 1158 2132 1246 2133 1246 2133 1158 2132 1159 2134 1246 2133 1159 2134 1245 2135 1245 2135 1159 2134 1160 2136 1245 2135 1160 2136 1244 2137 1244 2137 1160 2136 1161 2138 1244 2137 1161 2138 1243 2139 1243 2139 1161 2138 1162 2140 1243 2139 1162 2140 1242 2141 1242 2141 1162 2140 1163 2142 1242 2141 1163 2142 1241 2143 1241 2143 1163 2142 1164 2144 1241 2143 1164 2144 1240 2145 1240 2145 1164 2144 1165 2146 1240 2145 1165 2146 1239 2147 1239 2147 1165 2146 1166 2148 1239 2147 1166 2148 1238 2149 1238 2149 1166 2148 1167 2150 1238 2149 1167 2150 1237 2151 1237 2151 1167 2150 1168 2152 1237 2151 1168 2152 1236 2153 1236 2153 1168 2152 1169 2154 1236 2153 1169 2154 1235 2155 1235 2155 1169 2154 1170 2156 1235 2155 1170 2156 1234 2157 1234 2157 1170 2156 1171 2158 1234 2157 1171 2158 1233 2159 1233 2159 1171 2158 1172 2160 1233 2159 1172 2160 1232 2161 1232 2161 1172 2160 1173 2162 1232 2161 1173 2162 1231 2163 1231 2163 1173 2162 1174 2164 1231 2163 1174 2164 1230 2165 1230 2165 1174 2164 1175 2166 1230 2165 1175 2166 1229 2167 1229 2167 1175 2166 1176 2168 1229 2167 1176 2168 1228 2169 1228 2169 1176 2168 1177 2170 1228 2169 1177 2170 1227 2171 1227 2171 1177 2170 1178 2172 1227 2171 1178 2172 1226 2173 1226 2173 1178 2172 1179 2174 1226 2173 1179 2174 1225 2175 1225 2175 1179 2174 1180 2176 1225 2175 1180 2176 1224 2177 1224 2177 1180 2176 1181 2178 1224 2177 1181 2178 1223 2179 1223 2179 1181 2178 1182 2180 1223 2179 1182 2180 1222 2181 1222 2181 1182 2180 1183 2182 1222 2181 1183 2182 1221 2183 1221 2183 1183 2182 1184 2184 1221 2183 1184 2184 1220 2185 1220 2185 1184 2184 1185 2186 1220 2185 1185 2186 1186 2187 1220 2185 1186 2187 1219 2188 1219 2188 1186 2187 1187 2189 1219 2188 1187 2189 1218 2190 1218 2190 1187 2189 1188 2191 1218 2190 1188 2191 1217 2192 1217 2192 1188 2191 1189 2193 1217 2192 1189 2193 1216 2194 1216 2194 1189 2193 1190 2195 1216 2194 1190 2195 1215 2196 1215 2196 1190 2195 1191 2197 1215 2196 1191 2197 1214 2198 1214 2198 1191 2197 1192 2199 1214 2198 1192 2199 1213 2200 1213 2200 1192 2199 1193 2201 1213 2200 1193 2201 1212 2202 1212 2202 1193 2201 1211 2203 1211 2203 1193 2201 1194 2204 1211 2203 1194 2204 1210 2205 1210 2205 1194 2204 1195 2206 1210 2205 1195 2206 1209 2207 1209 2207 1195 2206 1196 2208 1209 2207 1196 2208 1208 2209 1208 2209 1196 2208 1197 2210 1208 2209 1197 2210 1207 2211 1207 2211 1197 2210 1198 2212 1207 2211 1198 2212 1206 2024 1206 2024 1198 2212 1199 2022 932 2213 1102 2214 933 2215 933 2215 1102 2214 1201 2216 933 2215 1201 2216 934 2217 934 2217 1201 2216 1200 2218 934 2217 1200 2218 935 2219 935 2219 1200 2218 1199 2220 935 2219 1199 2220 936 2221 936 2221 1199 2220 1198 2222 936 2221 1198 2222 937 2223 937 2223 1198 2222 1197 2224 937 2223 1197 2224 938 2225 938 2225 1197 2224 1196 2226 938 2225 1196 2226 939 2227 939 2227 1196 2226 1195 2228 939 2227 1195 2228 940 2229 940 2229 1195 2228 1194 2230 940 2229 1194 2230 941 2231 941 2231 1194 2230 1193 2232 941 2231 1193 2232 942 2233 942 2233 1193 2232 1192 2234 942 2233 1192 2234 943 2235 943 2235 1192 2234 1191 2236 943 2235 1191 2236 944 2237 944 2237 1191 2236 1190 2238 944 2237 1190 2238 945 2239 945 2239 1190 2238 1189 2240 945 2239 1189 2240 1013 2241 1013 2241 1189 2240 1188 2242 1013 2241 1188 2242 1014 2243 1014 2243 1188 2242 481 2244 481 2244 1188 2242 482 2245 482 2245 1188 2242 1187 2246 482 2245 1187 2246 483 2247 483 2247 1187 2246 1186 2248 483 2247 1186 2248 484 2249 484 2249 1186 2248 1185 2250 484 2249 1185 2250 1015 2251 1015 2251 1185 2250 1184 2252 1015 2251 1184 2252 1016 2253 1016 2253 1184 2252 1183 2254 1016 2253 1183 2254 1017 2255 1017 2255 1183 2254 1182 2256 1017 2255 1182 2256 1018 2257 1018 2257 1182 2256 1181 2258 1018 2257 1181 2258 1019 2259 1019 2259 1181 2258 1180 2260 1019 2259 1180 2260 1020 2261 1020 2261 1180 2260 1179 2262 1020 2261 1179 2262 1021 2263 1021 2263 1179 2262 1178 2264 1021 2263 1178 2264 1022 2265 1022 2265 1178 2264 1177 2266 1022 2265 1177 2266 348 2267 348 2267 1177 2266 1176 2268 348 2267 1176 2268 349 2269 349 2269 1176 2268 350 2270 350 2270 1176 2268 1175 2271 350 2270 1175 2271 351 2272 351 2272 1175 2271 1174 2273 351 2272 1174 2273 946 2274 946 2274 1174 2273 1173 2275 946 2274 1173 2275 947 2276 947 2276 1173 2275 1172 2277 947 2276 1172 2277 948 2278 948 2278 1172 2277 1171 2279 948 2278 1171 2279 949 2280 949 2280 1171 2279 1170 2281 949 2280 1170 2281 950 2282 950 2282 1170 2281 1169 2283 950 2282 1169 2283 951 2284 951 2284 1169 2283 1168 2285 951 2284 1168 2285 952 2286 952 2286 1168 2285 1167 2287 952 2286 1167 2287 953 2288 953 2288 1167 2287 1166 2289 953 2288 1166 2289 880 2290 880 2290 1166 2289 1165 2291 880 2290 1165 2291 881 2292 881 2292 1165 2291 1164 2293 881 2292 1164 2293 882 2294 882 2294 1164 2293 883 2295 883 2295 1164 2293 1163 2296 883 2295 1163 2296 954 2297 954 2297 1163 2296 1162 2298 954 2297 1162 2298 955 2299 955 2299 1162 2298 1161 2300 955 2299 1161 2300 956 2301 956 2301 1161 2300 1160 2302 956 2301 1160 2302 957 2303 957 2303 1160 2302 1159 2304 957 2303 1159 2304 958 2305 958 2305 1159 2304 1158 2306 958 2305 1158 2306 959 2307 959 2307 1158 2306 1157 2308 959 2307 1157 2308 960 2309 960 2309 1157 2308 1156 2310 960 2309 1156 2310 961 2311 961 2311 1156 2310 1155 2312 961 2311 1155 2312 747 2313 747 2313 1155 2312 1154 2314 747 2313 1154 2314 748 2315 748 2315 1154 2314 1153 2316 748 2315 1153 2316 749 2317 749 2317 1153 2316 750 2318 750 2318 1153 2316 1152 2319 750 2318 1152 2319 962 2320 962 2320 1152 2319 1151 2321 962 2320 1151 2321 963 2322 963 2322 1151 2321 1150 2323 963 2322 1150 2323 964 2324 964 2324 1150 2323 1149 2325 964 2324 1149 2325 965 2326 965 2326 1149 2325 1148 2327 965 2326 1148 2327 966 2328 966 2328 1148 2327 1147 2329 966 2328 1147 2329 967 2330 967 2330 1147 2329 1146 2331 967 2330 1146 2331 968 2332 968 2332 1146 2331 1145 2333 968 2332 1145 2333 969 2334 969 2334 1145 2333 1144 2335 969 2334 1144 2335 614 2336 614 2336 1144 2335 1143 2337 614 2336 1143 2337 615 2338 615 2338 1143 2337 1142 2339 615 2338 1142 2339 616 2340 616 2340 1142 2339 1141 2341 616 2340 1141 2341 617 2342 617 2342 1141 2341 970 2343 970 2343 1141 2341 971 2344 971 2344 1141 2341 1140 2345 971 2344 1140 2345 972 2346 972 2346 1140 2345 1037 2347 1037 2347 1140 2345 1139 2348 1037 2347 1139 2348 1038 2349 1038 2349 1139 2348 1138 2350 1038 2349 1138 2350 1039 2351 1039 2351 1138 2350 1137 2352 1039 2351 1137 2352 1040 2353 1040 2353 1137 2352 1136 2354 1040 2353 1136 2354 1041 2355 1041 2355 1136 2354 1135 2356 1041 2355 1135 2356 1042 2357 1042 2357 1135 2356 1134 2358 1042 2357 1134 2358 1043 2359 1043 2359 1134 2358 1133 2360 1043 2359 1133 2360 1044 2361 1044 2361 1133 2360 1132 2362 1044 2361 1132 2362 1045 2363 1045 2363 1132 2362 1131 2364 1045 2363 1131 2364 1046 2365 1046 2365 1131 2364 1130 2366 1046 2365 1130 2366 1047 2367 1047 2367 1130 2366 1129 2368 1047 2367 1129 2368 1048 2369 1048 2369 1129 2368 1128 2370 1048 2369 1128 2370 1049 2371 1049 2371 1128 2370 1127 2372 1049 2371 1127 2372 1057 2373 1057 2373 1127 2372 1126 2374 1057 2373 1126 2374 1058 2375 1058 2375 1126 2374 1125 2376 1058 2375 1125 2376 1059 2377 1059 2377 1125 2376 1124 2378 1059 2377 1124 2378 1060 2379 1060 2379 1124 2378 1123 2380 1060 2379 1123 2380 1061 2381 1061 2381 1123 2380 1122 2382 1061 2381 1122 2382 1062 2383 1062 2383 1122 2382 1121 2384 1062 2383 1121 2384 1063 2385 1063 2385 1121 2384 1120 2386 1063 2385 1120 2386 1064 2387 1064 2387 1120 2386 1119 2388 1064 2387 1119 2388 1065 2389 1065 2389 1119 2388 1118 2390 1065 2389 1118 2390 1066 2391 1066 2391 1118 2390 1117 2392 1066 2391 1117 2392 1067 2393 1067 2393 1117 2392 1116 2394 1067 2393 1116 2394 1068 2395 1068 2395 1116 2394 1115 2396 1115 2397 1114 2398 1068 2399 1068 2399 1114 2398 1077 2400 1077 2401 1114 2402 1091 2403 1091 2403 1114 2402 1113 2404 1091 2403 1113 2404 1092 2405 1092 2405 1113 2404 1112 2406 1092 2405 1112 2406 1093 2407 1093 2407 1112 2406 1111 2408 1093 2407 1111 2408 1094 2409 1094 2409 1111 2408 1110 2410 1094 2409 1110 2410 1095 2411 1095 2411 1110 2410 1109 2412 1095 2411 1109 2412 1096 2413 1096 2413 1109 2412 1108 2414 1096 2413 1108 2414 1097 2415 1097 2415 1108 2414 1107 2416 1097 2415 1107 2416 1098 2417 1098 2417 1107 2416 1106 2418 1098 2417 1106 2418 1099 2419 1099 2419 1106 2418 1105 2420 1099 2419 1105 2420 1100 2421 1100 2421 1105 2420 1104 2422 1100 2421 1104 2422 1101 2423 1101 2423 1104 2422 1103 2424 1101 2423 1103 2424 932 2213 932 2213 1103 2424 1102 2214 1202 2425 1301 2426 1203 2427 1203 2427 1301 2426 1302 2428 1203 2427 1302 2428 1204 2429 1204 2429 1302 2428 1303 2430 1204 2429 1303 2430 1205 2431 1205 2431 1303 2430 1304 2432 1205 2431 1304 2432 1206 2433 1206 2433 1304 2432 1305 2434 1206 2433 1305 2434 1207 2435 1207 2435 1305 2434 1306 2436 1207 2435 1306 2436 1208 2437 1208 2437 1306 2436 1307 2438 1208 2437 1307 2438 1209 2439 1209 2439 1307 2438 1308 2440 1209 2439 1308 2440 1210 2441 1210 2441 1308 2440 1309 2442 1210 2441 1309 2442 1211 2443 1211 2443 1309 2442 1310 2444 1211 2443 1310 2444 1212 2445 1212 2445 1310 2444 1311 2446 1212 2445 1311 2446 1213 2447 1213 2447 1311 2446 1312 2448 1213 2447 1312 2448 1214 2449 1214 2449 1312 2448 1313 2450 1214 2449 1313 2450 1215 2451 1215 2451 1313 2450 1314 2452 1215 2451 1314 2452 1216 2453 1216 2453 1314 2452 1315 2454 1216 2453 1315 2454 1217 2455 1217 2455 1315 2454 1316 2456 1217 2455 1316 2456 1317 2457 1217 2455 1317 2457 1218 2458 1218 2458 1317 2457 1318 2459 1218 2458 1318 2459 1219 2460 1219 2460 1318 2459 1319 2461 1219 2460 1319 2461 1220 2462 1220 2462 1319 2461 1320 2463 1220 2462 1320 2463 1221 2464 1221 2464 1320 2463 1321 2465 1221 2464 1321 2465 1222 2466 1222 2466 1321 2465 1322 2467 1222 2466 1322 2467 1223 2468 1223 2468 1322 2467 1323 2469 1223 2468 1323 2469 1224 2470 1224 2470 1323 2469 1324 2471 1224 2470 1324 2471 1225 2472 1225 2472 1324 2471 1325 2473 1225 2472 1325 2473 1226 2474 1226 2474 1325 2473 1326 2475 1226 2474 1326 2475 1227 2476 1227 2476 1326 2475 1327 2477 1227 2476 1327 2477 1228 2478 1228 2478 1327 2477 1328 2479 1228 2478 1328 2479 1229 2480 1229 2480 1328 2479 1329 2481 1229 2480 1329 2481 1230 2482 1230 2482 1329 2481 1330 2483 1230 2482 1330 2483 1231 2484 1231 2484 1330 2483 1331 2485 1231 2484 1331 2485 1232 2486 1232 2486 1331 2485 1332 2487 1232 2486 1332 2487 1233 2488 1233 2488 1332 2487 1333 2489 1233 2488 1333 2489 1234 2490 1234 2490 1333 2489 1334 2491 1234 2490 1334 2491 1235 2492 1235 2492 1334 2491 1335 2493 1235 2492 1335 2493 1236 2494 1236 2494 1335 2493 1336 2495 1236 2494 1336 2495 1237 2496 1237 2496 1336 2495 1337 2497 1237 2496 1337 2497 1238 2498 1238 2498 1337 2497 1338 2499 1238 2498 1338 2499 1239 2500 1239 2500 1338 2499 1339 2501 1239 2500 1339 2501 1240 2502 1240 2502 1339 2501 1340 2503 1240 2502 1340 2503 1241 2504 1241 2504 1340 2503 1341 2505 1241 2504 1341 2505 1242 2506 1242 2506 1341 2505 1342 2507 1242 2506 1342 2507 1243 2508 1243 2508 1342 2507 1343 2509 1243 2508 1343 2509 1244 2510 1244 2510 1343 2509 1344 2511 1244 2510 1344 2511 1245 2512 1245 2512 1344 2511 1345 2513 1245 2512 1345 2513 1246 2514 1246 2514 1345 2513 1346 2515 1246 2514 1346 2515 1247 2516 1247 2516 1346 2515 1347 2517 1247 2516 1347 2517 1248 2518 1248 2518 1347 2517 1348 2519 1248 2518 1348 2519 1249 2520 1249 2520 1348 2519 1349 2521 1249 2520 1349 2521 1250 2522 1250 2522 1349 2521 1350 2523 1250 2522 1350 2523 1251 2524 1251 2524 1350 2523 1351 2525 1251 2524 1351 2525 1252 2526 1252 2526 1351 2525 1352 2527 1252 2526 1352 2527 1253 2528 1253 2528 1352 2527 1353 2529 1253 2528 1353 2529 1254 2530 1254 2530 1353 2529 1354 2531 1254 2530 1354 2531 1255 2532 1255 2532 1354 2531 1355 2533 1255 2532 1355 2533 1256 2534 1256 2534 1355 2533 1356 2535 1256 2534 1356 2535 1257 2536 1257 2536 1356 2535 1357 2537 1257 2536 1357 2537 1258 2538 1258 2538 1357 2537 1358 2539 1258 2538 1358 2539 1259 2540 1259 2540 1358 2539 1359 2541 1259 2540 1359 2541 1260 2542 1260 2542 1359 2541 1360 2543 1260 2542 1360 2543 1261 2544 1261 2544 1360 2543 1361 2545 1261 2544 1361 2545 1262 2546 1262 2546 1361 2545 1362 2547 1262 2546 1362 2547 1263 2548 1263 2548 1362 2547 1264 2549 1264 2549 1362 2547 1363 2550 1264 2549 1363 2550 1265 2551 1265 2551 1363 2550 1364 2552 1265 2551 1364 2552 1266 2553 1266 2553 1364 2552 1365 2554 1266 2553 1365 2554 1267 2555 1267 2555 1365 2554 1366 2556 1267 2555 1366 2556 1268 2557 1268 2557 1366 2556 1367 2558 1268 2557 1367 2558 1269 2559 1269 2559 1367 2558 1368 2560 1269 2559 1368 2560 1270 2561 1270 2561 1368 2560 1369 2562 1270 2561 1369 2562 1271 2563 1271 2563 1369 2562 1370 2564 1271 2563 1370 2564 1272 2565 1272 2565 1370 2564 1371 2566 1272 2565 1371 2566 1273 2567 1273 2567 1371 2566 1372 2568 1273 2567 1372 2568 1274 2569 1274 2569 1372 2568 1373 2570 1274 2569 1373 2570 1275 2571 1275 2571 1373 2570 1374 2572 1275 2571 1374 2572 1276 2573 1276 2573 1374 2572 1375 2574 1276 2573 1375 2574 1277 2575 1277 2575 1375 2574 1376 2576 1277 2575 1376 2576 1278 2577 1278 2577 1376 2576 1377 2578 1278 2577 1377 2578 1279 2579 1279 2579 1377 2578 1378 2580 1279 2579 1378 2580 1280 2581 1280 2581 1378 2580 1379 2582 1280 2581 1379 2582 1281 2583 1281 2583 1379 2582 1380 2584 1281 2583 1380 2584 1282 2585 1282 2585 1380 2584 1381 2586 1282 2585 1381 2586 1283 2587 1283 2587 1381 2586 1382 2588 1283 2587 1382 2588 1284 2589 1284 2589 1382 2588 1383 2590 1284 2589 1383 2590 1285 2591 1285 2591 1383 2590 1384 2592 1285 2591 1384 2592 1286 2593 1286 2593 1384 2592 1385 2594 1286 2593 1385 2594 1287 2595 1287 2595 1385 2594 1386 2596 1287 2595 1386 2596 1288 2597 1288 2597 1386 2596 1387 2598 1288 2597 1387 2598 1289 2599 1289 2599 1387 2598 1388 2600 1388 2601 1389 2602 1289 2603 1289 2603 1389 2602 1290 2604 1290 2605 1389 2606 1291 2607 1291 2607 1389 2606 1390 2608 1291 2607 1390 2608 1292 2609 1292 2609 1390 2608 1391 2610 1292 2609 1391 2610 1293 2611 1293 2611 1391 2610 1392 2612 1293 2611 1392 2612 1294 2613 1294 2613 1392 2612 1393 2614 1294 2613 1393 2614 1295 2615 1295 2615 1393 2614 1394 2616 1295 2615 1394 2616 1296 2617 1296 2617 1394 2616 1395 2618 1296 2617 1395 2618 1297 2619 1297 2619 1395 2618 1396 2620 1297 2619 1396 2620 1298 2621 1298 2621 1396 2620 1397 2622 1298 2621 1397 2622 1299 2623 1299 2623 1397 2622 1398 2624 1299 2623 1398 2624 1300 2625 1300 2625 1398 2624 1399 2626 1300 2625 1399 2626 1202 2425 1202 2425 1399 2626 1301 2426 1427 2627 1400 2628 1426 2629 1426 2629 1400 2628 1401 2630 1426 2629 1401 2630 1425 2631 1425 2631 1401 2630 1402 2632 1425 2631 1402 2632 1424 2633 1424 2633 1402 2632 1403 2634 1424 2633 1403 2634 1423 2635 1423 2635 1403 2634 1404 2636 1423 2635 1404 2636 1422 2637 1422 2637 1404 2636 1405 2638 1422 2637 1405 2638 1421 2639 1421 2639 1405 2638 1406 2640 1421 2639 1406 2640 1420 2641 1420 2641 1406 2640 1407 2642 1420 2641 1407 2642 1419 2643 1419 2643 1407 2642 1408 2644 1419 2643 1408 2644 1418 2645 1418 2645 1408 2644 1409 2646 1418 2645 1409 2646 1417 2647 1417 2647 1409 2646 1410 2648 1417 2647 1410 2648 1416 2649 1416 2649 1410 2648 1411 2650 1416 2649 1411 2650 1415 2651 1415 2651 1411 2650 1412 2652 1415 2651 1412 2652 1414 2653 1414 2653 1412 2652 1413 2654 1414 2653 1413 2654 1525 2655 1525 2655 1413 2654 1428 2656 1525 2655 1428 2656 1524 2657 1524 2657 1428 2656 1429 2658 1524 2657 1429 2658 1523 2659 1523 2659 1429 2658 1430 2660 1523 2659 1430 2660 1522 2661 1522 2661 1430 2660 1431 2662 1522 2661 1431 2662 1521 2663 1521 2663 1431 2662 1432 2664 1521 2663 1432 2664 1520 2665 1520 2665 1432 2664 1433 2666 1520 2665 1433 2666 1519 2667 1519 2667 1433 2666 1434 2668 1519 2667 1434 2668 1518 2669 1518 2669 1434 2668 1435 2670 1518 2669 1435 2670 1517 2671 1517 2671 1435 2670 1436 2672 1517 2671 1436 2672 1516 2673 1516 2673 1436 2672 1437 2674 1516 2673 1437 2674 1515 2675 1515 2675 1437 2674 1438 2676 1515 2675 1438 2676 1514 2677 1514 2677 1438 2676 1439 2678 1514 2677 1439 2678 1513 2679 1513 2679 1439 2678 1440 2680 1513 2679 1440 2680 1512 2681 1512 2681 1440 2680 1441 2682 1512 2681 1441 2682 1511 2683 1511 2683 1441 2682 1442 2684 1511 2683 1442 2684 1510 2685 1510 2685 1442 2684 1443 2686 1510 2685 1443 2686 1509 2687 1509 2687 1443 2686 1444 2688 1509 2687 1444 2688 1508 2689 1508 2689 1444 2688 1445 2690 1508 2689 1445 2690 1507 2691 1507 2691 1445 2690 1446 2692 1507 2691 1446 2692 1506 2693 1506 2693 1446 2692 1447 2694 1506 2693 1447 2694 1505 2695 1505 2695 1447 2694 1448 2696 1505 2695 1448 2696 1504 2697 1504 2697 1448 2696 1449 2698 1504 2697 1449 2698 1503 2699 1503 2699 1449 2698 1450 2700 1503 2699 1450 2700 1502 2701 1502 2701 1450 2700 1451 2702 1502 2701 1451 2702 1501 2703 1501 2703 1451 2702 1452 2704 1501 2703 1452 2704 1500 2705 1500 2705 1452 2704 1453 2706 1500 2705 1453 2706 1499 2707 1499 2707 1453 2706 1454 2708 1499 2707 1454 2708 1498 2709 1498 2709 1454 2708 1455 2710 1498 2709 1455 2710 1497 2711 1497 2711 1455 2710 1456 2712 1497 2711 1456 2712 1496 2713 1496 2713 1456 2712 1457 2714 1496 2713 1457 2714 1495 2715 1495 2715 1457 2714 1458 2716 1495 2715 1458 2716 1494 2717 1494 2717 1458 2716 1459 2718 1494 2717 1459 2718 1493 2719 1493 2719 1459 2718 1460 2720 1493 2719 1460 2720 1492 2721 1492 2721 1460 2720 1461 2722 1492 2721 1461 2722 1491 2723 1491 2723 1461 2722 1462 2724 1491 2723 1462 2724 1490 2725 1490 2725 1462 2724 1463 2726 1490 2725 1463 2726 1489 2727 1489 2727 1463 2726 1464 2728 1489 2727 1464 2728 1488 2729 1488 2729 1464 2728 1465 2730 1488 2729 1465 2730 1487 2731 1487 2731 1465 2730 1466 2732 1487 2731 1466 2732 1486 2733 1486 2733 1466 2732 1467 2734 1486 2733 1467 2734 1485 2735 1485 2735 1467 2734 1468 2736 1485 2735 1468 2736 1484 2737 1484 2737 1468 2736 1469 2738 1484 2737 1469 2738 1483 2739 1483 2739 1469 2738 1470 2740 1483 2739 1470 2740 1482 2741 1482 2741 1470 2740 1471 2742 1482 2741 1471 2742 1481 2743 1481 2743 1471 2742 1472 2744 1481 2743 1472 2744 1480 2745 1480 2745 1472 2744 1473 2746 1480 2745 1473 2746 1479 2747 1479 2747 1473 2746 1474 2748 1479 2747 1474 2748 1478 2749 1478 2749 1474 2748 1475 2750 1478 2749 1475 2750 1477 2751 1477 2751 1475 2750 1476 2752 1477 2751 1476 2752 1551 2753 1551 2753 1476 2752 1526 2754 1551 2753 1526 2754 1550 2755 1550 2755 1526 2754 1527 2756 1550 2755 1527 2756 1549 2757 1549 2757 1527 2756 1528 2758 1549 2757 1528 2758 1548 2759 1548 2759 1528 2758 1529 2760 1548 2759 1529 2760 1547 2761 1547 2761 1529 2760 1530 2762 1547 2761 1530 2762 1546 2763 1546 2763 1530 2762 1531 2764 1546 2763 1531 2764 1545 2765 1545 2765 1531 2764 1532 2766 1545 2765 1532 2766 1544 2767 1544 2767 1532 2766 1533 2768 1544 2767 1533 2768 1543 2769 1543 2769 1533 2768 1534 2770 1543 2769 1534 2770 1542 2771 1542 2771 1534 2770 1535 2772 1542 2771 1535 2772 1541 2773 1541 2773 1535 2772 1536 2774 1541 2773 1536 2774 1540 2775 1540 2775 1536 2774 1537 2776 1540 2775 1537 2776 1539 2777 1539 2777 1537 2776 1538 2778 155 2779 1545 2780 117 2781 117 2781 1545 2780 1544 2782 117 2781 1544 2782 1422 2783 1422 2783 1544 2782 1423 2784 1423 2784 1544 2782 1543 2785 1423 2784 1543 2785 1424 2786 1424 2786 1543 2785 1542 2787 1424 2786 1542 2787 1425 2788 1425 2788 1542 2787 1541 2789 1425 2788 1541 2789 1426 2790 1426 2790 1541 2789 1540 2791 1426 2790 1540 2791 1427 2792 1427 2792 1540 2791 1539 2793 155 2779 154 2794 1545 2780 1545 2780 154 2794 1546 2795 1546 2795 154 2794 153 2796 1546 2795 153 2796 1547 2797 1547 2797 153 2796 152 2798 1547 2797 152 2798 1548 2799 1548 2799 152 2798 151 2800 1548 2799 151 2800 1549 2801 1549 2801 151 2800 150 2802 1549 2801 150 2802 1550 2803 1550 2803 150 2802 149 2804 1550 2803 149 2804 1551 2805 1551 2805 149 2804 148 2806 1551 2805 148 2806 147 2807 146 2808 1480 2809 147 2807 147 2807 1480 2809 1479 2810 147 2807 1479 2810 1478 2811 145 2812 1487 2813 146 2808 146 2808 1487 2813 1486 2814 146 2808 1486 2814 1485 2815 144 2816 1491 2817 145 2812 145 2812 1491 2817 1490 2818 145 2812 1490 2818 1489 2819 143 2820 1493 2821 144 2816 144 2816 1493 2821 1492 2822 144 2816 1492 2822 1491 2817 1493 2821 143 2820 1494 2823 1494 2823 143 2820 142 2824 1494 2823 142 2824 1495 2825 1495 2825 142 2824 1496 2826 1496 2826 142 2824 141 2827 1496 2826 141 2827 1497 2828 1497 2828 141 2827 140 2829 1497 2828 140 2829 1498 2830 1498 2830 140 2829 139 2831 1498 2830 139 2831 1499 2832 1499 2832 139 2831 138 2833 1499 2832 138 2833 1500 2834 1500 2834 138 2833 137 2835 1500 2834 137 2835 1501 2836 1501 2836 137 2835 1502 2837 1502 2837 137 2835 136 2838 1502 2837 136 2838 1503 2839 1503 2839 136 2838 135 2840 1503 2839 135 2840 1504 2841 1504 2841 135 2840 134 2842 1504 2841 134 2842 1505 2843 1505 2843 134 2842 133 2844 1505 2843 133 2844 1506 2845 1506 2845 133 2844 132 2846 1506 2845 132 2846 1507 2847 1507 2847 132 2846 131 2848 1507 2847 131 2848 1508 2849 1508 2849 131 2848 1509 2850 1509 2850 131 2848 130 2851 1509 2850 130 2851 1510 2852 1510 2852 130 2851 129 2853 1510 2852 129 2853 1511 2854 1511 2854 129 2853 1512 2855 1512 2855 129 2853 128 2856 1512 2855 128 2856 1513 2857 1513 2857 128 2856 1514 2858 1514 2858 128 2856 1515 2859 1515 2859 128 2856 1516 2860 1516 2860 128 2856 127 2861 1516 2860 127 2861 1517 2862 1517 2862 127 2861 1518 2863 1518 2863 127 2861 1519 2864 1519 2864 127 2861 1520 2865 1520 2865 127 2861 1521 2866 1521 2866 127 2861 1522 2867 1522 2867 127 2861 1523 2868 1523 2868 127 2861 126 2869 1523 2868 126 2869 1524 2870 1524 2870 126 2869 1525 2871 1525 2871 126 2869 1414 2872 1414 2872 126 2869 1415 2873 1415 2873 126 2869 125 2874 1415 2873 125 2874 124 2875 1415 2873 124 2875 1416 2876 1416 2876 124 2875 123 2877 1416 2876 123 2877 1417 2878 1417 2878 123 2877 122 2879 1417 2878 122 2879 1418 2880 1418 2880 122 2879 121 2881 1418 2880 121 2881 1419 2882 1419 2882 121 2881 120 2883 1419 2882 120 2883 1420 2884 1420 2884 120 2883 119 2885 1420 2884 119 2885 1421 2886 1421 2886 119 2885 118 2887 1421 2886 118 2887 117 2781 1422 2783 1421 2886 117 2781 1489 2819 1488 2888 145 2812 145 2812 1488 2888 1487 2813 1485 2815 1484 2889 146 2808 146 2808 1484 2889 1483 2890 146 2808 1483 2890 1482 2891 1482 2891 1481 2892 146 2808 146 2808 1481 2892 1480 2809 1478 2811 1477 2893 147 2807 147 2807 1477 2893 1551 2805 1553 2894 1554 2895 1552 2896 1552 2896 1554 2895 1555 2897 1552 2896 1555 2897 1556 2898 1556 2898 1557 2899 1552 2896 1552 2896 1557 2899 1558 2900 1552 2896 1558 2900 1559 2901 1559 2901 1560 2902 1552 2896 1552 2896 1560 2902 1561 2903 1552 2896 1561 2903 1562 2904 1562 2904 1563 2905 1552 2896 1552 2896 1563 2905 1564 2906 1552 2896 1564 2906 1565 2907 1565 2907 1566 2908 1552 2896 1552 2896 1566 2908 1567 2909 1552 2896 1567 2909 1568 2910 1568 2910 1569 2911 1552 2896 1552 2896 1569 2911 1570 2912 1400 2628 1427 2627 1595 2913 1595 2913 1427 2627 1571 2914 1595 2913 1571 2914 1573 2915 1573 2915 1571 2914 1572 2916 1595 2913 1573 2915 1594 2917 1594 2917 1573 2915 1574 2918 1594 2917 1574 2918 1593 2919 1593 2919 1574 2918 1575 2920 1593 2919 1575 2920 1592 2921 1592 2921 1575 2920 1576 2922 1592 2921 1576 2922 1591 2923 1591 2923 1576 2922 1577 2924 1591 2923 1577 2924 1590 2925 1590 2925 1577 2924 1578 2926 1590 2925 1578 2926 1589 2927 1589 2927 1578 2926 1579 2928 1589 2927 1579 2928 1588 2929 1588 2929 1579 2928 1580 2930 1588 2929 1580 2930 1587 2931 1587 2931 1580 2930 1581 2932 1587 2931 1581 2932 1586 2933 1586 2933 1581 2932 1582 2934 1586 2933 1582 2934 1585 2935 1585 2935 1582 2934 1583 2936 1585 2935 1583 2936 1553 2937 1553 2937 1583 2936 1584 2938 1553 2937 1552 2939 1585 2935 1427 2940 1539 2941 1571 2942 1571 2942 1539 2941 1596 2943 1570 2912 1597 2944 1614 2945 1614 2945 1597 2944 1598 2946 1614 2945 1598 2946 1599 2947 1599 2947 1600 2948 1614 2945 1614 2945 1600 2948 1601 2949 1614 2945 1601 2949 1602 2950 1602 2950 1603 2951 1614 2945 1614 2945 1603 2951 1604 2952 1614 2945 1604 2952 1605 2953 1605 2953 1606 2954 1614 2945 1614 2945 1606 2954 1607 2955 1614 2945 1607 2955 1608 2956 1608 2956 1609 2957 1614 2945 1614 2945 1609 2957 1610 2958 1614 2945 1610 2958 1611 2959 1611 2959 1612 2960 1614 2945 1614 2945 1612 2960 1613 2961 1314 2962 1526 2963 1315 2964 1315 2964 1526 2963 1476 2965 1315 2964 1476 2965 1316 2966 1316 2966 1476 2965 1475 2967 1316 2966 1475 2967 1317 2968 1317 2968 1475 2967 1474 2969 1317 2968 1474 2969 1318 2970 1318 2970 1474 2969 1473 2971 1318 2970 1473 2971 1319 2972 1319 2972 1473 2971 1472 2973 1319 2972 1472 2973 1471 2974 1526 2963 1314 2962 1527 2975 1527 2975 1314 2962 1313 2976 1527 2975 1313 2976 1528 2977 1528 2977 1313 2976 1312 2978 1528 2977 1312 2978 1529 2979 1529 2979 1312 2978 1311 2980 1529 2979 1311 2980 1310 2981 1529 2979 1310 2981 1530 2982 1530 2982 1310 2981 1309 2983 1530 2982 1309 2983 1531 2984 1531 2984 1309 2983 1308 2985 1531 2984 1308 2985 1532 2986 1532 2986 1308 2985 1307 2987 1532 2986 1307 2987 1533 2988 1533 2988 1307 2987 1306 2989 1533 2988 1306 2989 1534 2990 1534 2990 1306 2989 1305 2991 1534 2990 1305 2991 1535 2992 1535 2992 1305 2991 1304 2993 1535 2992 1304 2993 1303 2994 1535 2992 1303 2994 1536 2995 1536 2995 1303 2994 1302 2996 1536 2995 1302 2996 1537 2997 1537 2997 1302 2996 1301 2998 1537 2997 1301 2998 1538 2999 1538 2999 1301 2998 1399 3000 1538 2999 1399 3000 1625 3001 1625 3001 1399 3000 1398 3002 1625 3001 1398 3002 1624 3003 1624 3003 1398 3002 1397 3004 1624 3003 1397 3004 1623 3005 1623 3005 1397 3004 1622 3006 1622 3006 1397 3004 1396 3007 1622 3006 1396 3007 1621 3008 1621 3008 1396 3007 1395 3009 1621 3008 1395 3009 1620 3010 1620 3010 1395 3009 1394 3011 1620 3010 1394 3011 1619 3012 1619 3012 1394 3011 1393 3013 1619 3012 1393 3013 1618 3014 1618 3014 1393 3013 1392 3015 1618 3014 1392 3015 1617 3016 1617 3016 1392 3015 1616 3017 1616 3017 1392 3015 1391 3018 1616 3017 1391 3018 1615 3019 1615 3019 1391 3018 1390 3020 1615 3019 1390 3020 1614 3021 1614 3021 1390 3020 1389 3022 1614 3021 1389 3022 1570 3023 1570 3023 1389 3022 1388 3024 1570 3023 1388 3024 1552 3025 1552 3025 1388 3024 1387 3026 1552 3025 1387 3026 1585 3027 1585 3027 1387 3026 1386 3028 1585 3027 1386 3028 1586 3029 1586 3029 1386 3028 1385 3030 1586 3029 1385 3030 1587 3031 1587 3031 1385 3030 1588 3032 1588 3032 1385 3030 1384 3033 1588 3032 1384 3033 1589 3034 1589 3034 1384 3033 1383 3035 1589 3034 1383 3035 1590 3036 1590 3036 1383 3035 1382 3037 1590 3036 1382 3037 1591 3038 1591 3038 1382 3037 1381 3039 1591 3038 1381 3039 1592 3040 1592 3040 1381 3039 1380 3041 1592 3040 1380 3041 1593 3042 1593 3042 1380 3041 1594 3043 1594 3043 1380 3041 1379 3044 1594 3043 1379 3044 1595 3045 1595 3045 1379 3044 1378 3046 1595 3045 1378 3046 1400 3047 1400 3047 1378 3046 1377 3048 1400 3047 1377 3048 1401 3049 1401 3049 1377 3048 1376 3050 1401 3049 1376 3050 1402 3051 1402 3051 1376 3050 1375 3052 1402 3051 1375 3052 1403 3053 1403 3053 1375 3052 1374 3054 1403 3053 1374 3054 1373 3055 1403 3053 1373 3055 1404 3056 1404 3056 1373 3055 1372 3057 1404 3056 1372 3057 1405 3058 1405 3058 1372 3057 1371 3059 1405 3058 1371 3059 1406 3060 1406 3060 1371 3059 1370 3061 1406 3060 1370 3061 1407 3062 1407 3062 1370 3061 1369 3063 1407 3062 1369 3063 1408 3064 1408 3064 1369 3063 1368 3065 1408 3064 1368 3065 1409 3066 1409 3066 1368 3065 1367 3067 1409 3066 1367 3067 1366 3068 1409 3066 1366 3068 1410 3069 1410 3069 1366 3068 1365 3070 1410 3069 1365 3070 1411 3071 1411 3071 1365 3070 1364 3072 1411 3071 1364 3072 1412 3073 1412 3073 1364 3072 1363 3074 1412 3073 1363 3074 1413 3075 1413 3075 1363 3074 1362 3076 1413 3075 1362 3076 1428 3077 1428 3077 1362 3076 1361 3078 1428 3077 1361 3078 1429 3079 1429 3079 1361 3078 1360 3080 1429 3079 1360 3080 1430 3081 1430 3081 1360 3080 1359 3082 1430 3081 1359 3082 1431 3083 1431 3083 1359 3082 1432 3084 1432 3084 1359 3082 1358 3085 1432 3084 1358 3085 1433 3086 1433 3086 1358 3085 1357 3087 1433 3086 1357 3087 1434 3088 1434 3088 1357 3087 1356 3089 1434 3088 1356 3089 1435 3090 1435 3090 1356 3089 1355 3091 1435 3090 1355 3091 1436 3092 1436 3092 1355 3091 1354 3093 1436 3092 1354 3093 1437 3094 1437 3094 1354 3093 1353 3095 1437 3094 1353 3095 1438 3096 1438 3096 1353 3095 1352 3097 1438 3096 1352 3097 1439 3098 1439 3098 1352 3097 1351 3099 1439 3098 1351 3099 1440 3100 1440 3100 1351 3099 1350 3101 1440 3100 1350 3101 1441 3102 1441 3102 1350 3101 1349 3103 1441 3102 1349 3103 1442 3104 1442 3104 1349 3103 1348 3105 1442 3104 1348 3105 1443 3106 1443 3106 1348 3105 1347 3107 1443 3106 1347 3107 1444 3108 1444 3108 1347 3107 1346 3109 1444 3108 1346 3109 1445 3110 1445 3110 1346 3109 1345 3111 1445 3110 1345 3111 1446 3112 1446 3112 1345 3111 1344 3113 1446 3112 1344 3113 1447 3114 1447 3114 1344 3113 1343 3115 1447 3114 1343 3115 1448 3116 1448 3116 1343 3115 1342 3117 1448 3116 1342 3117 1449 3118 1449 3118 1342 3117 1341 3119 1449 3118 1341 3119 1450 3120 1450 3120 1341 3119 1340 3121 1450 3120 1340 3121 1451 3122 1451 3122 1340 3121 1339 3123 1451 3122 1339 3123 1452 3124 1452 3124 1339 3123 1338 3125 1452 3124 1338 3125 1453 3126 1453 3126 1338 3125 1337 3127 1453 3126 1337 3127 1454 3128 1454 3128 1337 3127 1336 3129 1454 3128 1336 3129 1455 3130 1455 3130 1336 3129 1335 3131 1455 3130 1335 3131 1456 3132 1456 3132 1335 3131 1334 3133 1456 3132 1334 3133 1457 3134 1457 3134 1334 3133 1333 3135 1457 3134 1333 3135 1458 3136 1458 3136 1333 3135 1332 3137 1458 3136 1332 3137 1459 3138 1459 3138 1332 3137 1331 3139 1459 3138 1331 3139 1460 3140 1460 3140 1331 3139 1330 3141 1460 3140 1330 3141 1461 3142 1461 3142 1330 3141 1329 3143 1461 3142 1329 3143 1462 3144 1462 3144 1329 3143 1328 3145 1462 3144 1328 3145 1463 3146 1463 3146 1328 3145 1327 3147 1463 3146 1327 3147 1464 3148 1464 3148 1327 3147 1326 3149 1464 3148 1326 3149 1465 3150 1465 3150 1326 3149 1325 3151 1465 3150 1325 3151 1466 3152 1466 3152 1325 3151 1324 3153 1466 3152 1324 3153 1467 3154 1467 3154 1324 3153 1323 3155 1467 3154 1323 3155 1468 3156 1468 3156 1323 3155 1322 3157 1468 3156 1322 3157 1469 3158 1469 3158 1322 3157 1321 3159 1469 3158 1321 3159 1470 3160 1470 3160 1321 3159 1320 3161 1470 3160 1320 3161 1471 2974 1471 2974 1320 3161 1319 2972 77 3162 1694 3163 39 3164 39 3164 1694 3163 1695 3165 39 3164 1695 3165 1630 3166 1630 3166 1695 3165 1696 3167 1630 3166 1696 3167 1629 3168 1629 3168 1696 3167 1697 3169 1629 3168 1697 3169 1628 3170 1628 3170 1697 3169 1698 3171 1628 3170 1698 3171 1627 3172 1627 3172 1698 3171 1699 3173 1627 3172 1699 3173 1626 3174 1626 3174 1699 3173 1571 3175 1626 3174 1571 3175 1596 3176 77 3162 76 3177 1694 3163 1694 3163 76 3177 1693 3178 1693 3178 76 3177 75 3179 1693 3178 75 3179 1692 3180 1692 3180 75 3179 74 3181 1692 3180 74 3181 1691 3182 1691 3182 74 3181 73 3183 1691 3182 73 3183 1690 3184 1690 3184 73 3183 72 3185 1690 3184 72 3185 1689 3186 1689 3186 72 3185 71 3187 1689 3186 71 3187 1688 3188 1688 3188 71 3187 70 3189 1688 3188 70 3189 69 3190 68 3191 1684 3192 69 3190 69 3190 1684 3192 1685 3193 69 3190 1685 3193 1686 3194 67 3195 1677 3196 68 3191 68 3191 1677 3196 1678 3197 68 3191 1678 3197 1679 3198 66 3199 1673 3200 67 3195 67 3195 1673 3200 1674 3201 67 3195 1674 3201 1675 3202 65 3203 1671 3204 66 3199 66 3199 1671 3204 1672 3205 66 3199 1672 3205 1673 3200 1671 3204 65 3203 1670 3206 1670 3206 65 3203 64 3207 1670 3206 64 3207 1669 3208 1669 3208 64 3207 1668 3209 1668 3209 64 3207 63 3210 1668 3209 63 3210 1667 3211 1667 3211 63 3210 62 3212 1667 3211 62 3212 1666 3213 1666 3213 62 3212 61 3214 1666 3213 61 3214 1665 3215 1665 3215 61 3214 60 3216 1665 3215 60 3216 1664 3217 1664 3217 60 3216 59 3218 1664 3217 59 3218 1663 3219 1663 3219 59 3218 58 3220 1663 3219 58 3220 1662 3221 1662 3221 58 3220 1661 3222 1661 3222 58 3220 57 3223 1661 3222 57 3223 1660 3224 1660 3224 57 3223 56 3225 1660 3224 56 3225 1659 3226 1659 3226 56 3225 55 3227 1659 3226 55 3227 1658 3228 1658 3228 55 3227 54 3229 1658 3228 54 3229 1657 3230 1657 3230 54 3229 53 3231 1657 3230 53 3231 1656 3232 1656 3232 53 3231 1655 3233 1655 3233 53 3231 52 3234 1655 3233 52 3234 1654 3235 1654 3235 52 3234 51 3236 1654 3235 51 3236 1653 3237 1653 3237 51 3236 1652 3238 1652 3238 51 3236 50 3239 1652 3238 50 3239 1651 3240 1651 3240 50 3239 1650 3241 1650 3241 50 3239 1649 3242 1649 3242 50 3239 1648 3243 1648 3243 50 3239 49 3244 1648 3243 49 3244 1647 3245 1647 3245 49 3244 1646 3246 1646 3246 49 3244 1645 3247 1645 3247 49 3244 1644 3248 1644 3248 49 3244 1643 3249 1643 3249 49 3244 1642 3250 1642 3250 49 3244 1641 3251 1641 3251 49 3244 48 3252 1641 3251 48 3252 1640 3253 1640 3253 48 3252 1639 3254 1639 3254 48 3252 1638 3255 1638 3255 48 3252 1637 3256 1637 3256 48 3252 47 3257 1637 3256 47 3257 46 3258 1637 3256 46 3258 1636 3259 1636 3259 46 3258 45 3260 1636 3259 45 3260 1635 3261 1635 3261 45 3260 44 3262 1635 3261 44 3262 1634 3263 1634 3263 44 3262 43 3264 1634 3263 43 3264 1633 3265 1633 3265 43 3264 42 3266 1633 3265 42 3266 1632 3267 1632 3267 42 3266 41 3268 1632 3267 41 3268 1631 3269 1631 3269 41 3268 40 3270 1631 3269 40 3270 39 3164 1630 3166 1631 3269 39 3164 1675 3202 1676 3271 67 3195 67 3195 1676 3271 1677 3196 1679 3198 1680 3272 68 3191 68 3191 1680 3272 1681 3273 68 3191 1681 3273 1682 3274 1682 3274 1683 3275 68 3191 68 3191 1683 3275 1684 3192 1686 3194 1687 3276 69 3190 69 3190 1687 3276 1688 3188 1700 3277 1701 3278 1709 3279 1709 3279 1701 3278 1702 3280 1709 3279 1702 3280 1704 3281 1704 3281 1702 3280 1703 3282 1709 3279 1704 3281 1708 3283 1708 3283 1704 3281 1705 3284 1708 3283 1705 3284 1707 3285 1707 3285 1705 3284 1706 3286 1710 3287 1711 3288 1713 3289 1713 3289 1711 3288 1712 3290 1715 3291 1764 3292 1714 3293 1714 3293 1764 3292 1765 3294 1714 3293 1765 3294 1745 3295 1745 3295 1765 3294 1744 3296 1744 3296 1765 3294 1766 3297 1744 3296 1766 3297 1743 3298 1743 3298 1766 3297 1767 3299 1743 3298 1767 3299 1742 3300 1742 3300 1767 3299 1741 3301 1741 3301 1767 3299 1768 3302 1741 3301 1768 3302 1740 3303 1740 3303 1768 3302 1769 3304 1740 3303 1769 3304 1739 3305 1739 3305 1769 3304 1746 3306 1739 3305 1746 3306 1738 3307 1738 3307 1746 3306 1737 3308 1737 3308 1746 3306 1747 3309 1737 3308 1747 3309 1736 3310 1736 3310 1747 3309 1748 3311 1736 3310 1748 3311 1735 3312 1735 3312 1748 3311 1749 3313 1735 3312 1749 3313 1734 3314 1734 3314 1749 3313 1750 3315 1734 3314 1750 3315 1733 3316 1733 3316 1750 3315 1732 3317 1732 3317 1750 3315 1751 3318 1732 3317 1751 3318 1731 3319 1731 3319 1751 3318 1752 3320 1731 3319 1752 3320 1730 3321 1730 3321 1752 3320 1729 3322 1729 3322 1752 3320 1753 3323 1729 3322 1753 3323 1728 3324 1728 3324 1753 3323 1754 3325 1728 3324 1754 3325 1727 3326 1727 3326 1754 3325 1755 3327 1727 3326 1755 3327 1726 3328 1726 3328 1755 3327 1725 3329 1725 3329 1755 3327 1756 3330 1725 3329 1756 3330 1724 3331 1724 3331 1756 3330 1757 3332 1724 3331 1757 3332 1723 3333 1723 3333 1757 3332 1758 3334 1723 3333 1758 3334 1722 3335 1722 3335 1758 3334 1759 3336 1722 3335 1759 3336 1721 3337 1721 3337 1759 3336 1720 3338 1720 3338 1759 3336 1760 3339 1720 3338 1760 3339 1719 3340 1719 3340 1760 3339 1761 3341 1719 3340 1761 3341 1718 3342 1718 3342 1761 3341 1762 3343 1718 3342 1762 3343 1717 3344 1717 3344 1762 3343 1716 3345 1716 3345 1762 3343 1763 3346 1716 3345 1763 3346 1715 3291 1715 3291 1763 3346 1764 3292 1770 3347 1815 3348 1703 3349 1703 3349 1815 3348 1816 3350 1703 3349 1816 3350 1704 3351 1704 3351 1816 3350 1817 3352 1704 3351 1817 3352 1705 3353 1705 3353 1817 3352 1818 3354 1705 3353 1818 3354 1706 3355 1706 3355 1818 3354 1795 3356 1706 3355 1795 3356 1707 3357 1707 3357 1795 3356 1796 3358 1707 3357 1796 3358 1708 3359 1708 3359 1796 3358 1797 3360 1708 3359 1797 3360 1709 3361 1709 3361 1797 3360 1798 3362 1709 3361 1798 3362 1700 3363 1700 3363 1798 3362 1799 3364 1700 3363 1799 3364 1794 3365 1794 3365 1799 3364 1793 3366 1793 3366 1799 3364 1800 3367 1793 3366 1800 3367 1792 3368 1792 3368 1800 3367 1801 3369 1792 3368 1801 3369 1791 3370 1791 3370 1801 3369 1802 3371 1791 3370 1802 3371 1790 3372 1790 3372 1802 3371 1803 3373 1790 3372 1803 3373 1789 3374 1789 3374 1803 3373 1788 3375 1788 3375 1803 3373 1804 3376 1788 3375 1804 3376 1787 3377 1787 3377 1804 3376 1786 3378 1786 3378 1804 3376 1805 3379 1786 3378 1805 3379 1785 3380 1785 3380 1805 3379 1806 3381 1785 3380 1806 3381 1784 3382 1784 3382 1806 3381 1783 3383 1783 3383 1806 3381 1807 3384 1783 3383 1807 3384 1782 3385 1782 3385 1807 3384 1781 3386 1781 3386 1807 3384 1808 3387 1781 3386 1808 3387 1780 3388 1780 3388 1808 3387 1779 3389 1779 3389 1808 3387 1809 3390 1779 3389 1809 3390 1778 3391 1778 3391 1809 3390 1810 3392 1778 3391 1810 3392 1777 3393 1777 3393 1810 3392 1776 3394 1776 3394 1810 3392 1811 3395 1776 3394 1811 3395 1775 3396 1775 3396 1811 3395 1774 3397 1774 3397 1811 3395 1812 3398 1774 3397 1812 3398 1773 3399 1773 3399 1812 3398 1813 3400 1773 3399 1813 3400 1772 3401 1772 3401 1813 3400 1814 3402 1772 3401 1814 3402 1771 3403 1771 3403 1814 3402 1815 3348 1771 3403 1815 3348 1770 3347 1819 3404 1804 3405 1712 3406 1712 3406 1804 3405 1803 3407 1712 3406 1803 3407 1713 3408 1713 3408 1803 3407 1802 3409 1713 3408 1802 3409 1801 3410 1820 3411 1807 3412 1819 3404 1819 3404 1807 3412 1806 3413 1819 3404 1806 3413 1805 3414 1821 3415 1810 3416 1820 3411 1820 3411 1810 3416 1809 3417 1820 3411 1809 3417 1808 3418 1810 3416 1821 3415 1811 3419 1811 3419 1821 3415 1822 3420 1811 3419 1822 3420 1812 3421 1812 3421 1822 3420 1813 3422 1813 3422 1822 3420 1823 3423 1813 3422 1823 3423 1814 3424 1814 3424 1823 3423 1824 3425 1814 3424 1824 3425 1815 3426 1815 3426 1824 3425 1825 3427 1815 3426 1825 3427 1816 3428 1816 3428 1825 3427 1826 3429 1816 3428 1826 3429 1817 3430 1817 3430 1826 3429 1827 3431 1817 3430 1827 3431 1818 3432 1818 3432 1827 3431 1828 3433 1818 3432 1828 3433 1795 3434 1795 3434 1828 3433 1829 3435 1795 3434 1829 3435 1796 3436 1796 3436 1829 3435 1830 3437 1796 3436 1830 3437 1797 3438 1797 3438 1830 3437 1831 3439 1797 3438 1831 3439 1798 3440 1798 3440 1831 3439 1832 3441 1798 3440 1832 3441 1799 3442 1799 3442 1832 3441 1833 3443 1799 3442 1833 3443 1800 3444 1800 3444 1833 3443 1834 3445 1800 3444 1834 3445 1801 3410 1801 3410 1834 3445 1713 3408 1808 3418 1807 3412 1820 3411 1805 3414 1804 3405 1819 3404 1835 3446 1836 3447 1822 3448 1822 3448 1836 3447 1823 3449 1823 3449 1836 3447 1837 3450 1823 3449 1837 3450 1824 3451 1824 3451 1837 3450 1838 3452 1824 3451 1838 3452 1825 3453 1825 3453 1838 3452 1839 3454 1825 3453 1839 3454 1826 3455 1826 3455 1839 3454 1840 3456 1826 3455 1840 3456 1841 3457 1826 3455 1841 3457 1827 3458 1827 3458 1841 3457 1842 3459 1827 3458 1842 3459 1828 3460 1828 3460 1842 3459 1843 3461 1828 3460 1843 3461 1829 3462 1829 3462 1843 3461 1844 3463 1829 3462 1844 3463 1830 3464 1830 3464 1844 3463 1845 3465 1830 3464 1845 3465 1831 3466 1831 3466 1845 3465 1846 3467 1831 3466 1846 3467 1847 3468 1831 3466 1847 3468 1832 3469 1832 3469 1847 3468 1848 3470 1832 3469 1848 3470 1833 3471 1833 3471 1848 3470 1849 3472 1833 3471 1849 3472 1834 3473 1834 3473 1849 3472 1850 3474 1834 3473 1850 3474 1713 3475 1713 3475 1850 3474 1710 3476 1821 3477 1851 3478 1822 3479 1822 3479 1851 3478 1835 3480 1769 3481 1759 3482 1746 3483 1746 3483 1759 3482 1758 3484 1746 3483 1758 3484 1747 3485 1747 3485 1758 3484 1757 3486 1747 3485 1757 3486 1748 3487 1748 3487 1757 3486 1756 3488 1748 3487 1756 3488 1749 3489 1749 3489 1756 3488 1755 3490 1749 3489 1755 3490 1750 3491 1750 3491 1755 3490 1754 3492 1750 3491 1754 3492 1751 3493 1751 3493 1754 3492 1753 3494 1751 3493 1753 3494 1752 3495 1759 3482 1769 3481 1760 3496 1760 3496 1769 3481 1768 3497 1760 3496 1768 3497 1761 3498 1761 3498 1768 3497 1767 3499 1761 3498 1767 3499 1762 3500 1762 3500 1767 3499 1766 3501 1762 3500 1766 3501 1763 3502 1763 3502 1766 3501 1765 3503 1763 3502 1765 3503 1764 3504 1794 3505 1789 3506 1700 3507 1700 3507 1789 3506 1788 3508 1700 3507 1788 3508 1787 3509 1789 3506 1794 3505 1790 3510 1790 3510 1794 3505 1793 3511 1790 3510 1793 3511 1791 3512 1791 3512 1793 3511 1792 3513 1786 3514 1715 3515 1787 3509 1787 3509 1715 3515 1714 3516 1787 3509 1714 3516 1700 3507 1700 3507 1714 3516 1745 3517 1700 3507 1745 3517 1744 3518 1785 3519 1718 3520 1786 3514 1786 3514 1718 3520 1717 3521 1786 3514 1717 3521 1716 3522 1718 3520 1785 3519 1719 3523 1719 3523 1785 3519 1784 3524 1719 3523 1784 3524 1720 3525 1720 3525 1784 3524 1783 3526 1720 3525 1783 3526 1721 3527 1721 3527 1783 3526 1722 3528 1722 3528 1783 3526 1782 3529 1722 3528 1782 3529 1723 3530 1723 3530 1782 3529 1781 3531 1723 3530 1781 3531 1724 3532 1724 3532 1781 3531 1780 3533 1724 3532 1780 3533 1725 3534 1725 3534 1780 3533 1726 3535 1726 3535 1780 3533 1779 3536 1726 3535 1779 3536 1727 3537 1727 3537 1779 3536 1778 3538 1727 3537 1778 3538 1728 3539 1728 3539 1778 3538 1729 3540 1729 3540 1778 3538 1730 3541 1730 3541 1778 3538 1777 3542 1730 3541 1777 3542 1731 3543 1731 3543 1777 3542 1776 3544 1731 3543 1776 3544 1732 3545 1732 3545 1776 3544 1703 3546 1732 3545 1703 3546 1733 3547 1733 3547 1703 3546 1702 3548 1733 3547 1702 3548 1734 3549 1734 3549 1702 3548 1735 3550 1735 3550 1702 3548 1736 3551 1736 3551 1702 3548 1737 3552 1737 3552 1702 3548 1738 3553 1738 3553 1702 3548 1701 3554 1738 3553 1701 3554 1739 3555 1739 3555 1701 3554 1740 3556 1740 3556 1701 3554 1741 3557 1741 3557 1701 3554 1742 3558 1742 3558 1701 3554 1700 3507 1742 3558 1700 3507 1743 3559 1743 3559 1700 3507 1744 3518 1776 3544 1775 3560 1703 3546 1703 3546 1775 3560 1770 3561 1770 3561 1775 3560 1774 3562 1770 3561 1774 3562 1771 3563 1771 3563 1774 3562 1773 3564 1771 3563 1773 3564 1772 3565 1716 3522 1715 3515 1786 3514 1853 3566 1910 3567 1852 3568 1852 3568 1910 3567 1911 3569 1852 3568 1911 3569 1875 3570 1875 3570 1911 3569 1876 3571 1875 3570 1876 3571 1874 3572 1874 3572 1876 3571 1877 3573 1874 3572 1877 3573 1878 3574 1910 3567 1853 3566 1909 3575 1909 3575 1853 3566 1854 3576 1909 3575 1854 3576 1908 3577 1908 3577 1854 3576 1855 3578 1908 3577 1855 3578 1907 3579 1907 3579 1855 3578 1906 3580 1906 3580 1855 3578 1856 3581 1906 3580 1856 3581 1905 3582 1905 3582 1856 3581 1857 3583 1905 3582 1857 3583 1904 3584 1904 3584 1857 3583 1903 3585 1903 3585 1857 3583 1858 3586 1903 3585 1858 3586 1902 3587 1902 3587 1858 3586 1901 3588 1901 3588 1858 3586 1859 3589 1901 3588 1859 3589 1900 3590 1900 3590 1859 3589 1860 3591 1900 3590 1860 3591 1899 3592 1899 3592 1860 3591 1898 3593 1898 3593 1860 3591 1861 3594 1898 3593 1861 3594 1897 3595 1897 3595 1861 3594 1862 3596 1897 3595 1862 3596 1896 3597 1896 3597 1862 3596 1895 3598 1895 3598 1862 3596 1863 3599 1895 3598 1863 3599 1894 3600 1894 3600 1863 3599 1864 3601 1894 3600 1864 3601 1893 3602 1893 3602 1864 3601 1892 3603 1892 3603 1864 3601 1865 3604 1892 3603 1865 3604 1891 3605 1891 3605 1865 3604 1866 3606 1891 3605 1866 3606 1890 3607 1890 3607 1866 3606 1889 3608 1889 3608 1866 3606 1867 3609 1889 3608 1867 3609 1888 3610 1888 3610 1867 3609 1868 3611 1888 3610 1868 3611 1887 3612 1887 3612 1868 3611 1886 3613 1886 3613 1868 3611 1869 3614 1886 3613 1869 3614 1885 3615 1885 3615 1869 3614 1884 3616 1884 3616 1869 3614 1870 3617 1884 3616 1870 3617 1883 3618 1883 3618 1870 3617 1871 3619 1883 3618 1871 3619 1882 3620 1882 3620 1871 3619 1881 3621 1881 3621 1871 3619 1872 3622 1881 3621 1872 3622 1880 3623 1880 3623 1872 3622 1873 3624 1880 3623 1873 3624 1879 3625 1879 3625 1873 3624 1878 3574 1878 3574 1873 3624 1874 3572 1913 3626 1962 3627 1912 3628 1912 3628 1962 3627 1963 3629 1912 3628 1963 3629 1942 3630 1942 3630 1963 3629 1964 3631 1942 3630 1964 3631 1941 3632 1941 3632 1964 3631 1965 3633 1941 3632 1965 3633 1940 3634 1940 3634 1965 3633 1966 3635 1940 3634 1966 3635 1939 3636 1939 3636 1966 3635 1938 3637 1938 3637 1966 3635 1943 3638 1938 3637 1943 3638 1937 3639 1937 3639 1943 3638 1944 3640 1937 3639 1944 3640 1936 3641 1936 3641 1944 3640 1945 3642 1936 3641 1945 3642 1935 3643 1935 3643 1945 3642 1946 3644 1935 3643 1946 3644 1934 3645 1934 3645 1946 3644 1947 3646 1934 3645 1947 3646 1933 3647 1933 3647 1947 3646 1948 3648 1933 3647 1948 3648 1932 3649 1932 3649 1948 3648 1949 3650 1932 3649 1949 3650 1931 3651 1931 3651 1949 3650 1950 3652 1931 3651 1950 3652 1930 3653 1930 3653 1950 3652 1951 3654 1930 3653 1951 3654 1929 3655 1929 3655 1951 3654 1952 3656 1929 3655 1952 3656 1928 3657 1928 3657 1952 3656 1927 3658 1927 3658 1952 3656 1953 3659 1927 3658 1953 3659 1926 3660 1926 3660 1953 3659 1925 3661 1925 3661 1953 3659 1954 3662 1925 3661 1954 3662 1924 3663 1924 3663 1954 3662 1923 3664 1923 3664 1954 3662 1955 3665 1923 3664 1955 3665 1922 3666 1922 3666 1955 3665 1921 3667 1921 3667 1955 3665 1956 3668 1921 3667 1956 3668 1920 3669 1920 3669 1956 3668 1919 3670 1919 3670 1956 3668 1957 3671 1919 3670 1957 3671 1918 3672 1918 3672 1957 3671 1917 3673 1917 3673 1957 3671 1958 3674 1917 3673 1958 3674 1916 3675 1916 3675 1958 3674 1959 3676 1916 3675 1959 3676 1915 3677 1915 3677 1959 3676 1960 3678 1915 3677 1960 3678 1914 3679 1914 3679 1960 3678 1961 3680 1914 3679 1961 3680 1913 3626 1913 3626 1961 3680 1962 3627 1934 3681 1967 3682 1935 3683 1935 3683 1967 3682 1968 3684 1935 3683 1968 3684 1911 3685 1911 3685 1968 3684 1876 3686 1910 3687 1940 3688 1911 3685 1911 3685 1940 3688 1936 3689 1911 3685 1936 3689 1935 3683 1940 3688 1910 3687 1941 3690 1941 3690 1910 3687 1909 3691 1941 3690 1909 3691 1942 3692 1942 3692 1909 3691 1908 3693 1942 3692 1908 3693 1969 3694 1969 3694 1970 3695 1942 3692 1942 3692 1970 3695 1912 3696 1940 3688 1939 3697 1936 3689 1936 3689 1939 3697 1937 3698 1937 3698 1939 3697 1938 3699 1972 3700 1959 3701 1971 3702 1971 3702 1959 3701 1958 3703 1971 3702 1958 3703 1988 3704 1988 3704 1958 3703 1957 3705 1988 3704 1957 3705 1956 3706 1973 3707 1961 3708 1972 3700 1972 3700 1961 3708 1960 3709 1972 3700 1960 3709 1959 3701 1961 3708 1973 3707 1962 3710 1962 3710 1973 3707 1974 3711 1962 3710 1974 3711 1963 3712 1963 3712 1974 3711 1975 3713 1963 3712 1975 3713 1964 3714 1964 3714 1975 3713 1976 3715 1964 3714 1976 3715 1965 3716 1965 3716 1976 3715 1977 3717 1965 3716 1977 3717 1966 3718 1966 3718 1977 3717 1978 3719 1966 3718 1978 3719 1943 3720 1943 3720 1978 3719 1979 3721 1943 3720 1979 3721 1944 3722 1944 3722 1979 3721 1980 3723 1944 3722 1980 3723 1945 3724 1945 3724 1980 3723 1981 3725 1945 3724 1981 3725 1946 3726 1946 3726 1981 3725 1982 3727 1946 3726 1982 3727 1947 3728 1947 3728 1982 3727 1983 3729 1947 3728 1983 3729 1948 3730 1948 3730 1983 3729 1984 3731 1948 3730 1984 3731 1949 3732 1949 3732 1984 3731 1985 3733 1949 3732 1985 3733 1950 3734 1950 3734 1985 3733 1951 3735 1951 3735 1985 3733 1986 3736 1951 3735 1986 3736 1952 3737 1952 3737 1986 3736 1987 3738 1952 3737 1987 3738 1953 3739 1953 3739 1987 3738 1954 3740 1954 3740 1987 3738 1955 3741 1955 3741 1987 3738 1988 3704 1955 3741 1988 3704 1956 3706 1986 3742 1985 3743 1989 3744 1989 3745 1985 3746 2005 3747 2005 3747 1985 3746 1984 3748 2005 3747 1984 3748 2004 3749 2004 3749 1984 3748 1983 3750 2004 3749 1983 3750 2003 3751 2003 3751 1983 3750 1982 3752 2003 3751 1982 3752 2002 3753 2002 3753 1982 3752 1981 3754 2002 3753 1981 3754 2001 3755 2001 3755 1981 3754 2000 3756 2000 3756 1981 3754 1980 3757 2000 3756 1980 3757 1999 3758 1999 3758 1980 3757 1979 3759 1999 3758 1979 3759 1998 3760 1998 3760 1979 3759 1978 3761 1998 3760 1978 3761 1997 3762 1997 3762 1978 3761 1977 3763 1997 3762 1977 3763 1996 3764 1996 3764 1977 3763 1976 3765 1996 3764 1976 3765 1995 3766 1995 3766 1976 3765 1994 3767 1994 3767 1976 3765 1975 3768 1994 3767 1975 3768 1993 3769 1993 3769 1975 3768 1974 3770 1993 3769 1974 3770 1992 3771 1992 3771 1974 3770 1973 3772 1992 3771 1973 3772 1991 3773 1991 3773 1973 3772 1972 3774 1991 3773 1972 3774 1990 3775 1990 3776 1972 3777 2006 3778 2006 3778 1972 3777 1971 3779 1875 3780 1865 3781 1852 3782 1852 3782 1865 3781 1864 3783 1852 3782 1864 3783 1853 3784 1853 3784 1864 3783 1863 3785 1853 3784 1863 3785 1854 3786 1854 3786 1863 3785 1862 3787 1854 3786 1862 3787 1855 3788 1855 3788 1862 3787 1861 3789 1855 3788 1861 3789 1856 3790 1856 3790 1861 3789 1860 3791 1856 3790 1860 3791 1857 3792 1857 3792 1860 3791 1859 3793 1857 3792 1859 3793 1858 3794 1865 3781 1875 3780 1866 3795 1866 3795 1875 3780 1874 3796 1866 3795 1874 3796 1867 3797 1867 3797 1874 3796 1873 3798 1867 3797 1873 3798 1868 3799 1868 3799 1873 3798 1872 3800 1868 3799 1872 3800 1869 3801 1869 3801 1872 3800 1871 3802 1869 3801 1871 3802 1870 3803 1933 3804 1930 3805 1934 3806 1934 3806 1930 3805 1929 3807 1934 3806 1929 3807 1967 3808 1967 3808 1929 3807 1928 3809 1967 3808 1928 3809 1882 3810 1882 3810 1928 3809 1883 3811 1883 3811 1928 3809 1927 3812 1883 3811 1927 3812 1884 3813 1884 3813 1927 3812 1885 3814 1885 3814 1927 3812 1886 3815 1886 3815 1927 3812 1926 3816 1886 3815 1926 3816 1887 3817 1887 3817 1926 3816 1888 3818 1888 3818 1926 3816 1925 3819 1888 3818 1925 3819 1889 3820 1889 3820 1925 3819 1890 3821 1890 3821 1925 3819 1924 3822 1890 3821 1924 3822 1891 3823 1891 3823 1924 3822 1923 3824 1891 3823 1923 3824 1892 3825 1892 3825 1923 3824 1893 3826 1893 3826 1923 3824 1922 3827 1893 3826 1922 3827 1894 3828 1894 3828 1922 3827 1921 3829 1894 3828 1921 3829 1895 3830 1895 3830 1921 3829 1920 3831 1895 3830 1920 3831 1896 3832 1896 3832 1920 3831 1897 3833 1897 3833 1920 3831 1919 3834 1897 3833 1919 3834 1898 3835 1898 3835 1919 3834 1899 3836 1899 3836 1919 3834 1900 3837 1900 3837 1919 3834 1918 3838 1900 3837 1918 3838 1901 3839 1901 3839 1918 3838 1970 3840 1901 3839 1970 3840 1902 3841 1902 3841 1970 3840 1903 3842 1903 3842 1970 3840 1904 3843 1904 3843 1970 3840 1905 3844 1905 3844 1970 3840 1969 3845 1905 3844 1969 3845 1906 3846 1906 3846 1969 3845 1907 3847 1907 3847 1969 3845 1908 3848 1932 3849 1931 3850 1933 3804 1933 3804 1931 3850 1930 3805 1918 3838 1917 3851 1970 3840 1970 3840 1917 3851 1912 3852 1912 3852 1917 3851 1916 3853 1912 3852 1916 3853 1913 3854 1913 3854 1916 3853 1915 3855 1913 3854 1915 3855 1914 3856 1882 3810 1881 3857 1967 3808 1967 3808 1881 3857 1968 3858 1968 3858 1881 3857 1880 3859 1968 3858 1880 3859 1879 3860 1879 3860 1878 3861 1968 3858 1968 3858 1878 3861 1877 3862 1968 3858 1877 3862 1876 3863 2008 3864 2065 3865 2007 3866 2007 3866 2065 3865 2066 3867 2007 3866 2066 3867 2030 3868 2030 3868 2066 3867 2031 3869 2030 3868 2031 3869 2029 3870 2029 3870 2031 3869 2032 3871 2029 3870 2032 3871 2033 3872 2065 3865 2008 3864 2064 3873 2064 3873 2008 3864 2009 3874 2064 3873 2009 3874 2063 3875 2063 3875 2009 3874 2010 3876 2063 3875 2010 3876 2062 3877 2062 3877 2010 3876 2061 3878 2061 3878 2010 3876 2011 3879 2061 3878 2011 3879 2060 3880 2060 3880 2011 3879 2012 3881 2060 3880 2012 3881 2059 3882 2059 3882 2012 3881 2058 3883 2058 3883 2012 3881 2013 3884 2058 3883 2013 3884 2057 3885 2057 3885 2013 3884 2056 3886 2056 3886 2013 3884 2014 3887 2056 3886 2014 3887 2055 3888 2055 3888 2014 3887 2015 3889 2055 3888 2015 3889 2054 3890 2054 3890 2015 3889 2053 3891 2053 3891 2015 3889 2016 3892 2053 3891 2016 3892 2052 3893 2052 3893 2016 3892 2017 3894 2052 3893 2017 3894 2051 3895 2051 3895 2017 3894 2050 3896 2050 3896 2017 3894 2018 3897 2050 3896 2018 3897 2049 3898 2049 3898 2018 3897 2019 3899 2049 3898 2019 3899 2048 3900 2048 3900 2019 3899 2047 3901 2047 3901 2019 3899 2020 3902 2047 3901 2020 3902 2046 3903 2046 3903 2020 3902 2021 3904 2046 3903 2021 3904 2045 3905 2045 3905 2021 3904 2044 3906 2044 3906 2021 3904 2022 3907 2044 3906 2022 3907 2043 3908 2043 3908 2022 3907 2023 3909 2043 3908 2023 3909 2042 3910 2042 3910 2023 3909 2041 3911 2041 3911 2023 3909 2024 3912 2041 3911 2024 3912 2040 3913 2040 3913 2024 3912 2039 3914 2039 3914 2024 3912 2025 3915 2039 3914 2025 3915 2038 3916 2038 3916 2025 3915 2026 3917 2038 3916 2026 3917 2037 3918 2037 3918 2026 3917 2036 3919 2036 3919 2026 3917 2027 3920 2036 3919 2027 3920 2035 3921 2035 3921 2027 3920 2028 3922 2035 3921 2028 3922 2034 3923 2034 3923 2028 3922 2033 3872 2033 3872 2028 3922 2029 3870 2068 3924 2117 3925 2067 3926 2067 3926 2117 3925 2118 3927 2067 3926 2118 3927 2097 3928 2097 3928 2118 3927 2119 3929 2097 3928 2119 3929 2096 3930 2096 3930 2119 3929 2120 3931 2096 3930 2120 3931 2095 3932 2095 3932 2120 3931 2121 3933 2095 3932 2121 3933 2094 3934 2094 3934 2121 3933 2093 3935 2093 3935 2121 3933 2098 3936 2093 3935 2098 3936 2092 3937 2092 3937 2098 3936 2099 3938 2092 3937 2099 3938 2091 3939 2091 3939 2099 3938 2100 3940 2091 3939 2100 3940 2090 3941 2090 3941 2100 3940 2101 3942 2090 3941 2101 3942 2089 3943 2089 3943 2101 3942 2102 3944 2089 3943 2102 3944 2088 3945 2088 3945 2102 3944 2103 3946 2088 3945 2103 3946 2087 3947 2087 3947 2103 3946 2104 3948 2087 3947 2104 3948 2086 3949 2086 3949 2104 3948 2105 3950 2086 3949 2105 3950 2085 3951 2085 3951 2105 3950 2106 3952 2085 3951 2106 3952 2084 3953 2084 3953 2106 3952 2107 3954 2084 3953 2107 3954 2083 3955 2083 3955 2107 3954 2082 3956 2082 3956 2107 3954 2108 3957 2082 3956 2108 3957 2081 3958 2081 3958 2108 3957 2080 3959 2080 3959 2108 3957 2109 3960 2080 3959 2109 3960 2079 3961 2079 3961 2109 3960 2078 3962 2078 3962 2109 3960 2110 3963 2078 3962 2110 3963 2077 3964 2077 3964 2110 3963 2076 3965 2076 3965 2110 3963 2111 3966 2076 3965 2111 3966 2075 3967 2075 3967 2111 3966 2074 3968 2074 3968 2111 3966 2112 3969 2074 3968 2112 3969 2073 3970 2073 3970 2112 3969 2072 3971 2072 3971 2112 3969 2113 3972 2072 3971 2113 3972 2071 3973 2071 3973 2113 3972 2114 3974 2071 3973 2114 3974 2070 3975 2070 3975 2114 3974 2115 3976 2070 3975 2115 3976 2069 3977 2069 3977 2115 3976 2116 3978 2069 3977 2116 3978 2068 3924 2068 3924 2116 3978 2117 3925 2089 3979 2122 3980 2090 3981 2090 3981 2122 3980 2123 3982 2090 3981 2123 3982 2066 3983 2066 3983 2123 3982 2031 3984 2065 3985 2095 3986 2066 3983 2066 3983 2095 3986 2091 3987 2066 3983 2091 3987 2090 3981 2095 3986 2065 3985 2096 3988 2096 3988 2065 3985 2064 3989 2096 3988 2064 3989 2097 3990 2097 3990 2064 3989 2063 3991 2097 3990 2063 3991 2124 3992 2124 3992 2125 3993 2097 3990 2097 3990 2125 3993 2067 3994 2095 3986 2094 3995 2091 3987 2091 3987 2094 3995 2092 3996 2092 3996 2094 3995 2093 3997 2127 3998 2114 3999 2126 4000 2126 4000 2114 3999 2113 4001 2126 4000 2113 4001 2143 4002 2143 4002 2113 4001 2112 4003 2143 4002 2112 4003 2111 4004 2128 4005 2116 4006 2127 3998 2127 3998 2116 4006 2115 4007 2127 3998 2115 4007 2114 3999 2116 4006 2128 4005 2117 4008 2117 4008 2128 4005 2129 4009 2117 4008 2129 4009 2118 4010 2118 4010 2129 4009 2130 4011 2118 4010 2130 4011 2119 4012 2119 4012 2130 4011 2131 4013 2119 4012 2131 4013 2120 4014 2120 4014 2131 4013 2132 4015 2120 4014 2132 4015 2121 4016 2121 4016 2132 4015 2133 4017 2121 4016 2133 4017 2098 4018 2098 4018 2133 4017 2134 4019 2098 4018 2134 4019 2099 4020 2099 4020 2134 4019 2135 4021 2099 4020 2135 4021 2100 4022 2100 4022 2135 4021 2136 4023 2100 4022 2136 4023 2101 4024 2101 4024 2136 4023 2137 4025 2101 4024 2137 4025 2102 4026 2102 4026 2137 4025 2138 4027 2102 4026 2138 4027 2103 4028 2103 4028 2138 4027 2139 4029 2103 4028 2139 4029 2104 4030 2104 4030 2139 4029 2140 4031 2104 4030 2140 4031 2105 4032 2105 4032 2140 4031 2106 4033 2106 4033 2140 4031 2141 4034 2106 4033 2141 4034 2107 4035 2107 4035 2141 4034 2142 4036 2107 4035 2142 4036 2108 4037 2108 4037 2142 4036 2109 4038 2109 4038 2142 4036 2110 4039 2110 4039 2142 4036 2143 4002 2110 4039 2143 4002 2111 4004 2141 4040 2140 4041 2144 4042 2144 4043 2140 4044 2160 4045 2160 4045 2140 4044 2139 4046 2160 4045 2139 4046 2159 4047 2159 4047 2139 4046 2138 4048 2159 4047 2138 4048 2158 4049 2158 4049 2138 4048 2137 4050 2158 4049 2137 4050 2157 4051 2157 4051 2137 4050 2136 4052 2157 4051 2136 4052 2156 4053 2156 4053 2136 4052 2155 4054 2155 4054 2136 4052 2135 4055 2155 4054 2135 4055 2154 4056 2154 4056 2135 4055 2134 4057 2154 4056 2134 4057 2153 4058 2153 4058 2134 4057 2133 4059 2153 4058 2133 4059 2152 4060 2152 4060 2133 4059 2132 4061 2152 4060 2132 4061 2151 4062 2151 4062 2132 4061 2131 4063 2151 4062 2131 4063 2150 4064 2150 4064 2131 4063 2149 4065 2149 4065 2131 4063 2130 4066 2149 4065 2130 4066 2148 4067 2148 4067 2130 4066 2129 4068 2148 4067 2129 4068 2147 4069 2147 4069 2129 4068 2128 4070 2147 4069 2128 4070 2146 4071 2146 4071 2128 4070 2127 4072 2146 4071 2127 4072 2145 4073 2145 4074 2127 4075 2161 4076 2161 4076 2127 4075 2126 4077 2030 4078 2020 4079 2007 4080 2007 4080 2020 4079 2019 4081 2007 4080 2019 4081 2008 4082 2008 4082 2019 4081 2018 4083 2008 4082 2018 4083 2009 4084 2009 4084 2018 4083 2017 4085 2009 4084 2017 4085 2010 4086 2010 4086 2017 4085 2016 4087 2010 4086 2016 4087 2011 4088 2011 4088 2016 4087 2015 4089 2011 4088 2015 4089 2012 4090 2012 4090 2015 4089 2014 4091 2012 4090 2014 4091 2013 4092 2020 4079 2030 4078 2021 4093 2021 4093 2030 4078 2029 4094 2021 4093 2029 4094 2022 4095 2022 4095 2029 4094 2028 4096 2022 4095 2028 4096 2023 4097 2023 4097 2028 4096 2027 4098 2023 4097 2027 4098 2024 4099 2024 4099 2027 4098 2026 4100 2024 4099 2026 4100 2025 4101 2088 4102 2085 4103 2089 4104 2089 4104 2085 4103 2084 4105 2089 4104 2084 4105 2122 4106 2122 4106 2084 4105 2083 4107 2122 4106 2083 4107 2037 4108 2037 4108 2083 4107 2038 4109 2038 4109 2083 4107 2082 4110 2038 4109 2082 4110 2039 4111 2039 4111 2082 4110 2040 4112 2040 4112 2082 4110 2041 4113 2041 4113 2082 4110 2081 4114 2041 4113 2081 4114 2042 4115 2042 4115 2081 4114 2043 4116 2043 4116 2081 4114 2080 4117 2043 4116 2080 4117 2044 4118 2044 4118 2080 4117 2045 4119 2045 4119 2080 4117 2079 4120 2045 4119 2079 4120 2046 4121 2046 4121 2079 4120 2078 4122 2046 4121 2078 4122 2047 4123 2047 4123 2078 4122 2048 4124 2048 4124 2078 4122 2077 4125 2048 4124 2077 4125 2049 4126 2049 4126 2077 4125 2076 4127 2049 4126 2076 4127 2050 4128 2050 4128 2076 4127 2075 4129 2050 4128 2075 4129 2051 4130 2051 4130 2075 4129 2052 4131 2052 4131 2075 4129 2074 4132 2052 4131 2074 4132 2053 4133 2053 4133 2074 4132 2054 4134 2054 4134 2074 4132 2055 4135 2055 4135 2074 4132 2073 4136 2055 4135 2073 4136 2056 4137 2056 4137 2073 4136 2125 4138 2056 4137 2125 4138 2057 4139 2057 4139 2125 4138 2058 4140 2058 4140 2125 4138 2059 4141 2059 4141 2125 4138 2060 4142 2060 4142 2125 4138 2124 4143 2060 4142 2124 4143 2061 4144 2061 4144 2124 4143 2062 4145 2062 4145 2124 4143 2063 4146 2087 4147 2086 4148 2088 4102 2088 4102 2086 4148 2085 4103 2073 4136 2072 4149 2125 4138 2125 4138 2072 4149 2067 4150 2067 4150 2072 4149 2071 4151 2067 4150 2071 4151 2068 4152 2068 4152 2071 4151 2070 4153 2068 4152 2070 4153 2069 4154 2037 4108 2036 4155 2122 4106 2122 4106 2036 4155 2123 4156 2123 4156 2036 4155 2035 4157 2123 4156 2035 4157 2034 4158 2034 4158 2033 4159 2123 4156 2123 4156 2033 4159 2032 4160 2123 4156 2032 4160 2031 4161 2162 4162 2163 4163 2171 4164 2171 4164 2163 4163 2166 4165 2171 4164 2166 4165 2167 4166 2163 4163 2164 4167 2166 4165 2166 4165 2164 4167 2165 4168 2171 4164 2167 4166 2170 4169 2170 4169 2167 4166 2168 4170 2170 4169 2168 4170 2169 4171 2173 4172 2206 4173 2172 4174 2172 4174 2206 4173 2207 4175 2172 4174 2207 4175 2195 4176 2195 4176 2207 4175 2208 4177 2195 4176 2208 4177 2194 4178 2194 4178 2208 4177 2209 4179 2194 4178 2209 4179 2193 4180 2193 4180 2209 4179 2210 4181 2193 4180 2210 4181 2192 4182 2192 4182 2210 4181 2211 4183 2192 4182 2211 4183 2191 4184 2191 4184 2211 4183 2212 4185 2191 4184 2212 4185 2190 4186 2190 4186 2212 4185 2213 4187 2190 4186 2213 4187 2189 4188 2189 4188 2213 4187 2188 4189 2188 4189 2213 4187 2196 4190 2188 4189 2196 4190 2187 4191 2187 4191 2196 4190 2197 4192 2187 4191 2197 4192 2186 4193 2186 4193 2197 4192 2185 4194 2185 4194 2197 4192 2184 4195 2184 4195 2197 4192 2198 4196 2184 4195 2198 4196 2183 4197 2183 4197 2198 4196 2182 4198 2182 4198 2198 4196 2181 4199 2181 4199 2198 4196 2199 4200 2181 4199 2199 4200 2180 4201 2180 4201 2199 4200 2200 4202 2180 4201 2200 4202 2179 4203 2179 4203 2200 4202 2178 4204 2178 4204 2200 4202 2201 4205 2178 4204 2201 4205 2177 4206 2177 4206 2201 4205 2202 4207 2177 4206 2202 4207 2176 4208 2176 4208 2202 4207 2203 4209 2176 4208 2203 4209 2175 4210 2175 4210 2203 4209 2204 4211 2175 4210 2204 4211 2174 4212 2174 4212 2204 4211 2205 4213 2174 4212 2205 4213 2173 4172 2173 4172 2205 4213 2206 4173 2199 4214 2214 4215 2200 4216 2200 4216 2214 4215 2215 4217 2217 4218 2266 4219 2216 4220 2216 4220 2266 4219 2267 4221 2216 4220 2267 4221 2247 4222 2247 4222 2267 4221 2246 4223 2246 4223 2267 4221 2268 4224 2246 4223 2268 4224 2245 4225 2245 4225 2268 4224 2269 4226 2245 4225 2269 4226 2244 4227 2244 4227 2269 4226 2270 4228 2244 4227 2270 4228 2243 4229 2243 4229 2270 4228 2242 4230 2242 4230 2270 4228 2271 4231 2242 4230 2271 4231 2241 4232 2241 4232 2271 4231 2248 4233 2241 4232 2248 4233 2240 4234 2240 4234 2248 4233 2249 4235 2240 4234 2249 4235 2239 4236 2239 4236 2249 4235 2238 4237 2238 4237 2249 4235 2250 4238 2238 4237 2250 4238 2237 4239 2237 4239 2250 4238 2251 4240 2237 4239 2251 4240 2236 4241 2236 4241 2251 4240 2252 4242 2236 4241 2252 4242 2235 4243 2235 4243 2252 4242 2234 4244 2234 4244 2252 4242 2253 4245 2234 4244 2253 4245 2233 4246 2233 4246 2253 4245 2254 4247 2233 4246 2254 4247 2232 4248 2232 4248 2254 4247 2255 4249 2232 4248 2255 4249 2231 4250 2231 4250 2255 4249 2230 4251 2230 4251 2255 4249 2256 4252 2230 4251 2256 4252 2229 4253 2229 4253 2256 4252 2257 4254 2229 4253 2257 4254 2228 4255 2228 4255 2257 4254 2227 4256 2227 4256 2257 4254 2258 4257 2227 4256 2258 4257 2226 4258 2226 4258 2258 4257 2259 4259 2226 4258 2259 4259 2225 4260 2225 4260 2259 4259 2260 4261 2225 4260 2260 4261 2224 4262 2224 4262 2260 4261 2261 4263 2224 4262 2261 4263 2223 4264 2223 4264 2261 4263 2222 4265 2222 4265 2261 4263 2262 4266 2222 4265 2262 4266 2221 4267 2221 4267 2262 4266 2263 4268 2221 4267 2263 4268 2220 4269 2220 4269 2263 4268 2264 4270 2220 4269 2264 4270 2219 4271 2219 4271 2264 4270 2218 4272 2218 4272 2264 4270 2265 4273 2218 4272 2265 4273 2217 4218 2217 4218 2265 4273 2266 4219 2272 4274 2176 4275 2165 4276 2165 4276 2176 4275 2175 4277 2165 4276 2175 4277 2166 4278 2166 4278 2175 4277 2174 4279 2166 4278 2174 4279 2167 4280 2167 4280 2174 4279 2173 4281 2167 4280 2173 4281 2168 4282 2168 4282 2173 4281 2172 4283 2168 4282 2172 4283 2169 4284 2169 4284 2172 4283 2195 4285 2169 4284 2195 4285 2170 4286 2170 4286 2195 4285 2194 4287 2170 4286 2194 4287 2171 4288 2171 4288 2194 4287 2193 4289 2171 4288 2193 4289 2162 4290 2162 4290 2193 4289 2192 4291 2162 4290 2192 4291 2296 4292 2296 4292 2192 4291 2295 4293 2295 4293 2192 4291 2191 4294 2295 4293 2191 4294 2294 4295 2294 4295 2191 4294 2190 4296 2294 4295 2190 4296 2293 4297 2293 4297 2190 4296 2189 4298 2293 4297 2189 4298 2292 4299 2292 4299 2189 4298 2188 4300 2292 4299 2188 4300 2291 4301 2291 4301 2188 4300 2290 4302 2290 4302 2188 4300 2187 4303 2290 4302 2187 4303 2289 4304 2289 4304 2187 4303 2288 4305 2288 4305 2187 4303 2186 4306 2288 4305 2186 4306 2287 4307 2287 4307 2186 4306 2185 4308 2287 4307 2185 4308 2286 4309 2286 4309 2185 4308 2285 4310 2285 4310 2185 4308 2184 4311 2285 4310 2184 4311 2284 4312 2284 4312 2184 4311 2283 4313 2283 4313 2184 4311 2183 4314 2283 4313 2183 4314 2282 4315 2282 4315 2183 4314 2281 4316 2281 4316 2183 4314 2182 4317 2281 4316 2182 4317 2280 4318 2280 4318 2182 4317 2279 4319 2279 4319 2182 4317 2181 4320 2279 4319 2181 4320 2278 4321 2278 4321 2181 4320 2180 4322 2278 4321 2180 4322 2277 4323 2277 4323 2180 4322 2276 4324 2276 4324 2180 4322 2179 4325 2276 4324 2179 4325 2275 4326 2275 4326 2179 4325 2178 4327 2275 4326 2178 4327 2274 4328 2274 4328 2178 4327 2177 4329 2274 4328 2177 4329 2273 4330 2273 4330 2177 4329 2176 4275 2273 4330 2176 4275 2272 4274 2297 4331 2298 4332 2213 4333 2213 4333 2298 4332 2196 4334 2300 4335 2203 4336 2299 4337 2299 4337 2203 4336 2202 4338 2299 4337 2202 4338 2317 4339 2317 4339 2202 4338 2201 4340 2317 4339 2201 4340 2316 4341 2316 4341 2201 4340 2315 4342 2315 4342 2201 4340 2200 4343 2315 4342 2200 4343 2215 4344 2300 4335 2301 4345 2203 4336 2203 4336 2301 4345 2204 4346 2204 4346 2301 4345 2302 4347 2204 4346 2302 4347 2205 4348 2205 4348 2302 4347 2303 4349 2205 4348 2303 4349 2304 4350 2205 4348 2304 4350 2206 4351 2206 4351 2304 4350 2305 4352 2206 4351 2305 4352 2207 4353 2207 4353 2305 4352 2306 4354 2207 4353 2306 4354 2307 4355 2207 4353 2307 4355 2208 4356 2208 4356 2307 4355 2308 4357 2208 4356 2308 4357 2209 4358 2209 4358 2308 4357 2309 4359 2209 4358 2309 4359 2310 4360 2209 4358 2310 4360 2210 4361 2210 4361 2310 4360 2311 4362 2210 4361 2311 4362 2211 4363 2211 4363 2311 4362 2312 4364 2211 4363 2312 4364 2313 4365 2211 4363 2313 4365 2212 4366 2212 4366 2313 4365 2314 4367 2212 4366 2314 4367 2213 4368 2213 4368 2314 4367 2297 4369 2271 4370 2261 4371 2248 4372 2248 4372 2261 4371 2260 4373 2248 4372 2260 4373 2249 4374 2249 4374 2260 4373 2259 4375 2249 4374 2259 4375 2250 4376 2250 4376 2259 4375 2258 4377 2250 4376 2258 4377 2251 4378 2251 4378 2258 4377 2257 4379 2251 4378 2257 4379 2252 4380 2252 4380 2257 4379 2256 4381 2252 4380 2256 4381 2253 4382 2253 4382 2256 4381 2255 4383 2253 4382 2255 4383 2254 4384 2261 4371 2271 4370 2262 4385 2262 4385 2271 4370 2270 4386 2262 4385 2270 4386 2263 4387 2263 4387 2270 4386 2269 4388 2263 4387 2269 4388 2264 4389 2264 4389 2269 4388 2268 4390 2264 4389 2268 4390 2265 4391 2265 4391 2268 4390 2267 4392 2265 4391 2267 4392 2266 4393 2247 4394 2162 4395 2216 4396 2216 4396 2162 4395 2289 4397 2216 4396 2289 4397 2217 4398 2217 4398 2289 4397 2288 4399 2217 4398 2288 4399 2218 4400 2218 4400 2288 4399 2219 4401 2219 4401 2288 4399 2220 4402 2220 4402 2288 4399 2287 4403 2220 4402 2287 4403 2221 4404 2221 4404 2287 4403 2286 4405 2221 4404 2286 4405 2222 4406 2222 4406 2286 4405 2285 4407 2222 4406 2285 4407 2223 4408 2223 4408 2285 4407 2224 4409 2224 4409 2285 4407 2284 4410 2224 4409 2284 4410 2225 4411 2225 4411 2284 4410 2283 4412 2225 4411 2283 4412 2226 4413 2226 4413 2283 4412 2282 4414 2226 4413 2282 4414 2227 4415 2227 4415 2282 4414 2228 4416 2228 4416 2282 4414 2281 4417 2228 4416 2281 4417 2229 4418 2229 4418 2281 4417 2280 4419 2229 4418 2280 4419 2230 4420 2230 4420 2280 4419 2231 4421 2231 4421 2280 4419 2232 4422 2232 4422 2280 4419 2279 4423 2232 4422 2279 4423 2233 4424 2233 4424 2279 4423 2278 4425 2233 4424 2278 4425 2234 4426 2234 4426 2278 4425 2165 4427 2234 4426 2165 4427 2235 4428 2235 4428 2165 4427 2164 4429 2235 4428 2164 4429 2236 4430 2236 4430 2164 4429 2237 4431 2237 4431 2164 4429 2238 4432 2238 4432 2164 4429 2239 4433 2239 4433 2164 4429 2240 4434 2240 4434 2164 4429 2163 4435 2240 4434 2163 4435 2241 4436 2241 4436 2163 4435 2242 4437 2242 4437 2163 4435 2243 4438 2243 4438 2163 4435 2244 4439 2244 4439 2163 4435 2162 4395 2244 4439 2162 4395 2245 4440 2245 4440 2162 4395 2246 4441 2246 4441 2162 4395 2247 4394 2296 4442 2291 4443 2162 4395 2162 4395 2291 4443 2290 4444 2162 4395 2290 4444 2289 4397 2291 4443 2296 4442 2292 4445 2292 4445 2296 4442 2295 4446 2292 4445 2295 4446 2293 4447 2293 4447 2295 4446 2294 4448 2278 4425 2277 4449 2165 4427 2165 4427 2277 4449 2272 4450 2272 4450 2277 4449 2276 4451 2272 4450 2276 4451 2273 4452 2273 4452 2276 4451 2275 4453 2273 4452 2275 4453 2274 4454 2298 4455 2297 4456 2196 4457 2196 4457 2297 4456 2342 4458 2342 4458 2297 4456 2314 4459 2342 4458 2314 4459 2332 4460 2332 4460 2314 4459 2313 4461 2332 4460 2313 4461 2312 4462 2312 4462 2311 4463 2332 4460 2332 4460 2311 4463 2310 4464 2332 4460 2310 4464 2309 4465 2332 4460 2309 4465 2331 4466 2331 4466 2309 4465 2308 4467 2331 4466 2308 4467 2307 4468 2307 4468 2306 4469 2331 4466 2331 4466 2306 4469 2305 4470 2331 4466 2305 4470 2304 4471 2331 4466 2304 4471 2330 4472 2330 4472 2304 4471 2303 4473 2330 4472 2303 4473 2302 4474 2302 4474 2301 4475 2330 4472 2330 4472 2301 4475 2300 4476 2330 4472 2300 4476 2299 4477 2299 4477 2317 4478 2330 4472 2330 4472 2317 4478 2329 4479 2329 4479 2317 4478 2316 4480 2329 4479 2316 4480 2315 4481 2315 4481 2215 4482 2329 4479 2329 4479 2215 4482 2199 4483 2329 4479 2199 4483 2318 4484 2215 4482 2214 4485 2199 4483 2319 4486 2327 4487 2318 4484 2318 4484 2327 4487 2328 4488 2318 4484 2328 4488 2329 4479 2320 4489 2325 4490 2319 4486 2319 4486 2325 4490 2326 4491 2319 4486 2326 4491 2327 4487 2321 4492 2322 4493 2320 4489 2320 4489 2322 4493 2323 4494 2320 4489 2323 4494 2324 4495 2324 4495 2325 4490 2320 4489 2332 4460 2333 4496 2342 4458 2342 4458 2333 4496 2341 4497 2341 4497 2333 4496 2340 4498 2340 4498 2333 4496 2334 4499 2340 4498 2334 4499 2339 4500 2339 4500 2334 4499 2335 4501 2339 4500 2335 4501 2338 4502 2338 4502 2335 4501 2336 4503 2338 4502 2336 4503 2337 4504 2344 4505 2400 4506 2343 4507 2343 4507 2400 4506 2401 4508 2343 4507 2401 4508 2366 4509 2366 4509 2401 4508 2402 4510 2366 4509 2402 4510 2365 4511 2365 4511 2402 4510 2367 4512 2365 4511 2367 4512 2364 4513 2364 4513 2367 4512 2368 4514 2364 4513 2368 4514 2369 4515 2400 4506 2344 4505 2399 4516 2399 4516 2344 4505 2345 4517 2399 4516 2345 4517 2398 4518 2398 4518 2345 4517 2397 4519 2397 4519 2345 4517 2346 4520 2397 4519 2346 4520 2396 4521 2396 4521 2346 4520 2347 4522 2396 4521 2347 4522 2395 4523 2395 4523 2347 4522 2394 4524 2394 4524 2347 4522 2348 4525 2394 4524 2348 4525 2393 4526 2393 4526 2348 4525 2392 4527 2392 4527 2348 4525 2349 4528 2392 4527 2349 4528 2391 4529 2391 4529 2349 4528 2350 4530 2391 4529 2350 4530 2390 4531 2390 4531 2350 4530 2389 4532 2389 4532 2350 4530 2351 4533 2389 4532 2351 4533 2388 4534 2388 4534 2351 4533 2352 4535 2388 4534 2352 4535 2387 4536 2387 4536 2352 4535 2386 4537 2386 4537 2352 4535 2353 4538 2386 4537 2353 4538 2385 4539 2385 4539 2353 4538 2384 4540 2384 4540 2353 4538 2354 4541 2384 4540 2354 4541 2383 4542 2383 4542 2354 4541 2355 4543 2383 4542 2355 4543 2382 4544 2382 4544 2355 4543 2381 4545 2381 4545 2355 4543 2356 4546 2381 4545 2356 4546 2380 4547 2380 4547 2356 4546 2357 4548 2380 4547 2357 4548 2379 4549 2379 4549 2357 4548 2378 4550 2378 4550 2357 4548 2358 4551 2378 4550 2358 4551 2377 4552 2377 4552 2358 4551 2359 4553 2377 4552 2359 4553 2376 4554 2376 4554 2359 4553 2375 4555 2375 4555 2359 4553 2360 4556 2375 4555 2360 4556 2374 4557 2374 4557 2360 4556 2361 4558 2374 4557 2361 4558 2373 4559 2373 4559 2361 4558 2372 4560 2372 4560 2361 4558 2362 4561 2372 4560 2362 4561 2371 4562 2371 4562 2362 4561 2370 4563 2370 4563 2362 4561 2363 4564 2370 4563 2363 4564 2369 4515 2369 4515 2363 4564 2364 4513 2404 4565 2454 4566 2403 4567 2403 4567 2454 4566 2455 4568 2403 4567 2455 4568 2433 4569 2433 4569 2455 4568 2456 4570 2433 4569 2456 4570 2432 4571 2432 4571 2456 4570 2457 4572 2432 4571 2457 4572 2431 4573 2431 4573 2457 4572 2434 4574 2431 4573 2434 4574 2430 4575 2430 4575 2434 4574 2435 4576 2430 4575 2435 4576 2429 4577 2429 4577 2435 4576 2428 4578 2428 4578 2435 4576 2436 4579 2428 4578 2436 4579 2427 4580 2427 4580 2436 4579 2437 4581 2427 4580 2437 4581 2426 4582 2426 4582 2437 4581 2438 4583 2426 4582 2438 4583 2425 4584 2425 4584 2438 4583 2439 4585 2425 4584 2439 4585 2424 4586 2424 4586 2439 4585 2440 4587 2424 4586 2440 4587 2423 4588 2423 4588 2440 4587 2441 4589 2423 4588 2441 4589 2422 4590 2422 4590 2441 4589 2442 4591 2422 4590 2442 4591 2421 4592 2421 4592 2442 4591 2443 4593 2421 4592 2443 4593 2420 4594 2420 4594 2443 4593 2444 4595 2420 4594 2444 4595 2419 4596 2419 4596 2444 4595 2418 4597 2418 4597 2444 4595 2445 4598 2418 4597 2445 4598 2417 4599 2417 4599 2445 4598 2416 4600 2416 4600 2445 4598 2446 4601 2416 4600 2446 4601 2415 4602 2415 4602 2446 4601 2414 4603 2414 4603 2446 4601 2447 4604 2414 4603 2447 4604 2413 4605 2413 4605 2447 4604 2412 4606 2412 4606 2447 4604 2448 4607 2412 4606 2448 4607 2411 4608 2411 4608 2448 4607 2410 4609 2410 4609 2448 4607 2449 4610 2410 4609 2449 4610 2409 4611 2409 4611 2449 4610 2408 4612 2408 4612 2449 4610 2450 4613 2408 4612 2450 4613 2407 4614 2407 4614 2450 4613 2451 4615 2407 4614 2451 4615 2406 4616 2406 4616 2451 4615 2452 4617 2406 4616 2452 4617 2405 4618 2405 4618 2452 4617 2453 4619 2405 4618 2453 4619 2404 4565 2404 4565 2453 4619 2454 4566 2425 4620 2458 4621 2426 4622 2426 4622 2458 4621 2459 4623 2426 4622 2459 4623 2367 4624 2367 4624 2402 4625 2426 4622 2426 4622 2402 4625 2427 4626 2427 4626 2402 4625 2401 4627 2427 4626 2401 4627 2428 4628 2428 4628 2401 4627 2400 4629 2428 4628 2400 4629 2432 4630 2432 4630 2400 4629 2433 4631 2433 4631 2400 4629 2460 4632 2433 4631 2460 4632 2461 4633 2400 4629 2399 4634 2460 4632 2461 4633 2403 4635 2433 4631 2428 4628 2432 4630 2429 4636 2429 4636 2432 4630 2431 4637 2429 4636 2431 4637 2430 4638 2463 4639 2450 4640 2462 4641 2462 4641 2450 4640 2449 4642 2462 4641 2449 4642 2479 4643 2479 4643 2449 4642 2448 4644 2479 4643 2448 4644 2447 4645 2464 4646 2452 4647 2463 4639 2463 4639 2452 4647 2451 4648 2463 4639 2451 4648 2450 4640 2452 4647 2464 4646 2453 4649 2453 4649 2464 4646 2465 4650 2453 4649 2465 4650 2454 4651 2454 4651 2465 4650 2466 4652 2454 4651 2466 4652 2455 4653 2455 4653 2466 4652 2467 4654 2455 4653 2467 4654 2456 4655 2456 4655 2467 4654 2468 4656 2456 4655 2468 4656 2457 4657 2457 4657 2468 4656 2469 4658 2457 4657 2469 4658 2434 4659 2434 4659 2469 4658 2470 4660 2434 4659 2470 4660 2435 4661 2435 4661 2470 4660 2471 4662 2435 4661 2471 4662 2436 4663 2436 4663 2471 4662 2472 4664 2436 4663 2472 4664 2437 4665 2437 4665 2472 4664 2473 4666 2437 4665 2473 4666 2438 4667 2438 4667 2473 4666 2474 4668 2438 4667 2474 4668 2439 4669 2439 4669 2474 4668 2475 4670 2439 4669 2475 4670 2440 4671 2440 4671 2475 4670 2476 4672 2440 4671 2476 4672 2441 4673 2441 4673 2476 4672 2442 4674 2442 4674 2476 4672 2477 4675 2442 4674 2477 4675 2443 4676 2443 4676 2477 4675 2478 4677 2443 4676 2478 4677 2444 4678 2444 4678 2478 4677 2445 4679 2445 4679 2478 4677 2446 4680 2446 4680 2478 4677 2479 4643 2446 4680 2479 4643 2447 4645 2477 4681 2476 4682 2481 4683 2481 4683 2476 4682 2480 4684 2480 4685 2476 4686 2501 4687 2501 4687 2476 4686 2475 4688 2501 4687 2475 4688 2500 4689 2500 4689 2475 4688 2474 4690 2500 4689 2474 4690 2499 4691 2499 4691 2474 4690 2498 4692 2498 4692 2474 4690 2473 4693 2498 4692 2473 4693 2497 4694 2497 4694 2473 4693 2472 4695 2497 4694 2472 4695 2496 4696 2496 4696 2472 4695 2495 4697 2495 4697 2472 4695 2471 4698 2495 4697 2471 4698 2494 4699 2494 4699 2471 4698 2470 4700 2494 4699 2470 4700 2493 4701 2493 4701 2470 4700 2492 4702 2492 4702 2470 4700 2469 4703 2492 4702 2469 4703 2491 4704 2491 4704 2469 4703 2468 4705 2491 4704 2468 4705 2490 4706 2490 4706 2468 4705 2489 4707 2489 4707 2468 4705 2467 4708 2489 4707 2467 4708 2488 4709 2488 4709 2467 4708 2466 4710 2488 4709 2466 4710 2487 4711 2487 4711 2466 4710 2486 4712 2486 4712 2466 4710 2465 4713 2486 4712 2465 4713 2485 4714 2485 4714 2465 4713 2464 4715 2485 4714 2464 4715 2484 4716 2484 4716 2464 4715 2483 4717 2483 4717 2464 4715 2463 4718 2483 4717 2463 4718 2482 4719 2482 4720 2463 4721 2462 4722 2366 4723 2356 4724 2343 4725 2343 4725 2356 4724 2355 4726 2343 4725 2355 4726 2344 4727 2344 4727 2355 4726 2354 4728 2344 4727 2354 4728 2345 4729 2345 4729 2354 4728 2353 4730 2345 4729 2353 4730 2346 4731 2346 4731 2353 4730 2352 4732 2346 4731 2352 4732 2347 4733 2347 4733 2352 4732 2351 4734 2347 4733 2351 4734 2348 4735 2348 4735 2351 4734 2350 4736 2348 4735 2350 4736 2349 4737 2356 4724 2366 4723 2357 4738 2357 4738 2366 4723 2365 4739 2357 4738 2365 4739 2358 4740 2358 4740 2365 4739 2364 4741 2358 4740 2364 4741 2359 4742 2359 4742 2364 4741 2363 4743 2359 4742 2363 4743 2360 4744 2360 4744 2363 4743 2362 4745 2360 4744 2362 4745 2361 4746 2424 4747 2421 4748 2425 4749 2425 4749 2421 4748 2420 4750 2425 4749 2420 4750 2458 4751 2458 4751 2420 4750 2419 4752 2458 4751 2419 4752 2373 4753 2373 4753 2419 4752 2374 4754 2374 4754 2419 4752 2418 4755 2374 4754 2418 4755 2375 4756 2375 4756 2418 4755 2376 4757 2376 4757 2418 4755 2377 4758 2377 4758 2418 4755 2417 4759 2377 4758 2417 4759 2378 4760 2378 4760 2417 4759 2379 4761 2379 4761 2417 4759 2416 4762 2379 4761 2416 4762 2380 4763 2380 4763 2416 4762 2381 4764 2381 4764 2416 4762 2415 4765 2381 4764 2415 4765 2382 4766 2382 4766 2415 4765 2414 4767 2382 4766 2414 4767 2383 4768 2383 4768 2414 4767 2384 4769 2384 4769 2414 4767 2413 4770 2384 4769 2413 4770 2385 4771 2385 4771 2413 4770 2412 4772 2385 4771 2412 4772 2386 4773 2386 4773 2412 4772 2411 4774 2386 4773 2411 4774 2387 4775 2387 4775 2411 4774 2388 4776 2388 4776 2411 4774 2410 4777 2388 4776 2410 4777 2389 4778 2389 4778 2410 4777 2390 4779 2390 4779 2410 4777 2391 4780 2391 4780 2410 4777 2409 4781 2391 4780 2409 4781 2392 4782 2392 4782 2409 4781 2461 4783 2392 4782 2461 4783 2393 4784 2393 4784 2461 4783 2394 4785 2394 4785 2461 4783 2395 4786 2395 4786 2461 4783 2396 4787 2396 4787 2461 4783 2460 4788 2396 4787 2460 4788 2397 4789 2397 4789 2460 4788 2398 4790 2398 4790 2460 4788 2399 4791 2423 4792 2422 4793 2424 4747 2424 4747 2422 4793 2421 4748 2409 4781 2408 4794 2461 4783 2461 4783 2408 4794 2403 4795 2403 4795 2408 4794 2407 4796 2403 4795 2407 4796 2404 4797 2404 4797 2407 4796 2406 4798 2404 4797 2406 4798 2405 4799 2373 4753 2372 4800 2458 4751 2458 4751 2372 4800 2459 4801 2459 4801 2372 4800 2371 4802 2459 4801 2371 4802 2370 4803 2370 4803 2369 4804 2459 4801 2459 4801 2369 4804 2368 4805 2459 4801 2368 4805 2367 4806 2481 4807 2506 4808 2477 4809 2477 4809 2506 4808 2507 4810 2477 4809 2507 4810 2549 4811 2549 4811 2507 4810 2508 4812 2549 4811 2508 4812 2548 4813 2548 4813 2508 4812 2509 4814 2548 4813 2509 4814 2547 4815 2547 4815 2509 4814 2546 4816 2546 4816 2509 4814 2510 4817 2546 4816 2510 4817 2543 4818 2543 4818 2510 4817 2542 4819 2542 4819 2510 4817 2541 4820 2541 4820 2510 4817 2511 4821 2541 4820 2511 4821 2540 4822 2540 4822 2511 4821 2539 4823 2539 4823 2511 4821 2538 4824 2538 4824 2511 4821 2537 4825 2537 4825 2511 4821 2536 4826 2536 4826 2511 4821 2535 4827 2535 4827 2511 4821 2534 4828 2534 4828 2511 4821 2512 4829 2534 4828 2512 4829 2533 4830 2533 4830 2512 4829 2532 4831 2532 4831 2512 4829 2531 4832 2531 4832 2512 4829 2530 4833 2530 4833 2512 4829 2529 4834 2529 4834 2512 4829 2528 4835 2528 4835 2512 4829 2527 4836 2527 4836 2512 4829 2526 4837 2526 4837 2512 4829 2513 4838 2526 4837 2513 4838 2525 4839 2525 4839 2513 4838 2524 4840 2524 4840 2513 4838 2522 4841 2524 4840 2522 4841 2523 4842 2481 4807 2480 4843 2506 4808 2506 4808 2480 4843 2501 4844 2506 4808 2501 4844 2500 4845 2500 4845 2499 4846 2506 4808 2506 4808 2499 4846 2498 4847 2506 4808 2498 4847 2497 4848 2506 4808 2497 4848 2505 4849 2505 4849 2497 4848 2496 4850 2505 4849 2496 4850 2495 4851 2495 4851 2494 4852 2505 4849 2505 4849 2494 4852 2493 4853 2505 4849 2493 4853 2492 4854 2492 4854 2491 4855 2505 4849 2505 4849 2491 4855 2490 4856 2505 4849 2490 4856 2504 4857 2504 4857 2490 4856 2489 4858 2504 4857 2489 4858 2488 4859 2488 4859 2487 4860 2504 4857 2504 4857 2487 4860 2486 4861 2504 4857 2486 4861 2485 4862 2485 4862 2484 4863 2504 4857 2504 4857 2484 4863 2483 4864 2504 4857 2483 4864 2502 4865 2502 4865 2483 4864 2482 4866 2502 4865 2482 4866 2462 4867 2502 4865 2503 4868 2504 4857 2504 4857 2503 4868 2336 4503 2336 4503 2503 4868 2337 4504 2522 4841 2513 4838 2521 4869 2521 4869 2513 4838 2514 4870 2521 4869 2514 4870 2520 4871 2520 4871 2514 4870 2515 4872 2520 4871 2515 4872 2519 4873 2519 4873 2515 4872 2516 4874 2519 4873 2516 4874 2518 4875 2518 4875 2516 4874 2517 4876 2543 4818 2544 4877 2546 4816 2546 4816 2544 4877 2545 4878 2551 4879 2607 4880 2550 4881 2550 4881 2607 4880 2608 4882 2550 4881 2608 4882 2573 4883 2573 4883 2608 4882 2609 4884 2573 4883 2609 4884 2572 4885 2572 4885 2609 4884 2574 4886 2572 4885 2574 4886 2571 4887 2571 4887 2574 4886 2575 4888 2571 4887 2575 4888 2576 4889 2607 4880 2551 4879 2606 4890 2606 4890 2551 4879 2552 4891 2606 4890 2552 4891 2605 4892 2605 4892 2552 4891 2604 4893 2604 4893 2552 4891 2553 4894 2604 4893 2553 4894 2603 4895 2603 4895 2553 4894 2554 4896 2603 4895 2554 4896 2602 4897 2602 4897 2554 4896 2601 4898 2601 4898 2554 4896 2555 4899 2601 4898 2555 4899 2600 4900 2600 4900 2555 4899 2599 4901 2599 4901 2555 4899 2556 4902 2599 4901 2556 4902 2598 4903 2598 4903 2556 4902 2557 4904 2598 4903 2557 4904 2597 4905 2597 4905 2557 4904 2596 4906 2596 4906 2557 4904 2558 4907 2596 4906 2558 4907 2595 4908 2595 4908 2558 4907 2559 4909 2595 4908 2559 4909 2594 4910 2594 4910 2559 4909 2593 4911 2593 4911 2559 4909 2560 4912 2593 4911 2560 4912 2592 4913 2592 4913 2560 4912 2591 4914 2591 4914 2560 4912 2561 4915 2591 4914 2561 4915 2590 4916 2590 4916 2561 4915 2562 4917 2590 4916 2562 4917 2589 4918 2589 4918 2562 4917 2588 4919 2588 4919 2562 4917 2563 4920 2588 4919 2563 4920 2587 4921 2587 4921 2563 4920 2564 4922 2587 4921 2564 4922 2586 4923 2586 4923 2564 4922 2585 4924 2585 4924 2564 4922 2565 4925 2585 4924 2565 4925 2584 4926 2584 4926 2565 4925 2566 4927 2584 4926 2566 4927 2583 4928 2583 4928 2566 4927 2582 4929 2582 4929 2566 4927 2567 4930 2582 4929 2567 4930 2581 4931 2581 4931 2567 4930 2568 4932 2581 4931 2568 4932 2580 4933 2580 4933 2568 4932 2579 4934 2579 4934 2568 4932 2569 4935 2579 4934 2569 4935 2578 4936 2578 4936 2569 4935 2577 4937 2577 4937 2569 4935 2570 4938 2577 4937 2570 4938 2576 4889 2576 4889 2570 4938 2571 4887 2611 4939 2661 4940 2610 4941 2610 4941 2661 4940 2662 4942 2610 4941 2662 4942 2640 4943 2640 4943 2662 4942 2663 4944 2640 4943 2663 4944 2639 4945 2639 4945 2663 4944 2664 4946 2639 4945 2664 4946 2638 4947 2638 4947 2664 4946 2641 4948 2638 4947 2641 4948 2637 4949 2637 4949 2641 4948 2642 4950 2637 4949 2642 4950 2636 4951 2636 4951 2642 4950 2635 4952 2635 4952 2642 4950 2643 4953 2635 4952 2643 4953 2634 4954 2634 4954 2643 4953 2644 4955 2634 4954 2644 4955 2633 4956 2633 4956 2644 4955 2645 4957 2633 4956 2645 4957 2632 4958 2632 4958 2645 4957 2646 4959 2632 4958 2646 4959 2631 4960 2631 4960 2646 4959 2647 4961 2631 4960 2647 4961 2630 4962 2630 4962 2647 4961 2648 4963 2630 4962 2648 4963 2629 4964 2629 4964 2648 4963 2649 4965 2629 4964 2649 4965 2628 4966 2628 4966 2649 4965 2650 4967 2628 4966 2650 4967 2627 4968 2627 4968 2650 4967 2651 4969 2627 4968 2651 4969 2626 4970 2626 4970 2651 4969 2625 4971 2625 4971 2651 4969 2652 4972 2625 4971 2652 4972 2624 4973 2624 4973 2652 4972 2623 4974 2623 4974 2652 4972 2653 4975 2623 4974 2653 4975 2622 4976 2622 4976 2653 4975 2621 4977 2621 4977 2653 4975 2654 4978 2621 4977 2654 4978 2620 4979 2620 4979 2654 4978 2619 4980 2619 4980 2654 4978 2655 4981 2619 4980 2655 4981 2618 4982 2618 4982 2655 4981 2617 4983 2617 4983 2655 4981 2656 4984 2617 4983 2656 4984 2616 4985 2616 4985 2656 4984 2615 4986 2615 4986 2656 4984 2657 4987 2615 4986 2657 4987 2614 4988 2614 4988 2657 4987 2658 4989 2614 4988 2658 4989 2613 4990 2613 4990 2658 4989 2659 4991 2613 4990 2659 4991 2612 4992 2612 4992 2659 4991 2660 4993 2612 4992 2660 4993 2611 4939 2611 4939 2660 4993 2661 4940 2632 4994 2665 4995 2633 4996 2633 4996 2665 4995 2666 4997 2633 4996 2666 4997 2574 4998 2574 4998 2609 4999 2633 4996 2633 4996 2609 4999 2634 5000 2634 5000 2609 4999 2608 5001 2634 5000 2608 5001 2635 5002 2635 5002 2608 5001 2607 5003 2635 5002 2607 5003 2639 5004 2639 5004 2607 5003 2640 5005 2640 5005 2607 5003 2667 5006 2640 5005 2667 5006 2668 5007 2607 5003 2606 5008 2667 5006 2668 5007 2610 5009 2640 5005 2635 5002 2639 5004 2636 5010 2636 5010 2639 5004 2638 5011 2636 5010 2638 5011 2637 5012 2669 5013 2657 5014 2545 5015 2545 5015 2657 5014 2656 5016 2545 5015 2656 5016 2684 5017 2684 5017 2656 5016 2655 5018 2684 5017 2655 5018 2654 5019 2670 5020 2659 5021 2669 5013 2669 5013 2659 5021 2658 5022 2669 5013 2658 5022 2657 5014 2659 5021 2670 5020 2660 5023 2660 5023 2670 5020 2671 5024 2660 5023 2671 5024 2661 5025 2661 5025 2671 5024 2672 5026 2661 5025 2672 5026 2662 5027 2662 5027 2672 5026 2673 5028 2662 5027 2673 5028 2663 5029 2663 5029 2673 5028 2674 5030 2663 5029 2674 5030 2664 5031 2664 5031 2674 5030 2675 5032 2664 5031 2675 5032 2641 5033 2641 5033 2675 5032 2676 5034 2641 5033 2676 5034 2642 5035 2642 5035 2676 5034 2677 5036 2642 5035 2677 5036 2643 5037 2643 5037 2677 5036 2678 5038 2643 5037 2678 5038 2644 5039 2644 5039 2678 5038 2679 5040 2644 5039 2679 5040 2645 5041 2645 5041 2679 5040 2680 5042 2645 5041 2680 5042 2646 5043 2646 5043 2680 5042 2681 5044 2646 5043 2681 5044 2647 5045 2647 5045 2681 5044 2682 5046 2647 5045 2682 5046 2648 5047 2648 5047 2682 5046 2649 5048 2649 5048 2682 5046 2522 5049 2649 5048 2522 5049 2650 5050 2650 5050 2522 5049 2683 5051 2650 5050 2683 5051 2651 5052 2651 5052 2683 5051 2652 5053 2652 5053 2683 5051 2653 5054 2653 5054 2683 5051 2684 5017 2653 5054 2684 5017 2654 5019 2522 5055 2682 5056 2523 5057 2523 5057 2682 5056 2524 5058 2524 5059 2682 5060 2525 5061 2525 5061 2682 5060 2681 5062 2525 5061 2681 5062 2526 5063 2526 5063 2681 5062 2680 5064 2526 5063 2680 5064 2527 5065 2527 5065 2680 5064 2528 5066 2528 5066 2680 5064 2679 5067 2528 5066 2679 5067 2529 5068 2529 5068 2679 5067 2678 5069 2529 5068 2678 5069 2530 5070 2530 5070 2678 5069 2531 5071 2531 5071 2678 5069 2677 5072 2531 5071 2677 5072 2532 5073 2532 5073 2677 5072 2676 5074 2532 5073 2676 5074 2533 5075 2533 5075 2676 5074 2534 5076 2534 5076 2676 5074 2675 5077 2534 5076 2675 5077 2535 5078 2535 5078 2675 5077 2674 5079 2535 5078 2674 5079 2536 5080 2536 5080 2674 5079 2537 5081 2537 5081 2674 5079 2673 5082 2537 5081 2673 5082 2538 5083 2538 5083 2673 5082 2672 5084 2538 5083 2672 5084 2539 5085 2539 5085 2672 5084 2540 5086 2540 5086 2672 5084 2671 5087 2540 5086 2671 5087 2541 5088 2541 5088 2671 5087 2670 5089 2541 5088 2670 5089 2542 5090 2542 5090 2670 5089 2543 5091 2543 5091 2670 5089 2669 5092 2543 5091 2669 5092 2544 5093 2544 5094 2669 5095 2545 5096 2573 5097 2563 5098 2550 5099 2550 5099 2563 5098 2562 5100 2550 5099 2562 5100 2551 5101 2551 5101 2562 5100 2561 5102 2551 5101 2561 5102 2552 5103 2552 5103 2561 5102 2560 5104 2552 5103 2560 5104 2553 5105 2553 5105 2560 5104 2559 5106 2553 5105 2559 5106 2554 5107 2554 5107 2559 5106 2558 5108 2554 5107 2558 5108 2555 5109 2555 5109 2558 5108 2557 5110 2555 5109 2557 5110 2556 5111 2563 5098 2573 5097 2564 5112 2564 5112 2573 5097 2572 5113 2564 5112 2572 5113 2565 5114 2565 5114 2572 5113 2571 5115 2565 5114 2571 5115 2566 5116 2566 5116 2571 5115 2570 5117 2566 5116 2570 5117 2567 5118 2567 5118 2570 5117 2569 5119 2567 5118 2569 5119 2568 5120 2631 5121 2628 5122 2632 5123 2632 5123 2628 5122 2627 5124 2632 5123 2627 5124 2665 5125 2665 5125 2627 5124 2626 5126 2665 5125 2626 5126 2580 5127 2580 5127 2626 5126 2581 5128 2581 5128 2626 5126 2625 5129 2581 5128 2625 5129 2582 5130 2582 5130 2625 5129 2583 5131 2583 5131 2625 5129 2584 5132 2584 5132 2625 5129 2624 5133 2584 5132 2624 5133 2585 5134 2585 5134 2624 5133 2586 5135 2586 5135 2624 5133 2623 5136 2586 5135 2623 5136 2587 5137 2587 5137 2623 5136 2588 5138 2588 5138 2623 5136 2622 5139 2588 5138 2622 5139 2589 5140 2589 5140 2622 5139 2621 5141 2589 5140 2621 5141 2590 5142 2590 5142 2621 5141 2591 5143 2591 5143 2621 5141 2620 5144 2591 5143 2620 5144 2592 5145 2592 5145 2620 5144 2619 5146 2592 5145 2619 5146 2593 5147 2593 5147 2619 5146 2618 5148 2593 5147 2618 5148 2594 5149 2594 5149 2618 5148 2595 5150 2595 5150 2618 5148 2617 5151 2595 5150 2617 5151 2596 5152 2596 5152 2617 5151 2597 5153 2597 5153 2617 5151 2598 5154 2598 5154 2617 5151 2616 5155 2598 5154 2616 5155 2599 5156 2599 5156 2616 5155 2668 5157 2599 5156 2668 5157 2600 5158 2600 5158 2668 5157 2601 5159 2601 5159 2668 5157 2602 5160 2602 5160 2668 5157 2603 5161 2603 5161 2668 5157 2667 5162 2603 5161 2667 5162 2604 5163 2604 5163 2667 5162 2605 5164 2605 5164 2667 5162 2606 5165 2630 5166 2629 5167 2631 5121 2631 5121 2629 5167 2628 5122 2616 5155 2615 5168 2668 5157 2668 5157 2615 5168 2610 5169 2610 5169 2615 5168 2614 5170 2610 5169 2614 5170 2611 5171 2611 5171 2614 5170 2613 5172 2611 5171 2613 5172 2612 5173 2580 5127 2579 5174 2665 5125 2665 5125 2579 5174 2666 5175 2666 5175 2579 5174 2578 5176 2666 5175 2578 5176 2577 5177 2577 5177 2576 5178 2666 5175 2666 5175 2576 5178 2575 5179 2666 5175 2575 5179 2574 5180 2686 5181 2732 5182 2685 5183 2685 5183 2732 5182 2709 5184 2685 5183 2709 5184 2708 5185 2708 5185 2709 5184 2710 5186 2708 5185 2710 5186 2707 5187 2707 5187 2710 5186 2711 5188 2707 5187 2711 5188 2706 5189 2706 5189 2711 5188 2712 5190 2706 5189 2712 5190 2705 5191 2705 5191 2712 5190 2713 5192 2705 5191 2713 5192 2704 5193 2704 5193 2713 5192 2714 5194 2704 5193 2714 5194 2703 5195 2703 5195 2714 5194 2715 5196 2703 5195 2715 5196 2702 5197 2702 5197 2715 5196 2716 5198 2702 5197 2716 5198 2701 5199 2701 5199 2716 5198 2717 5200 2701 5199 2717 5200 2700 5201 2700 5201 2717 5200 2718 5202 2700 5201 2718 5202 2699 5203 2699 5203 2718 5202 2719 5204 2699 5203 2719 5204 2698 5205 2698 5205 2719 5204 2720 5206 2698 5205 2720 5206 2697 5207 2697 5207 2720 5206 2721 5208 2697 5207 2721 5208 2696 5209 2696 5209 2721 5208 2722 5210 2696 5209 2722 5210 2695 5211 2695 5211 2722 5210 2723 5212 2695 5211 2723 5212 2694 5213 2694 5213 2723 5212 2724 5214 2694 5213 2724 5214 2693 5215 2693 5215 2724 5214 2725 5216 2693 5215 2725 5216 2692 5217 2692 5217 2725 5216 2726 5218 2692 5217 2726 5218 2691 5219 2691 5219 2726 5218 2727 5220 2691 5219 2727 5220 2690 5221 2690 5221 2727 5220 2728 5222 2690 5221 2728 5222 2689 5223 2689 5223 2728 5222 2729 5224 2689 5223 2729 5224 2688 5225 2688 5225 2729 5224 2730 5226 2688 5225 2730 5226 2687 5227 2687 5227 2730 5226 2731 5228 2687 5227 2731 5228 2686 5181 2686 5181 2731 5228 2732 5182 2734 5229 2780 5230 2733 5231 2733 5231 2780 5230 2757 5232 2733 5231 2757 5232 2756 5233 2756 5233 2757 5232 2758 5234 2756 5233 2758 5234 2755 5235 2755 5235 2758 5234 2759 5236 2755 5235 2759 5236 2754 5237 2754 5237 2759 5236 2760 5238 2754 5237 2760 5238 2753 5239 2753 5239 2760 5238 2761 5240 2753 5239 2761 5240 2752 5241 2752 5241 2761 5240 2762 5242 2752 5241 2762 5242 2751 5243 2751 5243 2762 5242 2763 5244 2751 5243 2763 5244 2750 5245 2750 5245 2763 5244 2764 5246 2750 5245 2764 5246 2749 5247 2749 5247 2764 5246 2765 5248 2749 5247 2765 5248 2748 5249 2748 5249 2765 5248 2766 5250 2748 5249 2766 5250 2747 5251 2747 5251 2766 5250 2767 5252 2747 5251 2767 5252 2746 5253 2746 5253 2767 5252 2768 5254 2746 5253 2768 5254 2745 5255 2745 5255 2768 5254 2769 5256 2745 5255 2769 5256 2744 5257 2744 5257 2769 5256 2770 5258 2744 5257 2770 5258 2743 5259 2743 5259 2770 5258 2771 5260 2743 5259 2771 5260 2742 5261 2742 5261 2771 5260 2772 5262 2742 5261 2772 5262 2741 5263 2741 5263 2772 5262 2773 5264 2741 5263 2773 5264 2740 5265 2740 5265 2773 5264 2774 5266 2740 5265 2774 5266 2739 5267 2739 5267 2774 5266 2775 5268 2739 5267 2775 5268 2738 5269 2738 5269 2775 5268 2776 5270 2738 5269 2776 5270 2737 5271 2737 5271 2776 5270 2777 5272 2737 5271 2777 5272 2736 5273 2736 5273 2777 5272 2778 5274 2736 5273 2778 5274 2735 5275 2735 5275 2778 5274 2779 5276 2735 5275 2779 5276 2734 5229 2734 5229 2779 5276 2780 5230 2686 5277 2685 5278 2733 5279 2733 5279 2685 5278 2708 5280 2733 5279 2708 5280 2734 5281 2734 5281 2708 5280 2707 5282 2734 5281 2707 5282 2735 5283 2735 5283 2707 5282 2706 5284 2735 5283 2706 5284 2736 5285 2736 5285 2706 5284 2705 5286 2736 5285 2705 5286 2737 5287 2737 5287 2705 5286 2704 5288 2737 5287 2704 5288 2738 5289 2738 5289 2704 5288 2703 5290 2738 5289 2703 5290 2739 5291 2739 5291 2703 5290 2740 5292 2740 5292 2703 5290 2702 5293 2740 5292 2702 5293 2741 5294 2741 5294 2702 5293 2701 5295 2741 5294 2701 5295 2742 5296 2742 5296 2701 5295 2700 5297 2742 5296 2700 5297 2743 5298 2743 5298 2700 5297 2699 5299 2743 5298 2699 5299 2744 5300 2744 5300 2699 5299 2698 5301 2744 5300 2698 5301 2745 5302 2745 5302 2698 5301 2697 5303 2745 5302 2697 5303 2746 5304 2746 5304 2697 5303 2696 5305 2746 5304 2696 5305 2695 5306 2746 5304 2695 5306 2747 5307 2747 5307 2695 5306 2694 5308 2747 5307 2694 5308 2748 5309 2748 5309 2694 5308 2693 5310 2748 5309 2693 5310 2749 5311 2749 5311 2693 5310 2692 5312 2749 5311 2692 5312 2750 5313 2750 5313 2692 5312 2691 5314 2750 5313 2691 5314 2751 5315 2751 5315 2691 5314 2752 5316 2752 5316 2691 5314 2690 5317 2752 5316 2690 5317 2753 5318 2753 5318 2690 5317 2689 5319 2753 5318 2689 5319 2754 5320 2754 5320 2689 5319 2688 5321 2754 5320 2688 5321 2755 5322 2755 5322 2688 5321 2687 5323 2755 5322 2687 5323 2756 5324 2756 5324 2687 5323 2686 5277 2756 5324 2686 5277 2733 5279 2782 5325 2766 5326 2781 5327 2781 5327 2766 5326 2765 5328 2781 5327 2765 5328 2798 5329 2798 5329 2765 5328 2764 5330 2798 5329 2764 5330 2763 5331 2783 5332 2769 5333 2782 5325 2782 5325 2769 5333 2768 5334 2782 5325 2768 5334 2767 5335 2784 5336 2772 5337 2783 5332 2783 5332 2772 5337 2771 5338 2783 5332 2771 5338 2770 5339 2772 5337 2784 5336 2773 5340 2773 5340 2784 5336 2785 5341 2773 5340 2785 5341 2774 5342 2774 5342 2785 5341 2775 5343 2775 5343 2785 5341 2786 5344 2775 5343 2786 5344 2776 5345 2776 5345 2786 5344 2787 5346 2776 5345 2787 5346 2777 5347 2777 5347 2787 5346 2788 5348 2777 5347 2788 5348 2778 5349 2778 5349 2788 5348 2789 5350 2778 5349 2789 5350 2779 5351 2779 5351 2789 5350 2790 5352 2779 5351 2790 5352 2780 5353 2780 5353 2790 5352 2791 5354 2780 5353 2791 5354 2757 5355 2757 5355 2791 5354 2792 5356 2757 5355 2792 5356 2758 5357 2758 5357 2792 5356 2793 5358 2758 5357 2793 5358 2759 5359 2759 5359 2793 5358 2794 5360 2759 5359 2794 5360 2760 5361 2760 5361 2794 5360 2795 5362 2760 5361 2795 5362 2761 5363 2761 5363 2795 5362 2796 5364 2761 5363 2796 5364 2762 5365 2762 5365 2796 5364 2797 5366 2762 5365 2797 5366 2763 5331 2763 5331 2797 5366 2798 5329 2770 5339 2769 5333 2783 5332 2767 5335 2766 5326 2782 5325 2799 5367 2800 5368 2798 5369 2798 5369 2800 5368 2781 5370 2801 5371 2802 5372 2785 5373 2785 5373 2802 5372 2786 5374 2786 5374 2802 5372 2803 5375 2786 5374 2803 5375 2787 5376 2787 5376 2803 5375 2804 5377 2787 5376 2804 5377 2788 5378 2788 5378 2804 5377 2805 5379 2788 5378 2805 5379 2789 5380 2789 5380 2805 5379 2806 5381 2789 5380 2806 5381 2807 5382 2789 5380 2807 5382 2790 5383 2790 5383 2807 5382 2808 5384 2790 5383 2808 5384 2791 5385 2791 5385 2808 5384 2809 5386 2791 5385 2809 5386 2792 5387 2792 5387 2809 5386 2810 5388 2792 5387 2810 5388 2793 5389 2793 5389 2810 5388 2811 5390 2793 5389 2811 5390 2794 5391 2794 5391 2811 5390 2812 5392 2794 5391 2812 5392 2813 5393 2794 5391 2813 5393 2795 5394 2795 5394 2813 5393 2814 5395 2795 5394 2814 5395 2796 5396 2796 5396 2814 5395 2815 5397 2796 5396 2815 5397 2797 5398 2797 5398 2815 5397 2816 5399 2797 5398 2816 5399 2798 5400 2798 5400 2816 5399 2799 5401 2784 5402 2817 5403 2785 5404 2785 5404 2817 5403 2801 5405 2732 5406 2722 5407 2709 5408 2709 5408 2722 5407 2721 5409 2709 5408 2721 5409 2710 5410 2710 5410 2721 5409 2720 5411 2710 5410 2720 5411 2711 5412 2711 5412 2720 5411 2719 5413 2711 5412 2719 5413 2712 5414 2712 5414 2719 5413 2718 5415 2712 5414 2718 5415 2713 5416 2713 5416 2718 5415 2717 5417 2713 5416 2717 5417 2714 5418 2714 5418 2717 5417 2716 5419 2714 5418 2716 5419 2715 5420 2722 5407 2732 5406 2723 5421 2723 5421 2732 5406 2731 5422 2723 5421 2731 5422 2724 5423 2724 5423 2731 5422 2730 5424 2724 5423 2730 5424 2725 5425 2725 5425 2730 5424 2729 5426 2725 5425 2729 5426 2726 5427 2726 5427 2729 5426 2728 5428 2726 5427 2728 5428 2727 5429 2800 5430 2799 5431 2781 5432 2781 5432 2799 5431 2978 5433 2978 5433 2799 5431 2816 5434 2978 5433 2816 5434 2861 5435 2861 5435 2816 5434 2860 5436 2860 5436 2816 5434 2815 5437 2860 5436 2815 5437 2814 5438 2814 5438 2813 5439 2860 5436 2860 5436 2813 5439 2812 5440 2860 5436 2812 5440 2811 5441 2860 5436 2811 5441 2859 5442 2859 5442 2811 5441 2810 5443 2859 5442 2810 5443 2809 5444 2809 5444 2808 5445 2859 5442 2859 5442 2808 5445 2807 5446 2859 5442 2807 5446 2858 5447 2858 5447 2807 5446 2806 5448 2858 5447 2806 5448 2805 5449 2805 5449 2804 5450 2858 5447 2858 5447 2804 5450 2803 5451 2858 5447 2803 5451 2802 5452 2801 5453 2818 5454 2802 5452 2802 5452 2818 5454 2857 5455 2802 5452 2857 5455 2858 5447 2817 5456 2784 5457 2801 5453 2801 5453 2784 5457 2818 5454 2818 5454 2819 5458 2857 5455 2857 5455 2819 5458 2856 5459 2856 5459 2819 5458 2820 5460 2856 5459 2820 5460 2855 5461 2855 5461 2820 5460 2821 5462 2855 5461 2821 5462 2854 5463 2854 5463 2821 5462 2822 5464 2854 5463 2822 5464 2823 5465 2854 5463 2823 5465 2853 5466 2853 5466 2823 5465 2824 5467 2853 5466 2824 5467 2852 5468 2852 5468 2824 5467 2825 5469 2852 5468 2825 5469 2829 5470 2829 5470 2825 5469 2828 5471 2828 5471 2825 5469 2826 5472 2828 5471 2826 5472 2827 5473 2852 5468 2829 5470 2851 5474 2851 5474 2829 5470 2830 5475 2851 5474 2830 5475 2831 5476 2831 5476 2832 5477 2851 5474 2851 5474 2832 5477 2833 5478 2851 5474 2833 5478 2834 5479 2851 5474 2834 5479 2850 5480 2850 5480 2834 5479 2835 5481 2850 5480 2835 5481 2836 5482 2836 5482 2837 5483 2850 5480 2850 5480 2837 5483 2849 5484 2849 5484 2837 5483 2838 5485 2849 5484 2838 5485 2839 5486 2839 5486 2840 5487 2849 5484 2849 5484 2840 5487 2841 5488 2849 5484 2841 5488 2842 5489 2842 5489 2843 5490 2849 5484 2849 5484 2843 5490 2847 5491 2849 5484 2847 5491 2517 4876 2517 4876 2847 5491 2848 5492 2517 4876 2848 5492 2518 4875 2843 5490 2844 5493 2847 5491 2847 5491 2844 5493 2846 5494 2846 5494 2844 5493 2845 5495 2978 5433 2861 5435 2977 5496 2977 5496 2861 5435 2862 5497 2977 5496 2862 5497 2976 5498 2976 5498 2862 5497 2863 5499 2976 5498 2863 5499 2975 5500 2975 5500 2863 5499 2974 5501 2974 5501 2863 5499 2864 5502 2974 5501 2864 5502 2973 5503 2973 5503 2864 5502 2865 5504 2973 5503 2865 5504 2972 5505 2972 5505 2865 5504 2866 5506 2972 5505 2866 5506 2971 5507 2971 5507 2866 5506 2867 5508 2971 5507 2867 5508 2967 5509 2967 5509 2867 5508 2966 5510 2966 5510 2867 5508 2965 5511 2965 5511 2867 5508 2964 5512 2964 5512 2867 5508 2963 5513 2963 5513 2867 5508 2962 5514 2962 5514 2867 5508 2868 5515 2962 5514 2868 5515 2961 5516 2961 5516 2868 5515 2960 5517 2960 5517 2868 5515 2959 5518 2959 5518 2868 5515 2958 5519 2958 5519 2868 5515 2869 5520 2958 5519 2869 5520 2957 5521 2957 5521 2869 5520 2956 5522 2956 5522 2869 5520 2955 5523 2955 5523 2869 5520 2954 5524 2954 5524 2869 5520 2870 5525 2954 5524 2870 5525 2953 5526 2953 5526 2870 5525 2949 5527 2953 5526 2949 5527 2952 5528 2952 5528 2949 5527 2950 5529 2952 5528 2950 5529 2951 5530 2949 5527 2870 5525 2948 5531 2948 5531 2870 5525 2871 5532 2948 5531 2871 5532 2947 5533 2947 5533 2871 5532 2872 5534 2947 5533 2872 5534 2946 5535 2946 5535 2872 5534 2873 5536 2946 5535 2873 5536 2945 5537 2945 5537 2873 5536 2944 5538 2944 5538 2873 5536 2874 5539 2944 5538 2874 5539 2943 5540 2943 5540 2874 5539 2875 5541 2943 5540 2875 5541 2942 5542 2942 5542 2875 5541 2876 5543 2942 5542 2876 5543 2938 5544 2938 5544 2876 5543 2937 5545 2937 5545 2876 5543 2936 5546 2936 5546 2876 5543 2935 5547 2935 5547 2876 5543 2934 5548 2934 5548 2876 5543 2933 5549 2933 5549 2876 5543 2877 5550 2933 5549 2877 5550 2932 5551 2932 5551 2877 5550 2931 5552 2931 5552 2877 5550 2930 5553 2930 5553 2877 5550 2929 5554 2929 5554 2877 5550 2878 5555 2929 5554 2878 5555 2928 5556 2928 5556 2878 5555 2927 5557 2927 5557 2878 5555 2926 5558 2926 5558 2878 5555 2925 5559 2925 5559 2878 5555 2879 5560 2925 5559 2879 5560 2924 5561 2924 5561 2879 5560 2920 5562 2924 5561 2920 5562 2923 5563 2923 5563 2920 5562 2921 5564 2923 5563 2921 5564 2922 5565 2920 5562 2879 5560 2919 5566 2919 5566 2879 5560 2880 5567 2919 5566 2880 5567 2918 5568 2918 5568 2880 5567 2881 5569 2918 5568 2881 5569 2917 5570 2917 5570 2881 5569 2882 5571 2917 5570 2882 5571 2916 5572 2916 5572 2882 5571 2915 5573 2915 5573 2882 5571 2883 5574 2915 5573 2883 5574 2914 5575 2914 5575 2883 5574 2884 5576 2914 5575 2884 5576 2913 5577 2913 5577 2884 5576 2909 5578 2913 5577 2909 5578 2910 5579 2884 5576 2885 5580 2909 5578 2909 5578 2885 5580 2908 5581 2908 5581 2885 5580 2907 5582 2907 5582 2885 5580 2906 5583 2906 5583 2885 5580 2905 5584 2905 5584 2885 5580 2886 5585 2905 5584 2886 5585 2904 5586 2904 5586 2886 5585 2903 5587 2903 5587 2886 5585 2902 5588 2902 5588 2886 5585 2901 5589 2901 5589 2886 5585 2887 5590 2901 5589 2887 5590 2900 5591 2900 5591 2887 5590 2899 5592 2899 5592 2887 5590 2898 5593 2898 5593 2887 5590 2897 5594 2897 5594 2887 5590 2896 5595 2896 5595 2887 5590 2888 5596 2896 5595 2888 5596 2895 5597 2895 5597 2888 5596 2890 5598 2895 5597 2890 5598 2891 5599 2888 5596 2889 5600 2890 5598 2892 5601 2893 5602 2891 5599 2891 5599 2893 5602 2894 5603 2891 5599 2894 5603 2895 5597 2911 5604 2912 5605 2910 5579 2910 5579 2912 5605 2913 5577 2938 5544 2939 5606 2942 5542 2942 5542 2939 5606 2941 5607 2941 5607 2939 5606 2940 5608 2967 5509 2968 5609 2971 5507 2971 5507 2968 5609 2970 5610 2970 5610 2968 5609 2969 5611 2980 5612 3026 5613 2979 5614 2979 5614 3026 5613 3003 5615 2979 5614 3003 5615 3002 5616 3002 5616 3003 5615 3004 5617 3002 5616 3004 5617 3001 5618 3001 5618 3004 5617 3005 5619 3001 5618 3005 5619 3000 5620 3000 5620 3005 5619 3006 5621 3000 5620 3006 5621 2999 5622 2999 5622 3006 5621 3007 5623 2999 5622 3007 5623 2998 5624 2998 5624 3007 5623 3008 5625 2998 5624 3008 5625 2997 5626 2997 5626 3008 5625 3009 5627 2997 5626 3009 5627 2996 5628 2996 5628 3009 5627 3010 5629 2996 5628 3010 5629 2995 5630 2995 5630 3010 5629 3011 5631 2995 5630 3011 5631 2994 5632 2994 5632 3011 5631 3012 5633 2994 5632 3012 5633 2993 5634 2993 5634 3012 5633 3013 5635 2993 5634 3013 5635 2992 5636 2992 5636 3013 5635 3014 5637 2992 5636 3014 5637 2991 5638 2991 5638 3014 5637 3015 5639 2991 5638 3015 5639 2990 5640 2990 5640 3015 5639 3016 5641 2990 5640 3016 5641 2989 5642 2989 5642 3016 5641 3017 5643 2989 5642 3017 5643 2988 5644 2988 5644 3017 5643 3018 5645 2988 5644 3018 5645 2987 5646 2987 5646 3018 5645 3019 5647 2987 5646 3019 5647 2986 5648 2986 5648 3019 5647 3020 5649 2986 5648 3020 5649 2985 5650 2985 5650 3020 5649 3021 5651 2985 5650 3021 5651 2984 5652 2984 5652 3021 5651 3022 5653 2984 5652 3022 5653 2983 5654 2983 5654 3022 5653 3023 5655 2983 5654 3023 5655 2982 5656 2982 5656 3023 5655 3024 5657 2982 5656 3024 5657 2981 5658 2981 5658 3024 5657 3025 5659 2981 5658 3025 5659 2980 5612 2980 5612 3025 5659 3026 5613 3028 5660 3074 5661 3027 5662 3027 5662 3074 5661 3051 5663 3027 5662 3051 5663 3050 5664 3050 5664 3051 5663 3052 5665 3050 5664 3052 5665 3049 5666 3049 5666 3052 5665 3053 5667 3049 5666 3053 5667 3048 5668 3048 5668 3053 5667 3054 5669 3048 5668 3054 5669 3047 5670 3047 5670 3054 5669 3055 5671 3047 5670 3055 5671 3046 5672 3046 5672 3055 5671 3056 5673 3046 5672 3056 5673 3045 5674 3045 5674 3056 5673 3057 5675 3045 5674 3057 5675 3044 5676 3044 5676 3057 5675 3058 5677 3044 5676 3058 5677 3043 5678 3043 5678 3058 5677 3059 5679 3043 5678 3059 5679 3042 5680 3042 5680 3059 5679 3060 5681 3042 5680 3060 5681 3041 5682 3041 5682 3060 5681 3061 5683 3041 5682 3061 5683 3040 5684 3040 5684 3061 5683 3062 5685 3040 5684 3062 5685 3039 5686 3039 5686 3062 5685 3063 5687 3039 5686 3063 5687 3038 5688 3038 5688 3063 5687 3064 5689 3038 5688 3064 5689 3037 5690 3037 5690 3064 5689 3065 5691 3037 5690 3065 5691 3036 5692 3036 5692 3065 5691 3066 5693 3036 5692 3066 5693 3035 5694 3035 5694 3066 5693 3067 5695 3035 5694 3067 5695 3034 5696 3034 5696 3067 5695 3068 5697 3034 5696 3068 5697 3033 5698 3033 5698 3068 5697 3069 5699 3033 5698 3069 5699 3032 5700 3032 5700 3069 5699 3070 5701 3032 5700 3070 5701 3031 5702 3031 5702 3070 5701 3071 5703 3031 5702 3071 5703 3030 5704 3030 5704 3071 5703 3072 5705 3030 5704 3072 5705 3029 5706 3029 5706 3072 5705 3073 5707 3029 5706 3073 5707 3028 5660 3028 5660 3073 5707 3074 5661 2980 5708 2979 5709 3027 5710 3027 5710 2979 5709 3002 5711 3027 5710 3002 5711 3028 5712 3028 5712 3002 5711 3001 5713 3028 5712 3001 5713 3029 5714 3029 5714 3001 5713 3000 5715 3029 5714 3000 5715 3030 5716 3030 5716 3000 5715 2999 5717 3030 5716 2999 5717 3031 5718 3031 5718 2999 5717 2998 5719 3031 5718 2998 5719 3032 5720 3032 5720 2998 5719 2997 5721 3032 5720 2997 5721 3033 5722 3033 5722 2997 5721 3034 5723 3034 5723 2997 5721 2996 5724 3034 5723 2996 5724 3035 5725 3035 5725 2996 5724 2995 5726 3035 5725 2995 5726 3036 5727 3036 5727 2995 5726 2994 5728 3036 5727 2994 5728 3037 5729 3037 5729 2994 5728 2993 5730 3037 5729 2993 5730 3038 5731 3038 5731 2993 5730 2992 5732 3038 5731 2992 5732 3039 5733 3039 5733 2992 5732 2991 5734 3039 5733 2991 5734 3040 5735 3040 5735 2991 5734 2990 5736 3040 5735 2990 5736 2989 5737 3040 5735 2989 5737 3041 5738 3041 5738 2989 5737 2988 5739 3041 5738 2988 5739 3042 5740 3042 5740 2988 5739 2987 5741 3042 5740 2987 5741 3043 5742 3043 5742 2987 5741 2986 5743 3043 5742 2986 5743 3044 5744 3044 5744 2986 5743 2985 5745 3044 5744 2985 5745 3045 5746 3045 5746 2985 5745 3046 5747 3046 5747 2985 5745 2984 5748 3046 5747 2984 5748 3047 5749 3047 5749 2984 5748 2983 5750 3047 5749 2983 5750 3048 5751 3048 5751 2983 5750 2982 5752 3048 5751 2982 5752 3049 5753 3049 5753 2982 5752 2981 5754 3049 5753 2981 5754 3050 5755 3050 5755 2981 5754 2980 5708 3050 5755 2980 5708 3027 5710 3075 5756 3060 5757 2826 5758 2826 5758 3060 5757 3059 5759 2826 5758 3059 5759 3090 5760 3090 5760 3059 5759 3058 5761 3090 5760 3058 5761 3057 5762 3076 5763 3063 5764 3075 5756 3075 5756 3063 5764 3062 5765 3075 5756 3062 5765 3061 5766 2846 5767 3066 5768 3076 5763 3076 5763 3066 5768 3065 5769 3076 5763 3065 5769 3064 5770 3066 5768 2846 5767 3067 5771 3067 5771 2846 5767 3077 5772 3067 5771 3077 5772 3068 5773 3068 5773 3077 5772 3069 5774 3069 5774 3077 5772 3078 5775 3069 5774 3078 5775 3070 5776 3070 5776 3078 5775 3079 5777 3070 5776 3079 5777 3071 5778 3071 5778 3079 5777 3080 5779 3071 5778 3080 5779 3072 5780 3072 5780 3080 5779 3081 5781 3072 5780 3081 5781 3073 5782 3073 5782 3081 5781 3082 5783 3073 5782 3082 5783 3074 5784 3074 5784 3082 5783 3083 5785 3074 5784 3083 5785 3051 5786 3051 5786 3083 5785 3084 5787 3051 5786 3084 5787 3052 5788 3052 5788 3084 5787 3085 5789 3052 5788 3085 5789 3053 5790 3053 5790 3085 5789 3086 5791 3053 5790 3086 5791 3054 5792 3054 5792 3086 5791 3087 5793 3054 5792 3087 5793 3055 5794 3055 5794 3087 5793 3088 5795 3055 5794 3088 5795 3056 5796 3056 5796 3088 5795 3089 5797 3056 5796 3089 5797 3057 5762 3057 5762 3089 5797 3090 5760 3064 5770 3063 5764 3076 5763 3061 5766 3060 5757 3075 5756 2828 5798 2827 5799 3090 5800 3090 5800 2827 5799 2826 5801 2844 5802 2843 5803 3077 5804 3077 5804 2843 5803 3078 5805 3078 5805 2843 5803 2842 5806 3078 5805 2842 5806 3079 5807 3079 5807 2842 5806 2841 5808 3079 5807 2841 5808 3080 5809 3080 5809 2841 5808 2840 5810 3080 5809 2840 5810 3081 5811 3081 5811 2840 5810 2839 5812 3081 5811 2839 5812 2838 5813 3081 5811 2838 5813 3082 5814 3082 5814 2838 5813 2837 5815 3082 5814 2837 5815 3083 5816 3083 5816 2837 5815 2836 5817 3083 5816 2836 5817 3084 5818 3084 5818 2836 5817 2835 5819 3084 5818 2835 5819 3085 5820 3085 5820 2835 5819 2834 5821 3085 5820 2834 5821 3086 5822 3086 5822 2834 5821 2833 5823 3086 5822 2833 5823 2832 5824 3086 5822 2832 5824 3087 5825 3087 5825 2832 5824 2831 5826 3087 5825 2831 5826 3088 5827 3088 5827 2831 5826 2830 5828 3088 5827 2830 5828 3089 5829 3089 5829 2830 5828 2829 5830 3089 5829 2829 5830 3090 5831 3090 5831 2829 5830 2828 5832 2846 5833 2845 5834 3077 5835 3077 5835 2845 5834 2844 5836 3026 5837 3016 5838 3003 5839 3003 5839 3016 5838 3015 5840 3003 5839 3015 5840 3004 5841 3004 5841 3015 5840 3014 5842 3004 5841 3014 5842 3005 5843 3005 5843 3014 5842 3013 5844 3005 5843 3013 5844 3006 5845 3006 5845 3013 5844 3012 5846 3006 5845 3012 5846 3007 5847 3007 5847 3012 5846 3011 5848 3007 5847 3011 5848 3008 5849 3008 5849 3011 5848 3010 5850 3008 5849 3010 5850 3009 5851 3016 5838 3026 5837 3017 5852 3017 5852 3026 5837 3025 5853 3017 5852 3025 5853 3018 5854 3018 5854 3025 5853 3024 5855 3018 5854 3024 5855 3019 5856 3019 5856 3024 5855 3023 5857 3019 5856 3023 5857 3020 5858 3020 5858 3023 5857 3022 5859 3020 5858 3022 5859 3021 5860 3092 5861 3138 5862 3091 5863 3091 5863 3138 5862 3115 5864 3091 5863 3115 5864 3114 5865 3114 5865 3115 5864 3116 5866 3114 5865 3116 5866 3113 5867 3113 5867 3116 5866 3117 5868 3113 5867 3117 5868 3112 5869 3112 5869 3117 5868 3118 5870 3112 5869 3118 5870 3111 5871 3111 5871 3118 5870 3119 5872 3111 5871 3119 5872 3110 5873 3110 5873 3119 5872 3120 5874 3110 5873 3120 5874 3109 5875 3109 5875 3120 5874 3121 5876 3109 5875 3121 5876 3108 5877 3108 5877 3121 5876 3122 5878 3108 5877 3122 5878 3107 5879 3107 5879 3122 5878 3123 5880 3107 5879 3123 5880 3106 5881 3106 5881 3123 5880 3124 5882 3106 5881 3124 5882 3105 5883 3105 5883 3124 5882 3125 5884 3105 5883 3125 5884 3104 5885 3104 5885 3125 5884 3126 5886 3104 5885 3126 5886 3103 5887 3103 5887 3126 5886 3127 5888 3103 5887 3127 5888 3102 5889 3102 5889 3127 5888 3128 5890 3102 5889 3128 5890 3101 5891 3101 5891 3128 5890 3129 5892 3101 5891 3129 5892 3100 5893 3100 5893 3129 5892 3130 5894 3100 5893 3130 5894 3099 5895 3099 5895 3130 5894 3131 5896 3099 5895 3131 5896 3098 5897 3098 5897 3131 5896 3132 5898 3098 5897 3132 5898 3097 5899 3097 5899 3132 5898 3133 5900 3097 5899 3133 5900 3096 5901 3096 5901 3133 5900 3134 5902 3096 5901 3134 5902 3095 5903 3095 5903 3134 5902 3135 5904 3095 5903 3135 5904 3094 5905 3094 5905 3135 5904 3136 5906 3094 5905 3136 5906 3093 5907 3093 5907 3136 5906 3137 5908 3093 5907 3137 5908 3092 5861 3092 5861 3137 5908 3138 5862 3140 5909 3186 5910 3139 5911 3139 5911 3186 5910 3163 5912 3139 5911 3163 5912 3162 5913 3162 5913 3163 5912 3164 5914 3162 5913 3164 5914 3161 5915 3161 5915 3164 5914 3165 5916 3161 5915 3165 5916 3160 5917 3160 5917 3165 5916 3166 5918 3160 5917 3166 5918 3159 5919 3159 5919 3166 5918 3167 5920 3159 5919 3167 5920 3158 5921 3158 5921 3167 5920 3168 5922 3158 5921 3168 5922 3157 5923 3157 5923 3168 5922 3169 5924 3157 5923 3169 5924 3156 5925 3156 5925 3169 5924 3170 5926 3156 5925 3170 5926 3155 5927 3155 5927 3170 5926 3171 5928 3155 5927 3171 5928 3154 5929 3154 5929 3171 5928 3172 5930 3154 5929 3172 5930 3153 5931 3153 5931 3172 5930 3173 5932 3153 5931 3173 5932 3152 5933 3152 5933 3173 5932 3174 5934 3152 5933 3174 5934 3151 5935 3151 5935 3174 5934 3175 5936 3151 5935 3175 5936 3150 5937 3150 5937 3175 5936 3176 5938 3150 5937 3176 5938 3149 5939 3149 5939 3176 5938 3177 5940 3149 5939 3177 5940 3148 5941 3148 5941 3177 5940 3178 5942 3148 5941 3178 5942 3147 5943 3147 5943 3178 5942 3179 5944 3147 5943 3179 5944 3146 5945 3146 5945 3179 5944 3180 5946 3146 5945 3180 5946 3145 5947 3145 5947 3180 5946 3181 5948 3145 5947 3181 5948 3144 5949 3144 5949 3181 5948 3182 5950 3144 5949 3182 5950 3143 5951 3143 5951 3182 5950 3183 5952 3143 5951 3183 5952 3142 5953 3142 5953 3183 5952 3184 5954 3142 5953 3184 5954 3141 5955 3141 5955 3184 5954 3185 5956 3141 5955 3185 5956 3140 5909 3140 5909 3185 5956 3186 5910 3092 5957 3091 5958 3139 5959 3139 5959 3091 5958 3114 5960 3139 5959 3114 5960 3140 5961 3140 5961 3114 5960 3113 5962 3140 5961 3113 5962 3141 5963 3141 5963 3113 5962 3112 5964 3141 5963 3112 5964 3142 5965 3142 5965 3112 5964 3111 5966 3142 5965 3111 5966 3143 5967 3143 5967 3111 5966 3110 5968 3143 5967 3110 5968 3144 5969 3144 5969 3110 5968 3109 5970 3144 5969 3109 5970 3145 5971 3145 5971 3109 5970 3146 5972 3146 5972 3109 5970 3108 5973 3146 5972 3108 5973 3147 5974 3147 5974 3108 5973 3107 5975 3147 5974 3107 5975 3148 5976 3148 5976 3107 5975 3106 5977 3148 5976 3106 5977 3149 5978 3149 5978 3106 5977 3105 5979 3149 5978 3105 5979 3150 5980 3150 5980 3105 5979 3104 5981 3150 5980 3104 5981 3151 5982 3151 5982 3104 5981 3103 5983 3151 5982 3103 5983 3152 5984 3152 5984 3103 5983 3102 5985 3152 5984 3102 5985 3101 5986 3152 5984 3101 5986 3153 5987 3153 5987 3101 5986 3100 5988 3153 5987 3100 5988 3154 5989 3154 5989 3100 5988 3099 5990 3154 5989 3099 5990 3155 5991 3155 5991 3099 5990 3098 5992 3155 5991 3098 5992 3156 5993 3156 5993 3098 5992 3097 5994 3156 5993 3097 5994 3157 5995 3157 5995 3097 5994 3158 5996 3158 5996 3097 5994 3096 5997 3158 5996 3096 5997 3159 5998 3159 5998 3096 5997 3095 5999 3159 5998 3095 5999 3160 6000 3160 6000 3095 5999 3094 6001 3160 6000 3094 6001 3161 6002 3161 6002 3094 6001 3093 6003 3161 6002 3093 6003 3162 6004 3162 6004 3093 6003 3092 5957 3162 6004 3092 5957 3139 5959 3187 6005 3172 6006 2892 6007 2892 6007 3172 6006 3171 6008 2892 6007 3171 6008 3202 6009 3202 6009 3171 6008 3170 6010 3202 6009 3170 6010 3169 6011 3188 6012 3175 6013 3187 6005 3187 6005 3175 6013 3174 6014 3187 6005 3174 6014 3173 6015 2912 6016 3178 6017 3188 6012 3188 6012 3178 6017 3177 6018 3188 6012 3177 6018 3176 6019 3178 6017 2912 6016 3179 6020 3179 6020 2912 6016 3189 6021 3179 6020 3189 6021 3180 6022 3180 6022 3189 6021 3181 6023 3181 6023 3189 6021 3190 6024 3181 6023 3190 6024 3182 6025 3182 6025 3190 6024 3191 6026 3182 6025 3191 6026 3183 6027 3183 6027 3191 6026 3192 6028 3183 6027 3192 6028 3184 6029 3184 6029 3192 6028 3193 6030 3184 6029 3193 6030 3185 6031 3185 6031 3193 6030 3194 6032 3185 6031 3194 6032 3186 6033 3186 6033 3194 6032 3195 6034 3186 6033 3195 6034 3163 6035 3163 6035 3195 6034 3196 6036 3163 6035 3196 6036 3164 6037 3164 6037 3196 6036 3197 6038 3164 6037 3197 6038 3165 6039 3165 6039 3197 6038 3198 6040 3165 6039 3198 6040 3166 6041 3166 6041 3198 6040 3199 6042 3166 6041 3199 6042 3167 6043 3167 6043 3199 6042 3200 6044 3167 6043 3200 6044 3168 6045 3168 6045 3200 6044 3201 6046 3168 6045 3201 6046 3169 6011 3169 6011 3201 6046 3202 6009 3176 6019 3175 6013 3188 6012 3173 6015 3172 6006 3187 6005 2894 6047 2893 6048 3202 6049 3202 6049 2893 6048 2892 6050 2910 6051 2909 6052 3189 6053 3189 6053 2909 6052 3190 6054 3190 6054 2909 6052 2908 6055 3190 6054 2908 6055 3191 6056 3191 6056 2908 6055 2907 6057 3191 6056 2907 6057 3192 6058 3192 6058 2907 6057 2906 6059 3192 6058 2906 6059 3193 6060 3193 6060 2906 6059 2905 6061 3193 6060 2905 6061 2904 6062 3193 6060 2904 6062 3194 6063 3194 6063 2904 6062 2903 6064 3194 6063 2903 6064 3195 6065 3195 6065 2903 6064 2902 6066 3195 6065 2902 6066 3196 6067 3196 6067 2902 6066 2901 6068 3196 6067 2901 6068 3197 6069 3197 6069 2901 6068 2900 6070 3197 6069 2900 6070 3198 6071 3198 6071 2900 6070 2899 6072 3198 6071 2899 6072 2898 6073 3198 6071 2898 6073 3199 6074 3199 6074 2898 6073 2897 6075 3199 6074 2897 6075 3200 6076 3200 6076 2897 6075 2896 6077 3200 6076 2896 6077 3201 6078 3201 6078 2896 6077 2895 6079 3201 6078 2895 6079 3202 6080 3202 6080 2895 6079 2894 6081 2912 6082 2911 6083 3189 6084 3189 6084 2911 6083 2910 6085 3138 6086 3128 6087 3115 6088 3115 6088 3128 6087 3127 6089 3115 6088 3127 6089 3116 6090 3116 6090 3127 6089 3126 6091 3116 6090 3126 6091 3117 6092 3117 6092 3126 6091 3125 6093 3117 6092 3125 6093 3118 6094 3118 6094 3125 6093 3124 6095 3118 6094 3124 6095 3119 6096 3119 6096 3124 6095 3123 6097 3119 6096 3123 6097 3120 6098 3120 6098 3123 6097 3122 6099 3120 6098 3122 6099 3121 6100 3128 6087 3138 6086 3129 6101 3129 6101 3138 6086 3137 6102 3129 6101 3137 6102 3130 6103 3130 6103 3137 6102 3136 6104 3130 6103 3136 6104 3131 6105 3131 6105 3136 6104 3135 6106 3131 6105 3135 6106 3132 6107 3132 6107 3135 6106 3134 6108 3132 6107 3134 6108 3133 6109 3204 6110 3250 6111 3203 6112 3203 6112 3250 6111 3227 6113 3203 6112 3227 6113 3226 6114 3226 6114 3227 6113 3228 6115 3226 6114 3228 6115 3225 6116 3225 6116 3228 6115 3229 6117 3225 6116 3229 6117 3224 6118 3224 6118 3229 6117 3230 6119 3224 6118 3230 6119 3223 6120 3223 6120 3230 6119 3231 6121 3223 6120 3231 6121 3222 6122 3222 6122 3231 6121 3232 6123 3222 6122 3232 6123 3221 6124 3221 6124 3232 6123 3233 6125 3221 6124 3233 6125 3220 6126 3220 6126 3233 6125 3234 6127 3220 6126 3234 6127 3219 6128 3219 6128 3234 6127 3235 6129 3219 6128 3235 6129 3218 6130 3218 6130 3235 6129 3236 6131 3218 6130 3236 6131 3217 6132 3217 6132 3236 6131 3237 6133 3217 6132 3237 6133 3216 6134 3216 6134 3237 6133 3238 6135 3216 6134 3238 6135 3215 6136 3215 6136 3238 6135 3239 6137 3215 6136 3239 6137 3214 6138 3214 6138 3239 6137 3240 6139 3214 6138 3240 6139 3213 6140 3213 6140 3240 6139 3241 6141 3213 6140 3241 6141 3212 6142 3212 6142 3241 6141 3242 6143 3212 6142 3242 6143 3211 6144 3211 6144 3242 6143 3243 6145 3211 6144 3243 6145 3210 6146 3210 6146 3243 6145 3244 6147 3210 6146 3244 6147 3209 6148 3209 6148 3244 6147 3245 6149 3209 6148 3245 6149 3208 6150 3208 6150 3245 6149 3246 6151 3208 6150 3246 6151 3207 6152 3207 6152 3246 6151 3247 6153 3207 6152 3247 6153 3206 6154 3206 6154 3247 6153 3248 6155 3206 6154 3248 6155 3205 6156 3205 6156 3248 6155 3249 6157 3205 6156 3249 6157 3204 6110 3204 6110 3249 6157 3250 6111 3252 6158 3298 6159 3251 6160 3251 6160 3298 6159 3275 6161 3251 6160 3275 6161 3274 6162 3274 6162 3275 6161 3276 6163 3274 6162 3276 6163 3273 6164 3273 6164 3276 6163 3277 6165 3273 6164 3277 6165 3272 6166 3272 6166 3277 6165 3278 6167 3272 6166 3278 6167 3271 6168 3271 6168 3278 6167 3279 6169 3271 6168 3279 6169 3270 6170 3270 6170 3279 6169 3280 6171 3270 6170 3280 6171 3269 6172 3269 6172 3280 6171 3281 6173 3269 6172 3281 6173 3268 6174 3268 6174 3281 6173 3282 6175 3268 6174 3282 6175 3267 6176 3267 6176 3282 6175 3283 6177 3267 6176 3283 6177 3266 6178 3266 6178 3283 6177 3284 6179 3266 6178 3284 6179 3265 6180 3265 6180 3284 6179 3285 6181 3265 6180 3285 6181 3264 6182 3264 6182 3285 6181 3286 6183 3264 6182 3286 6183 3263 6184 3263 6184 3286 6183 3287 6185 3263 6184 3287 6185 3262 6186 3262 6186 3287 6185 3288 6187 3262 6186 3288 6187 3261 6188 3261 6188 3288 6187 3289 6189 3261 6188 3289 6189 3260 6190 3260 6190 3289 6189 3290 6191 3260 6190 3290 6191 3259 6192 3259 6192 3290 6191 3291 6193 3259 6192 3291 6193 3258 6194 3258 6194 3291 6193 3292 6195 3258 6194 3292 6195 3257 6196 3257 6196 3292 6195 3293 6197 3257 6196 3293 6197 3256 6198 3256 6198 3293 6197 3294 6199 3256 6198 3294 6199 3255 6200 3255 6200 3294 6199 3295 6201 3255 6200 3295 6201 3254 6202 3254 6202 3295 6201 3296 6203 3254 6202 3296 6203 3253 6204 3253 6204 3296 6203 3297 6205 3253 6204 3297 6205 3252 6158 3252 6158 3297 6205 3298 6159 3204 6206 3203 6207 3251 6208 3251 6208 3203 6207 3226 6209 3251 6208 3226 6209 3252 6210 3252 6210 3226 6209 3225 6211 3252 6210 3225 6211 3253 6212 3253 6212 3225 6211 3224 6213 3253 6212 3224 6213 3254 6214 3254 6214 3224 6213 3223 6215 3254 6214 3223 6215 3255 6216 3255 6216 3223 6215 3222 6217 3255 6216 3222 6217 3256 6218 3256 6218 3222 6217 3221 6219 3256 6218 3221 6219 3257 6220 3257 6220 3221 6219 3258 6221 3258 6221 3221 6219 3220 6222 3258 6221 3220 6222 3259 6223 3259 6223 3220 6222 3219 6224 3259 6223 3219 6224 3260 6225 3260 6225 3219 6224 3218 6226 3260 6225 3218 6226 3261 6227 3261 6227 3218 6226 3217 6228 3261 6227 3217 6228 3262 6229 3262 6229 3217 6228 3216 6230 3262 6229 3216 6230 3263 6231 3263 6231 3216 6230 3215 6232 3263 6231 3215 6232 3264 6233 3264 6233 3215 6232 3214 6234 3264 6233 3214 6234 3213 6235 3264 6233 3213 6235 3265 6236 3265 6236 3213 6235 3212 6237 3265 6236 3212 6237 3266 6238 3266 6238 3212 6237 3211 6239 3266 6238 3211 6239 3267 6240 3267 6240 3211 6239 3210 6241 3267 6240 3210 6241 3268 6242 3268 6242 3210 6241 3209 6243 3268 6242 3209 6243 3269 6244 3269 6244 3209 6243 3270 6245 3270 6245 3209 6243 3208 6246 3270 6245 3208 6246 3271 6247 3271 6247 3208 6246 3207 6248 3271 6247 3207 6248 3272 6249 3272 6249 3207 6248 3206 6250 3272 6249 3206 6250 3273 6251 3273 6251 3206 6250 3205 6252 3273 6251 3205 6252 3274 6253 3274 6253 3205 6252 3204 6206 3274 6253 3204 6206 3251 6208 3299 6254 3284 6255 2921 6256 2921 6256 3284 6255 3283 6257 2921 6256 3283 6257 3314 6258 3314 6258 3283 6257 3282 6259 3314 6258 3282 6259 3281 6260 3300 6261 3287 6262 3299 6254 3299 6254 3287 6262 3286 6263 3299 6254 3286 6263 3285 6264 2941 6265 3290 6266 3300 6261 3300 6261 3290 6266 3289 6267 3300 6261 3289 6267 3288 6268 3290 6266 2941 6265 3291 6269 3291 6269 2941 6265 3301 6270 3291 6269 3301 6270 3292 6271 3292 6271 3301 6270 3293 6272 3293 6272 3301 6270 3302 6273 3293 6272 3302 6273 3294 6274 3294 6274 3302 6273 3303 6275 3294 6274 3303 6275 3295 6276 3295 6276 3303 6275 3304 6277 3295 6276 3304 6277 3296 6278 3296 6278 3304 6277 3305 6279 3296 6278 3305 6279 3297 6280 3297 6280 3305 6279 3306 6281 3297 6280 3306 6281 3298 6282 3298 6282 3306 6281 3307 6283 3298 6282 3307 6283 3275 6284 3275 6284 3307 6283 3308 6285 3275 6284 3308 6285 3276 6286 3276 6286 3308 6285 3309 6287 3276 6286 3309 6287 3277 6288 3277 6288 3309 6287 3310 6289 3277 6288 3310 6289 3278 6290 3278 6290 3310 6289 3311 6291 3278 6290 3311 6291 3279 6292 3279 6292 3311 6291 3312 6293 3279 6292 3312 6293 3280 6294 3280 6294 3312 6293 3313 6295 3280 6294 3313 6295 3281 6260 3281 6260 3313 6295 3314 6258 3288 6268 3287 6262 3300 6261 3285 6264 3284 6255 3299 6254 2923 6296 2922 6297 3314 6298 3314 6298 2922 6297 2921 6299 2939 6300 2938 6301 3301 6302 3301 6302 2938 6301 3302 6303 3302 6303 2938 6301 2937 6304 3302 6303 2937 6304 3303 6305 3303 6305 2937 6304 2936 6306 3303 6305 2936 6306 3304 6307 3304 6307 2936 6306 2935 6308 3304 6307 2935 6308 3305 6309 3305 6309 2935 6308 2934 6310 3305 6309 2934 6310 2933 6311 3305 6309 2933 6311 3306 6312 3306 6312 2933 6311 2932 6313 3306 6312 2932 6313 3307 6314 3307 6314 2932 6313 2931 6315 3307 6314 2931 6315 3308 6316 3308 6316 2931 6315 2930 6317 3308 6316 2930 6317 3309 6318 3309 6318 2930 6317 2929 6319 3309 6318 2929 6319 3310 6320 3310 6320 2929 6319 2928 6321 3310 6320 2928 6321 2927 6322 3310 6320 2927 6322 3311 6323 3311 6323 2927 6322 2926 6324 3311 6323 2926 6324 3312 6325 3312 6325 2926 6324 2925 6326 3312 6325 2925 6326 3313 6327 3313 6327 2925 6326 2924 6328 3313 6327 2924 6328 3314 6329 3314 6329 2924 6328 2923 6330 2941 6331 2940 6332 3301 6333 3301 6333 2940 6332 2939 6334 3250 6335 3240 6336 3227 6337 3227 6337 3240 6336 3239 6338 3227 6337 3239 6338 3228 6339 3228 6339 3239 6338 3238 6340 3228 6339 3238 6340 3229 6341 3229 6341 3238 6340 3237 6342 3229 6341 3237 6342 3230 6343 3230 6343 3237 6342 3236 6344 3230 6343 3236 6344 3231 6345 3231 6345 3236 6344 3235 6346 3231 6345 3235 6346 3232 6347 3232 6347 3235 6346 3234 6348 3232 6347 3234 6348 3233 6349 3240 6336 3250 6335 3241 6350 3241 6350 3250 6335 3249 6351 3241 6350 3249 6351 3242 6352 3242 6352 3249 6351 3248 6353 3242 6352 3248 6353 3243 6354 3243 6354 3248 6353 3247 6355 3243 6354 3247 6355 3244 6356 3244 6356 3247 6355 3246 6357 3244 6356 3246 6357 3245 6358 3316 6359 3362 6360 3315 6361 3315 6361 3362 6360 3339 6362 3315 6361 3339 6362 3338 6363 3338 6363 3339 6362 3340 6364 3338 6363 3340 6364 3337 6365 3337 6365 3340 6364 3341 6366 3337 6365 3341 6366 3336 6367 3336 6367 3341 6366 3342 6368 3336 6367 3342 6368 3335 6369 3335 6369 3342 6368 3343 6370 3335 6369 3343 6370 3334 6371 3334 6371 3343 6370 3344 6372 3334 6371 3344 6372 3333 6373 3333 6373 3344 6372 3345 6374 3333 6373 3345 6374 3332 6375 3332 6375 3345 6374 3346 6376 3332 6375 3346 6376 3331 6377 3331 6377 3346 6376 3347 6378 3331 6377 3347 6378 3330 6379 3330 6379 3347 6378 3348 6380 3330 6379 3348 6380 3329 6381 3329 6381 3348 6380 3349 6382 3329 6381 3349 6382 3328 6383 3328 6383 3349 6382 3350 6384 3328 6383 3350 6384 3327 6385 3327 6385 3350 6384 3351 6386 3327 6385 3351 6386 3326 6387 3326 6387 3351 6386 3352 6388 3326 6387 3352 6388 3325 6389 3325 6389 3352 6388 3353 6390 3325 6389 3353 6390 3324 6391 3324 6391 3353 6390 3354 6392 3324 6391 3354 6392 3323 6393 3323 6393 3354 6392 3355 6394 3323 6393 3355 6394 3322 6395 3322 6395 3355 6394 3356 6396 3322 6395 3356 6396 3321 6397 3321 6397 3356 6396 3357 6398 3321 6397 3357 6398 3320 6399 3320 6399 3357 6398 3358 6400 3320 6399 3358 6400 3319 6401 3319 6401 3358 6400 3359 6402 3319 6401 3359 6402 3318 6403 3318 6403 3359 6402 3360 6404 3318 6403 3360 6404 3317 6405 3317 6405 3360 6404 3361 6406 3317 6405 3361 6406 3316 6359 3316 6359 3361 6406 3362 6360 3364 6407 3410 6408 3363 6409 3363 6409 3410 6408 3387 6410 3363 6409 3387 6410 3386 6411 3386 6411 3387 6410 3388 6412 3386 6411 3388 6412 3385 6413 3385 6413 3388 6412 3389 6414 3385 6413 3389 6414 3384 6415 3384 6415 3389 6414 3390 6416 3384 6415 3390 6416 3383 6417 3383 6417 3390 6416 3391 6418 3383 6417 3391 6418 3382 6419 3382 6419 3391 6418 3392 6420 3382 6419 3392 6420 3381 6421 3381 6421 3392 6420 3393 6422 3381 6421 3393 6422 3380 6423 3380 6423 3393 6422 3394 6424 3380 6423 3394 6424 3379 6425 3379 6425 3394 6424 3395 6426 3379 6425 3395 6426 3378 6427 3378 6427 3395 6426 3396 6428 3378 6427 3396 6428 3377 6429 3377 6429 3396 6428 3397 6430 3377 6429 3397 6430 3376 6431 3376 6431 3397 6430 3398 6432 3376 6431 3398 6432 3375 6433 3375 6433 3398 6432 3399 6434 3375 6433 3399 6434 3374 6435 3374 6435 3399 6434 3400 6436 3374 6435 3400 6436 3373 6437 3373 6437 3400 6436 3401 6438 3373 6437 3401 6438 3372 6439 3372 6439 3401 6438 3402 6440 3372 6439 3402 6440 3371 6441 3371 6441 3402 6440 3403 6442 3371 6441 3403 6442 3370 6443 3370 6443 3403 6442 3404 6444 3370 6443 3404 6444 3369 6445 3369 6445 3404 6444 3405 6446 3369 6445 3405 6446 3368 6447 3368 6447 3405 6446 3406 6448 3368 6447 3406 6448 3367 6449 3367 6449 3406 6448 3407 6450 3367 6449 3407 6450 3366 6451 3366 6451 3407 6450 3408 6452 3366 6451 3408 6452 3365 6453 3365 6453 3408 6452 3409 6454 3365 6453 3409 6454 3364 6407 3364 6407 3409 6454 3410 6408 3316 6455 3315 6456 3363 6457 3363 6457 3315 6456 3338 6458 3363 6457 3338 6458 3364 6459 3364 6459 3338 6458 3337 6460 3364 6459 3337 6460 3365 6461 3365 6461 3337 6460 3336 6462 3365 6461 3336 6462 3366 6463 3366 6463 3336 6462 3335 6464 3366 6463 3335 6464 3367 6465 3367 6465 3335 6464 3334 6466 3367 6465 3334 6466 3368 6467 3368 6467 3334 6466 3333 6468 3368 6467 3333 6468 3369 6469 3369 6469 3333 6468 3370 6470 3370 6470 3333 6468 3332 6471 3370 6470 3332 6471 3371 6472 3371 6472 3332 6471 3331 6473 3371 6472 3331 6473 3372 6474 3372 6474 3331 6473 3330 6475 3372 6474 3330 6475 3373 6476 3373 6476 3330 6475 3329 6477 3373 6476 3329 6477 3374 6478 3374 6478 3329 6477 3328 6479 3374 6478 3328 6479 3375 6480 3375 6480 3328 6479 3327 6481 3375 6480 3327 6481 3376 6482 3376 6482 3327 6481 3326 6483 3376 6482 3326 6483 3325 6484 3376 6482 3325 6484 3377 6485 3377 6485 3325 6484 3324 6486 3377 6485 3324 6486 3378 6487 3378 6487 3324 6486 3323 6488 3378 6487 3323 6488 3379 6489 3379 6489 3323 6488 3322 6490 3379 6489 3322 6490 3380 6491 3380 6491 3322 6490 3321 6492 3380 6491 3321 6492 3381 6493 3381 6493 3321 6492 3382 6494 3382 6494 3321 6492 3320 6495 3382 6494 3320 6495 3383 6496 3383 6496 3320 6495 3319 6497 3383 6496 3319 6497 3384 6498 3384 6498 3319 6497 3318 6499 3384 6498 3318 6499 3385 6500 3385 6500 3318 6499 3317 6501 3385 6500 3317 6501 3386 6502 3386 6502 3317 6501 3316 6455 3386 6502 3316 6455 3363 6457 3411 6503 3396 6504 2950 6505 2950 6505 3396 6504 3395 6506 2950 6505 3395 6506 3426 6507 3426 6507 3395 6506 3394 6508 3426 6507 3394 6508 3393 6509 3412 6510 3399 6511 3411 6503 3411 6503 3399 6511 3398 6512 3411 6503 3398 6512 3397 6513 2970 6514 3402 6515 3412 6510 3412 6510 3402 6515 3401 6516 3412 6510 3401 6516 3400 6517 3402 6515 2970 6514 3403 6518 3403 6518 2970 6514 3413 6519 3403 6518 3413 6519 3404 6520 3404 6520 3413 6519 3405 6521 3405 6521 3413 6519 3414 6522 3405 6521 3414 6522 3406 6523 3406 6523 3414 6522 3415 6524 3406 6523 3415 6524 3407 6525 3407 6525 3415 6524 3416 6526 3407 6525 3416 6526 3408 6527 3408 6527 3416 6526 3417 6528 3408 6527 3417 6528 3409 6529 3409 6529 3417 6528 3418 6530 3409 6529 3418 6530 3410 6531 3410 6531 3418 6530 3419 6532 3410 6531 3419 6532 3387 6533 3387 6533 3419 6532 3420 6534 3387 6533 3420 6534 3388 6535 3388 6535 3420 6534 3421 6536 3388 6535 3421 6536 3389 6537 3389 6537 3421 6536 3422 6538 3389 6537 3422 6538 3390 6539 3390 6539 3422 6538 3423 6540 3390 6539 3423 6540 3391 6541 3391 6541 3423 6540 3424 6542 3391 6541 3424 6542 3392 6543 3392 6543 3424 6542 3425 6544 3392 6543 3425 6544 3393 6509 3393 6509 3425 6544 3426 6507 3400 6517 3399 6511 3412 6510 3397 6513 3396 6504 3411 6503 2952 6545 2951 6546 3426 6547 3426 6547 2951 6546 2950 6548 2968 6549 2967 6550 3413 6551 3413 6551 2967 6550 3414 6552 3414 6552 2967 6550 2966 6553 3414 6552 2966 6553 3415 6554 3415 6554 2966 6553 2965 6555 3415 6554 2965 6555 3416 6556 3416 6556 2965 6555 2964 6557 3416 6556 2964 6557 3417 6558 3417 6558 2964 6557 2963 6559 3417 6558 2963 6559 2962 6560 3417 6558 2962 6560 3418 6561 3418 6561 2962 6560 2961 6562 3418 6561 2961 6562 3419 6563 3419 6563 2961 6562 2960 6564 3419 6563 2960 6564 3420 6565 3420 6565 2960 6564 2959 6566 3420 6565 2959 6566 3421 6567 3421 6567 2959 6566 2958 6568 3421 6567 2958 6568 3422 6569 3422 6569 2958 6568 2957 6570 3422 6569 2957 6570 2956 6571 3422 6569 2956 6571 3423 6572 3423 6572 2956 6571 2955 6573 3423 6572 2955 6573 3424 6574 3424 6574 2955 6573 2954 6575 3424 6574 2954 6575 3425 6576 3425 6576 2954 6575 2953 6577 3425 6576 2953 6577 3426 6578 3426 6578 2953 6577 2952 6579 2970 6580 2969 6581 3413 6582 3413 6582 2969 6581 2968 6583 3362 6584 3352 6585 3339 6586 3339 6586 3352 6585 3351 6587 3339 6586 3351 6587 3340 6588 3340 6588 3351 6587 3350 6589 3340 6588 3350 6589 3341 6590 3341 6590 3350 6589 3349 6591 3341 6590 3349 6591 3342 6592 3342 6592 3349 6591 3348 6593 3342 6592 3348 6593 3343 6594 3343 6594 3348 6593 3347 6595 3343 6594 3347 6595 3344 6596 3344 6596 3347 6595 3346 6597 3344 6596 3346 6597 3345 6598 3352 6585 3362 6584 3353 6599 3353 6599 3362 6584 3361 6600 3353 6599 3361 6600 3354 6601 3354 6601 3361 6600 3360 6602 3354 6601 3360 6602 3355 6603 3355 6603 3360 6602 3359 6604 3355 6603 3359 6604 3356 6605 3356 6605 3359 6604 3358 6606 3356 6605 3358 6606 3357 6607 1991 6608 1990 6609 3444 6610 3444 6610 1990 6609 2006 6611 3444 6610 2006 6611 1971 6612 3444 6610 1971 6612 3443 6613 3443 6613 1971 6612 3427 6614 3443 6613 3427 6614 3442 6615 3442 6615 3427 6614 3428 6616 3442 6615 3428 6616 3441 6617 3441 6617 3428 6616 3429 6618 3441 6617 3429 6618 3430 6619 2141 6620 2144 6621 3430 6619 3430 6619 2144 6621 2160 6622 3430 6619 2160 6622 3440 6623 3440 6623 2160 6622 3439 6624 3439 6624 2160 6622 2159 6625 3439 6624 2159 6625 2158 6626 2158 6626 2157 6627 3439 6624 3439 6624 2157 6627 2156 6628 3439 6624 2156 6628 2155 6629 2155 6629 2154 6630 3439 6624 3439 6624 2154 6630 3438 6631 3438 6631 2154 6630 2153 6632 3438 6631 2153 6632 2152 6633 2152 6633 2151 6634 3438 6631 3438 6631 2151 6634 2150 6635 3438 6631 2150 6635 2149 6636 2149 6636 2148 6637 3438 6631 3438 6631 2148 6637 3437 6638 3437 6638 2148 6637 2147 6639 3437 6638 2147 6639 2146 6640 2146 6640 2145 6641 3437 6638 3437 6638 2145 6641 2161 6642 3437 6638 2161 6642 2126 6643 2126 6643 3431 6644 3437 6638 3437 6638 3431 6644 3436 6645 3436 6645 3431 6644 3432 6646 3436 6645 3432 6646 3435 6647 3435 6647 3432 6646 3433 6648 3435 6647 3433 6648 3434 6649 3434 6649 3433 6648 2889 5600 3434 6649 2889 5600 2888 5596 3440 6623 3441 6617 3430 6619 3445 6650 1995 6651 3444 6610 3444 6610 1995 6651 1994 6652 3444 6610 1994 6652 1993 6653 3446 6654 2000 6655 3445 6650 3445 6650 2000 6655 1999 6656 3445 6650 1999 6656 1998 6657 3447 6658 3449 6659 3446 6654 3446 6654 3449 6659 3450 6660 3446 6654 3450 6660 1989 6661 1989 6661 3450 6660 1986 6662 3447 6658 3448 6663 3449 6659 1989 6661 2005 6664 3446 6654 3446 6654 2005 6664 2004 6665 3446 6654 2004 6665 2003 6666 2003 6666 2002 6667 3446 6654 3446 6654 2002 6667 2001 6668 3446 6654 2001 6668 2000 6655 1998 6657 1997 6669 3445 6650 3445 6650 1997 6669 1996 6670 3445 6650 1996 6670 1995 6651 1993 6653 1992 6671 3444 6610 3444 6610 1992 6671 1991 6608 1851 6672 1821 6673 1835 6674 1835 6674 1821 6673 3451 6675 1835 6674 3451 6675 3459 6676 3459 6676 3451 6675 3458 6677 3458 6677 3451 6675 3452 6678 3458 6677 3452 6678 3453 6679 3458 6677 3453 6679 3457 6680 3457 6680 3453 6679 3454 6681 3457 6680 3454 6681 3456 6682 3456 6682 3454 6681 3455 6683 3456 6682 3455 6683 3447 6658 3447 6658 3455 6683 3448 6663 3460 6684 1840 6685 3459 6676 3459 6676 1840 6685 1839 6686 3459 6676 1839 6686 1838 6687 3461 6688 1844 6689 3460 6684 3460 6684 1844 6689 1843 6690 3460 6684 1843 6690 1842 6691 3462 6692 1848 6693 3461 6688 3461 6688 1848 6693 1847 6694 3461 6688 1847 6694 1846 6695 3463 6696 3473 6697 3462 6692 3462 6692 3473 6697 1710 6698 3462 6692 1710 6698 1850 6699 3463 6696 3464 6700 3473 6697 3473 6697 3464 6700 3472 6701 3472 6701 3464 6700 3465 6702 3472 6701 3465 6702 3466 6703 3472 6701 3466 6703 3471 6704 3471 6704 3466 6703 3467 6705 3471 6704 3467 6705 3468 6706 3469 6707 3470 6708 3468 6706 3468 6706 3470 6708 3471 6704 3473 6697 1712 6709 1710 6698 1710 6698 1712 6709 1711 6710 1850 6699 1849 6711 3462 6692 3462 6692 1849 6711 1848 6693 1846 6695 1845 6712 3461 6688 3461 6688 1845 6712 1844 6689 1842 6691 1841 6713 3460 6684 3460 6684 1841 6713 1840 6685 1838 6687 1837 6714 3459 6676 3459 6676 1837 6714 1836 6715 3459 6676 1836 6715 1835 6674 3462 6716 2329 6717 3463 6718 3463 6718 2329 6717 2328 6719 3463 6718 2328 6719 3464 6720 3464 6720 2328 6719 2327 6721 3464 6720 2327 6721 3465 6722 3465 6722 2327 6721 2326 6723 3465 6722 2326 6723 3466 6724 3466 6724 2326 6723 2325 6725 3466 6724 2325 6725 3467 6726 3467 6726 2325 6725 2324 6727 3467 6726 2324 6727 3468 6728 3468 6728 2324 6727 2323 6729 3468 6728 2323 6729 3469 6730 3469 6730 2323 6729 2322 6731 3469 6730 2322 6731 3470 6732 3470 6732 2322 6731 2321 6733 2516 6734 2858 6735 2517 6736 2517 6736 2858 6735 2857 6737 2517 6736 2857 6737 2856 6738 2515 6739 2861 6740 2516 6734 2516 6734 2861 6740 2860 6741 2516 6734 2860 6741 2859 6742 2514 6743 2863 6744 2515 6739 2515 6739 2863 6744 2862 6745 2515 6739 2862 6745 2861 6740 2513 6746 2865 6747 2514 6743 2514 6743 2865 6747 2864 6748 2514 6743 2864 6748 2863 6744 2512 6749 2868 6750 2513 6746 2513 6746 2868 6750 2867 6751 2513 6746 2867 6751 2866 6752 2868 6750 2512 6749 3438 6753 3438 6753 2512 6749 2511 6754 3438 6753 2511 6754 3439 6755 3439 6755 2511 6754 2510 6756 3439 6755 2510 6756 3440 6757 3440 6757 2510 6756 2509 6758 3440 6757 2509 6758 3441 6759 3441 6759 2509 6758 3442 6760 3442 6760 2509 6758 2508 6761 3442 6760 2508 6761 3443 6762 3443 6762 2508 6761 2507 6763 3443 6762 2507 6763 2506 6764 3443 6762 2506 6764 3444 6765 3444 6765 2506 6764 2505 6766 3444 6765 2505 6766 3445 6767 3445 6767 2505 6766 3462 6768 3445 6767 3462 6768 3446 6769 3446 6769 3462 6768 3447 6770 3447 6770 3462 6768 3461 6771 3447 6770 3461 6771 3460 6772 3462 6768 2505 6766 2329 6773 2329 6773 2505 6766 2504 6774 2329 6773 2504 6774 2336 6775 2335 6776 2331 6777 2336 6775 2336 6775 2331 6777 2330 6778 2336 6775 2330 6778 2329 6773 2331 6777 2335 6776 2332 6779 2332 6779 2335 6776 2334 6780 2332 6779 2334 6780 2333 6781 3447 6770 3460 6772 3456 6782 3456 6782 3460 6772 3459 6783 3456 6782 3459 6783 3457 6784 3457 6784 3459 6783 3458 6785 3438 6753 3437 6786 2868 6750 2868 6750 3437 6786 2869 6787 2869 6787 3437 6786 2870 6788 2870 6788 3437 6786 2871 6789 2871 6789 3437 6786 3436 6790 2871 6789 3436 6790 2872 6791 2872 6791 3436 6790 2873 6792 2873 6792 3436 6790 3435 6793 2873 6792 3435 6793 2874 6794 2874 6794 3435 6793 2875 6795 2875 6795 3435 6793 3434 6796 2875 6795 3434 6796 2876 6797 2876 6797 3434 6796 2877 6798 2877 6798 3434 6796 2878 6799 2878 6799 3434 6796 2888 6800 2878 6799 2888 6800 2879 6801 2879 6801 2888 6800 2880 6802 2880 6802 2888 6800 2887 6803 2880 6802 2887 6803 2881 6804 2881 6804 2887 6803 2886 6805 2881 6804 2886 6805 2882 6806 2882 6806 2886 6805 2885 6807 2882 6806 2885 6807 2883 6808 2883 6808 2885 6807 2884 6809 2866 6752 2865 6747 2513 6746 2859 6742 2858 6735 2516 6734 2517 6736 2856 6738 2849 6810 2849 6810 2856 6738 2855 6811 2849 6810 2855 6811 2850 6812 2850 6812 2855 6811 2854 6813 2850 6812 2854 6813 2851 6814 2851 6814 2854 6813 2853 6815 2851 6814 2853 6815 2852 6816 3475 6817 3598 6818 3474 6819 3474 6819 3598 6818 3599 6820 3474 6819 3599 6820 3573 6821 3573 6821 3599 6820 3600 6822 3573 6821 3600 6822 3601 6823 3598 6818 3475 6817 3597 6824 3597 6824 3475 6817 3476 6825 3597 6824 3476 6825 3596 6826 3596 6826 3476 6825 3477 6827 3596 6826 3477 6827 3478 6828 3596 6826 3478 6828 3595 6829 3595 6829 3478 6828 3479 6830 3595 6829 3479 6830 3594 6831 3594 6831 3479 6830 3480 6832 3594 6831 3480 6832 3593 6833 3593 6833 3480 6832 3481 6834 3593 6833 3481 6834 3592 6835 3592 6835 3481 6834 3482 6836 3592 6835 3482 6836 3591 6837 3591 6837 3482 6836 3483 6838 3591 6837 3483 6838 3484 6839 3591 6837 3484 6839 3590 6840 3590 6840 3484 6839 3485 6841 3590 6840 3485 6841 3589 6842 3589 6842 3485 6841 3486 6843 3589 6842 3486 6843 3588 6844 3588 6844 3486 6843 3487 6845 3588 6844 3487 6845 3587 6846 3587 6846 3487 6845 3488 6847 3587 6846 3488 6847 3586 6848 3586 6848 3488 6847 3489 6849 3586 6848 3489 6849 3585 6850 3585 6850 3489 6849 3584 6851 3584 6851 3489 6849 3490 6852 3584 6851 3490 6852 3583 6853 3583 6853 3490 6852 3491 6854 3583 6853 3491 6854 3582 6855 3582 6855 3491 6854 3492 6856 3582 6855 3492 6856 3581 6857 3581 6857 3492 6856 3493 6858 3581 6857 3493 6858 3580 6859 3580 6859 3493 6858 3494 6860 3580 6859 3494 6860 3579 6861 3579 6861 3494 6860 3495 6862 3579 6861 3495 6862 3578 6863 3578 6863 3495 6862 3577 6864 3577 6864 3495 6862 3496 6865 3577 6864 3496 6865 3576 6866 3576 6866 3496 6865 3497 6867 3576 6866 3497 6867 3575 6868 3575 6868 3497 6867 3498 6869 3575 6868 3498 6869 3574 6870 3574 6870 3498 6869 3499 6871 3574 6870 3499 6871 3672 6872 3672 6872 3499 6871 3500 6873 3672 6872 3500 6873 3671 6874 3671 6874 3500 6873 3501 6875 3671 6874 3501 6875 3670 6876 3670 6876 3501 6875 3502 6877 3670 6876 3502 6877 3669 6878 3669 6878 3502 6877 3503 6879 3669 6878 3503 6879 3504 6880 3669 6878 3504 6880 3668 6881 3668 6881 3504 6880 3505 6882 3668 6881 3505 6882 3667 6883 3667 6883 3505 6882 3506 6884 3667 6883 3506 6884 3666 6885 3666 6885 3506 6884 3507 6886 3666 6885 3507 6886 3665 6887 3665 6887 3507 6886 3508 6888 3665 6887 3508 6888 3664 6889 3664 6889 3508 6888 3509 6890 3664 6889 3509 6890 3663 6891 3663 6891 3509 6890 3510 6892 3663 6891 3510 6892 3662 6893 3662 6893 3510 6892 3511 6894 3662 6893 3511 6894 3661 6895 3661 6895 3511 6894 3512 6896 3661 6895 3512 6896 3660 6897 3660 6897 3512 6896 3513 6898 3660 6897 3513 6898 3659 6899 3659 6899 3513 6898 3514 6900 3659 6899 3514 6900 3658 6901 3658 6901 3514 6900 3515 6902 3658 6901 3515 6902 3657 6903 3657 6903 3515 6902 3516 6904 3657 6903 3516 6904 3656 6905 3656 6905 3516 6904 3517 6906 3656 6905 3517 6906 3655 6907 3655 6907 3517 6906 3518 6908 3655 6907 3518 6908 3654 6909 3654 6909 3518 6908 3519 6910 3654 6909 3519 6910 3653 6911 3653 6911 3519 6910 3520 6912 3653 6911 3520 6912 3652 6913 3652 6913 3520 6912 3521 6914 3652 6913 3521 6914 3651 6915 3651 6915 3521 6914 3522 6916 3651 6915 3522 6916 3650 6917 3650 6917 3522 6916 3523 6918 3650 6917 3523 6918 3649 6919 3649 6919 3523 6918 3524 6920 3649 6919 3524 6920 3648 6921 3648 6921 3524 6920 3525 6922 3648 6921 3525 6922 3647 6923 3647 6923 3525 6922 3526 6924 3647 6923 3526 6924 3646 6925 3646 6925 3526 6924 3527 6926 3646 6925 3527 6926 3645 6927 3645 6927 3527 6926 3528 6928 3645 6927 3528 6928 3644 6929 3644 6929 3528 6928 3529 6930 3644 6929 3529 6930 3643 6931 3643 6931 3529 6930 3530 6932 3643 6931 3530 6932 3642 6933 3642 6933 3530 6932 3531 6934 3642 6933 3531 6934 3641 6935 3641 6935 3531 6934 3532 6936 3641 6935 3532 6936 3640 6937 3640 6937 3532 6936 3533 6938 3640 6937 3533 6938 3639 6939 3639 6939 3533 6938 3534 6940 3639 6939 3534 6940 3638 6941 3638 6941 3534 6940 3535 6942 3638 6941 3535 6942 3637 6943 3637 6943 3535 6942 3536 6944 3637 6943 3536 6944 3636 6945 3636 6945 3536 6944 3537 6946 3636 6945 3537 6946 3635 6947 3635 6947 3537 6946 3538 6948 3635 6947 3538 6948 3634 6949 3634 6949 3538 6948 3539 6950 3634 6949 3539 6950 3633 6951 3633 6951 3539 6950 3540 6952 3633 6951 3540 6952 3632 6953 3632 6953 3540 6952 3541 6954 3632 6953 3541 6954 3631 6955 3631 6955 3541 6954 3542 6956 3631 6955 3542 6956 3630 6957 3630 6957 3542 6956 3543 6958 3630 6957 3543 6958 3629 6959 3629 6959 3543 6958 3544 6960 3629 6959 3544 6960 3545 6961 3629 6959 3545 6961 3628 6962 3628 6962 3545 6961 3546 6963 3628 6962 3546 6963 3627 6964 3627 6964 3546 6963 3547 6965 3627 6964 3547 6965 3626 6966 3626 6966 3547 6965 3548 6967 3626 6966 3548 6967 3625 6968 3625 6968 3548 6967 3549 6969 3625 6968 3549 6969 3624 6970 3624 6970 3549 6969 3550 6971 3624 6970 3550 6971 3623 6972 3623 6972 3550 6971 3551 6973 3623 6972 3551 6973 3622 6974 3622 6974 3551 6973 3552 6975 3622 6974 3552 6975 3621 6976 3621 6976 3552 6975 3620 6977 3620 6977 3552 6975 3553 6978 3620 6977 3553 6978 3619 6979 3619 6979 3553 6978 3554 6980 3619 6979 3554 6980 3618 6981 3618 6981 3554 6980 3555 6982 3618 6981 3555 6982 3617 6983 3617 6983 3555 6982 3556 6984 3617 6983 3556 6984 3616 6985 3616 6985 3556 6984 3557 6986 3616 6985 3557 6986 3615 6987 3615 6987 3557 6986 3558 6988 3615 6987 3558 6988 3614 6989 3614 6989 3558 6988 3613 6990 3613 6990 3558 6988 3559 6991 3613 6990 3559 6991 3612 6992 3612 6992 3559 6991 3560 6993 3612 6992 3560 6993 3611 6994 3611 6994 3560 6993 3561 6995 3611 6994 3561 6995 3610 6996 3610 6996 3561 6995 3562 6997 3610 6996 3562 6997 3609 6998 3609 6998 3562 6997 3563 6999 3609 6998 3563 6999 3608 7000 3608 7000 3563 6999 3564 7001 3608 7000 3564 7001 3565 7002 3608 7000 3565 7002 3607 7003 3607 7003 3565 7002 3566 7004 3607 7003 3566 7004 3606 7005 3606 7005 3566 7004 3567 7006 3606 7005 3567 7006 3605 7007 3605 7007 3567 7006 3568 7008 3605 7007 3568 7008 3604 7009 3604 7009 3568 7008 3569 7010 3604 7009 3569 7010 3603 7011 3603 7011 3569 7010 3570 7012 3603 7011 3570 7012 3571 7013 3603 7011 3571 7013 3602 7014 3602 7014 3571 7013 3572 7015 3602 7014 3572 7015 3601 6823 3601 6823 3572 7015 3573 6821 2518 7016 3499 7017 2519 7018 2519 7018 3499 7017 3498 7019 2519 7018 3498 7019 2520 7020 2520 7020 3498 7019 3497 7021 2520 7020 3497 7021 2521 7022 2521 7022 3497 7021 3496 7023 2521 7022 3496 7023 2522 7024 2522 7024 3496 7023 3495 7025 2522 7024 3495 7025 2683 7026 2683 7026 3495 7025 3494 7027 2683 7026 3494 7027 2684 7028 2684 7028 3494 7027 2545 7029 2545 7029 3494 7027 3493 7030 2545 7029 3493 7030 2546 7031 2546 7031 3493 7030 3492 7032 2546 7031 3492 7032 2547 7033 2547 7033 3492 7032 3491 7034 2547 7033 3491 7034 2548 7035 2548 7035 3491 7034 3490 7036 2548 7035 3490 7036 2549 7037 2549 7037 3490 7036 3489 7038 2549 7037 3489 7038 2477 7039 2477 7039 3489 7038 2478 7040 2478 7040 3489 7038 3488 7041 2478 7040 3488 7041 2479 7042 2479 7042 3488 7041 3487 7043 2479 7042 3487 7043 2462 7044 2462 7044 3487 7043 2502 7045 2502 7045 3487 7043 2503 7046 2503 7046 3487 7043 3486 7047 2503 7046 3486 7047 2337 7048 2889 7049 3548 7050 2890 7051 2890 7051 3548 7050 3547 7052 2890 7051 3547 7052 2891 7053 2891 7053 3547 7052 2892 7054 2892 7054 3547 7052 3187 7055 3187 7055 3547 7052 3546 7056 3187 7055 3546 7056 3188 7057 3188 7057 3546 7056 3545 7058 3188 7057 3545 7058 2912 7059 2912 7059 3545 7058 3544 7060 2912 7059 3544 7060 2913 7061 2913 7061 3544 7060 3543 7062 2913 7061 3543 7062 2914 7063 2914 7063 3543 7062 3542 7064 2914 7063 3542 7064 2915 7065 2915 7065 3542 7064 3541 7066 2915 7065 3541 7066 2916 7067 2916 7067 3541 7066 3540 7068 2916 7067 3540 7068 2917 7069 2917 7069 3540 7068 3539 7070 2917 7069 3539 7070 2918 7071 2918 7071 3539 7070 3538 7072 2918 7071 3538 7072 2919 7073 2919 7073 3538 7072 3537 7074 2919 7073 3537 7074 2920 7075 2920 7075 3537 7074 3536 7076 2920 7075 3536 7076 2921 7077 2921 7077 3536 7076 3535 7078 2921 7077 3535 7078 3299 7079 3299 7079 3535 7078 3300 7080 3300 7080 3535 7078 3534 7081 3300 7080 3534 7081 2941 7082 2941 7082 3534 7081 3533 7083 2941 7082 3533 7083 2942 7084 2942 7084 3533 7083 3532 7085 2942 7084 3532 7085 2943 7086 2943 7086 3532 7085 3531 7087 2943 7086 3531 7087 2944 7088 2944 7088 3531 7087 3530 7089 2944 7088 3530 7089 2945 7090 2945 7090 3530 7089 3529 7091 2945 7090 3529 7091 2946 7092 2946 7092 3529 7091 3528 7093 2946 7092 3528 7093 2947 7094 2947 7094 3528 7093 3527 7095 2947 7094 3527 7095 2948 7096 2948 7096 3527 7095 3526 7097 2948 7096 3526 7097 2949 7098 2949 7098 3526 7097 3525 7099 2949 7098 3525 7099 2950 7100 2950 7100 3525 7099 3524 7101 2950 7100 3524 7101 3411 7102 3411 7102 3524 7101 3412 7103 3412 7103 3524 7101 3523 7104 3412 7103 3523 7104 2970 7105 2970 7105 3523 7104 3522 7106 2970 7105 3522 7106 2971 7107 2971 7107 3522 7106 3521 7108 2971 7107 3521 7108 2972 7109 2972 7109 3521 7108 3520 7110 2972 7109 3520 7110 2973 7111 2973 7111 3520 7110 3519 7112 2973 7111 3519 7112 2974 7113 2974 7113 3519 7112 3518 7114 2974 7113 3518 7114 2975 7115 2975 7115 3518 7114 3517 7116 2975 7115 3517 7116 2976 7117 2976 7117 3517 7116 3516 7118 2976 7117 3516 7118 2977 7119 2977 7119 3516 7118 3515 7120 2977 7119 3515 7120 2978 7121 2978 7121 3515 7120 3514 7122 2978 7121 3514 7122 2781 7123 2781 7123 3514 7122 3513 7124 2781 7123 3513 7124 2782 7125 2782 7125 3513 7124 3512 7126 2782 7125 3512 7126 2783 7127 2783 7127 3512 7126 2784 7128 2784 7128 3512 7126 3511 7129 2784 7128 3511 7129 2818 7130 2818 7130 3511 7129 3510 7131 2818 7130 3510 7131 2819 7132 2819 7132 3510 7131 3509 7133 2819 7132 3509 7133 2820 7134 2820 7134 3509 7133 3508 7135 2820 7134 3508 7135 2821 7136 2821 7136 3508 7135 3507 7137 2821 7136 3507 7137 2822 7138 2822 7138 3507 7137 3506 7139 2822 7138 3506 7139 2823 7140 2823 7140 3506 7139 3505 7141 2823 7140 3505 7141 2824 7142 2824 7142 3505 7141 3504 7143 2824 7142 3504 7143 2825 7144 2825 7144 3504 7143 3503 7145 2825 7144 3503 7145 2826 7146 2826 7146 3503 7145 3502 7147 2826 7146 3502 7147 3075 7148 3075 7148 3502 7147 3501 7149 3075 7148 3501 7149 3076 7150 3076 7150 3501 7149 3500 7151 3076 7150 3500 7151 2846 7152 2846 7152 3500 7151 2847 7153 2847 7153 3500 7151 2848 7154 2848 7154 3500 7151 3499 7017 2848 7154 3499 7017 2518 7016 3448 7155 3561 7156 3449 7157 3449 7157 3561 7156 3560 7158 3449 7157 3560 7158 3450 7159 3450 7159 3560 7158 1986 7160 1986 7160 3560 7158 1987 7161 1987 7161 3560 7158 3559 7162 1987 7161 3559 7162 1988 7163 1988 7163 3559 7162 3558 7164 1988 7163 3558 7164 1971 7165 1971 7165 3558 7164 3427 7166 3427 7166 3558 7164 3557 7167 3427 7166 3557 7167 3428 7168 3428 7168 3557 7167 3556 7169 3428 7168 3556 7169 3429 7170 3429 7170 3556 7169 3555 7171 3429 7170 3555 7171 3430 7172 3430 7172 3555 7171 3554 7173 3430 7172 3554 7173 2141 7174 2141 7174 3554 7173 3553 7175 2141 7174 3553 7175 2142 7176 2142 7176 3553 7175 2143 7177 2143 7177 3553 7175 3552 7178 2143 7177 3552 7178 2126 7179 2126 7179 3552 7178 3551 7180 2126 7179 3551 7180 3431 7181 3431 7181 3551 7180 3550 7182 3431 7181 3550 7182 3432 7183 3432 7183 3550 7182 3549 7184 3432 7183 3549 7184 3433 7185 3433 7185 3549 7184 3548 7050 3433 7185 3548 7050 2889 7049 3470 7186 3573 7187 3471 7188 3471 7188 3573 7187 3572 7189 3471 7188 3572 7189 3472 7190 3472 7190 3572 7189 3571 7191 3472 7190 3571 7191 3473 7192 3473 7192 3571 7191 3570 7193 3473 7192 3570 7193 1712 7194 1712 7194 3570 7193 3569 7195 1712 7194 3569 7195 1819 7196 1819 7196 3569 7195 3568 7197 1819 7196 3568 7197 1820 7198 1820 7198 3568 7197 3567 7199 1820 7198 3567 7199 1821 7200 1821 7200 3567 7199 3566 7201 1821 7200 3566 7201 3451 7202 3451 7202 3566 7201 3565 7203 3451 7202 3565 7203 3452 7204 3452 7204 3565 7203 3564 7205 3452 7204 3564 7205 3453 7206 3453 7206 3564 7205 3563 7207 3453 7206 3563 7207 3454 7208 3454 7208 3563 7207 3562 7209 3454 7208 3562 7209 3455 7210 3455 7210 3562 7209 3561 7156 3455 7210 3561 7156 3448 7155 3474 7211 3573 7212 2321 7213 2321 7213 3573 7212 3470 7214 2337 7048 3486 7047 2338 7215 2338 7215 3486 7047 3485 7216 2338 7215 3485 7216 2339 7217 2339 7217 3485 7216 3484 7218 2339 7217 3484 7218 2340 7219 2340 7219 3484 7218 3483 7220 2340 7219 3483 7220 2341 7221 2341 7221 3483 7220 3482 7222 2341 7221 3482 7222 2342 7223 2342 7223 3482 7222 3481 7224 2342 7223 3481 7224 2196 7225 2196 7225 3481 7224 3480 7226 2196 7225 3480 7226 2197 7227 2197 7227 3480 7226 3479 7228 2197 7227 3479 7228 2198 7229 2198 7229 3479 7228 3478 7230 2198 7229 3478 7230 2199 7231 2199 7231 3478 7230 3477 7232 2199 7231 3477 7232 2318 7233 2318 7233 3477 7232 3476 7234 2318 7233 3476 7234 2319 7235 2319 7235 3476 7234 3475 7236 2319 7235 3475 7236 2320 7237 2320 7237 3475 7236 3474 7238 2320 7237 3474 7238 2321 7239 3574 7240 3673 7241 3575 7242 3575 7242 3673 7241 3674 7243 3575 7242 3674 7243 3576 7244 3576 7244 3674 7243 3675 7245 3576 7244 3675 7245 3577 7246 3577 7246 3675 7245 3676 7247 3577 7246 3676 7247 3578 7248 3578 7248 3676 7247 3677 7249 3578 7248 3677 7249 3579 7250 3579 7250 3677 7249 3678 7251 3579 7250 3678 7251 3580 7252 3580 7252 3678 7251 3679 7253 3580 7252 3679 7253 3581 7254 3581 7254 3679 7253 3680 7255 3581 7254 3680 7255 3582 7256 3582 7256 3680 7255 3681 7257 3582 7256 3681 7257 3583 7258 3583 7258 3681 7257 3682 7259 3583 7258 3682 7259 3584 7260 3584 7260 3682 7259 3683 7261 3584 7260 3683 7261 3585 7262 3585 7262 3683 7261 3684 7263 3585 7262 3684 7263 3586 7264 3586 7264 3684 7263 3685 7265 3586 7264 3685 7265 3587 7266 3587 7266 3685 7265 3686 7267 3587 7266 3686 7267 3588 7268 3588 7268 3686 7267 3687 7269 3625 7270 3688 7271 3626 7272 3626 7272 3688 7271 3689 7273 3626 7272 3689 7273 3690 7274 3626 7272 3690 7274 3627 7275 3627 7275 3690 7274 3691 7276 3627 7275 3691 7276 3628 7277 3628 7277 3691 7276 3692 7278 3628 7277 3692 7278 3629 7279 3629 7279 3692 7278 3693 7280 3629 7279 3693 7280 3630 7281 3630 7281 3693 7280 3694 7282 3630 7281 3694 7282 3631 7283 3631 7283 3694 7282 3695 7284 3631 7283 3695 7284 3632 7285 3632 7285 3695 7284 3696 7286 3632 7285 3696 7286 3633 7287 3633 7287 3696 7286 3697 7288 3633 7287 3697 7288 3634 7289 3634 7289 3697 7288 3698 7290 3634 7289 3698 7290 3635 7291 3635 7291 3698 7290 3699 7292 3635 7291 3699 7292 3636 7293 3636 7293 3699 7292 3700 7294 3636 7293 3700 7294 3637 7295 3637 7295 3700 7294 3701 7296 3637 7295 3701 7296 3638 7297 3638 7297 3701 7296 3702 7298 3638 7297 3702 7298 3639 7299 3639 7299 3702 7298 3703 7300 3639 7299 3703 7300 3640 7301 3640 7301 3703 7300 3704 7302 3640 7301 3704 7302 3641 7303 3641 7303 3704 7302 3705 7304 3641 7303 3705 7304 3642 7305 3642 7305 3705 7304 3706 7306 3642 7305 3706 7306 3643 7307 3643 7307 3706 7306 3707 7308 3643 7307 3707 7308 3644 7309 3644 7309 3707 7308 3708 7310 3644 7309 3708 7310 3645 7311 3645 7311 3708 7310 3709 7312 3645 7311 3709 7312 3646 7313 3646 7313 3709 7312 3710 7314 3646 7313 3710 7314 3647 7315 3647 7315 3710 7314 3711 7316 3647 7315 3711 7316 3648 7317 3648 7317 3711 7316 3712 7318 3648 7317 3712 7318 3649 7319 3649 7319 3712 7318 3713 7320 3649 7319 3713 7320 3650 7321 3650 7321 3713 7320 3714 7322 3650 7321 3714 7322 3651 7323 3651 7323 3714 7322 3715 7324 3651 7323 3715 7324 3652 7325 3652 7325 3715 7324 3716 7326 3652 7325 3716 7326 3653 7327 3653 7327 3716 7326 3717 7328 3653 7327 3717 7328 3654 7329 3654 7329 3717 7328 3718 7330 3654 7329 3718 7330 3655 7331 3655 7331 3718 7330 3719 7332 3655 7331 3719 7332 3656 7333 3656 7333 3719 7332 3720 7334 3656 7333 3720 7334 3657 7335 3657 7335 3720 7334 3721 7336 3657 7335 3721 7336 3658 7337 3658 7337 3721 7336 3722 7338 3658 7337 3722 7338 3659 7339 3659 7339 3722 7338 3723 7340 3659 7339 3723 7340 3660 7341 3660 7341 3723 7340 3724 7342 3660 7341 3724 7342 3661 7343 3661 7343 3724 7342 3725 7344 3661 7343 3725 7344 3662 7345 3662 7345 3725 7344 3726 7346 3662 7345 3726 7346 3663 7347 3663 7347 3726 7346 3727 7348 3663 7347 3727 7348 3664 7349 3664 7349 3727 7348 3728 7350 3664 7349 3728 7350 3665 7351 3665 7351 3728 7350 3729 7352 3665 7351 3729 7352 3666 7353 3666 7353 3729 7352 3730 7354 3666 7353 3730 7354 3667 7355 3667 7355 3730 7354 3731 7356 3667 7355 3731 7356 3668 7357 3668 7357 3731 7356 3732 7358 3668 7357 3732 7358 3669 7359 3669 7359 3732 7358 3733 7360 3669 7359 3733 7360 3670 7361 3670 7361 3733 7360 3734 7362 3670 7361 3734 7362 3671 7363 3671 7363 3734 7362 3735 7364 3671 7363 3735 7364 3672 7365 3672 7365 3735 7364 3574 7240 3574 7240 3735 7364 3673 7241 3611 7366 3736 7367 3612 7368 3612 7368 3736 7367 3737 7369 3612 7368 3737 7369 3613 7370 3613 7370 3737 7369 3738 7371 3613 7370 3738 7371 3614 7372 3614 7372 3738 7371 3739 7373 3614 7372 3739 7373 3615 7374 3615 7374 3739 7373 3740 7375 3615 7374 3740 7375 3616 7376 3616 7376 3740 7375 3741 7377 3616 7376 3741 7377 3617 7378 3617 7378 3741 7377 3742 7379 3617 7378 3742 7379 3618 7380 3618 7380 3742 7379 3743 7381 3618 7380 3743 7381 3619 7382 3619 7382 3743 7381 3744 7383 3619 7382 3744 7383 3620 7384 3620 7384 3744 7383 3745 7385 3620 7384 3745 7385 3621 7386 3621 7386 3745 7385 3746 7387 3621 7386 3746 7387 3622 7388 3622 7388 3746 7387 3747 7389 3622 7388 3747 7389 3623 7390 3623 7390 3747 7389 3748 7391 3623 7390 3748 7391 3624 7392 3624 7392 3748 7391 3749 7393 3624 7392 3749 7393 3625 7270 3625 7270 3749 7393 3688 7271 3600 7394 3750 7395 3601 7396 3601 7396 3750 7395 3751 7397 3601 7396 3751 7397 3602 7398 3602 7398 3751 7397 3752 7399 3602 7398 3752 7399 3603 7400 3603 7400 3752 7399 3753 7401 3603 7400 3753 7401 3604 7402 3604 7402 3753 7401 3754 7403 3604 7402 3754 7403 3605 7404 3605 7404 3754 7403 3755 7405 3605 7404 3755 7405 3606 7406 3606 7406 3755 7405 3756 7407 3606 7406 3756 7407 3607 7408 3607 7408 3756 7407 3757 7409 3607 7408 3757 7409 3608 7410 3608 7410 3757 7409 3758 7411 3608 7410 3758 7411 3609 7412 3609 7412 3758 7411 3759 7413 3609 7412 3759 7413 3610 7414 3610 7414 3759 7413 3760 7415 3610 7414 3760 7415 3611 7366 3611 7366 3760 7415 3736 7367 3761 7416 3750 7417 3599 7418 3599 7418 3750 7417 3600 7419 3588 7268 3687 7269 3589 7420 3589 7420 3687 7269 3762 7421 3589 7420 3762 7421 3590 7422 3590 7422 3762 7421 3763 7423 3590 7422 3763 7423 3591 7424 3591 7424 3763 7423 3764 7425 3591 7424 3764 7425 3592 7426 3592 7426 3764 7425 3765 7427 3592 7426 3765 7427 3593 7428 3593 7428 3765 7427 3766 7429 3593 7428 3766 7429 3594 7430 3594 7430 3766 7429 3767 7431 3594 7430 3767 7431 3595 7432 3595 7432 3767 7431 3768 7433 3595 7432 3768 7433 3596 7434 3596 7434 3768 7433 3769 7435 3596 7434 3769 7435 3597 7436 3597 7436 3769 7435 3770 7437 3597 7436 3770 7437 3598 7438 3598 7438 3770 7437 3771 7439 3598 7438 3771 7439 3599 7440 3599 7440 3771 7439 3761 7441 3772 7442 3773 7443 1584 7444 1584 7444 3773 7443 3774 7445 1584 7444 3774 7445 3775 7446 3775 7446 3776 7447 1584 7444 1584 7444 3776 7447 3777 7448 1584 7444 3777 7448 3778 7449 3778 7449 3779 7450 1584 7444 1584 7444 3779 7450 3780 7451 1584 7444 3780 7451 3781 7452 3781 7452 3782 7453 1584 7444 1584 7444 3782 7453 3783 7454 1584 7444 3783 7454 3784 7455 3784 7455 3785 7456 1584 7444 1584 7444 3785 7456 3786 7457 1584 7444 3786 7457 3787 7458 3787 7458 3788 7459 1584 7444 1584 7444 3788 7459 1553 2894 1613 2961 3789 7460 3805 7461 3805 7461 3789 7460 3790 7462 3805 7461 3790 7462 3791 7463 3791 7463 3792 7464 3805 7461 3805 7461 3792 7464 3793 7465 3805 7461 3793 7465 3794 7466 3794 7466 3795 7467 3805 7461 3805 7461 3795 7467 3796 7468 3805 7461 3796 7468 3797 7469 3797 7469 3798 7470 3805 7461 3805 7461 3798 7470 3799 7471 3805 7461 3799 7471 3800 7472 3800 7472 3801 7473 3805 7461 3805 7461 3801 7473 3802 7474 3805 7461 3802 7474 3803 7475 3803 7475 3804 7476 3805 7461 3805 7461 3804 7476 3772 7442 1687 7477 3806 7478 1688 7479 1688 7479 3806 7478 3807 7480 1688 7479 3807 7480 1689 7481 1689 7481 3807 7480 3808 7482 1689 7481 3808 7482 1690 7483 1690 7483 3808 7482 3809 7484 1690 7483 3809 7484 1691 7485 1691 7485 3809 7484 3810 7486 1691 7485 3810 7486 1692 7487 1692 7487 3810 7486 3811 7488 1692 7487 3811 7488 1693 7489 1693 7489 3811 7488 3812 7490 1693 7489 3812 7490 1694 7491 1694 7491 3812 7490 3813 7492 1694 7491 3813 7492 1695 7493 1695 7493 3813 7492 3814 7494 1695 7493 3814 7494 1696 7495 1696 7495 3814 7494 3815 7496 1696 7495 3815 7496 1697 7497 1697 7497 3815 7496 3816 7498 1697 7497 3816 7498 1698 7499 1698 7499 3816 7498 3817 7500 1698 7499 3817 7500 1699 7501 1699 7501 3817 7500 3818 7502 1699 7501 3818 7502 1571 2914 1571 2914 3818 7502 1572 2916 1638 7503 3819 7504 1639 7505 1639 7505 3819 7504 3820 7506 1639 7505 3820 7506 1640 7507 1640 7507 3820 7506 3821 7508 1640 7507 3821 7508 1641 7509 1641 7509 3821 7508 3822 7510 1641 7509 3822 7510 1642 7511 1642 7511 3822 7510 3823 7512 1642 7511 3823 7512 1643 7513 1643 7513 3823 7512 3824 7514 1643 7513 3824 7514 1644 7515 1644 7515 3824 7514 3825 7516 1644 7515 3825 7516 1645 7517 1645 7517 3825 7516 3826 7518 1645 7517 3826 7518 1646 7519 1646 7519 3826 7518 3827 7520 1646 7519 3827 7520 1647 7521 1647 7521 3827 7520 3828 7522 1647 7521 3828 7522 1648 7523 1648 7523 3828 7522 3829 7524 1648 7523 3829 7524 1649 7525 1649 7525 3829 7524 3830 7526 1649 7525 3830 7526 1650 7527 1650 7527 3830 7526 3831 7528 1650 7527 3831 7528 1651 7529 1651 7529 3831 7528 3832 7530 1651 7529 3832 7530 1652 7531 1652 7531 3832 7530 3833 7532 1652 7531 3833 7532 1653 7533 1653 7533 3833 7532 3834 7534 1653 7533 3834 7534 1654 7535 1654 7535 3834 7534 3835 7536 1654 7535 3835 7536 1655 7537 1655 7537 3835 7536 3836 7538 1655 7537 3836 7538 1656 7539 1656 7539 3836 7538 3837 7540 1656 7539 3837 7540 1657 7541 1657 7541 3837 7540 3838 7542 1657 7541 3838 7542 1658 7543 1658 7543 3838 7542 3839 7544 1658 7543 3839 7544 1659 7545 1659 7545 3839 7544 3840 7546 1659 7545 3840 7546 1660 7547 1660 7547 3840 7546 3841 7548 1660 7547 3841 7548 1661 7549 1661 7549 3841 7548 3842 7550 1661 7549 3842 7550 1662 7551 1662 7551 3842 7550 3843 7552 1662 7551 3843 7552 1663 7553 1663 7553 3843 7552 3844 7554 1663 7553 3844 7554 1664 7555 1664 7555 3844 7554 3845 7556 1664 7555 3845 7556 1665 7557 1665 7557 3845 7556 3846 7558 1665 7557 3846 7558 1666 7559 1666 7559 3846 7558 3847 7560 1666 7559 3847 7560 1667 7561 1667 7561 3847 7560 3848 7562 1667 7561 3848 7562 1668 7563 1668 7563 3848 7562 3849 7564 1668 7563 3849 7564 1669 7565 1669 7565 3849 7564 3850 7566 1669 7565 3850 7566 1670 7567 1670 7567 3850 7566 3851 7568 1670 7567 3851 7568 1671 7569 1671 7569 3851 7568 3852 7570 1671 7569 3852 7570 1672 7571 1672 7571 3852 7570 3853 7572 1672 7571 3853 7572 1673 7573 1673 7573 3853 7572 3854 7574 1673 7573 3854 7574 1674 7575 1674 7575 3854 7574 3855 7576 1674 7575 3855 7576 1675 7577 1675 7577 3855 7576 3856 7578 1675 7577 3856 7578 1676 7579 1676 7579 3856 7578 3857 7580 1676 7579 3857 7580 1677 7581 1677 7581 3857 7580 3858 7582 1677 7581 3858 7582 1678 7583 1678 7583 3858 7582 3859 7584 1678 7583 3859 7584 1679 7585 1679 7585 3859 7584 3860 7586 1679 7585 3860 7586 1680 7587 1680 7587 3860 7586 3861 7588 1680 7587 3861 7588 1681 7589 1681 7589 3861 7588 3862 7590 1681 7589 3862 7590 1682 7591 1682 7591 3862 7590 3863 7592 1682 7591 3863 7592 1683 7593 1683 7593 3863 7592 3864 7594 1683 7593 3864 7594 1684 7595 1684 7595 3864 7594 3865 7596 1684 7595 3865 7596 1685 7597 1685 7597 3865 7596 3866 7598 1685 7597 3866 7598 1686 7599 1686 7599 3866 7598 3867 7600 1686 7599 3867 7600 1687 7477 1687 7477 3867 7600 3806 7478 1596 7601 3868 7602 1626 7603 1626 7603 3868 7602 3869 7604 1626 7603 3869 7604 1627 7605 1627 7605 3869 7604 3870 7606 1627 7605 3870 7606 1628 7607 1628 7607 3870 7606 3871 7608 1628 7607 3871 7608 1629 7609 1629 7609 3871 7608 3872 7610 1629 7609 3872 7610 1630 7611 1630 7611 3872 7610 3873 7612 1630 7611 3873 7612 1631 7613 1631 7613 3873 7612 3874 7614 1631 7613 3874 7614 1632 7615 1632 7615 3874 7614 3875 7616 1632 7615 3875 7616 1633 7617 1633 7617 3875 7616 3876 7618 1633 7617 3876 7618 1634 7619 1634 7619 3876 7618 3877 7620 1634 7619 3877 7620 1635 7621 1635 7621 3877 7620 3878 7622 1635 7621 3878 7622 1636 7623 1636 7623 3878 7622 3879 7624 1636 7623 3879 7624 1637 7625 1637 7625 3879 7624 3880 7626 1637 7625 3880 7626 1638 7503 1638 7503 3880 7626 3819 7504 1614 7627 1613 7628 1615 7629 1615 7629 1613 7628 3881 7630 1615 7629 3881 7630 1616 7631 1616 7631 3881 7630 3882 7632 1616 7631 3882 7632 1617 7633 1617 7633 3882 7632 3883 7634 1617 7633 3883 7634 1618 7635 1618 7635 3883 7634 3884 7636 1618 7635 3884 7636 1619 7637 1619 7637 3884 7636 3885 7638 1619 7637 3885 7638 1620 7639 1620 7639 3885 7638 3886 7640 1620 7639 3886 7640 1621 7641 1621 7641 3886 7640 3887 7642 1621 7641 3887 7642 1622 7643 1622 7643 3887 7642 3888 7644 1622 7643 3888 7644 1623 7645 1623 7645 3888 7644 3889 7646 1623 7645 3889 7646 1624 7647 1624 7647 3889 7646 3890 7648 1624 7647 3890 7648 1625 7649 1625 7649 3890 7648 3891 7650 1625 7649 3891 7650 1539 2777 1539 2777 3891 7650 1596 7601 1596 7601 3891 7650 3868 7602 1613 7628 3805 7651 3881 7630 1539 2777 1538 2778 1625 7649 3686 7652 3869 7653 3687 7654 3687 7654 3869 7653 3868 7655 3687 7654 3868 7655 3762 7656 3762 7656 3868 7655 3891 7657 3762 7656 3891 7657 3763 7658 3763 7658 3891 7657 3890 7659 3763 7658 3890 7659 3764 7660 3764 7660 3890 7659 3889 7661 3764 7660 3889 7661 3888 7662 3869 7653 3686 7652 3870 7663 3870 7663 3686 7652 3685 7664 3870 7663 3685 7664 3871 7665 3871 7665 3685 7664 3684 7666 3871 7665 3684 7666 3683 7667 3871 7665 3683 7667 3872 7668 3872 7668 3683 7667 3682 7669 3872 7668 3682 7669 3873 7670 3873 7670 3682 7669 3681 7671 3873 7670 3681 7671 3874 7672 3874 7672 3681 7671 3680 7673 3874 7672 3680 7673 3875 7674 3875 7674 3680 7673 3679 7675 3875 7674 3679 7675 3876 7676 3876 7676 3679 7675 3678 7677 3876 7676 3678 7677 3877 7678 3877 7678 3678 7677 3677 7679 3877 7678 3677 7679 3676 7680 3877 7678 3676 7680 3878 7681 3878 7681 3676 7680 3675 7682 3878 7681 3675 7682 3879 7683 3879 7683 3675 7682 3674 7684 3879 7683 3674 7684 3880 7685 3880 7685 3674 7684 3673 7686 3880 7685 3673 7686 3819 7687 3819 7687 3673 7686 3735 7688 3819 7687 3735 7688 3820 7689 3820 7689 3735 7688 3734 7690 3820 7689 3734 7690 3821 7691 3821 7691 3734 7690 3733 7692 3821 7691 3733 7692 3822 7693 3822 7693 3733 7692 3732 7694 3822 7693 3732 7694 3823 7695 3823 7695 3732 7694 3824 7696 3824 7696 3732 7694 3731 7697 3824 7696 3731 7697 3825 7698 3825 7698 3731 7697 3730 7699 3825 7698 3730 7699 3826 7700 3826 7700 3730 7699 3729 7701 3826 7700 3729 7701 3827 7702 3827 7702 3729 7701 3728 7703 3827 7702 3728 7703 3828 7704 3828 7704 3728 7703 3727 7705 3828 7704 3727 7705 3829 7706 3829 7706 3727 7705 3726 7707 3829 7706 3726 7707 3830 7708 3830 7708 3726 7707 3725 7709 3830 7708 3725 7709 3831 7710 3831 7710 3725 7709 3724 7711 3831 7710 3724 7711 3832 7712 3832 7712 3724 7711 3723 7713 3832 7712 3723 7713 3833 7714 3833 7714 3723 7713 3722 7715 3833 7714 3722 7715 3834 7716 3834 7716 3722 7715 3721 7717 3834 7716 3721 7717 3835 7718 3835 7718 3721 7717 3720 7719 3835 7718 3720 7719 3836 7720 3836 7720 3720 7719 3719 7721 3836 7720 3719 7721 3837 7722 3837 7722 3719 7721 3718 7723 3837 7722 3718 7723 3838 7724 3838 7724 3718 7723 3717 7725 3838 7724 3717 7725 3839 7726 3839 7726 3717 7725 3716 7727 3839 7726 3716 7727 3840 7728 3840 7728 3716 7727 3715 7729 3840 7728 3715 7729 3841 7730 3841 7730 3715 7729 3714 7731 3841 7730 3714 7731 3842 7732 3842 7732 3714 7731 3713 7733 3842 7732 3713 7733 3843 7734 3843 7734 3713 7733 3712 7735 3843 7734 3712 7735 3844 7736 3844 7736 3712 7735 3711 7737 3844 7736 3711 7737 3845 7738 3845 7738 3711 7737 3710 7739 3845 7738 3710 7739 3846 7740 3846 7740 3710 7739 3709 7741 3846 7740 3709 7741 3847 7742 3847 7742 3709 7741 3708 7743 3847 7742 3708 7743 3848 7744 3848 7744 3708 7743 3707 7745 3848 7744 3707 7745 3849 7746 3849 7746 3707 7745 3706 7747 3849 7746 3706 7747 3850 7748 3850 7748 3706 7747 3705 7749 3850 7748 3705 7749 3851 7750 3851 7750 3705 7749 3704 7751 3851 7750 3704 7751 3852 7752 3852 7752 3704 7751 3703 7753 3852 7752 3703 7753 3853 7754 3853 7754 3703 7753 3702 7755 3853 7754 3702 7755 3854 7756 3854 7756 3702 7755 3701 7757 3854 7756 3701 7757 3855 7758 3855 7758 3701 7757 3700 7759 3855 7758 3700 7759 3856 7760 3856 7760 3700 7759 3699 7761 3856 7760 3699 7761 3857 7762 3857 7762 3699 7761 3698 7763 3857 7762 3698 7763 3858 7764 3858 7764 3698 7763 3697 7765 3858 7764 3697 7765 3859 7766 3859 7766 3697 7765 3696 7767 3859 7766 3696 7767 3860 7768 3860 7768 3696 7767 3695 7769 3860 7768 3695 7769 3861 7770 3861 7770 3695 7769 3694 7771 3861 7770 3694 7771 3862 7772 3862 7772 3694 7771 3693 7773 3862 7772 3693 7773 3863 7774 3863 7774 3693 7773 3692 7775 3863 7774 3692 7775 3864 7776 3864 7776 3692 7775 3865 7777 3865 7777 3692 7775 3691 7778 3865 7777 3691 7778 3866 7779 3866 7779 3691 7778 3690 7780 3866 7779 3690 7780 3867 7781 3867 7781 3690 7780 3689 7782 3867 7781 3689 7782 3806 7783 3806 7783 3689 7782 3688 7784 3806 7783 3688 7784 3807 7785 3807 7785 3688 7784 3749 7786 3807 7785 3749 7786 3808 7787 3808 7787 3749 7786 3748 7788 3808 7787 3748 7788 3809 7789 3809 7789 3748 7788 3747 7790 3809 7789 3747 7790 3810 7791 3810 7791 3747 7790 3746 7792 3810 7791 3746 7792 3745 7793 3810 7791 3745 7793 3811 7794 3811 7794 3745 7793 3744 7795 3811 7794 3744 7795 3812 7796 3812 7796 3744 7795 3743 7797 3812 7796 3743 7797 3813 7798 3813 7798 3743 7797 3742 7799 3813 7798 3742 7799 3814 7800 3814 7800 3742 7799 3741 7801 3814 7800 3741 7801 3815 7802 3815 7802 3741 7801 3740 7803 3815 7802 3740 7803 3816 7804 3816 7804 3740 7803 3739 7805 3816 7804 3739 7805 3738 7806 3816 7804 3738 7806 3817 7807 3817 7807 3738 7806 3737 7808 3817 7807 3737 7808 3818 7809 3818 7809 3737 7808 3736 7810 3818 7809 3736 7810 1572 7811 1572 7811 3736 7810 3760 7812 1572 7811 3760 7812 1573 7813 1573 7813 3760 7812 3759 7814 1573 7813 3759 7814 1574 7815 1574 7815 3759 7814 3758 7816 1574 7815 3758 7816 1575 7817 1575 7817 3758 7816 1576 7818 1576 7818 3758 7816 3757 7819 1576 7818 3757 7819 1577 7820 1577 7820 3757 7819 3756 7821 1577 7820 3756 7821 1578 7822 1578 7822 3756 7821 3755 7823 1578 7822 3755 7823 1579 7824 1579 7824 3755 7823 3754 7825 1579 7824 3754 7825 1580 7826 1580 7826 3754 7825 3753 7827 1580 7826 3753 7827 1581 7828 1581 7828 3753 7827 1582 7829 1582 7829 3753 7827 3752 7830 1582 7829 3752 7830 1583 7831 1583 7831 3752 7830 3751 7832 1583 7831 3751 7832 1584 7833 1584 7833 3751 7832 3750 7834 1584 7833 3750 7834 3772 7835 3772 7835 3750 7834 3761 7836 3772 7835 3761 7836 3805 7837 3805 7837 3761 7836 3771 7838 3805 7837 3771 7838 3881 7839 3881 7839 3771 7838 3770 7840 3881 7839 3770 7840 3882 7841 3882 7841 3770 7840 3769 7842 3882 7841 3769 7842 3883 7843 3883 7843 3769 7842 3884 7844 3884 7844 3769 7842 3768 7845 3884 7844 3768 7845 3885 7846 3885 7846 3768 7845 3767 7847 3885 7846 3767 7847 3886 7848 3886 7848 3767 7847 3766 7849 3886 7848 3766 7849 3887 7850 3887 7850 3766 7849 3765 7851 3887 7850 3765 7851 3888 7662 3888 7662 3765 7851 3764 7660 3788 7852 3940 7853 1553 7854 1553 7854 3940 7853 3941 7855 1553 7854 3941 7855 1554 7856 1554 7856 3941 7855 3942 7857 1554 7856 3942 7857 1555 7858 1555 7858 3942 7857 3943 7859 1555 7858 3943 7859 1556 7860 1556 7860 3943 7859 3944 7861 1556 7860 3944 7861 1557 7862 1557 7862 3944 7861 3945 7863 1557 7862 3945 7863 1558 7864 1558 7864 3945 7863 3946 7865 1558 7864 3946 7865 1559 7866 1559 7866 3946 7865 3947 7867 1559 7866 3947 7867 1560 7868 1560 7868 3947 7867 3948 7869 1560 7868 3948 7869 1561 7870 1561 7870 3948 7869 3949 7871 1561 7870 3949 7871 1562 7872 1562 7872 3949 7871 3950 7873 1562 7872 3950 7873 1563 7874 1563 7874 3950 7873 3951 7875 1563 7874 3951 7875 1564 7876 1564 7876 3951 7875 3952 7877 1564 7876 3952 7877 1565 7878 1565 7878 3952 7877 3953 7879 1565 7878 3953 7879 1566 7880 1566 7880 3953 7879 3954 7881 1566 7880 3954 7881 1567 7882 1567 7882 3954 7881 3955 7883 1567 7882 3955 7883 1568 7884 1568 7884 3955 7883 3956 7885 1568 7884 3956 7885 1569 7886 1569 7886 3956 7885 3892 7887 1569 7886 3892 7887 1570 3023 1570 3023 3892 7887 1597 7888 1597 7888 3892 7887 3893 7889 1597 7888 3893 7889 1598 7890 1598 7890 3893 7889 3894 7891 1598 7890 3894 7891 1599 7892 1599 7892 3894 7891 3895 7893 1599 7892 3895 7893 1600 7894 1600 7894 3895 7893 3896 7895 1600 7894 3896 7895 1601 7896 1601 7896 3896 7895 3897 7897 1601 7896 3897 7897 1602 7898 1602 7898 3897 7897 3898 7899 1602 7898 3898 7899 1603 7900 1603 7900 3898 7899 3899 7901 1603 7900 3899 7901 1604 7902 1604 7902 3899 7901 3900 7903 1604 7902 3900 7903 1605 7904 1605 7904 3900 7903 3901 7905 1605 7904 3901 7905 1606 7906 1606 7906 3901 7905 3902 7907 1606 7906 3902 7907 1607 7908 1607 7908 3902 7907 3903 7909 1607 7908 3903 7909 1608 7910 1608 7910 3903 7909 3904 7911 1608 7910 3904 7911 1609 7912 1609 7912 3904 7911 3905 7913 1609 7912 3905 7913 1610 7914 1610 7914 3905 7913 3906 7915 1610 7914 3906 7915 1611 7916 1611 7916 3906 7915 3907 7917 1611 7916 3907 7917 1612 7918 1612 7918 3907 7917 3908 7919 1612 7918 3908 7919 1613 7920 1613 7920 3908 7919 3909 7921 1613 7920 3909 7921 3789 7922 3789 7922 3909 7921 3910 7923 3789 7922 3910 7923 3790 7924 3790 7924 3910 7923 3911 7925 3790 7924 3911 7925 3791 7926 3791 7926 3911 7925 3912 7927 3791 7926 3912 7927 3792 7928 3792 7928 3912 7927 3913 7929 3792 7928 3913 7929 3793 7930 3793 7930 3913 7929 3914 7931 3793 7930 3914 7931 3794 7932 3794 7932 3914 7931 3795 7933 3795 7933 3914 7931 3915 7934 3795 7933 3915 7934 3796 7935 3796 7935 3915 7934 3916 7936 3796 7935 3916 7936 3797 7937 3797 7937 3916 7936 3917 7938 3797 7937 3917 7938 3798 7939 3798 7939 3917 7938 3918 7940 3798 7939 3918 7940 3799 7941 3799 7941 3918 7940 3919 7942 3799 7941 3919 7942 3800 7943 3800 7943 3919 7942 3920 7944 3800 7943 3920 7944 3801 7945 3801 7945 3920 7944 3921 7946 3801 7945 3921 7946 3802 7947 3802 7947 3921 7946 3922 7948 3802 7947 3922 7948 3803 7949 3803 7949 3922 7948 3923 7950 3803 7949 3923 7950 3804 7951 3804 7951 3923 7950 3924 7952 3804 7951 3924 7952 3772 7835 3772 7835 3924 7952 3925 7953 3772 7835 3925 7953 3773 7954 3773 7954 3925 7953 3926 7955 3773 7954 3926 7955 3774 7956 3774 7956 3926 7955 3927 7957 3774 7956 3927 7957 3775 7958 3775 7958 3927 7957 3928 7959 3775 7958 3928 7959 3776 7960 3776 7960 3928 7959 3929 7961 3776 7960 3929 7961 3777 7962 3777 7962 3929 7961 3930 7963 3777 7962 3930 7963 3778 7964 3778 7964 3930 7963 3931 7965 3778 7964 3931 7965 3779 7966 3779 7966 3931 7965 3932 7967 3779 7966 3932 7967 3780 7968 3780 7968 3932 7967 3933 7969 3780 7968 3933 7969 3781 7970 3781 7970 3933 7969 3934 7971 3781 7970 3934 7971 3782 7972 3782 7972 3934 7971 3935 7973 3782 7972 3935 7973 3783 7974 3783 7974 3935 7973 3784 7975 3784 7975 3935 7973 3936 7976 3784 7975 3936 7976 3785 7977 3785 7977 3936 7976 3937 7978 3785 7977 3937 7978 3786 7979 3786 7979 3937 7978 3938 7980 3786 7979 3938 7980 3787 7981 3787 7981 3938 7980 3939 7982 3787 7981 3939 7982 3788 7852 3788 7852 3939 7982 3940 7853 251 7983 3893 7984 204 7985 204 7985 3893 7984 3892 7986 204 7985 3892 7986 3956 7987 3893 7984 251 7983 3894 7988 3894 7988 251 7983 250 7989 3894 7988 250 7989 3895 7990 3895 7990 250 7989 249 7991 3895 7990 249 7991 3896 7992 3896 7992 249 7991 3897 7993 3897 7993 249 7991 248 7994 3897 7993 248 7994 3898 7995 3898 7995 248 7994 247 7996 3898 7995 247 7996 3899 7997 3899 7997 247 7996 246 7998 3899 7997 246 7998 3900 7999 3900 7999 246 7998 3901 8000 3901 8000 246 7998 245 8001 3901 8000 245 8001 3902 8002 3902 8002 245 8001 244 8003 3902 8002 244 8003 3903 8004 3903 8004 244 8003 3904 8005 3904 8005 244 8003 243 8006 3904 8005 243 8006 3905 8007 3905 8007 243 8006 242 8008 3905 8007 242 8008 3906 8009 3906 8009 242 8008 241 8010 3906 8009 241 8010 3907 8011 3907 8011 241 8010 3908 8012 3908 8012 241 8010 240 8013 3908 8012 240 8013 3909 8014 3909 8014 240 8013 239 8015 3909 8014 239 8015 3910 8016 3910 8016 239 8015 238 8017 3910 8016 238 8017 3911 8018 3911 8018 238 8017 3912 8019 3912 8019 238 8017 237 8020 3912 8019 237 8020 3913 8021 3913 8021 237 8020 236 8022 3913 8021 236 8022 3914 8023 3914 8023 236 8022 235 8024 3914 8023 235 8024 3915 8025 3915 8025 235 8024 3916 8026 3916 8026 235 8024 234 8027 3916 8026 234 8027 3917 8028 3917 8028 234 8027 233 8029 3917 8028 233 8029 3918 8030 3918 8030 233 8029 232 8031 3918 8030 232 8031 3919 8032 3919 8032 232 8031 3920 8033 3920 8033 232 8031 231 8034 3920 8033 231 8034 3921 8035 3921 8035 231 8034 230 8036 3921 8035 230 8036 3922 8037 3922 8037 230 8036 229 8038 3922 8037 229 8038 3923 8039 3923 8039 229 8038 3924 8040 3924 8040 229 8038 228 8041 3924 8040 228 8041 3925 8042 3925 8042 228 8041 227 8043 3925 8042 227 8043 3926 8044 3926 8044 227 8043 3927 8045 3927 8045 227 8043 226 8046 3927 8045 226 8046 3928 8047 3928 8047 226 8046 225 8048 3928 8047 225 8048 3929 8049 3929 8049 225 8048 224 8050 3929 8049 224 8050 3930 8051 3930 8051 224 8050 3931 8052 3931 8052 224 8050 223 8053 3931 8052 223 8053 3932 8054 3932 8054 223 8053 222 8055 3932 8054 222 8055 3933 8056 3933 8056 222 8055 221 8057 3933 8056 221 8057 3934 8058 3934 8058 221 8057 3935 8059 3935 8059 221 8057 220 8060 3935 8059 220 8060 3936 8061 3936 8061 220 8060 219 8062 3936 8061 219 8062 3937 8063 3937 8063 219 8062 218 8064 3937 8063 218 8064 3938 8065 3938 8065 218 8064 3939 8066 3939 8066 218 8064 217 8067 3939 8066 217 8067 3940 8068 3940 8068 217 8067 216 8069 3940 8068 216 8069 3941 8070 3941 8070 216 8069 215 8071 3941 8070 215 8071 3942 8072 3942 8072 215 8071 3943 8073 3943 8073 215 8071 214 8074 3943 8073 214 8074 3944 8075 3944 8075 214 8074 213 8076 3944 8075 213 8076 3945 8077 3945 8077 213 8076 212 8078 3945 8077 212 8078 3946 8079 3946 8079 212 8078 3947 8080 3947 8080 212 8078 211 8081 3947 8080 211 8081 3948 8082 3948 8082 211 8081 210 8083 3948 8082 210 8083 3949 8084 3949 8084 210 8083 3950 8085 3950 8085 210 8083 209 8086 3950 8085 209 8086 3951 8087 3951 8087 209 8086 208 8088 3951 8087 208 8088 3952 8089 3952 8089 208 8088 207 8090 3952 8089 207 8090 3953 8091 3953 8091 207 8090 3954 8092 3954 8092 207 8090 206 8093 3954 8092 206 8093 3955 8094 3955 8094 206 8093 205 8095 3955 8094 205 8095 3956 7987 3956 7987 205 8095 204 7985</p>
        </triangles>
      </mesh>
    </geometry>
  </library_geometries>
  <library_visual_scenes>
    <visual_scene id="Scene" name="Scene">
      <node id="JAW_4-node" name="JAW_4" type="NODE">
        <instance_geometry url="#JAW_4-mesh">
          <bind_material>
            <technique_common>
              <instance_material symbol="ABS__White_" target="#ABS__White_"/>
            </technique_common>
          </bind_material>
        </instance_geometry>
      </node>
    </visual_scene>
  </library_visual_scenes>
  <scene>
    <instance_visual_scene url="#Scene"/>
  </scene>
</COLLADA>
