<?xml version="1.0" encoding="utf-8"?>
<COLLADA xmlns="http://www.collada.org/2005/11/COLLADASchema" version="1.4.1">
  <asset>
    <contributor>
      <authoring_tool>Fusion URDF/XACRO Exporter</authoring_tool>
    </contributor>
    <created>2026-07-28T12:55:12Z</created>
    <modified>2026-07-28T12:55:12Z</modified>
    <unit name="meter" meter="1.0"/>
    <up_axis>Z_UP</up_axis>
  </asset>
  <library_effects>
    <effect id="ABS__White_-effect">
      <profile_COMMON>
        <technique sid="common">
          <lambert>
            <emission><color>0 0 0 1</color></emission>
            <ambient><color>0.0000 0.0000 0.0000 1</color></ambient>
            <diffuse><color>0.9647 0.9647 0.9529 1</color></diffuse>
            <reflective><color>0 0 0 1</color></reflective>
            <transparent opaque="A_ONE"><color>1 1 1 1</color></transparent>
            <transparency><float>1</float></transparency>
          </lambert>
        </technique>
      </profile_COMMON>
    </effect>
  </library_effects>
  <library_materials>
    <material id="ABS__White_" name="ABS_(White)">
      <instance_effect url="#ABS__White_-effect"/>
    </material>
  </library_materials>
  <library_geometries>
    <geometry id="JAW_2-mesh" name="JAW_2">
      <mesh>
        <source id="JAW_2-mesh-positions">
          <float_array id="JAW_2-mesh-positions-array" count="12573">0.872500 0.000000 0.042000 0.872209 0.003609 0.042000 0.871342 0.007125 0.042000 0.869923 0.010456 0.042000 0.867987 0.013517 0.042000 0.865586 0.016227 0.042000 0.862781 0.018517 0.042000 0.859646 0.020328 0.042000 0.856260 0.021612 0.042000 0.852712 0.022336 0.042000 0.849094 0.022482 0.042000 0.845499 0.022045 0.042000 0.842021 0.021038 0.042000 0.838750 0.019486 0.042000 0.835770 0.017429 0.042000 0.833159 0.014920 0.042000 0.830983 0.012025 0.042000 0.829300 0.008819 0.042000 0.828154 0.005385 0.042000 0.827573 0.001810 0.042000 0.827573 -0.001810 0.042000 0.828154 -0.005385 0.042000 0.829300 -0.008819 0.042000 0.830983 -0.012025 0.042000 0.833159 -0.014920 0.042000 0.835770 -0.017429 0.042000 0.838750 -0.019486 0.042000 0.842021 -0.021038 0.042000 0.845499 -0.022045 0.042000 0.849094 -0.022482 0.042000 0.852712 -0.022336 0.042000 0.856260 -0.021612 0.042000 0.859646 -0.020328 0.042000 0.862781 -0.018517 0.042000 0.865586 -0.016227 0.042000 0.867987 -0.013517 0.042000 0.869923 -0.010456 0.042000 0.871342 -0.007125 0.042000 0.872209 -0.003609 0.042000 0.850000 -0.000000 0.050000 0.830820 0.000000 0.044314 0.834368 0.000000 0.046262 0.838103 0.000000 0.047819 0.841983 0.000000 0.048969 0.845964 0.000000 0.049699 0.832167 -0.007061 0.044314 0.836018 -0.013130 0.044314 0.848796 -0.019142 0.044314 0.855927 -0.018241 0.044314 0.866808 -0.009240 0.044314 0.866808 0.009240 0.044314 0.855927 0.018241 0.044314 0.848796 0.019142 0.044314 0.836018 0.013130 0.044314 0.832167 0.007061 0.044314 0.869029 0.002404 0.044314 0.865509 0.001959 0.046262 0.861803 0.001491 0.047819 0.857953 0.001005 0.048969 0.854004 0.000506 0.049699 0.854036 0.000000 0.049699 0.858017 0.000000 0.048969 0.861897 0.000000 0.047819 0.865632 0.000000 0.046262 0.869180 0.000000 0.044314 0.868577 0.004770 0.044314 0.865141 0.003888 0.046262 0.861523 0.002959 0.047819 0.857765 0.001994 0.048969 0.853909 0.001004 0.049699 0.867833 0.007061 0.044314 0.864534 0.005755 0.046262 0.861061 0.004380 0.047819 0.857454 0.002951 0.048969 0.853752 0.001486 0.049699 0.863699 0.007531 0.046262 0.860425 0.005731 0.047819 0.857025 0.003862 0.048969 0.853537 0.001944 0.049699 0.863982 0.013130 0.044314 0.861395 0.010701 0.046262 0.858672 0.008144 0.047819 0.855844 0.005488 0.048969 0.852942 0.002763 0.049699 0.853265 0.002372 0.049699 0.856486 0.004712 0.048969 0.859625 0.006993 0.047819 0.862647 0.009188 0.046262 0.865517 0.011274 0.044314 0.862226 0.014778 0.044314 0.859964 0.012045 0.046262 0.857583 0.009167 0.047819 0.855110 0.006177 0.048969 0.852573 0.003110 0.049699 0.860277 0.016194 0.044314 0.858376 0.013199 0.046262 0.856375 0.010045 0.047819 0.854296 0.006769 0.048969 0.852163 0.003408 0.049699 0.858166 0.017355 0.044314 0.856656 0.014144 0.046262 0.855065 0.010765 0.047819 0.853413 0.007254 0.048969 0.851718 0.003652 0.049699 0.853594 0.018840 0.044314 0.852929 0.015355 0.046262 0.852229 0.011686 0.047819 0.851502 0.007875 0.048969 0.850756 0.003964 0.049699 0.851247 0.003838 0.049699 0.852477 0.007624 0.048969 0.853676 0.011315 0.047819 0.854831 0.014867 0.046262 0.851204 0.019142 0.044314 0.850982 0.015601 0.046262 0.850747 0.011873 0.047819 0.850503 0.008001 0.048969 0.850253 0.004028 0.049699 0.849018 0.015601 0.046262 0.849253 0.011873 0.047819 0.849497 0.008001 0.048969 0.849747 0.004028 0.049699 0.844073 0.018241 0.044314 0.845169 0.014867 0.046262 0.846324 0.011315 0.047819 0.847523 0.007624 0.048969 0.848753 0.003838 0.049699 0.849244 0.003964 0.049699 0.848498 0.007875 0.048969 0.847771 0.011686 0.047819 0.847071 0.015355 0.046262 0.846406 0.018840 0.044314 0.841834 0.017355 0.044314 0.843344 0.014144 0.046262 0.844935 0.010765 0.047819 0.846587 0.007254 0.048969 0.848282 0.003652 0.049699 0.839723 0.016194 0.044314 0.841624 0.013199 0.046262 0.843625 0.010045 0.047819 0.845704 0.006769 0.048969 0.847837 0.003408 0.049699 0.837774 0.014778 0.044314 0.840036 0.012045 0.046262 0.842417 0.009167 0.047819 0.844890 0.006177 0.048969 0.847427 0.003110 0.049699 0.834483 0.011274 0.044314 0.837353 0.009188 0.046262 0.840375 0.006993 0.047819 0.843514 0.004712 0.048969 0.846735 0.002372 0.049699 0.847058 0.002763 0.049699 0.844156 0.005488 0.048969 0.841328 0.008144 0.047819 0.838605 0.010701 0.046262 0.833192 0.009240 0.044314 0.836301 0.007531 0.046262 0.839575 0.005731 0.047819 0.842975 0.003862 0.048969 0.846463 0.001944 0.049699 0.835466 0.005755 0.046262 0.838939 0.004380 0.047819 0.842546 0.002951 0.048969 0.846248 0.001486 0.049699 0.830971 0.002404 0.044314 0.834491 0.001959 0.046262 0.838197 0.001491 0.047819 0.842047 0.001005 0.048969 0.845996 0.000506 0.049699 0.846091 0.001004 0.049699 0.842235 0.001994 0.048969 0.838477 0.002959 0.047819 0.834859 0.003888 0.046262 0.831423 0.004770 0.044314 0.830971 -0.002404 0.044314 0.834491 -0.001959 0.046262 0.838197 -0.001491 0.047819 0.842047 -0.001005 0.048969 0.845996 -0.000506 0.049699 0.831423 -0.004770 0.044314 0.834859 -0.003888 0.046262 0.838477 -0.002959 0.047819 0.842235 -0.001994 0.048969 0.846091 -0.001004 0.049699 0.833192 -0.009240 0.044314 0.836301 -0.007531 0.046262 0.839575 -0.005731 0.047819 0.842975 -0.003862 0.048969 0.846463 -0.001944 0.049699 0.846248 -0.001486 0.049699 0.842546 -0.002951 0.048969 0.838939 -0.004380 0.047819 0.835466 -0.005755 0.046262 0.834483 -0.011274 0.044314 0.837353 -0.009188 0.046262 0.840375 -0.006993 0.047819 0.843514 -0.004712 0.048969 0.846735 -0.002372 0.049699 0.838605 -0.010701 0.046262 0.841328 -0.008144 0.047819 0.844156 -0.005488 0.048969 0.847058 -0.002763 0.049699 0.839723 -0.016194 0.044314 0.841624 -0.013199 0.046262 0.843625 -0.010045 0.047819 0.845704 -0.006769 0.048969 0.847837 -0.003408 0.049699 0.847427 -0.003110 0.049699 0.844890 -0.006177 0.048969 0.842417 -0.009167 0.047819 0.840036 -0.012045 0.046262 0.837774 -0.014778 0.044314 0.841834 -0.017355 0.044314 0.843344 -0.014144 0.046262 0.844935 -0.010765 0.047819 0.846587 -0.007254 0.048969 0.848282 -0.003652 0.049699 0.844073 -0.018241 0.044314 0.845169 -0.014867 0.046262 0.846324 -0.011315 0.047819 0.847523 -0.007624 0.048969 0.848753 -0.003838 0.049699 0.846406 -0.018840 0.044314 0.847071 -0.015355 0.046262 0.847771 -0.011686 0.047819 0.848498 -0.007875 0.048969 0.849244 -0.003964 0.049699 0.851204 -0.019142 0.044314 0.850982 -0.015601 0.046262 0.850747 -0.011873 0.047819 0.850503 -0.008001 0.048969 0.850253 -0.004028 0.049699 0.849747 -0.004028 0.049699 0.849497 -0.008001 0.048969 0.849253 -0.011873 0.047819 0.849018 -0.015601 0.046262 0.853594 -0.018840 0.044314 0.852929 -0.015355 0.046262 0.852229 -0.011686 0.047819 0.851502 -0.007875 0.048969 0.850756 -0.003964 0.049699 0.854831 -0.014867 0.046262 0.853676 -0.011315 0.047819 0.852477 -0.007624 0.048969 0.851247 -0.003838 0.049699 0.860277 -0.016194 0.044314 0.858376 -0.013199 0.046262 0.856375 -0.010045 0.047819 0.854296 -0.006769 0.048969 0.852163 -0.003408 0.049699 0.851718 -0.003652 0.049699 0.853413 -0.007254 0.048969 0.855065 -0.010765 0.047819 0.856656 -0.014144 0.046262 0.858166 -0.017355 0.044314 0.862226 -0.014778 0.044314 0.859964 -0.012045 0.046262 0.857583 -0.009167 0.047819 0.855110 -0.006177 0.048969 0.852573 -0.003110 0.049699 0.863982 -0.013130 0.044314 0.861395 -0.010701 0.046262 0.858672 -0.008144 0.047819 0.855844 -0.005488 0.048969 0.852942 -0.002763 0.049699 0.865517 -0.011274 0.044314 0.862647 -0.009188 0.046262 0.859625 -0.006993 0.047819 0.856486 -0.004712 0.048969 0.853265 -0.002372 0.049699 0.867833 -0.007061 0.044314 0.864534 -0.005755 0.046262 0.861061 -0.004380 0.047819 0.857454 -0.002951 0.048969 0.853752 -0.001486 0.049699 0.853537 -0.001944 0.049699 0.857025 -0.003862 0.048969 0.860425 -0.005731 0.047819 0.863699 -0.007531 0.046262 0.868577 -0.004770 0.044314 0.865141 -0.003888 0.046262 0.861523 -0.002959 0.047819 0.857765 -0.001994 0.048969 0.853909 -0.001004 0.049699 0.869029 -0.002404 0.044314 0.865509 -0.001959 0.046262 0.861803 -0.001491 0.047819 0.857953 -0.001005 0.048969 0.854004 -0.000506 0.049699 1.227000 0.000000 0.042000 1.226712 0.003931 0.042000 1.225855 0.007779 0.042000 1.224447 0.011460 0.042000 1.222518 0.014898 0.042000 1.220109 0.018018 0.042000 1.217271 0.020753 0.042000 1.214065 0.023047 0.042000 1.210560 0.024849 0.042000 1.206829 0.026122 0.042000 1.202953 0.026838 0.042000 1.199014 0.026982 0.042000 1.195096 0.026551 0.042000 1.191282 0.025554 0.042000 1.187654 0.024012 0.042000 1.184290 0.021959 0.042000 1.181260 0.019437 0.042000 1.178630 0.016502 0.042000 1.176455 0.013214 0.042000 1.174782 0.009645 0.042000 1.173646 0.005871 0.042000 1.173072 0.001971 0.042000 1.173072 -0.001971 0.042000 1.173646 -0.005871 0.042000 1.174782 -0.009645 0.042000 1.176455 -0.013214 0.042000 1.178630 -0.016502 0.042000 1.181260 -0.019437 0.042000 1.184290 -0.021959 0.042000 1.187654 -0.024012 0.042000 1.191282 -0.025554 0.042000 1.195096 -0.026551 0.042000 1.199014 -0.026982 0.042000 1.202953 -0.026838 0.042000 1.206829 -0.026122 0.042000 1.210560 -0.024849 0.042000 1.214065 -0.023047 0.042000 1.217271 -0.020753 0.042000 1.220109 -0.018018 0.042000 1.222518 -0.014898 0.042000 1.224447 -0.011460 0.042000 1.225855 -0.007779 0.042000 1.226712 -0.003931 0.042000 1.200000 0.000000 0.050000 1.178083 0.000000 0.044521 1.183365 0.000000 0.046595 1.188805 0.000000 0.048207 1.194364 0.000000 0.049345 1.178189 -0.002148 0.044521 1.179752 -0.008387 0.044521 1.183058 -0.013904 0.044521 1.187824 -0.018223 0.044521 1.193638 -0.020973 0.044521 1.200000 -0.021917 0.044521 1.206362 -0.020973 0.044521 1.212176 -0.018223 0.044521 1.216942 -0.013904 0.044521 1.220248 -0.008387 0.044521 1.220248 0.008387 0.044521 1.216942 0.013904 0.044521 1.212176 0.018223 0.044521 1.206362 0.020973 0.044521 1.200000 0.021917 0.044521 1.193638 0.020973 0.044521 1.187824 0.018223 0.044521 1.183058 0.013904 0.044521 1.179752 0.008387 0.044521 1.178189 0.002148 0.044521 1.221811 0.002148 0.044521 1.216555 0.001631 0.046595 1.211141 0.001097 0.048207 1.205609 0.000552 0.049345 1.205636 0.000000 0.049345 1.211195 0.000000 0.048207 1.216635 0.000000 0.046595 1.221917 0.000000 0.044521 1.221495 0.004276 0.044521 1.216316 0.003245 0.046595 1.210980 0.002184 0.048207 1.205528 0.001100 0.049345 1.220973 0.006362 0.044521 1.215919 0.004829 0.046595 1.210713 0.003250 0.048207 1.205393 0.001636 0.049345 1.219329 0.010331 0.044521 1.214671 0.007842 0.046595 1.209873 0.005277 0.048207 1.204971 0.002657 0.049345 1.205207 0.002157 0.049345 1.210343 0.004284 0.048207 1.215369 0.006366 0.046595 1.218223 0.012176 0.044521 1.213832 0.009242 0.046595 1.209308 0.006220 0.048207 1.204686 0.003131 0.049345 1.215497 0.015497 0.044521 1.211763 0.011763 0.046595 1.207916 0.007916 0.048207 1.203985 0.003985 0.049345 1.204357 0.003575 0.049345 1.208654 0.007102 0.048207 1.212859 0.010553 0.046595 1.213904 0.016942 0.044521 1.210553 0.012859 0.046595 1.207102 0.008654 0.048207 1.203576 0.004357 0.049345 1.210331 0.019329 0.044521 1.207842 0.014671 0.046595 1.205277 0.009873 0.048207 1.202657 0.004971 0.049345 1.203131 0.004686 0.049345 1.206220 0.009308 0.048207 1.209242 0.013832 0.046595 1.208387 0.020248 0.044521 1.206366 0.015369 0.046595 1.204284 0.010343 0.048207 1.202157 0.005207 0.049345 1.204276 0.021495 0.044521 1.203245 0.016316 0.046595 1.202184 0.010980 0.048207 1.201100 0.005528 0.049345 1.201636 0.005393 0.049345 1.203250 0.010713 0.048207 1.204829 0.015919 0.046595 1.202148 0.021811 0.044521 1.201631 0.016555 0.046595 1.201097 0.011141 0.048207 1.200552 0.005609 0.049345 1.197852 0.021811 0.044521 1.198369 0.016555 0.046595 1.198903 0.011141 0.048207 1.199448 0.005609 0.049345 1.200000 0.005636 0.049345 1.200000 0.011195 0.048207 1.200000 0.016635 0.046595 1.195724 0.021495 0.044521 1.196755 0.016316 0.046595 1.197816 0.010980 0.048207 1.198900 0.005528 0.049345 1.191613 0.020248 0.044521 1.193634 0.015369 0.046595 1.195716 0.010343 0.048207 1.197843 0.005207 0.049345 1.198364 0.005393 0.049345 1.196750 0.010713 0.048207 1.195171 0.015919 0.046595 1.189669 0.019329 0.044521 1.192158 0.014671 0.046595 1.194723 0.009873 0.048207 1.197343 0.004971 0.049345 1.186096 0.016942 0.044521 1.189447 0.012859 0.046595 1.192898 0.008654 0.048207 1.196425 0.004357 0.049345 1.196869 0.004686 0.049345 1.193780 0.009308 0.048207 1.190758 0.013832 0.046595 1.184503 0.015497 0.044521 1.188237 0.011763 0.046595 1.192084 0.007916 0.048207 1.196015 0.003985 0.049345 1.181777 0.012176 0.044521 1.186168 0.009242 0.046595 1.190692 0.006220 0.048207 1.195314 0.003131 0.049345 1.195643 0.003575 0.049345 1.191346 0.007102 0.048207 1.187141 0.010553 0.046595 1.180671 0.010331 0.044521 1.185329 0.007842 0.046595 1.190127 0.005277 0.048207 1.195029 0.002657 0.049345 1.179027 0.006362 0.044521 1.184081 0.004829 0.046595 1.189287 0.003250 0.048207 1.194607 0.001636 0.049345 1.194793 0.002157 0.049345 1.189657 0.004284 0.048207 1.184631 0.006366 0.046595 1.178505 0.004276 0.044521 1.183684 0.003245 0.046595 1.189020 0.002184 0.048207 1.194472 0.001100 0.049345 1.194391 0.000552 0.049345 1.188859 0.001097 0.048207 1.183445 0.001631 0.046595 1.183445 -0.001631 0.046595 1.188859 -0.001097 0.048207 1.194391 -0.000552 0.049345 1.179027 -0.006362 0.044521 1.184081 -0.004829 0.046595 1.189287 -0.003250 0.048207 1.194607 -0.001636 0.049345 1.194472 -0.001100 0.049345 1.189020 -0.002184 0.048207 1.183684 -0.003245 0.046595 1.178505 -0.004276 0.044521 1.184631 -0.006366 0.046595 1.189657 -0.004284 0.048207 1.194793 -0.002157 0.049345 1.181777 -0.012176 0.044521 1.186168 -0.009242 0.046595 1.190692 -0.006220 0.048207 1.195314 -0.003131 0.049345 1.195029 -0.002657 0.049345 1.190127 -0.005277 0.048207 1.185329 -0.007842 0.046595 1.180671 -0.010331 0.044521 1.187141 -0.010553 0.046595 1.191346 -0.007102 0.048207 1.195643 -0.003575 0.049345 1.186096 -0.016942 0.044521 1.189447 -0.012859 0.046595 1.192898 -0.008654 0.048207 1.196425 -0.004357 0.049345 1.196015 -0.003985 0.049345 1.192084 -0.007916 0.048207 1.188237 -0.011763 0.046595 1.184503 -0.015497 0.044521 1.190758 -0.013832 0.046595 1.193780 -0.009308 0.048207 1.196869 -0.004686 0.049345 1.191613 -0.020248 0.044521 1.193634 -0.015369 0.046595 1.195716 -0.010343 0.048207 1.197843 -0.005207 0.049345 1.197343 -0.004971 0.049345 1.194723 -0.009873 0.048207 1.192158 -0.014671 0.046595 1.189669 -0.019329 0.044521 1.195171 -0.015919 0.046595 1.196750 -0.010713 0.048207 1.198364 -0.005393 0.049345 1.197852 -0.021811 0.044521 1.198369 -0.016555 0.046595 1.198903 -0.011141 0.048207 1.199448 -0.005609 0.049345 1.198900 -0.005528 0.049345 1.197816 -0.010980 0.048207 1.196755 -0.016316 0.046595 1.195724 -0.021495 0.044521 1.200000 -0.016635 0.046595 1.200000 -0.011195 0.048207 1.200000 -0.005636 0.049345 1.204276 -0.021495 0.044521 1.203245 -0.016316 0.046595 1.202184 -0.010980 0.048207 1.201100 -0.005528 0.049345 1.200552 -0.005609 0.049345 1.201097 -0.011141 0.048207 1.201631 -0.016555 0.046595 1.202148 -0.021811 0.044521 1.204829 -0.015919 0.046595 1.203250 -0.010713 0.048207 1.201636 -0.005393 0.049345 1.210331 -0.019329 0.044521 1.207842 -0.014671 0.046595 1.205277 -0.009873 0.048207 1.202657 -0.004971 0.049345 1.202157 -0.005207 0.049345 1.204284 -0.010343 0.048207 1.206366 -0.015369 0.046595 1.208387 -0.020248 0.044521 1.209242 -0.013832 0.046595 1.206220 -0.009308 0.048207 1.203131 -0.004686 0.049345 1.215497 -0.015497 0.044521 1.211763 -0.011763 0.046595 1.207916 -0.007916 0.048207 1.203985 -0.003985 0.049345 1.203576 -0.004357 0.049345 1.207102 -0.008654 0.048207 1.210553 -0.012859 0.046595 1.213904 -0.016942 0.044521 1.212859 -0.010553 0.046595 1.208654 -0.007102 0.048207 1.204357 -0.003575 0.049345 1.219329 -0.010331 0.044521 1.214671 -0.007842 0.046595 1.209873 -0.005277 0.048207 1.204971 -0.002657 0.049345 1.204686 -0.003131 0.049345 1.209308 -0.006220 0.048207 1.213832 -0.009242 0.046595 1.218223 -0.012176 0.044521 1.215369 -0.006366 0.046595 1.210343 -0.004284 0.048207 1.205207 -0.002157 0.049345 1.221495 -0.004276 0.044521 1.216316 -0.003245 0.046595 1.210980 -0.002184 0.048207 1.205528 -0.001100 0.049345 1.205393 -0.001636 0.049345 1.210713 -0.003250 0.048207 1.215919 -0.004829 0.046595 1.220973 -0.006362 0.044521 1.221811 -0.002148 0.044521 1.216555 -0.001631 0.046595 1.211141 -0.001097 0.048207 1.205609 -0.000552 0.049345 0.835000 -0.000000 -0.020000 0.835288 -0.002926 -0.020000 0.836142 -0.005740 -0.020000 0.837528 -0.008334 -0.020000 0.839393 -0.010607 -0.020000 0.841666 -0.012472 -0.020000 0.844260 -0.013858 -0.020000 0.847074 -0.014712 -0.020000 0.850000 -0.015000 -0.020000 0.852926 -0.014712 -0.020000 0.855740 -0.013858 -0.020000 0.858334 -0.012472 -0.020000 0.860607 -0.010607 -0.020000 0.862472 -0.008334 -0.020000 0.863858 -0.005740 -0.020000 0.864712 -0.002926 -0.020000 0.865000 -0.000000 -0.020000 0.864712 0.002926 -0.020000 0.863858 0.005740 -0.020000 0.862472 0.008334 -0.020000 0.860607 0.010607 -0.020000 0.858334 0.012472 -0.020000 0.855740 0.013858 -0.020000 0.852926 0.014712 -0.020000 0.850000 0.015000 -0.020000 0.847074 0.014712 -0.020000 0.844260 0.013858 -0.020000 0.841666 0.012472 -0.020000 0.839393 0.010607 -0.020000 0.837528 0.008334 -0.020000 0.836142 0.005740 -0.020000 0.835288 0.002926 -0.020000 0.850000 -0.015000 0.000000 0.847074 -0.014712 0.000000 0.844260 -0.013858 0.000000 0.841666 -0.012472 0.000000 0.839393 -0.010607 0.000000 0.837528 -0.008334 0.000000 0.836142 -0.005740 0.000000 0.835288 -0.002926 0.000000 0.835000 -0.000000 0.000000 0.835288 0.002926 0.000000 0.836142 0.005740 0.000000 0.837528 0.008334 0.000000 0.839393 0.010607 0.000000 0.841666 0.012472 0.000000 0.844260 0.013858 0.000000 0.847074 0.014712 0.000000 0.850000 0.015000 -0.000000 0.852926 0.014712 0.000000 0.855740 0.013858 0.000000 0.858334 0.012472 0.000000 0.860607 0.010607 0.000000 0.862472 0.008334 0.000000 0.863858 0.005740 0.000000 0.864712 0.002926 0.000000 0.865000 -0.000000 0.000000 0.864712 -0.002926 0.000000 0.863858 -0.005740 0.000000 0.862472 -0.008334 0.000000 0.860607 -0.010607 0.000000 0.858334 -0.012472 0.000000 0.855740 -0.013858 0.000000 0.852926 -0.014712 0.000000 0.850000 -0.025000 0.000000 0.866445 -0.030896 0.000000 0.862377 -0.032738 0.000000 0.858108 -0.034048 0.000000 0.853706 -0.034803 0.000000 0.849245 -0.034992 0.000000 0.844795 -0.034611 0.000000 0.840431 -0.033666 0.000000 0.836222 -0.032174 0.000000 0.832237 -0.030158 0.000000 0.828542 -0.027651 0.000000 0.825196 -0.024693 0.000000 0.822254 -0.021334 0.000000 0.819763 -0.017627 0.000000 0.817765 -0.013634 0.000000 0.816291 -0.009418 0.000000 0.815366 -0.005049 0.000000 0.815005 -0.000598 0.000000 0.815214 0.003862 0.000000 0.815989 0.008260 0.000000 0.817317 0.012524 0.000000 0.819178 0.016583 0.000000 0.821540 0.020373 0.000000 0.824366 0.023831 0.000000 0.827609 0.026901 0.000000 0.831217 0.029533 0.000000 0.835130 0.031684 0.000000 0.839285 0.033320 0.000000 0.843615 0.034413 0.000000 0.848049 0.034946 0.000000 0.852514 0.034910 0.000000 0.856939 0.034305 0.000000 0.861251 0.033142 0.000000 0.865379 0.031440 0.000000 0.869257 0.029226 0.000000 0.872822 0.026536 0.000000 0.876015 0.023414 0.000000 0.878784 0.019911 0.000000 0.881085 0.016084 0.000000 0.865489 0.020294 -0.000000 0.850000 0.025000 -0.000000 1.185000 0.000000 -0.020000 1.185288 -0.002926 -0.020000 1.186142 -0.005740 -0.020000 1.187528 -0.008334 -0.020000 1.189393 -0.010607 -0.020000 1.191666 -0.012472 -0.020000 1.194260 -0.013858 -0.020000 1.197074 -0.014712 -0.020000 1.200000 -0.015000 -0.020000 1.202926 -0.014712 -0.020000 1.205740 -0.013858 -0.020000 1.208334 -0.012472 -0.020000 1.210607 -0.010607 -0.020000 1.212472 -0.008334 -0.020000 1.213858 -0.005740 -0.020000 1.214712 -0.002926 -0.020000 1.215000 0.000000 -0.020000 1.214712 0.002926 -0.020000 1.213858 0.005740 -0.020000 1.212472 0.008334 -0.020000 1.210607 0.010607 -0.020000 1.208334 0.012472 -0.020000 1.205740 0.013858 -0.020000 1.202926 0.014712 -0.020000 1.200000 0.015000 -0.020000 1.197074 0.014712 -0.020000 1.194260 0.013858 -0.020000 1.191666 0.012472 -0.020000 1.189393 0.010607 -0.020000 1.187528 0.008334 -0.020000 1.186142 0.005740 -0.020000 1.185288 0.002926 -0.020000 1.185000 0.000000 0.000000 1.185288 0.002926 0.000000 1.186142 0.005740 0.000000 1.187528 0.008334 0.000000 1.189393 0.010607 0.000000 1.191666 0.012472 0.000000 1.194260 0.013858 0.000000 1.197074 0.014712 0.000000 1.200000 0.015000 0.000000 1.202926 0.014712 0.000000 1.205740 0.013858 0.000000 1.208334 0.012472 0.000000 1.210607 0.010607 0.000000 1.212472 0.008334 0.000000 1.213858 0.005740 0.000000 1.214712 0.002926 0.000000 1.215000 0.000000 0.000000 1.214712 -0.002926 0.000000 1.213858 -0.005740 0.000000 1.212472 -0.008334 0.000000 1.210607 -0.010607 0.000000 1.208334 -0.012472 0.000000 1.205740 -0.013858 0.000000 1.202926 -0.014712 0.000000 1.200000 -0.015000 0.000000 1.197074 -0.014712 0.000000 1.194260 -0.013858 0.000000 1.191666 -0.012472 0.000000 1.189393 -0.010607 0.000000 1.187528 -0.008334 0.000000 1.186142 -0.005740 0.000000 1.185288 -0.002926 0.000000 1.220348 0.047133 0.016000 1.220517 0.047898 0.016000 1.220483 0.048680 0.016000 1.220247 0.049427 0.016000 1.219827 0.050088 0.016000 1.219249 0.050617 0.016000 1.218555 0.050978 0.016000 1.217790 0.051148 0.016000 1.217008 0.051114 0.016000 1.216261 0.050878 0.016000 1.215600 0.050457 0.016000 1.215071 0.049880 0.016000 1.214709 0.049185 0.016000 1.214540 0.048421 0.016000 1.214574 0.047638 0.016000 1.214810 0.046891 0.016000 1.215230 0.046231 0.016000 1.215808 0.045702 0.016000 1.216502 0.045340 0.016000 1.217267 0.045171 0.016000 1.218049 0.045205 0.016000 1.218796 0.045440 0.016000 1.219457 0.045861 0.016000 1.219986 0.046439 0.016000 1.220348 0.047133 0.012000 1.219986 0.046439 0.012000 1.219457 0.045861 0.012000 1.218796 0.045440 0.012000 1.218049 0.045205 0.012000 1.217267 0.045171 0.012000 1.216502 0.045340 0.012000 1.215808 0.045702 0.012000 1.215230 0.046231 0.012000 1.214810 0.046891 0.012000 1.214574 0.047638 0.012000 1.214540 0.048421 0.012000 1.214709 0.049185 0.012000 1.215071 0.049880 0.012000 1.215600 0.050457 0.012000 1.216261 0.050878 0.012000 1.217008 0.051114 0.012000 1.217790 0.051148 0.012000 1.218555 0.050978 0.012000 1.219249 0.050617 0.012000 1.219827 0.050088 0.012000 1.220247 0.049427 0.012000 1.220483 0.048680 0.012000 1.220517 0.047898 0.012000 1.221757 0.046620 0.016000 1.221215 0.045578 0.016000 1.220421 0.044712 0.016000 1.219430 0.044081 0.016000 1.218310 0.043728 0.016000 1.217136 0.043676 0.016000 1.215989 0.043931 0.016000 1.214947 0.044473 0.016000 1.214081 0.045267 0.016000 1.213450 0.046257 0.016000 1.213097 0.047378 0.016000 1.213046 0.048551 0.016000 1.213300 0.049698 0.016000 1.213842 0.050740 0.016000 1.214636 0.051606 0.016000 1.215627 0.052238 0.016000 1.216747 0.052591 0.016000 1.217921 0.052642 0.016000 1.219068 0.052388 0.016000 1.220110 0.051845 0.016000 1.220976 0.051052 0.016000 1.221607 0.050061 0.016000 1.221960 0.048941 0.016000 1.222011 0.047767 0.016000 1.221757 0.046620 0.012000 1.222011 0.047767 0.012000 1.221960 0.048941 0.012000 1.221607 0.050061 0.012000 1.220976 0.051052 0.012000 1.220110 0.051845 0.012000 1.219068 0.052388 0.012000 1.217921 0.052642 0.012000 1.216747 0.052591 0.012000 1.215627 0.052238 0.012000 1.214636 0.051606 0.012000 1.213842 0.050740 0.012000 1.213300 0.049698 0.012000 1.213046 0.048551 0.012000 1.213097 0.047378 0.012000 1.213450 0.046257 0.012000 1.214081 0.045267 0.012000 1.214947 0.044473 0.012000 1.215989 0.043931 0.012000 1.217136 0.043676 0.012000 1.218310 0.043728 0.012000 1.219430 0.044081 0.012000 1.220421 0.044712 0.012000 1.221215 0.045578 0.012000 1.236390 0.036367 0.012000 1.235524 0.035574 0.012000 1.234482 0.035031 0.012000 1.233335 0.034777 0.012000 1.232161 0.034828 0.012000 1.231041 0.035181 0.012000 1.230050 0.035813 0.012000 1.229257 0.036679 0.012000 1.228714 0.037721 0.012000 1.228460 0.038868 0.012000 1.228511 0.040041 0.012000 1.228864 0.041162 0.012000 1.229496 0.042152 0.012000 1.230362 0.042946 0.012000 1.231404 0.043488 0.012000 1.232551 0.043743 0.012000 1.233724 0.043691 0.012000 1.234845 0.043338 0.012000 1.235835 0.042707 0.012000 1.236629 0.041841 0.012000 1.237171 0.040799 0.012000 1.237426 0.039652 0.012000 1.237375 0.038478 0.012000 1.237021 0.037358 0.012000 1.251253 0.004468 0.012000 1.250079 0.004417 0.012000 1.248932 0.004671 0.012000 1.247890 0.005213 0.012000 1.247024 0.006007 0.012000 1.246393 0.006998 0.012000 1.246040 0.008118 0.012000 1.245989 0.009292 0.012000 1.246243 0.010439 0.012000 1.246785 0.011481 0.012000 1.247579 0.012347 0.012000 1.248570 0.012978 0.012000 1.249690 0.013331 0.012000 1.250864 0.013382 0.012000 1.252010 0.013128 0.012000 1.253052 0.012586 0.012000 1.253919 0.011792 0.012000 1.254550 0.010801 0.012000 1.254903 0.009681 0.012000 1.254954 0.008507 0.012000 1.254700 0.007360 0.012000 1.254158 0.006318 0.012000 1.253364 0.005452 0.012000 1.252373 0.004821 0.012000 1.242134 -0.029522 0.012000 1.241202 -0.028807 0.012000 1.240487 -0.027875 0.012000 1.240037 -0.026790 0.012000 1.239884 -0.025625 0.012000 1.240037 -0.024460 0.012000 1.240487 -0.023375 0.012000 1.241202 -0.022443 0.012000 1.242134 -0.021728 0.012000 1.243219 -0.021278 0.012000 1.244384 -0.021125 0.012000 1.245548 -0.021278 0.012000 1.246634 -0.021728 0.012000 1.247566 -0.022443 0.012000 1.248281 -0.023375 0.012000 1.248730 -0.024460 0.012000 1.248884 -0.025625 0.012000 1.248730 -0.026790 0.012000 1.248281 -0.027875 0.012000 1.247566 -0.028807 0.012000 1.246634 -0.029522 0.012000 1.245548 -0.029972 0.012000 1.244384 -0.030125 0.012000 1.243219 -0.029972 0.012000 1.213300 -0.049698 0.012000 1.213046 -0.048551 0.012000 1.213097 -0.047378 0.012000 1.213450 -0.046257 0.012000 1.214081 -0.045267 0.012000 1.214947 -0.044473 0.012000 1.215989 -0.043931 0.012000 1.217136 -0.043676 0.012000 1.218310 -0.043728 0.012000 1.219430 -0.044081 0.012000 1.220421 -0.044712 0.012000 1.221215 -0.045578 0.012000 1.221757 -0.046620 0.012000 1.222011 -0.047767 0.012000 1.221960 -0.048941 0.012000 1.221607 -0.050061 0.012000 1.220976 -0.051052 0.012000 1.220110 -0.051845 0.012000 1.219068 -0.052388 0.012000 1.217921 -0.052642 0.012000 1.216747 -0.052591 0.012000 1.215627 -0.052238 0.012000 1.214636 -0.051606 0.012000 1.213842 -0.050740 0.012000 1.178243 -0.046620 0.012000 1.178785 -0.045578 0.012000 1.179579 -0.044712 0.012000 1.180570 -0.044081 0.012000 1.181690 -0.043728 0.012000 1.182864 -0.043676 0.012000 1.184011 -0.043931 0.012000 1.185053 -0.044473 0.012000 1.185919 -0.045267 0.012000 1.186550 -0.046257 0.012000 1.186903 -0.047378 0.012000 1.186954 -0.048551 0.012000 1.186700 -0.049698 0.012000 1.186158 -0.050740 0.012000 1.185364 -0.051606 0.012000 1.184373 -0.052238 0.012000 1.183253 -0.052591 0.012000 1.182079 -0.052642 0.012000 1.180932 -0.052388 0.012000 1.179890 -0.051845 0.012000 1.179024 -0.051052 0.012000 1.178393 -0.050061 0.012000 1.178040 -0.048941 0.012000 1.177989 -0.047767 0.012000 1.170504 0.042152 0.012000 1.171136 0.041162 0.012000 1.171489 0.040041 0.012000 1.171540 0.038868 0.012000 1.171286 0.037721 0.012000 1.170743 0.036679 0.012000 1.169950 0.035813 0.012000 1.168959 0.035181 0.012000 1.167839 0.034828 0.012000 1.166665 0.034777 0.012000 1.165518 0.035031 0.012000 1.164476 0.035574 0.012000 1.163610 0.036367 0.012000 1.162979 0.037358 0.012000 1.162626 0.038478 0.012000 1.162574 0.039652 0.012000 1.162829 0.040799 0.012000 1.163371 0.041841 0.012000 1.164165 0.042707 0.012000 1.165155 0.043338 0.012000 1.166276 0.043691 0.012000 1.167449 0.043743 0.012000 1.168596 0.043488 0.012000 1.169638 0.042946 0.012000 1.204500 0.051250 0.012000 1.204347 0.050085 0.012000 1.203897 0.049000 0.012000 1.203182 0.048068 0.012000 1.202250 0.047353 0.012000 1.201165 0.046903 0.012000 1.200000 0.046750 0.012000 1.198835 0.046903 0.012000 1.197750 0.047353 0.012000 1.196818 0.048068 0.012000 1.196103 0.049000 0.012000 1.195653 0.050085 0.012000 1.195500 0.051250 0.012000 1.195653 0.052415 0.012000 1.196103 0.053500 0.012000 1.196818 0.054432 0.012000 1.197750 0.055147 0.012000 1.198835 0.055597 0.012000 1.200000 0.055750 0.012000 1.201165 0.055597 0.012000 1.202250 0.055147 0.012000 1.203182 0.054432 0.012000 1.203897 0.053500 0.012000 1.204347 0.052415 0.012000 1.181100 -0.040839 0.012000 1.164161 -0.044964 0.012000 1.168817 -0.048310 0.012000 1.173783 -0.051175 0.012000 1.179009 -0.053532 0.012000 1.184444 -0.055356 0.012000 1.190034 -0.056630 0.012000 1.195723 -0.057341 0.012000 1.201455 -0.057482 0.012000 1.207172 -0.057051 0.012000 1.212817 -0.056053 0.012000 1.218336 -0.054498 0.012000 1.223672 -0.052401 0.012000 1.228772 -0.049784 0.012000 1.233587 -0.046671 0.012000 1.238068 -0.043094 0.012000 1.242170 -0.039089 0.012000 1.245853 -0.034695 0.012000 1.249080 -0.029956 0.012000 1.251819 -0.024920 0.012000 1.254043 -0.019636 0.012000 1.255730 -0.014156 0.012000 1.256863 -0.008536 0.012000 1.257430 -0.002831 0.012000 1.257427 0.002902 0.012000 1.256852 0.008607 0.012000 1.255713 0.014226 0.012000 1.254019 0.019703 0.012000 1.251788 0.024984 0.012000 1.249043 0.030018 0.012000 1.245810 0.034752 0.012000 1.242121 0.039141 0.012000 1.238014 0.043141 0.012000 1.233529 0.046713 0.012000 1.228710 0.049819 0.012000 1.223606 0.052431 0.012000 1.218268 0.054521 0.012000 1.212748 0.056069 0.012000 1.207101 0.057060 0.012000 1.201383 0.057483 0.012000 1.195652 0.057335 0.012000 1.189964 0.056617 0.012000 1.184375 0.055336 0.012000 1.178942 0.053505 0.012000 1.173719 0.051142 0.012000 1.168756 0.048271 0.012000 1.164105 0.044920 0.012000 1.159810 0.041122 0.012000 1.155915 0.036915 0.012000 1.152458 0.032341 0.012000 1.149473 0.027446 0.012000 1.146991 0.022278 0.012000 1.145036 0.016888 0.012000 1.160411 0.021394 0.012000 1.163086 0.025737 0.012000 1.166237 0.029749 0.012000 1.169821 0.033380 0.012000 1.173792 0.036581 0.012000 1.178101 0.039312 0.012000 1.182691 0.041538 0.012000 1.187504 0.043230 0.012000 1.192477 0.044367 0.012000 1.197547 0.044933 0.012000 1.202648 0.044922 0.012000 1.207715 0.044334 0.012000 1.212684 0.043176 0.012000 1.217489 0.041463 0.012000 1.222069 0.039217 0.012000 1.226366 0.036467 0.012000 1.230324 0.033249 0.012000 1.233892 0.029603 0.012000 1.237025 0.025577 0.012000 1.239682 0.021222 0.012000 1.241829 0.016594 0.012000 1.243438 0.011753 0.012000 1.244489 0.006762 0.012000 1.244969 0.001683 0.012000 1.244870 -0.003418 0.012000 1.244195 -0.008474 0.012000 1.242952 -0.013422 0.012000 1.241157 -0.018197 0.012000 1.238833 -0.022738 0.012000 1.236010 -0.026987 0.012000 1.232724 -0.030889 0.012000 1.229018 -0.034395 0.012000 1.224938 -0.037458 0.012000 1.220539 -0.040040 0.012000 1.215875 -0.042107 0.012000 1.211007 -0.043633 0.012000 1.205998 -0.044598 0.012000 1.200912 -0.044991 0.012000 1.195814 -0.044805 0.012000 1.190770 -0.044043 0.012000 1.185844 -0.042715 0.012000 1.186700 0.049698 0.012000 1.186954 0.048551 0.012000 1.186903 0.047378 0.012000 1.186550 0.046257 0.012000 1.185919 0.045267 0.012000 1.185053 0.044473 0.012000 1.184011 0.043931 0.012000 1.182864 0.043676 0.012000 1.181690 0.043728 0.012000 1.180570 0.044081 0.012000 1.179579 0.044712 0.012000 1.178785 0.045578 0.012000 1.178243 0.046620 0.012000 1.177989 0.047767 0.012000 1.178040 0.048941 0.012000 1.178393 0.050061 0.012000 1.179024 0.051052 0.012000 1.179890 0.051845 0.012000 1.180932 0.052388 0.012000 1.182079 0.052642 0.012000 1.183253 0.052591 0.012000 1.184373 0.052238 0.012000 1.185364 0.051606 0.012000 1.186158 0.050740 0.012000 1.157866 0.029522 0.012000 1.158798 0.028807 0.012000 1.159513 0.027875 0.012000 1.159963 0.026790 0.012000 1.160116 0.025625 0.012000 1.159963 0.024460 0.012000 1.159513 0.023375 0.012000 1.158798 0.022443 0.012000 1.157866 0.021728 0.012000 1.156781 0.021278 0.012000 1.155616 0.021125 0.012000 1.154452 0.021278 0.012000 1.153366 0.021728 0.012000 1.152434 0.022443 0.012000 1.151719 0.023375 0.012000 1.151270 0.024460 0.012000 1.151116 0.025625 0.012000 1.151270 0.026790 0.012000 1.151719 0.027875 0.012000 1.152434 0.028807 0.012000 1.153366 0.029522 0.012000 1.154452 0.029972 0.012000 1.155616 0.030125 0.012000 1.156781 0.029972 0.012000 1.195500 -0.051250 0.012000 1.195653 -0.050085 0.012000 1.196103 -0.049000 0.012000 1.196818 -0.048068 0.012000 1.197750 -0.047353 0.012000 1.198835 -0.046903 0.012000 1.200000 -0.046750 0.012000 1.201165 -0.046903 0.012000 1.202250 -0.047353 0.012000 1.203182 -0.048068 0.012000 1.203897 -0.049000 0.012000 1.204347 -0.050085 0.012000 1.204500 -0.051250 0.012000 1.204347 -0.052415 0.012000 1.203897 -0.053500 0.012000 1.203182 -0.054432 0.012000 1.202250 -0.055147 0.012000 1.201165 -0.055597 0.012000 1.200000 -0.055750 0.012000 1.198835 -0.055597 0.012000 1.197750 -0.055147 0.012000 1.196818 -0.054432 0.012000 1.196103 -0.053500 0.012000 1.195653 -0.052415 0.012000 1.229496 -0.042152 0.012000 1.228864 -0.041162 0.012000 1.228511 -0.040041 0.012000 1.228460 -0.038868 0.012000 1.228714 -0.037721 0.012000 1.229257 -0.036679 0.012000 1.230050 -0.035813 0.012000 1.231041 -0.035181 0.012000 1.232161 -0.034828 0.012000 1.233335 -0.034777 0.012000 1.234482 -0.035031 0.012000 1.235524 -0.035574 0.012000 1.236390 -0.036367 0.012000 1.237021 -0.037358 0.012000 1.237375 -0.038478 0.012000 1.237426 -0.039652 0.012000 1.237171 -0.040799 0.012000 1.236629 -0.041841 0.012000 1.235835 -0.042707 0.012000 1.234845 -0.043338 0.012000 1.233724 -0.043691 0.012000 1.232551 -0.043743 0.012000 1.231404 -0.043488 0.012000 1.230362 -0.042946 0.012000 1.249690 -0.013331 0.012000 1.248570 -0.012978 0.012000 1.247579 -0.012347 0.012000 1.246785 -0.011481 0.012000 1.246243 -0.010439 0.012000 1.245989 -0.009292 0.012000 1.246040 -0.008118 0.012000 1.246393 -0.006998 0.012000 1.247024 -0.006007 0.012000 1.247890 -0.005213 0.012000 1.248932 -0.004671 0.012000 1.250079 -0.004417 0.012000 1.251253 -0.004468 0.012000 1.252373 -0.004821 0.012000 1.253364 -0.005452 0.012000 1.254158 -0.006318 0.012000 1.254700 -0.007360 0.012000 1.254954 -0.008507 0.012000 1.254903 -0.009681 0.012000 1.254550 -0.010801 0.012000 1.253919 -0.011792 0.012000 1.253052 -0.012586 0.012000 1.252010 -0.013128 0.012000 1.250864 -0.013382 0.012000 1.246634 0.021728 0.012000 1.245548 0.021278 0.012000 1.244384 0.021125 0.012000 1.243219 0.021278 0.012000 1.242134 0.021728 0.012000 1.241202 0.022443 0.012000 1.240487 0.023375 0.012000 1.240037 0.024460 0.012000 1.239884 0.025625 0.012000 1.240037 0.026790 0.012000 1.240487 0.027875 0.012000 1.241202 0.028807 0.012000 1.242134 0.029522 0.012000 1.243219 0.029972 0.012000 1.244384 0.030125 0.012000 1.245548 0.029972 0.012000 1.246634 0.029522 0.012000 1.247566 0.028807 0.012000 1.248281 0.027875 0.012000 1.248730 0.026790 0.012000 1.248884 0.025625 0.012000 1.248730 0.024460 0.012000 1.248281 0.023375 0.012000 1.247566 0.022443 0.012000 1.235241 0.037331 0.016000 1.235662 0.037992 0.016000 1.235897 0.038739 0.016000 1.235931 0.039521 0.016000 1.235762 0.040286 0.016000 1.235400 0.040981 0.016000 1.234871 0.041558 0.016000 1.234211 0.041979 0.016000 1.233464 0.042214 0.016000 1.232681 0.042248 0.016000 1.231917 0.042079 0.016000 1.231222 0.041717 0.016000 1.230645 0.041188 0.016000 1.230224 0.040528 0.016000 1.229988 0.039781 0.016000 1.229954 0.038998 0.016000 1.230124 0.038234 0.016000 1.230485 0.037539 0.016000 1.231015 0.036962 0.016000 1.231675 0.036541 0.016000 1.232422 0.036305 0.016000 1.233204 0.036271 0.016000 1.233969 0.036441 0.016000 1.234664 0.036802 0.016000 1.235241 0.037331 0.012000 1.234664 0.036802 0.012000 1.233969 0.036441 0.012000 1.233204 0.036271 0.012000 1.232422 0.036305 0.012000 1.231675 0.036541 0.012000 1.231015 0.036962 0.012000 1.230485 0.037539 0.012000 1.230124 0.038234 0.012000 1.229954 0.038998 0.012000 1.229988 0.039781 0.012000 1.230224 0.040528 0.012000 1.230645 0.041188 0.012000 1.231222 0.041717 0.012000 1.231917 0.042079 0.012000 1.232681 0.042248 0.012000 1.233464 0.042214 0.012000 1.234211 0.041979 0.012000 1.234871 0.041558 0.012000 1.235400 0.040981 0.012000 1.235762 0.040286 0.012000 1.235931 0.039521 0.012000 1.235897 0.038739 0.012000 1.235662 0.037992 0.012000 1.236390 0.036367 0.016000 1.235524 0.035574 0.016000 1.234482 0.035031 0.016000 1.233335 0.034777 0.016000 1.232161 0.034828 0.016000 1.231041 0.035181 0.016000 1.230050 0.035813 0.016000 1.229257 0.036679 0.016000 1.228714 0.037721 0.016000 1.228460 0.038868 0.016000 1.228511 0.040041 0.016000 1.228864 0.041162 0.016000 1.229496 0.042152 0.016000 1.230362 0.042946 0.016000 1.231404 0.043488 0.016000 1.232551 0.043743 0.016000 1.233724 0.043691 0.016000 1.234845 0.043338 0.016000 1.235835 0.042707 0.016000 1.236629 0.041841 0.016000 1.237171 0.040799 0.016000 1.237426 0.039652 0.016000 1.237375 0.038478 0.016000 1.237021 0.037358 0.016000 1.245884 0.023027 0.016000 1.246505 0.023504 0.016000 1.246982 0.024125 0.016000 1.247282 0.024849 0.016000 1.247384 0.025625 0.016000 1.247282 0.026401 0.016000 1.246982 0.027125 0.016000 1.246505 0.027746 0.016000 1.245884 0.028223 0.016000 1.245160 0.028523 0.016000 1.244384 0.028625 0.016000 1.243607 0.028523 0.016000 1.242884 0.028223 0.016000 1.242262 0.027746 0.016000 1.241786 0.027125 0.016000 1.241486 0.026401 0.016000 1.241384 0.025625 0.016000 1.241486 0.024849 0.016000 1.241786 0.024125 0.016000 1.242262 0.023504 0.016000 1.242884 0.023027 0.016000 1.243607 0.022727 0.016000 1.244384 0.022625 0.016000 1.245160 0.022727 0.016000 1.245884 0.023027 0.012000 1.245160 0.022727 0.012000 1.244384 0.022625 0.012000 1.243607 0.022727 0.012000 1.242884 0.023027 0.012000 1.242262 0.023504 0.012000 1.241786 0.024125 0.012000 1.241486 0.024849 0.012000 1.241384 0.025625 0.012000 1.241486 0.026401 0.012000 1.241786 0.027125 0.012000 1.242262 0.027746 0.012000 1.242884 0.028223 0.012000 1.243607 0.028523 0.012000 1.244384 0.028625 0.012000 1.245160 0.028523 0.012000 1.245884 0.028223 0.012000 1.246505 0.027746 0.012000 1.246982 0.027125 0.012000 1.247282 0.026401 0.012000 1.247384 0.025625 0.012000 1.247282 0.024849 0.012000 1.246982 0.024125 0.012000 1.246505 0.023504 0.012000 1.246634 0.021728 0.016000 1.245548 0.021278 0.016000 1.244384 0.021125 0.016000 1.243219 0.021278 0.016000 1.242134 0.021728 0.016000 1.241202 0.022443 0.016000 1.240487 0.023375 0.016000 1.240037 0.024460 0.016000 1.239884 0.025625 0.016000 1.240037 0.026790 0.016000 1.240487 0.027875 0.016000 1.241202 0.028807 0.016000 1.242134 0.029522 0.016000 1.243219 0.029972 0.016000 1.244384 0.030125 0.016000 1.245548 0.029972 0.016000 1.246634 0.029522 0.016000 1.247566 0.028807 0.016000 1.248281 0.027875 0.016000 1.248730 0.026790 0.016000 1.248884 0.025625 0.016000 1.248730 0.024460 0.016000 1.248281 0.023375 0.016000 1.247566 0.022443 0.016000 1.250992 0.005945 0.016000 1.251739 0.006181 0.016000 1.252400 0.006601 0.016000 1.252929 0.007179 0.016000 1.253290 0.007873 0.016000 1.253460 0.008638 0.016000 1.253426 0.009420 0.016000 1.253190 0.010167 0.016000 1.252770 0.010828 0.016000 1.252192 0.011357 0.016000 1.251497 0.011719 0.016000 1.250733 0.011888 0.016000 1.249950 0.011854 0.016000 1.249204 0.011618 0.016000 1.248543 0.011198 0.016000 1.248014 0.010620 0.016000 1.247652 0.009926 0.016000 1.247483 0.009161 0.016000 1.247517 0.008379 0.016000 1.247752 0.007632 0.016000 1.248173 0.006971 0.016000 1.248751 0.006442 0.016000 1.249445 0.006080 0.016000 1.250210 0.005911 0.016000 1.250992 0.005945 0.012000 1.250210 0.005911 0.012000 1.249445 0.006080 0.012000 1.248751 0.006442 0.012000 1.248173 0.006971 0.012000 1.247752 0.007632 0.012000 1.247517 0.008379 0.012000 1.247483 0.009161 0.012000 1.247652 0.009926 0.012000 1.248014 0.010620 0.012000 1.248543 0.011198 0.012000 1.249204 0.011618 0.012000 1.249950 0.011854 0.012000 1.250733 0.011888 0.012000 1.251497 0.011719 0.012000 1.252192 0.011357 0.012000 1.252770 0.010828 0.012000 1.253190 0.010167 0.012000 1.253426 0.009420 0.012000 1.253460 0.008638 0.012000 1.253290 0.007873 0.012000 1.252929 0.007179 0.012000 1.252400 0.006601 0.012000 1.251739 0.006181 0.012000 1.251253 0.004468 0.016000 1.250079 0.004417 0.016000 1.248932 0.004671 0.016000 1.247890 0.005213 0.016000 1.247024 0.006007 0.016000 1.246393 0.006998 0.016000 1.246040 0.008118 0.016000 1.245989 0.009292 0.016000 1.246243 0.010439 0.016000 1.246785 0.011481 0.016000 1.247579 0.012347 0.016000 1.248570 0.012978 0.016000 1.249690 0.013331 0.016000 1.250864 0.013382 0.016000 1.252010 0.013128 0.016000 1.253052 0.012586 0.016000 1.253919 0.011792 0.016000 1.254550 0.010801 0.016000 1.254903 0.009681 0.016000 1.254954 0.008507 0.016000 1.254700 0.007360 0.016000 1.254158 0.006318 0.016000 1.253364 0.005452 0.016000 1.252373 0.004821 0.016000 1.249950 -0.011854 0.016000 1.250733 -0.011888 0.016000 1.251497 -0.011719 0.016000 1.252192 -0.011357 0.016000 1.252770 -0.010828 0.016000 1.253190 -0.010167 0.016000 1.253426 -0.009420 0.016000 1.253460 -0.008638 0.016000 1.253290 -0.007873 0.016000 1.252929 -0.007179 0.016000 1.252400 -0.006601 0.016000 1.251739 -0.006181 0.016000 1.250992 -0.005945 0.016000 1.250210 -0.005911 0.016000 1.249445 -0.006080 0.016000 1.248751 -0.006442 0.016000 1.248173 -0.006971 0.016000 1.247752 -0.007632 0.016000 1.247517 -0.008379 0.016000 1.247483 -0.009161 0.016000 1.247652 -0.009926 0.016000 1.248014 -0.010620 0.016000 1.248543 -0.011198 0.016000 1.249204 -0.011618 0.016000 1.249950 -0.011854 0.012000 1.249204 -0.011618 0.012000 1.248543 -0.011198 0.012000 1.248014 -0.010620 0.012000 1.247652 -0.009926 0.012000 1.247483 -0.009161 0.012000 1.247517 -0.008379 0.012000 1.247752 -0.007632 0.012000 1.248173 -0.006971 0.012000 1.248751 -0.006442 0.012000 1.249445 -0.006080 0.012000 1.250210 -0.005911 0.012000 1.250992 -0.005945 0.012000 1.251739 -0.006181 0.012000 1.252400 -0.006601 0.012000 1.252929 -0.007179 0.012000 1.253290 -0.007873 0.012000 1.253460 -0.008638 0.012000 1.253426 -0.009420 0.012000 1.253190 -0.010167 0.012000 1.252770 -0.010828 0.012000 1.252192 -0.011357 0.012000 1.251497 -0.011719 0.012000 1.250733 -0.011888 0.012000 1.249690 -0.013331 0.016000 1.248570 -0.012978 0.016000 1.247579 -0.012347 0.016000 1.246785 -0.011481 0.016000 1.246243 -0.010439 0.016000 1.245989 -0.009292 0.016000 1.246040 -0.008118 0.016000 1.246393 -0.006998 0.016000 1.247024 -0.006007 0.016000 1.247890 -0.005213 0.016000 1.248932 -0.004671 0.016000 1.250079 -0.004417 0.016000 1.251253 -0.004468 0.016000 1.252373 -0.004821 0.016000 1.253364 -0.005452 0.016000 1.254158 -0.006318 0.016000 1.254700 -0.007360 0.016000 1.254954 -0.008507 0.016000 1.254903 -0.009681 0.016000 1.254550 -0.010801 0.016000 1.253919 -0.011792 0.016000 1.253052 -0.012586 0.016000 1.252010 -0.013128 0.016000 1.250864 -0.013382 0.016000 1.242884 -0.028223 0.016000 1.243607 -0.028523 0.016000 1.244384 -0.028625 0.016000 1.245160 -0.028523 0.016000 1.245884 -0.028223 0.016000 1.246505 -0.027746 0.016000 1.246982 -0.027125 0.016000 1.247282 -0.026401 0.016000 1.247384 -0.025625 0.016000 1.247282 -0.024849 0.016000 1.246982 -0.024125 0.016000 1.246505 -0.023504 0.016000 1.245884 -0.023027 0.016000 1.245160 -0.022727 0.016000 1.244384 -0.022625 0.016000 1.243607 -0.022727 0.016000 1.242884 -0.023027 0.016000 1.242262 -0.023504 0.016000 1.241786 -0.024125 0.016000 1.241486 -0.024849 0.016000 1.241384 -0.025625 0.016000 1.241486 -0.026401 0.016000 1.241786 -0.027125 0.016000 1.242262 -0.027746 0.016000 1.242884 -0.028223 0.012000 1.242262 -0.027746 0.012000 1.241786 -0.027125 0.012000 1.241486 -0.026401 0.012000 1.241384 -0.025625 0.012000 1.241486 -0.024849 0.012000 1.241786 -0.024125 0.012000 1.242262 -0.023504 0.012000 1.242884 -0.023027 0.012000 1.243607 -0.022727 0.012000 1.244384 -0.022625 0.012000 1.245160 -0.022727 0.012000 1.245884 -0.023027 0.012000 1.246505 -0.023504 0.012000 1.246982 -0.024125 0.012000 1.247282 -0.024849 0.012000 1.247384 -0.025625 0.012000 1.247282 -0.026401 0.012000 1.246982 -0.027125 0.012000 1.246505 -0.027746 0.012000 1.245884 -0.028223 0.012000 1.245160 -0.028523 0.012000 1.244384 -0.028625 0.012000 1.243607 -0.028523 0.012000 1.242134 -0.029522 0.016000 1.241202 -0.028807 0.016000 1.240487 -0.027875 0.016000 1.240037 -0.026790 0.016000 1.239884 -0.025625 0.016000 1.240037 -0.024460 0.016000 1.240487 -0.023375 0.016000 1.241202 -0.022443 0.016000 1.242134 -0.021728 0.016000 1.243219 -0.021278 0.016000 1.244384 -0.021125 0.016000 1.245548 -0.021278 0.016000 1.246634 -0.021728 0.016000 1.247566 -0.022443 0.016000 1.248281 -0.023375 0.016000 1.248730 -0.024460 0.016000 1.248884 -0.025625 0.016000 1.248730 -0.026790 0.016000 1.248281 -0.027875 0.016000 1.247566 -0.028807 0.016000 1.246634 -0.029522 0.016000 1.245548 -0.029972 0.016000 1.244384 -0.030125 0.016000 1.243219 -0.029972 0.016000 1.230645 -0.041188 0.016000 1.231222 -0.041717 0.016000 1.231917 -0.042079 0.016000 1.232681 -0.042248 0.016000 1.233464 -0.042214 0.016000 1.234211 -0.041979 0.016000 1.234871 -0.041558 0.016000 1.235400 -0.040981 0.016000 1.235762 -0.040286 0.016000 1.235931 -0.039521 0.016000 1.235897 -0.038739 0.016000 1.235662 -0.037992 0.016000 1.235241 -0.037331 0.016000 1.234664 -0.036802 0.016000 1.233969 -0.036441 0.016000 1.233204 -0.036271 0.016000 1.232422 -0.036305 0.016000 1.231675 -0.036541 0.016000 1.231015 -0.036962 0.016000 1.230485 -0.037539 0.016000 1.230124 -0.038234 0.016000 1.229954 -0.038998 0.016000 1.229988 -0.039781 0.016000 1.230224 -0.040528 0.016000 1.230645 -0.041188 0.012000 1.230224 -0.040528 0.012000 1.229988 -0.039781 0.012000 1.229954 -0.038998 0.012000 1.230124 -0.038234 0.012000 1.230485 -0.037539 0.012000 1.231015 -0.036962 0.012000 1.231675 -0.036541 0.012000 1.232422 -0.036305 0.012000 1.233204 -0.036271 0.012000 1.233969 -0.036441 0.012000 1.234664 -0.036802 0.012000 1.235241 -0.037331 0.012000 1.235662 -0.037992 0.012000 1.235897 -0.038739 0.012000 1.235931 -0.039521 0.012000 1.235762 -0.040286 0.012000 1.235400 -0.040981 0.012000 1.234871 -0.041558 0.012000 1.234211 -0.041979 0.012000 1.233464 -0.042214 0.012000 1.232681 -0.042248 0.012000 1.231917 -0.042079 0.012000 1.231222 -0.041717 0.012000 1.229496 -0.042152 0.016000 1.228864 -0.041162 0.016000 1.228511 -0.040041 0.016000 1.228460 -0.038868 0.016000 1.228714 -0.037721 0.016000 1.229257 -0.036679 0.016000 1.230050 -0.035813 0.016000 1.231041 -0.035181 0.016000 1.232161 -0.034828 0.016000 1.233335 -0.034777 0.016000 1.234482 -0.035031 0.016000 1.235524 -0.035574 0.016000 1.236390 -0.036367 0.016000 1.237021 -0.037358 0.016000 1.237375 -0.038478 0.016000 1.237426 -0.039652 0.016000 1.237171 -0.040799 0.016000 1.236629 -0.041841 0.016000 1.235835 -0.042707 0.016000 1.234845 -0.043338 0.016000 1.233724 -0.043691 0.016000 1.232551 -0.043743 0.016000 1.231404 -0.043488 0.016000 1.230362 -0.042946 0.016000 1.214709 -0.049185 0.016000 1.215071 -0.049880 0.016000 1.215600 -0.050457 0.016000 1.216261 -0.050878 0.016000 1.217008 -0.051114 0.016000 1.217790 -0.051148 0.016000 1.218555 -0.050978 0.016000 1.219249 -0.050617 0.016000 1.219827 -0.050088 0.016000 1.220247 -0.049427 0.016000 1.220483 -0.048680 0.016000 1.220517 -0.047898 0.016000 1.220348 -0.047133 0.016000 1.219986 -0.046439 0.016000 1.219457 -0.045861 0.016000 1.218796 -0.045440 0.016000 1.218049 -0.045205 0.016000 1.217267 -0.045171 0.016000 1.216502 -0.045340 0.016000 1.215808 -0.045702 0.016000 1.215230 -0.046231 0.016000 1.214810 -0.046891 0.016000 1.214574 -0.047638 0.016000 1.214540 -0.048421 0.016000 1.214709 -0.049185 0.012000 1.214540 -0.048421 0.012000 1.214574 -0.047638 0.012000 1.214810 -0.046891 0.012000 1.215230 -0.046231 0.012000 1.215808 -0.045702 0.012000 1.216502 -0.045340 0.012000 1.217267 -0.045171 0.012000 1.218049 -0.045205 0.012000 1.218796 -0.045440 0.012000 1.219457 -0.045861 0.012000 1.219986 -0.046439 0.012000 1.220348 -0.047133 0.012000 1.220517 -0.047898 0.012000 1.220483 -0.048680 0.012000 1.220247 -0.049427 0.012000 1.219827 -0.050088 0.012000 1.219249 -0.050617 0.012000 1.218555 -0.050978 0.012000 1.217790 -0.051148 0.012000 1.217008 -0.051114 0.012000 1.216261 -0.050878 0.012000 1.215600 -0.050457 0.012000 1.215071 -0.049880 0.012000 1.213300 -0.049698 0.016000 1.213046 -0.048551 0.016000 1.213097 -0.047378 0.016000 1.213450 -0.046257 0.016000 1.214081 -0.045267 0.016000 1.214947 -0.044473 0.016000 1.215989 -0.043931 0.016000 1.217136 -0.043676 0.016000 1.218310 -0.043728 0.016000 1.219430 -0.044081 0.016000 1.220421 -0.044712 0.016000 1.221215 -0.045578 0.016000 1.221757 -0.046620 0.016000 1.222011 -0.047767 0.016000 1.221960 -0.048941 0.016000 1.221607 -0.050061 0.016000 1.220976 -0.051052 0.016000 1.220110 -0.051845 0.016000 1.219068 -0.052388 0.016000 1.217921 -0.052642 0.016000 1.216747 -0.052591 0.016000 1.215627 -0.052238 0.016000 1.214636 -0.051606 0.016000 1.213842 -0.050740 0.016000 1.197000 -0.051250 0.016000 1.197102 -0.052026 0.016000 1.197402 -0.052750 0.016000 1.197879 -0.053371 0.016000 1.198500 -0.053848 0.016000 1.199224 -0.054148 0.016000 1.200000 -0.054250 0.016000 1.200776 -0.054148 0.016000 1.201500 -0.053848 0.016000 1.202121 -0.053371 0.016000 1.202598 -0.052750 0.016000 1.202898 -0.052026 0.016000 1.203000 -0.051250 0.016000 1.202898 -0.050474 0.016000 1.202598 -0.049750 0.016000 1.202121 -0.049129 0.016000 1.201500 -0.048652 0.016000 1.200776 -0.048352 0.016000 1.200000 -0.048250 0.016000 1.199224 -0.048352 0.016000 1.198500 -0.048652 0.016000 1.197879 -0.049129 0.016000 1.197402 -0.049750 0.016000 1.197102 -0.050474 0.016000 1.197000 -0.051250 0.012000 1.197102 -0.050474 0.012000 1.197402 -0.049750 0.012000 1.197879 -0.049129 0.012000 1.198500 -0.048652 0.012000 1.199224 -0.048352 0.012000 1.200000 -0.048250 0.012000 1.200776 -0.048352 0.012000 1.201500 -0.048652 0.012000 1.202121 -0.049129 0.012000 1.202598 -0.049750 0.012000 1.202898 -0.050474 0.012000 1.203000 -0.051250 0.012000 1.202898 -0.052026 0.012000 1.202598 -0.052750 0.012000 1.202121 -0.053371 0.012000 1.201500 -0.053848 0.012000 1.200776 -0.054148 0.012000 1.200000 -0.054250 0.012000 1.199224 -0.054148 0.012000 1.198500 -0.053848 0.012000 1.197879 -0.053371 0.012000 1.197402 -0.052750 0.012000 1.197102 -0.052026 0.012000 1.195500 -0.051250 0.016000 1.195653 -0.050085 0.016000 1.196103 -0.049000 0.016000 1.196818 -0.048068 0.016000 1.197750 -0.047353 0.016000 1.198835 -0.046903 0.016000 1.200000 -0.046750 0.016000 1.201165 -0.046903 0.016000 1.202250 -0.047353 0.016000 1.203182 -0.048068 0.016000 1.203897 -0.049000 0.016000 1.204347 -0.050085 0.016000 1.204500 -0.051250 0.016000 1.204347 -0.052415 0.016000 1.203897 -0.053500 0.016000 1.203182 -0.054432 0.016000 1.202250 -0.055147 0.016000 1.201165 -0.055597 0.016000 1.200000 -0.055750 0.016000 1.198835 -0.055597 0.016000 1.197750 -0.055147 0.016000 1.196818 -0.054432 0.016000 1.196103 -0.053500 0.016000 1.195653 -0.052415 0.016000 1.179652 -0.047133 0.016000 1.179483 -0.047898 0.016000 1.179517 -0.048680 0.016000 1.179753 -0.049427 0.016000 1.180173 -0.050088 0.016000 1.180751 -0.050617 0.016000 1.181445 -0.050978 0.016000 1.182210 -0.051148 0.016000 1.182992 -0.051114 0.016000 1.183739 -0.050878 0.016000 1.184400 -0.050457 0.016000 1.184929 -0.049880 0.016000 1.185291 -0.049185 0.016000 1.185460 -0.048421 0.016000 1.185426 -0.047638 0.016000 1.185190 -0.046891 0.016000 1.184770 -0.046231 0.016000 1.184192 -0.045702 0.016000 1.183498 -0.045340 0.016000 1.182733 -0.045171 0.016000 1.181951 -0.045205 0.016000 1.181204 -0.045440 0.016000 1.180543 -0.045861 0.016000 1.180014 -0.046439 0.016000 1.179652 -0.047133 0.012000 1.180014 -0.046439 0.012000 1.180543 -0.045861 0.012000 1.181204 -0.045440 0.012000 1.181951 -0.045205 0.012000 1.182733 -0.045171 0.012000 1.183498 -0.045340 0.012000 1.184192 -0.045702 0.012000 1.184770 -0.046231 0.012000 1.185190 -0.046891 0.012000 1.185426 -0.047638 0.012000 1.185460 -0.048421 0.012000 1.185291 -0.049185 0.012000 1.184929 -0.049880 0.012000 1.184400 -0.050457 0.012000 1.183739 -0.050878 0.012000 1.182992 -0.051114 0.012000 1.182210 -0.051148 0.012000 1.181445 -0.050978 0.012000 1.180751 -0.050617 0.012000 1.180173 -0.050088 0.012000 1.179753 -0.049427 0.012000 1.179517 -0.048680 0.012000 1.179483 -0.047898 0.012000 1.178243 -0.046620 0.016000 1.178785 -0.045578 0.016000 1.179579 -0.044712 0.016000 1.180570 -0.044081 0.016000 1.181690 -0.043728 0.016000 1.182864 -0.043676 0.016000 1.184011 -0.043931 0.016000 1.185053 -0.044473 0.016000 1.185919 -0.045267 0.016000 1.186550 -0.046257 0.016000 1.186903 -0.047378 0.016000 1.186954 -0.048551 0.016000 1.186700 -0.049698 0.016000 1.186158 -0.050740 0.016000 1.185364 -0.051606 0.016000 1.184373 -0.052238 0.016000 1.183253 -0.052591 0.016000 1.182079 -0.052642 0.016000 1.180932 -0.052388 0.016000 1.179890 -0.051845 0.016000 1.179024 -0.051052 0.016000 1.178393 -0.050061 0.016000 1.178040 -0.048941 0.016000 1.177989 -0.047767 0.016000 1.157116 0.028223 0.016000 1.156393 0.028523 0.016000 1.155616 0.028625 0.016000 1.154840 0.028523 0.016000 1.154116 0.028223 0.016000 1.153495 0.027746 0.016000 1.153018 0.027125 0.016000 1.152718 0.026401 0.016000 1.152616 0.025625 0.016000 1.152718 0.024849 0.016000 1.153018 0.024125 0.016000 1.153495 0.023504 0.016000 1.154116 0.023027 0.016000 1.154840 0.022727 0.016000 1.155616 0.022625 0.016000 1.156393 0.022727 0.016000 1.157116 0.023027 0.016000 1.157738 0.023504 0.016000 1.158214 0.024125 0.016000 1.158514 0.024849 0.016000 1.158616 0.025625 0.016000 1.158514 0.026401 0.016000 1.158214 0.027125 0.016000 1.157738 0.027746 0.016000 1.157116 0.028223 0.012000 1.157738 0.027746 0.012000 1.158214 0.027125 0.012000 1.158514 0.026401 0.012000 1.158616 0.025625 0.012000 1.158514 0.024849 0.012000 1.158214 0.024125 0.012000 1.157738 0.023504 0.012000 1.157116 0.023027 0.012000 1.156393 0.022727 0.012000 1.155616 0.022625 0.012000 1.154840 0.022727 0.012000 1.154116 0.023027 0.012000 1.153495 0.023504 0.012000 1.153018 0.024125 0.012000 1.152718 0.024849 0.012000 1.152616 0.025625 0.012000 1.152718 0.026401 0.012000 1.153018 0.027125 0.012000 1.153495 0.027746 0.012000 1.154116 0.028223 0.012000 1.154840 0.028523 0.012000 1.155616 0.028625 0.012000 1.156393 0.028523 0.012000 1.157866 0.029522 0.016000 1.158798 0.028807 0.016000 1.159513 0.027875 0.016000 1.159963 0.026790 0.016000 1.160116 0.025625 0.016000 1.159963 0.024460 0.016000 1.159513 0.023375 0.016000 1.158798 0.022443 0.016000 1.157866 0.021728 0.016000 1.156781 0.021278 0.016000 1.155616 0.021125 0.016000 1.154452 0.021278 0.016000 1.153366 0.021728 0.016000 1.152434 0.022443 0.016000 1.151719 0.023375 0.016000 1.151270 0.024460 0.016000 1.151116 0.025625 0.016000 1.151270 0.026790 0.016000 1.151719 0.027875 0.016000 1.152434 0.028807 0.016000 1.153366 0.029522 0.016000 1.154452 0.029972 0.016000 1.155616 0.030125 0.016000 1.156781 0.029972 0.016000 1.169355 0.041188 0.016000 1.168778 0.041717 0.016000 1.168083 0.042079 0.016000 1.167319 0.042248 0.016000 1.166536 0.042214 0.016000 1.165789 0.041979 0.016000 1.165129 0.041558 0.016000 1.164600 0.040981 0.016000 1.164238 0.040286 0.016000 1.164069 0.039521 0.016000 1.164103 0.038739 0.016000 1.164338 0.037992 0.016000 1.164759 0.037331 0.016000 1.165336 0.036802 0.016000 1.166031 0.036441 0.016000 1.166796 0.036271 0.016000 1.167578 0.036305 0.016000 1.168325 0.036541 0.016000 1.168986 0.036962 0.016000 1.169515 0.037539 0.016000 1.169876 0.038234 0.016000 1.170046 0.038998 0.016000 1.170012 0.039781 0.016000 1.169776 0.040528 0.016000 1.169355 0.041188 0.012000 1.169776 0.040528 0.012000 1.170012 0.039781 0.012000 1.170046 0.038998 0.012000 1.169876 0.038234 0.012000 1.169515 0.037539 0.012000 1.168986 0.036962 0.012000 1.168325 0.036541 0.012000 1.167578 0.036305 0.012000 1.166796 0.036271 0.012000 1.166031 0.036441 0.012000 1.165336 0.036802 0.012000 1.164759 0.037331 0.012000 1.164338 0.037992 0.012000 1.164103 0.038739 0.012000 1.164069 0.039521 0.012000 1.164238 0.040286 0.012000 1.164600 0.040981 0.012000 1.165129 0.041558 0.012000 1.165789 0.041979 0.012000 1.166536 0.042214 0.012000 1.167319 0.042248 0.012000 1.168083 0.042079 0.012000 1.168778 0.041717 0.012000 1.170504 0.042152 0.016000 1.171136 0.041162 0.016000 1.171489 0.040041 0.016000 1.171540 0.038868 0.016000 1.171286 0.037721 0.016000 1.170743 0.036679 0.016000 1.169950 0.035813 0.016000 1.168959 0.035181 0.016000 1.167839 0.034828 0.016000 1.166665 0.034777 0.016000 1.165518 0.035031 0.016000 1.164476 0.035574 0.016000 1.163610 0.036367 0.016000 1.162979 0.037358 0.016000 1.162626 0.038478 0.016000 1.162574 0.039652 0.016000 1.162829 0.040799 0.016000 1.163371 0.041841 0.016000 1.164165 0.042707 0.016000 1.165155 0.043338 0.016000 1.166276 0.043691 0.016000 1.167449 0.043743 0.016000 1.168596 0.043488 0.016000 1.169638 0.042946 0.016000 1.185291 0.049185 0.016000 1.184929 0.049880 0.016000 1.184400 0.050457 0.016000 1.183739 0.050878 0.016000 1.182992 0.051114 0.016000 1.182210 0.051148 0.016000 1.181445 0.050978 0.016000 1.180751 0.050617 0.016000 1.180173 0.050088 0.016000 1.179753 0.049427 0.016000 1.179517 0.048680 0.016000 1.179483 0.047898 0.016000 1.179652 0.047133 0.016000 1.180014 0.046439 0.016000 1.180543 0.045861 0.016000 1.181204 0.045440 0.016000 1.181951 0.045205 0.016000 1.182733 0.045171 0.016000 1.183498 0.045340 0.016000 1.184192 0.045702 0.016000 1.184770 0.046231 0.016000 1.185190 0.046891 0.016000 1.185426 0.047638 0.016000 1.185460 0.048421 0.016000 1.185291 0.049185 0.012000 1.185460 0.048421 0.012000 1.185426 0.047638 0.012000 1.185190 0.046891 0.012000 1.184770 0.046231 0.012000 1.184192 0.045702 0.012000 1.183498 0.045340 0.012000 1.182733 0.045171 0.012000 1.181951 0.045205 0.012000 1.181204 0.045440 0.012000 1.180543 0.045861 0.012000 1.180014 0.046439 0.012000 1.179652 0.047133 0.012000 1.179483 0.047898 0.012000 1.179517 0.048680 0.012000 1.179753 0.049427 0.012000 1.180173 0.050088 0.012000 1.180751 0.050617 0.012000 1.181445 0.050978 0.012000 1.182210 0.051148 0.012000 1.182992 0.051114 0.012000 1.183739 0.050878 0.012000 1.184400 0.050457 0.012000 1.184929 0.049880 0.012000 1.186700 0.049698 0.016000 1.186954 0.048551 0.016000 1.186903 0.047378 0.016000 1.186550 0.046257 0.016000 1.185919 0.045267 0.016000 1.185053 0.044473 0.016000 1.184011 0.043931 0.016000 1.182864 0.043676 0.016000 1.181690 0.043728 0.016000 1.180570 0.044081 0.016000 1.179579 0.044712 0.016000 1.178785 0.045578 0.016000 1.178243 0.046620 0.016000 1.177989 0.047767 0.016000 1.178040 0.048941 0.016000 1.178393 0.050061 0.016000 1.179024 0.051052 0.016000 1.179890 0.051845 0.016000 1.180932 0.052388 0.016000 1.182079 0.052642 0.016000 1.183253 0.052591 0.016000 1.184373 0.052238 0.016000 1.185364 0.051606 0.016000 1.186158 0.050740 0.016000 1.203000 0.051250 0.016000 1.202898 0.052026 0.016000 1.202598 0.052750 0.016000 1.202121 0.053371 0.016000 1.201500 0.053848 0.016000 1.200776 0.054148 0.016000 1.200000 0.054250 0.016000 1.199224 0.054148 0.016000 1.198500 0.053848 0.016000 1.197879 0.053371 0.016000 1.197402 0.052750 0.016000 1.197102 0.052026 0.016000 1.197000 0.051250 0.016000 1.197102 0.050474 0.016000 1.197402 0.049750 0.016000 1.197879 0.049129 0.016000 1.198500 0.048652 0.016000 1.199224 0.048352 0.016000 1.200000 0.048250 0.016000 1.200776 0.048352 0.016000 1.201500 0.048652 0.016000 1.202121 0.049129 0.016000 1.202598 0.049750 0.016000 1.202898 0.050474 0.016000 1.203000 0.051250 0.012000 1.202898 0.050474 0.012000 1.202598 0.049750 0.012000 1.202121 0.049129 0.012000 1.201500 0.048652 0.012000 1.200776 0.048352 0.012000 1.200000 0.048250 0.012000 1.199224 0.048352 0.012000 1.198500 0.048652 0.012000 1.197879 0.049129 0.012000 1.197402 0.049750 0.012000 1.197102 0.050474 0.012000 1.197000 0.051250 0.012000 1.197102 0.052026 0.012000 1.197402 0.052750 0.012000 1.197879 0.053371 0.012000 1.198500 0.053848 0.012000 1.199224 0.054148 0.012000 1.200000 0.054250 0.012000 1.200776 0.054148 0.012000 1.201500 0.053848 0.012000 1.202121 0.053371 0.012000 1.202598 0.052750 0.012000 1.202898 0.052026 0.012000 1.204500 0.051250 0.016000 1.204347 0.050085 0.016000 1.203897 0.049000 0.016000 1.203182 0.048068 0.016000 1.202250 0.047353 0.016000 1.201165 0.046903 0.016000 1.200000 0.046750 0.016000 1.198835 0.046903 0.016000 1.197750 0.047353 0.016000 1.196818 0.048068 0.016000 1.196103 0.049000 0.016000 1.195653 0.050085 0.016000 1.195500 0.051250 0.016000 1.195653 0.052415 0.016000 1.196103 0.053500 0.016000 1.196818 0.054432 0.016000 1.197750 0.055147 0.016000 1.198835 0.055597 0.016000 1.200000 0.055750 0.016000 1.201165 0.055597 0.016000 1.202250 0.055147 0.016000 1.203182 0.054432 0.016000 1.203897 0.053500 0.016000 1.204347 0.052415 0.016000 0.815000 -0.000000 0.040000 0.815287 0.004476 0.040000 0.816145 0.008878 0.040000 0.817558 0.013134 0.040000 0.819504 0.017175 0.040000 0.821951 0.020934 0.040000 0.824858 0.024349 0.040000 0.828178 0.027364 0.040000 0.831856 0.029930 0.040000 0.835833 0.032004 0.040000 0.840042 0.033553 0.040000 0.844414 0.034551 0.040000 0.848878 0.034982 0.040000 0.853361 0.034838 0.040000 0.857788 0.034122 0.040000 0.862088 0.032846 0.040000 0.866189 0.031031 0.040000 0.870024 0.028706 0.040000 0.873531 0.025910 0.040000 0.876651 0.022688 0.040000 0.879333 0.019094 0.040000 0.881534 0.015186 0.040000 0.883217 0.011029 0.040000 0.884355 0.006691 0.040000 0.884928 0.002242 0.040000 0.884928 -0.002242 0.040000 0.884355 -0.006691 0.040000 0.883217 -0.011029 0.040000 0.881534 -0.015186 0.040000 0.879333 -0.019094 0.040000 0.876651 -0.022688 0.040000 0.873531 -0.025910 0.040000 0.870024 -0.028706 0.040000 0.866189 -0.031031 0.040000 0.862088 -0.032846 0.040000 0.857788 -0.034122 0.040000 0.853361 -0.034838 0.040000 0.848878 -0.034982 0.040000 0.844414 -0.034551 0.040000 0.840042 -0.033553 0.040000 0.835833 -0.032004 0.040000 0.831856 -0.029930 0.040000 0.828178 -0.027364 0.040000 0.824858 -0.024349 0.040000 0.821951 -0.020934 0.040000 0.819504 -0.017175 0.040000 0.817558 -0.013134 0.040000 0.816145 -0.008878 0.040000 0.815287 -0.004476 0.040000 0.865763 -0.031252 0.002971 0.865465 -0.031399 0.006004 0.865588 -0.031337 0.009083 0.866126 -0.031065 0.012095 0.867025 -0.030580 0.014992 0.868227 -0.029879 0.017756 0.869656 -0.028958 0.020356 0.871246 -0.027813 0.022773 0.872933 -0.026439 0.024992 0.874673 -0.024822 0.027006 0.876417 -0.022958 0.028790 0.878114 -0.020847 0.030317 0.879711 -0.018499 0.031552 0.881162 -0.015934 0.032462 0.882429 -0.013166 0.033019 0.883459 -0.010270 0.033195 0.884230 -0.007301 0.032982 0.884734 -0.004305 0.032385 0.884972 -0.001380 0.031430 0.884970 0.001438 0.030146 0.884758 0.004108 0.028568 0.884373 0.006590 0.026732 0.883860 0.008862 0.024667 0.883259 0.010899 0.022402 0.882621 0.012682 0.019960 0.881997 0.014184 0.017365 0.881439 0.015382 0.014642 0.880998 0.016253 0.011810 0.880719 0.016774 0.008880 0.880638 0.016921 0.005880 0.880768 0.016686 0.002913 0.817000 0.000000 0.042000 0.817282 0.004307 0.042000 0.818124 0.008541 0.042000 0.819512 0.012629 0.042000 0.821421 0.016500 0.042000 0.823819 0.020089 0.042000 0.826665 0.023335 0.042000 0.829911 0.026181 0.042000 0.833500 0.028579 0.042000 0.837371 0.030488 0.042000 0.841459 0.031876 0.042000 0.845693 0.032718 0.042000 0.850000 0.033000 0.042000 0.854307 0.032718 0.042000 0.858541 0.031876 0.042000 0.862629 0.030488 0.042000 0.866500 0.028579 0.042000 0.870089 0.026181 0.042000 0.873335 0.023335 0.042000 0.876181 0.020089 0.042000 0.878579 0.016500 0.042000 0.880488 0.012629 0.042000 0.881876 0.008541 0.042000 0.882718 0.004307 0.042000 0.883000 0.000000 0.042000 0.882718 -0.004307 0.042000 0.881876 -0.008541 0.042000 0.880488 -0.012629 0.042000 0.878579 -0.016500 0.042000 0.876181 -0.020089 0.042000 0.873335 -0.023335 0.042000 0.870089 -0.026181 0.042000 0.866500 -0.028579 0.042000 0.862629 -0.030488 0.042000 0.858541 -0.031876 0.042000 0.854307 -0.032718 0.042000 0.850000 -0.033000 0.042000 0.845693 -0.032718 0.042000 0.841459 -0.031876 0.042000 0.837371 -0.030488 0.042000 0.833500 -0.028579 0.042000 0.829911 -0.026181 0.042000 0.826665 -0.023335 0.042000 0.823819 -0.020089 0.042000 0.821421 -0.016500 0.042000 0.819512 -0.012629 0.042000 0.818124 -0.008541 0.042000 0.817282 -0.004307 0.042000 0.815068 0.000000 0.040518 0.815268 0.000000 0.041000 0.815586 0.000000 0.041414 0.816000 0.000000 0.041732 0.816482 0.000000 0.041932 0.815355 -0.004467 0.040518 0.815553 -0.004441 0.041000 0.815868 -0.004401 0.041414 0.816279 -0.004348 0.041732 0.816758 -0.004286 0.041932 0.816211 -0.008861 0.040518 0.816404 -0.008810 0.041000 0.816711 -0.008729 0.041414 0.817112 -0.008624 0.041732 0.817579 -0.008502 0.041932 0.817621 -0.013109 0.040518 0.817806 -0.013034 0.041000 0.818101 -0.012915 0.041414 0.818485 -0.012759 0.041732 0.818932 -0.012578 0.041932 0.819563 -0.017142 0.040518 0.819737 -0.017044 0.041000 0.820014 -0.016888 0.041414 0.820375 -0.016684 0.041732 0.820795 -0.016448 0.041932 0.822005 -0.020893 0.040518 0.822165 -0.020774 0.041000 0.822420 -0.020584 0.041414 0.822752 -0.020336 0.041732 0.823139 -0.020047 0.041932 0.824907 -0.024301 0.040518 0.825050 -0.024162 0.041000 0.825279 -0.023941 0.041414 0.825576 -0.023653 0.041732 0.825923 -0.023318 0.041932 0.828220 -0.027311 0.040518 0.828345 -0.027155 0.041000 0.828543 -0.026906 0.041414 0.828801 -0.026582 0.041732 0.829102 -0.026205 0.041932 0.831892 -0.029872 0.040518 0.831995 -0.029701 0.041000 0.832160 -0.029429 0.041414 0.832375 -0.029075 0.041732 0.832625 -0.028662 0.041932 0.835860 -0.031942 0.040518 0.835941 -0.031759 0.041000 0.836070 -0.031469 0.041414 0.836237 -0.031090 0.041732 0.836433 -0.030649 0.041932 0.840061 -0.033488 0.040518 0.840118 -0.033296 0.041000 0.840208 -0.032992 0.041414 0.840326 -0.032595 0.041732 0.840463 -0.032132 0.041932 0.844425 -0.034484 0.040518 0.844457 -0.034287 0.041000 0.844507 -0.033973 0.041414 0.844574 -0.033564 0.041732 0.844651 -0.033088 0.041932 0.848880 -0.034914 0.040518 0.848887 -0.034714 0.041000 0.848897 -0.034397 0.041414 0.848910 -0.033983 0.041732 0.848926 -0.033500 0.041932 0.853354 -0.034770 0.040518 0.853335 -0.034572 0.041000 0.853305 -0.034255 0.041414 0.853265 -0.033843 0.041732 0.853218 -0.033363 0.041932 0.857773 -0.034056 0.040518 0.857729 -0.033861 0.041000 0.857658 -0.033551 0.041414 0.857566 -0.033148 0.041732 0.857458 -0.032677 0.041932 0.862064 -0.032782 0.040518 0.861995 -0.032595 0.041000 0.861885 -0.032297 0.041414 0.861742 -0.031908 0.041732 0.861576 -0.031455 0.041932 0.866157 -0.030971 0.040518 0.866065 -0.030793 0.041000 0.865918 -0.030512 0.041414 0.865726 -0.030144 0.041732 0.865503 -0.029717 0.041932 0.869985 -0.028650 0.040518 0.869871 -0.028486 0.041000 0.869689 -0.028226 0.041414 0.869452 -0.027886 0.041732 0.869176 -0.027490 0.041932 0.873485 -0.025859 0.040518 0.873350 -0.025711 0.041000 0.873137 -0.025476 0.041414 0.872858 -0.025169 0.041732 0.872534 -0.024812 0.041932 0.876599 -0.022644 0.040518 0.876447 -0.022514 0.041000 0.876205 -0.022308 0.041414 0.875889 -0.022040 0.041732 0.875522 -0.021727 0.041932 0.879276 -0.019057 0.040518 0.879109 -0.018948 0.041000 0.878842 -0.018774 0.041414 0.878495 -0.018548 0.041732 0.878091 -0.018285 0.041932 0.881473 -0.015156 0.040518 0.881293 -0.015070 0.041000 0.881006 -0.014932 0.041414 0.880633 -0.014752 0.041732 0.880198 -0.014543 0.041932 0.883152 -0.011007 0.040518 0.882963 -0.010944 0.041000 0.882661 -0.010844 0.041414 0.882268 -0.010714 0.041732 0.881810 -0.010562 0.041932 0.884288 -0.006678 0.040518 0.884092 -0.006639 0.041000 0.883780 -0.006579 0.041414 0.883373 -0.006499 0.041732 0.882900 -0.006407 0.041932 0.884860 -0.002238 0.040518 0.884661 -0.002225 0.041000 0.884344 -0.002205 0.041414 0.883930 -0.002178 0.041732 0.883449 -0.002147 0.041932 0.884860 0.002238 0.040518 0.884661 0.002225 0.041000 0.884344 0.002205 0.041414 0.883930 0.002178 0.041732 0.883449 0.002147 0.041932 0.884288 0.006678 0.040518 0.884092 0.006639 0.041000 0.883780 0.006579 0.041414 0.883373 0.006499 0.041732 0.882900 0.006407 0.041932 0.883152 0.011007 0.040518 0.882963 0.010944 0.041000 0.882661 0.010844 0.041414 0.882268 0.010714 0.041732 0.881810 0.010562 0.041932 0.881473 0.015156 0.040518 0.881293 0.015070 0.041000 0.881006 0.014932 0.041414 0.880633 0.014752 0.041732 0.880198 0.014543 0.041932 0.879276 0.019057 0.040518 0.879109 0.018948 0.041000 0.878842 0.018774 0.041414 0.878495 0.018548 0.041732 0.878091 0.018285 0.041932 0.876599 0.022644 0.040518 0.876447 0.022514 0.041000 0.876205 0.022308 0.041414 0.875889 0.022040 0.041732 0.875522 0.021727 0.041932 0.873485 0.025859 0.040518 0.873350 0.025711 0.041000 0.873137 0.025476 0.041414 0.872858 0.025169 0.041732 0.872534 0.024812 0.041932 0.869985 0.028650 0.040518 0.869871 0.028486 0.041000 0.869689 0.028226 0.041414 0.869452 0.027886 0.041732 0.869176 0.027490 0.041932 0.866157 0.030971 0.040518 0.866065 0.030793 0.041000 0.865918 0.030512 0.041414 0.865726 0.030144 0.041732 0.865503 0.029717 0.041932 0.862064 0.032782 0.040518 0.861995 0.032595 0.041000 0.861885 0.032297 0.041414 0.861742 0.031908 0.041732 0.861576 0.031455 0.041932 0.857773 0.034056 0.040518 0.857729 0.033861 0.041000 0.857658 0.033551 0.041414 0.857566 0.033148 0.041732 0.857458 0.032677 0.041932 0.853354 0.034770 0.040518 0.853335 0.034572 0.041000 0.853305 0.034255 0.041414 0.853265 0.033843 0.041732 0.853218 0.033363 0.041932 0.848880 0.034914 0.040518 0.848887 0.034714 0.041000 0.848897 0.034397 0.041414 0.848910 0.033983 0.041732 0.848926 0.033500 0.041932 0.844425 0.034484 0.040518 0.844457 0.034287 0.041000 0.844507 0.033973 0.041414 0.844574 0.033564 0.041732 0.844651 0.033088 0.041932 0.840061 0.033488 0.040518 0.840118 0.033296 0.041000 0.840208 0.032992 0.041414 0.840326 0.032595 0.041732 0.840463 0.032132 0.041932 0.835860 0.031942 0.040518 0.835941 0.031759 0.041000 0.836070 0.031469 0.041414 0.836237 0.031090 0.041732 0.836433 0.030649 0.041932 0.831892 0.029872 0.040518 0.831995 0.029701 0.041000 0.832160 0.029429 0.041414 0.832375 0.029075 0.041732 0.832625 0.028662 0.041932 0.828220 0.027311 0.040518 0.828345 0.027155 0.041000 0.828543 0.026906 0.041414 0.828801 0.026582 0.041732 0.829102 0.026205 0.041932 0.824907 0.024301 0.040518 0.825050 0.024162 0.041000 0.825279 0.023941 0.041414 0.825576 0.023653 0.041732 0.825923 0.023318 0.041932 0.822005 0.020893 0.040518 0.822165 0.020774 0.041000 0.822420 0.020584 0.041414 0.822752 0.020336 0.041732 0.823139 0.020047 0.041932 0.819563 0.017142 0.040518 0.819737 0.017044 0.041000 0.820014 0.016888 0.041414 0.820375 0.016684 0.041732 0.820795 0.016448 0.041932 0.817621 0.013109 0.040518 0.817806 0.013034 0.041000 0.818101 0.012915 0.041414 0.818485 0.012759 0.041732 0.818932 0.012578 0.041932 0.816211 0.008861 0.040518 0.816404 0.008810 0.041000 0.816711 0.008729 0.041414 0.817112 0.008624 0.041732 0.817579 0.008502 0.041932 0.815355 0.004467 0.040518 0.815553 0.004441 0.041000 0.815868 0.004401 0.041414 0.816279 0.004348 0.041732 0.816758 0.004286 0.041932 0.875000 0.000000 0.042000 0.874707 -0.003816 0.042000 0.873835 -0.007543 0.042000 0.872404 -0.011093 0.042000 0.870448 -0.014383 0.042000 0.868013 -0.017336 0.042000 0.865156 -0.019882 0.042000 0.861943 -0.021963 0.042000 0.858450 -0.023529 0.042000 0.854760 -0.024543 0.042000 0.850958 -0.024982 0.042000 0.847133 -0.024835 0.042000 0.843375 -0.024106 0.042000 0.839773 -0.022813 0.042000 0.836411 -0.020984 0.042000 0.833367 -0.018664 0.042000 0.830713 -0.015906 0.042000 0.828511 -0.012775 0.042000 0.826812 -0.009345 0.042000 0.825658 -0.005696 0.042000 0.825073 -0.001914 0.042000 0.825073 0.001914 0.042000 0.825658 0.005696 0.042000 0.826812 0.009345 0.042000 0.828511 0.012775 0.042000 0.830713 0.015906 0.042000 0.833367 0.018664 0.042000 0.836411 0.020984 0.042000 0.839773 0.022813 0.042000 0.843375 0.024106 0.042000 0.847133 0.024835 0.042000 0.850958 0.024982 0.042000 0.854760 0.024543 0.042000 0.858450 0.023529 0.042000 0.861943 0.021963 0.042000 0.865156 0.019882 0.042000 0.868013 0.017336 0.042000 0.870448 0.014383 0.042000 0.872404 0.011093 0.042000 0.873835 0.007543 0.042000 0.874707 0.003816 0.042000 0.872500 0.000000 0.040000 0.872209 0.003609 0.040000 0.871342 0.007125 0.040000 0.869923 0.010456 0.040000 0.867987 0.013517 0.040000 0.865586 0.016227 0.040000 0.862781 0.018517 0.040000 0.859646 0.020328 0.040000 0.856260 0.021612 0.040000 0.852712 0.022336 0.040000 0.849094 0.022482 0.040000 0.845499 0.022045 0.040000 0.842021 0.021038 0.040000 0.838750 0.019486 0.040000 0.835770 0.017429 0.040000 0.833159 0.014920 0.040000 0.830983 0.012025 0.040000 0.829300 0.008819 0.040000 0.828154 0.005385 0.040000 0.827573 0.001810 0.040000 0.827573 -0.001810 0.040000 0.828154 -0.005385 0.040000 0.829300 -0.008819 0.040000 0.830983 -0.012025 0.040000 0.833159 -0.014920 0.040000 0.835770 -0.017429 0.040000 0.838750 -0.019486 0.040000 0.842021 -0.021038 0.040000 0.845499 -0.022045 0.040000 0.849094 -0.022482 0.040000 0.852712 -0.022336 0.040000 0.856260 -0.021612 0.040000 0.859646 -0.020328 0.040000 0.862781 -0.018517 0.040000 0.865586 -0.016227 0.040000 0.867987 -0.013517 0.040000 0.869923 -0.010456 0.040000 0.871342 -0.007125 0.040000 0.872209 -0.003609 0.040000 0.875000 0.000000 0.040000 0.874707 -0.003816 0.040000 0.873835 -0.007543 0.040000 0.872404 -0.011093 0.040000 0.870448 -0.014383 0.040000 0.868013 -0.017336 0.040000 0.865156 -0.019882 0.040000 0.861943 -0.021963 0.040000 0.858450 -0.023529 0.040000 0.854760 -0.024543 0.040000 0.850958 -0.024982 0.040000 0.847133 -0.024835 0.040000 0.843375 -0.024106 0.040000 0.839773 -0.022813 0.040000 0.836411 -0.020984 0.040000 0.833367 -0.018664 0.040000 0.830713 -0.015906 0.040000 0.828511 -0.012775 0.040000 0.826812 -0.009345 0.040000 0.825658 -0.005696 0.040000 0.825073 -0.001914 0.040000 0.825073 0.001914 0.040000 0.825658 0.005696 0.040000 0.826812 0.009345 0.040000 0.828511 0.012775 0.040000 0.830713 0.015906 0.040000 0.833367 0.018664 0.040000 0.836411 0.020984 0.040000 0.839773 0.022813 0.040000 0.843375 0.024106 0.040000 0.847133 0.024835 0.040000 0.850958 0.024982 0.040000 0.854760 0.024543 0.040000 0.858450 0.023529 0.040000 0.861943 0.021963 0.040000 0.865156 0.019882 0.040000 0.868013 0.017336 0.040000 0.870448 0.014383 0.040000 0.872404 0.011093 0.040000 0.873835 0.007543 0.040000 0.874707 0.003816 0.040000 0.897665 0.012178 -0.000000 0.914329 0.008831 -0.000000 0.931060 0.006044 -0.000000 0.947839 0.003817 -0.000000 0.964647 0.002150 -0.000000 0.981466 0.001046 -0.000000 0.998277 0.000503 -0.000000 1.015062 0.000520 -0.000000 1.031802 0.001093 -0.000000 1.048480 0.002219 -0.000000 1.065077 0.003894 -0.000000 1.081576 0.006115 -0.000000 1.097959 0.008878 -0.000000 1.114207 0.012179 -0.000000 1.130303 0.016013 -0.000000 1.146230 0.020373 -0.000000 1.144531 0.015148 0.000000 1.143339 0.009784 0.000000 1.142663 0.004331 0.000000 1.142512 -0.001161 0.000000 1.142885 -0.006643 0.000000 1.143780 -0.012064 0.000000 1.145188 -0.017376 0.000000 1.147097 -0.022528 0.000000 1.149489 -0.027475 0.000000 1.152342 -0.032171 0.000000 1.155630 -0.036573 0.000000 1.159323 -0.040641 0.000000 1.163388 -0.044338 0.000000 1.167787 -0.047630 0.000000 1.158439 -0.049613 0.000000 1.149059 -0.051436 0.000000 1.139649 -0.053098 0.000000 1.130213 -0.054600 0.000000 1.120753 -0.055940 0.000000 1.111272 -0.057119 0.000000 1.101772 -0.058135 0.000000 1.092257 -0.058988 0.000000 1.082730 -0.059679 0.000000 1.073192 -0.060207 0.000000 1.063647 -0.060572 0.000000 1.054098 -0.060775 0.000000 1.044547 -0.060815 0.000000 1.034997 -0.060692 0.000000 1.025451 -0.060407 0.000000 1.015912 -0.059959 0.000000 1.006382 -0.059348 0.000000 0.996864 -0.058575 0.000000 0.987362 -0.057640 0.000000 0.977877 -0.056542 0.000000 0.968413 -0.055282 0.000000 0.958972 -0.053860 0.000000 0.949557 -0.052278 0.000000 0.940171 -0.050535 0.000000 0.930817 -0.048632 0.000000 0.921497 -0.046570 0.000000 0.912213 -0.044350 0.000000 0.902970 -0.041972 0.000000 0.893768 -0.039437 0.000000 0.884612 -0.036746 0.000000 0.875503 -0.033898 0.000000 1.124078 -0.020422 0.000000 1.105965 -0.023540 -0.000000 1.069404 -0.027874 -0.000000 1.051000 -0.029086 0.000000 1.041777 -0.029452 -0.000000 1.023302 -0.029703 0.000000 0.986318 -0.028271 0.000000 0.967852 -0.026585 0.000000 0.958636 -0.025499 0.000000 0.940252 -0.022843 0.000000 0.903750 -0.015609 0.000000 0.885677 -0.011037 0.000000 0.876695 -0.008514 0.000000 0.867753 -0.005833 0.000000 0.894682 -0.013399 0.000000 0.912835 -0.017657 0.000000 0.921949 -0.019545 0.000000 0.931089 -0.021274 0.000000 0.949435 -0.024251 0.000000 0.977080 -0.027509 0.000000 0.995561 -0.028871 0.000000 1.004809 -0.029310 0.000000 1.014057 -0.029587 0.000000 1.032544 -0.029658 -0.000000 1.060210 -0.028560 0.000000 1.078579 -0.027029 0.000000 1.087733 -0.026025 0.000000 1.096863 -0.024861 0.000000 1.115038 -0.022060 0.000000 1.133082 -0.018628 -0.000000 1.142049 -0.016678 -0.000000 1.167215 -0.047238 0.003149 1.166397 -0.046660 0.006206 1.165367 -0.045901 0.009161 1.179554 -0.040086 0.014174 1.177938 -0.039219 0.016273 1.176273 -0.038235 0.018289 1.174579 -0.037132 0.020217 1.172873 -0.035904 0.022054 1.171163 -0.034545 0.023798 1.169463 -0.033052 0.025440 1.167788 -0.031422 0.026969 1.166152 -0.029654 0.028375 1.164573 -0.027747 0.029645 1.163063 -0.025703 0.030765 1.161638 -0.023523 0.031721 1.160311 -0.021209 0.032501 1.159108 -0.018783 0.033085 1.158044 -0.016269 0.033460 1.157128 -0.013675 0.033619 1.156367 -0.011009 0.033556 1.155777 -0.008325 0.033268 1.155357 -0.005653 0.032763 1.155100 -0.003003 0.032047 1.155002 -0.000386 0.031127 1.155052 0.002163 0.030021 1.155239 0.004623 0.028747 1.155546 0.006987 0.027317 1.155961 0.009247 0.025744 1.156467 0.011395 0.024040 1.157047 0.013417 0.022226 1.157683 0.015303 0.020319 1.158356 0.017048 0.018330 1.159047 0.018648 0.016272 1.159738 0.020098 0.014158 1.145437 0.018146 0.009133 1.145783 0.019155 0.006169 1.146053 0.019902 0.003120 1.152753 0.017666 0.014792 1.143341 0.019138 0.003078 1.126622 0.014746 0.003055 1.109726 0.010932 0.003031 1.092672 0.007705 0.003007 1.075481 0.005069 0.002983 1.045273 -0.060772 0.002231 1.058173 0.003027 0.002959 1.040770 0.001585 0.002935 1.005757 0.000511 0.002888 0.988190 0.000888 0.002864 0.970609 0.001880 0.002840 0.949826 -0.052524 0.002129 0.961820 0.002606 0.002828 0.944260 0.004519 0.002804 0.926739 0.007045 0.002780 0.909279 0.010182 0.002756 0.891902 0.013929 0.002733 0.891552 0.012151 0.016359 0.883015 0.015253 0.013700 0.891613 0.013054 0.013735 0.883069 0.015867 0.011000 0.883126 0.016201 0.008250 0.883187 0.016255 0.005480 0.883251 0.016030 0.002721 0.882920 0.013223 0.018840 0.882966 0.014368 0.016323 0.890375 -0.038822 0.002064 0.890435 -0.039047 0.004152 0.890493 -0.039114 0.006253 0.890549 -0.039023 0.008353 0.890620 -0.038658 0.011107 0.890686 -0.038018 0.013808 0.890747 -0.037107 0.016429 0.890803 -0.035938 0.018942 0.890854 -0.034524 0.021321 0.890901 -0.032876 0.023540 0.890942 -0.031012 0.025575 0.890980 -0.028954 0.027406 0.891013 -0.026721 0.029013 0.891043 -0.024338 0.030377 0.891069 -0.021829 0.031486 0.891094 -0.019222 0.032327 0.891116 -0.016544 0.032889 0.891138 -0.013822 0.033169 0.891159 -0.011087 0.033165 0.891181 -0.008366 0.032878 0.891204 -0.005689 0.032308 0.891228 -0.003085 0.031459 0.891255 -0.000580 0.030342 0.891285 0.001800 0.028971 0.891318 0.004029 0.027360 0.891356 0.006082 0.025523 0.891397 0.007940 0.023482 0.891444 0.009582 0.021259 0.891495 0.010990 0.018875 0.891679 0.013689 0.011032 0.891749 0.014046 0.008278 0.891824 0.014126 0.005502 0.882598 -0.016933 0.032312 0.882579 -0.019539 0.031468 0.882558 -0.022045 0.030357 0.882534 -0.024425 0.028990 0.882507 -0.026652 0.027380 0.882477 -0.028703 0.025546 0.882443 -0.030558 0.023508 0.882406 -0.032194 0.021287 0.882364 -0.033595 0.018907 0.882319 -0.034747 0.016393 0.882269 -0.035639 0.013773 0.882216 -0.036259 0.011074 0.882158 -0.036600 0.008325 0.882113 -0.036673 0.006230 0.882065 -0.036586 0.004135 0.882016 -0.036340 0.002054 0.882616 -0.014255 0.032875 0.874021 -0.028105 0.023477 0.873993 -0.029731 0.021253 0.873961 -0.031118 0.018871 0.873927 -0.032255 0.016357 0.873889 -0.033129 0.013738 0.873849 -0.033729 0.011042 0.873805 -0.034047 0.008297 0.873771 -0.034101 0.006206 0.873735 -0.033994 0.004118 0.873697 -0.033727 0.002045 0.874046 -0.026259 0.025517 0.898772 -0.041175 0.002073 0.898842 -0.041378 0.004169 0.898910 -0.041425 0.006276 0.898976 -0.041314 0.008381 0.899059 -0.040926 0.011139 0.899137 -0.040263 0.013843 0.899209 -0.039334 0.016465 0.899275 -0.038148 0.018978 0.899335 -0.036720 0.021356 0.899390 -0.035059 0.023572 0.899440 -0.033186 0.025604 0.899484 -0.031119 0.027432 0.899524 -0.028881 0.029036 0.899559 -0.026493 0.030397 0.899592 -0.023981 0.031504 0.899621 -0.021372 0.032343 0.899648 -0.018692 0.032904 0.899674 -0.015970 0.033182 0.899700 -0.013234 0.033178 0.899726 -0.010513 0.032892 0.899754 -0.007834 0.032324 0.899783 -0.005228 0.031477 0.899815 -0.002719 0.030363 0.899851 -0.000335 0.028995 0.899891 0.001900 0.027386 0.899935 0.003961 0.025552 0.899985 0.005829 0.023514 0.900040 0.007483 0.021293 0.900101 0.008905 0.018911 0.900167 0.010083 0.016395 0.900239 0.011006 0.013770 0.900317 0.011662 0.011065 0.900400 0.012043 0.008306 0.900487 0.012149 0.005523 0.900579 0.011979 0.002745 0.907204 -0.043397 0.002082 0.907284 -0.043578 0.004186 0.907362 -0.043604 0.006299 0.907437 -0.043473 0.008409 0.907531 -0.043061 0.011172 0.907620 -0.042377 0.013878 0.907702 -0.041427 0.016501 0.907778 -0.040225 0.019013 0.907848 -0.038781 0.021390 0.907911 -0.037108 0.023604 0.907967 -0.035223 0.025633 0.908019 -0.033148 0.027458 0.908064 -0.030903 0.029059 0.908106 -0.028510 0.030418 0.908143 -0.025994 0.031521 0.908177 -0.023382 0.032359 0.908209 -0.020700 0.032918 0.908240 -0.017977 0.033196 0.908270 -0.015239 0.033192 0.908301 -0.012516 0.032907 0.908333 -0.009836 0.032340 0.908367 -0.007226 0.031494 0.908405 -0.004714 0.030383 0.908446 -0.002324 0.029018 0.908492 -0.000083 0.027412 0.908543 0.001987 0.025581 0.908600 0.003866 0.023546 0.908663 0.005533 0.021327 0.908733 0.006970 0.018947 0.908809 0.008166 0.016431 0.908892 0.009108 0.013805 0.908980 0.009786 0.011097 0.909075 0.010191 0.008334 0.909175 0.010323 0.005544 0.915669 -0.045487 0.002091 0.915759 -0.045646 0.004203 0.915845 -0.045651 0.006322 0.915929 -0.045500 0.008437 0.916035 -0.045063 0.011204 0.916133 -0.044357 0.013913 0.916225 -0.043387 0.016537 0.916310 -0.042166 0.019049 0.916388 -0.040707 0.021424 0.916459 -0.039021 0.023636 0.916523 -0.037125 0.025663 0.916581 -0.035041 0.027484 0.916633 -0.032788 0.029082 0.916679 -0.030388 0.030438 0.916722 -0.027868 0.031539 0.916761 -0.025253 0.032375 0.916797 -0.022568 0.032933 0.916832 -0.019842 0.033210 0.916867 -0.017102 0.033206 0.916902 -0.014377 0.032921 0.916939 -0.011693 0.032356 0.916978 -0.009080 0.031512 0.917020 -0.006563 0.030403 0.917067 -0.004167 0.029041 0.917119 -0.001918 0.027438 0.917177 0.000161 0.025610 0.917241 0.002051 0.023578 0.917312 0.003732 0.021361 0.917390 0.005185 0.018982 0.917476 0.006398 0.016467 0.917568 0.007361 0.013840 0.917667 0.008061 0.011129 0.917772 0.008491 0.008361 0.917884 0.008650 0.005565 0.918000 0.008537 0.002768 0.924166 -0.047445 0.002101 0.924264 -0.047582 0.004220 0.924359 -0.047565 0.006345 0.924451 -0.047394 0.008465 0.924567 -0.046933 0.011236 0.924675 -0.046203 0.013948 0.924776 -0.045213 0.016573 0.924870 -0.043974 0.019084 0.924955 -0.042498 0.021458 0.925034 -0.040798 0.023668 0.925104 -0.038890 0.025692 0.925168 -0.036795 0.027510 0.925226 -0.034534 0.029105 0.925278 -0.032128 0.030458 0.925326 -0.029603 0.031557 0.925369 -0.026983 0.032390 0.925410 -0.024294 0.032947 0.925450 -0.021565 0.033223 0.925488 -0.018822 0.033220 0.925528 -0.016093 0.032936 0.925569 -0.013407 0.032371 0.925613 -0.010789 0.031530 0.925660 -0.008266 0.030423 0.925713 -0.005864 0.029064 0.925770 -0.003606 0.027464 0.925835 -0.001517 0.025640 0.925906 0.000385 0.023610 0.925984 0.002080 0.021395 0.926070 0.003549 0.019018 0.926164 0.004781 0.016502 0.926265 0.005764 0.013875 0.926374 0.006488 0.011162 0.926489 0.006943 0.008389 0.926612 0.007129 0.005586 0.932693 -0.049271 0.002110 0.932798 -0.049386 0.004237 0.932901 -0.049347 0.006369 0.933000 -0.049156 0.008493 0.933125 -0.048668 0.011269 0.933243 -0.047915 0.013983 0.933352 -0.046904 0.016609 0.933454 -0.045646 0.019120 0.933547 -0.044153 0.021492 0.933632 -0.042438 0.023699 0.933709 -0.040518 0.025721 0.933779 -0.038413 0.027537 0.933842 -0.036142 0.029128 0.933900 -0.033729 0.030478 0.933952 -0.031197 0.031575 0.934000 -0.028572 0.032406 0.934046 -0.025879 0.032961 0.934089 -0.023146 0.033237 0.934132 -0.020399 0.033233 0.934176 -0.017667 0.032950 0.934221 -0.014975 0.032387 0.934270 -0.012352 0.031548 0.934322 -0.009824 0.030444 0.934379 -0.007414 0.029087 0.934443 -0.005147 0.027491 0.934513 -0.003046 0.025669 0.934590 -0.001132 0.023642 0.934676 0.000577 0.021429 0.934769 0.002064 0.019053 0.934871 0.003315 0.016538 0.934981 0.004319 0.013910 0.935098 0.005066 0.011194 0.935223 0.005547 0.008417 0.935355 0.005760 0.005607 0.935493 0.005706 0.002792 0.941247 -0.050964 0.002119 0.941359 -0.051056 0.004254 0.941469 -0.050996 0.006392 0.941575 -0.050783 0.008521 0.941709 -0.050270 0.011302 0.941834 -0.049493 0.014018 0.941952 -0.048460 0.016645 0.942061 -0.047183 0.019155 0.942161 -0.045672 0.021526 0.942252 -0.043942 0.023731 0.942336 -0.042009 0.025750 0.942411 -0.039892 0.027563 0.942480 -0.037612 0.029151 0.942542 -0.035190 0.030498 0.942599 -0.032651 0.031592 0.942651 -0.030020 0.032422 0.942701 -0.027322 0.032976 0.942749 -0.024584 0.033251 0.942796 -0.021833 0.033247 0.942843 -0.019095 0.032964 0.942893 -0.016399 0.032403 0.942946 -0.013770 0.031566 0.943003 -0.011234 0.030464 0.943065 -0.008816 0.029110 0.943134 -0.006540 0.027517 0.943209 -0.004428 0.025698 0.943293 -0.002500 0.023674 0.943385 -0.000775 0.021464 0.943485 0.000729 0.019089 0.943594 0.001999 0.016574 0.943712 0.003026 0.013945 0.943838 0.003796 0.011227 0.943972 0.004303 0.008445 0.944113 0.004544 0.005628 0.949945 -0.052593 0.004271 0.950061 -0.052511 0.006415 0.950173 -0.052277 0.008549 0.950315 -0.051738 0.011334 0.950448 -0.050936 0.014053 0.950573 -0.049881 0.016681 0.950688 -0.048583 0.019191 0.950795 -0.047055 0.021560 0.950892 -0.045309 0.023763 0.950981 -0.043361 0.025779 0.951062 -0.041233 0.027589 0.951136 -0.038942 0.029174 0.951202 -0.036512 0.030519 0.951264 -0.033965 0.031610 0.951320 -0.031327 0.032438 0.951374 -0.028623 0.032990 0.951426 -0.025879 0.033264 0.951477 -0.023123 0.033261 0.951528 -0.020380 0.032979 0.951582 -0.017677 0.032419 0.951639 -0.015042 0.031583 0.951700 -0.012498 0.030484 0.951767 -0.010071 0.029134 0.951841 -0.007784 0.027543 0.951922 -0.005660 0.025727 0.952011 -0.003718 0.023706 0.952109 -0.001977 0.021498 0.952216 -0.000455 0.019125 0.952332 0.000835 0.016610 0.952457 0.001884 0.013980 0.952590 0.002679 0.011259 0.952732 0.003212 0.008473 0.952881 0.003481 0.005649 0.953036 0.003486 0.002816 0.967052 -0.055241 0.002147 0.967182 -0.055264 0.004305 0.967308 -0.055137 0.006461 0.967431 -0.054860 0.008605 0.967586 -0.054267 0.011399 0.967732 -0.053416 0.014123 0.967869 -0.052315 0.016753 0.967997 -0.050976 0.019262 0.968114 -0.049410 0.021628 0.968223 -0.047630 0.023827 0.968321 -0.045653 0.025837 0.968412 -0.043498 0.027641 0.968494 -0.041184 0.029220 0.968569 -0.038733 0.030559 0.968639 -0.036169 0.031646 0.968703 -0.033516 0.032469 0.968764 -0.030797 0.033019 0.968823 -0.028040 0.033292 0.968882 -0.025270 0.033288 0.968941 -0.022514 0.033008 0.969002 -0.019797 0.032450 0.969067 -0.017145 0.031619 0.969136 -0.014584 0.030525 0.969212 -0.012137 0.029180 0.969294 -0.009827 0.027595 0.969384 -0.007676 0.025785 0.969484 -0.005705 0.023769 0.969592 -0.003930 0.021566 0.969710 -0.002370 0.019196 0.969838 -0.001038 0.016682 0.969975 0.000057 0.014050 0.970121 0.000902 0.011324 0.970277 0.001488 0.008529 0.970440 0.001815 0.005692 0.961657 0.002571 0.005671 0.961501 0.002274 0.008501 0.961352 0.001714 0.011291 0.961212 0.000894 0.014015 0.961080 -0.000177 0.016646 0.960958 -0.001489 0.019160 0.960846 -0.003029 0.021532 0.960742 -0.004786 0.023737 0.960648 -0.006743 0.025756 0.960562 -0.008880 0.027569 0.960484 -0.011178 0.029157 0.960412 -0.013615 0.030505 0.960347 -0.016167 0.031601 0.960286 -0.018810 0.032434 0.960228 -0.021519 0.032993 0.960173 -0.024269 0.033274 0.960118 -0.027032 0.033278 0.960063 -0.029782 0.033004 0.960005 -0.032492 0.032453 0.959944 -0.035138 0.031628 0.959879 -0.037693 0.030539 0.959808 -0.040133 0.029197 0.959730 -0.042435 0.027615 0.959644 -0.044576 0.025808 0.959550 -0.046538 0.023795 0.959447 -0.048301 0.021594 0.959334 -0.049848 0.019227 0.959212 -0.051166 0.016717 0.959081 -0.052244 0.014088 0.958941 -0.053070 0.011366 0.958792 -0.053636 0.008577 0.958675 -0.053891 0.006438 0.958553 -0.053996 0.004288 0.958428 -0.053950 0.002138 0.975695 -0.056398 0.002156 0.975829 -0.056397 0.004322 0.975960 -0.056247 0.006485 0.976087 -0.055949 0.008633 0.976247 -0.055329 0.011431 0.976399 -0.054452 0.014159 0.976541 -0.053327 0.016789 0.976673 -0.051966 0.019298 0.976796 -0.050381 0.021662 0.976908 -0.048583 0.023859 0.977012 -0.046590 0.025866 0.977106 -0.044421 0.027667 0.977192 -0.042095 0.029243 0.977271 -0.039633 0.030579 0.977344 -0.037059 0.031663 0.977412 -0.034396 0.032485 0.977477 -0.031670 0.033033 0.977539 -0.028905 0.033306 0.977601 -0.026127 0.033302 0.977663 -0.023363 0.033022 0.977728 -0.020637 0.032466 0.977796 -0.017977 0.031637 0.977869 -0.015406 0.030545 0.977948 -0.012947 0.029203 0.978035 -0.010624 0.027621 0.978129 -0.008460 0.025815 0.978233 -0.006472 0.023801 0.978346 -0.004680 0.021600 0.978469 -0.003101 0.019231 0.978601 -0.001746 0.016718 0.978744 -0.000628 0.014085 0.978895 0.000242 0.011356 0.979056 0.000856 0.008556 0.979225 0.001212 0.005713 0.979400 0.001307 0.002852 0.984355 -0.057419 0.002166 0.984493 -0.057395 0.004339 0.984627 -0.057222 0.006508 0.984757 -0.056902 0.008661 0.984923 -0.056254 0.011464 0.985079 -0.055352 0.014194 0.985225 -0.054203 0.016825 0.985362 -0.052820 0.019333 0.985489 -0.051214 0.021696 0.985605 -0.049398 0.023891 0.985712 -0.047389 0.025895 0.985810 -0.045205 0.027693 0.985900 -0.042865 0.029267 0.985982 -0.040392 0.030600 0.986059 -0.037807 0.031681 0.986130 -0.035134 0.032501 0.986198 -0.032399 0.033048 0.986263 -0.029625 0.033319 0.986328 -0.026839 0.033316 0.986394 -0.024066 0.033036 0.986461 -0.021331 0.032482 0.986533 -0.018661 0.031655 0.986609 -0.016079 0.030566 0.986692 -0.013609 0.029226 0.986782 -0.011273 0.027648 0.986880 -0.009093 0.025844 0.986987 -0.007089 0.023833 0.987104 -0.005278 0.021634 0.987231 -0.003679 0.019267 0.987368 -0.002302 0.016754 0.987515 -0.001160 0.014120 0.987671 -0.000264 0.011389 0.987837 0.000378 0.008584 0.988010 0.000762 0.005734 0.993030 -0.058304 0.002175 0.993171 -0.058257 0.004356 0.993308 -0.058061 0.006531 0.993441 -0.057719 0.008689 0.993610 -0.057043 0.011496 0.993770 -0.056114 0.014229 0.993920 -0.054941 0.016861 0.994060 -0.053536 0.019369 0.994191 -0.051909 0.021730 0.994311 -0.050074 0.023922 0.994421 -0.048048 0.025924 0.994522 -0.045848 0.027719 0.994615 -0.043495 0.029290 0.994701 -0.041009 0.030620 0.994780 -0.038413 0.031699 0.994854 -0.035730 0.032516 0.994925 -0.032984 0.033062 0.994993 -0.030201 0.033333 0.995061 -0.027405 0.033329 0.995129 -0.024623 0.033051 0.995200 -0.021878 0.032498 0.995274 -0.019198 0.031672 0.995354 -0.016604 0.030586 0.995439 -0.014121 0.029249 0.995532 -0.011772 0.027674 0.995634 -0.009577 0.025873 0.995744 -0.007555 0.023865 0.995865 -0.005726 0.021668 0.995995 -0.004105 0.019302 0.996136 -0.002706 0.016790 0.996286 -0.001540 0.014155 0.996446 -0.000617 0.011421 0.996616 0.000053 0.008612 0.996793 0.000467 0.005755 0.996977 0.000623 0.002876 1.001717 -0.059055 0.002184 1.001860 -0.058983 0.004373 1.002000 -0.058764 0.006554 1.002135 -0.058400 0.008717 1.002307 -0.057696 0.011529 1.002470 -0.056741 0.014264 1.002623 -0.055543 0.016897 1.002767 -0.054114 0.019404 1.002900 -0.052467 0.021764 1.003023 -0.050612 0.023954 1.003136 -0.048568 0.025954 1.003240 -0.046353 0.027745 1.003335 -0.043985 0.029313 1.003424 -0.041485 0.030640 1.003506 -0.038877 0.031717 1.003582 -0.036183 0.032532 1.003656 -0.033426 0.033076 1.003726 -0.030633 0.033347 1.003797 -0.027827 0.033343 1.003868 -0.025035 0.033065 1.003941 -0.022280 0.032513 1.004018 -0.019588 0.031690 1.004100 -0.016982 0.030606 1.004188 -0.014486 0.029273 1.004284 -0.012121 0.027700 1.004388 -0.009910 0.025902 1.004502 -0.007871 0.023897 1.004625 -0.006022 0.021703 1.004758 -0.004381 0.019338 1.004902 -0.002959 0.016826 1.005055 -0.001767 0.014190 1.005218 -0.000818 0.011453 1.005390 -0.000120 0.008640 1.005571 0.000324 0.005776 1.010416 -0.059669 0.002194 1.010560 -0.059574 0.004390 1.010701 -0.059332 0.006577 1.010838 -0.058945 0.008745 1.011013 -0.058212 0.011561 1.011178 -0.057230 0.014299 1.011333 -0.056007 0.016932 1.011478 -0.054555 0.019440 1.011614 -0.052886 0.021799 1.011739 -0.051012 0.023986 1.011854 -0.048949 0.025983 1.011961 -0.046717 0.027771 1.012059 -0.044334 0.029336 1.012149 -0.041821 0.030660 1.012233 -0.039200 0.031734 1.012312 -0.036493 0.032548 1.012388 -0.033726 0.033091 1.012461 -0.030921 0.033360 1.012533 -0.028105 0.033357 1.012607 -0.025301 0.033080 1.012682 -0.022535 0.032529 1.012761 -0.019831 0.031708 1.012846 -0.017212 0.030627 1.012936 -0.014702 0.029296 1.013034 -0.012322 0.027726 1.013141 -0.010095 0.025931 1.013256 -0.008037 0.023929 1.013382 -0.006168 0.021737 1.013518 -0.004505 0.019374 1.013663 -0.003059 0.016862 1.013819 -0.001843 0.014225 1.013984 -0.000867 0.011486 1.014159 -0.000140 0.008668 1.014341 0.000333 0.005797 1.014530 0.000552 0.002900 1.019122 -0.060148 0.002203 1.019268 -0.060029 0.004407 1.019410 -0.059764 0.006600 1.019548 -0.059354 0.008773 1.019723 -0.058593 0.011594 1.019890 -0.057584 0.014334 1.020047 -0.056335 0.016968 1.020194 -0.054860 0.019475 1.020331 -0.053168 0.021833 1.020457 -0.051274 0.024018 1.020575 -0.049192 0.026012 1.020683 -0.046943 0.027798 1.020782 -0.044544 0.029359 1.020875 -0.042016 0.030680 1.020961 -0.039381 0.031752 1.021042 -0.036662 0.032564 1.021119 -0.033882 0.033105 1.021194 -0.031066 0.033374 1.021268 -0.028238 0.033370 1.021344 -0.025423 0.033094 1.021421 -0.022644 0.032545 1.021502 -0.019927 0.031726 1.021588 -0.017295 0.030647 1.021681 -0.014770 0.029319 1.021781 -0.012375 0.027752 1.021889 -0.010130 0.025961 1.022006 -0.008054 0.023961 1.022133 -0.006164 0.021771 1.022271 -0.004479 0.019409 1.022418 -0.003009 0.016898 1.022575 -0.001767 0.014260 1.022742 -0.000764 0.011518 1.022917 -0.000009 0.008696 1.023101 0.000495 0.005818 1.023291 0.000745 0.002911 1.027836 -0.060492 0.002212 1.027981 -0.060348 0.004424 1.028123 -0.060060 0.006624 1.028261 -0.059628 0.008801 1.028437 -0.058837 0.011626 1.028605 -0.057801 0.014369 1.028762 -0.056527 0.017004 1.028910 -0.055027 0.019511 1.029048 -0.053313 0.021867 1.029176 -0.051397 0.024050 1.029294 -0.049296 0.026041 1.029403 -0.047029 0.027824 1.029505 -0.044614 0.029382 1.029598 -0.042071 0.030701 1.029686 -0.039422 0.031770 1.029768 -0.036689 0.032579 1.029847 -0.033897 0.033120 1.029924 -0.031068 0.033388 1.030000 -0.028228 0.033384 1.030076 -0.025400 0.033108 1.030155 -0.022608 0.032561 1.030238 -0.019878 0.031744 1.030326 -0.017232 0.030667 1.030419 -0.014691 0.029342 1.030521 -0.012279 0.027778 1.030630 -0.010016 0.025990 1.030749 -0.007921 0.023993 1.030877 -0.006011 0.021805 1.031015 -0.004302 0.019445 1.031163 -0.002809 0.016934 1.031321 -0.001541 0.014295 1.031488 -0.000510 0.011551 1.031665 0.000274 0.008724 1.031848 0.000808 0.005840 1.032038 0.001089 0.002923 1.036553 -0.060699 0.002221 1.036698 -0.060532 0.004441 1.036840 -0.060221 0.006647 1.036977 -0.059765 0.008829 1.037153 -0.058946 0.011659 1.037320 -0.057882 0.014404 1.037477 -0.056582 0.017040 1.037625 -0.055057 0.019547 1.037764 -0.053320 0.021901 1.037892 -0.051383 0.024082 1.038011 -0.049262 0.026070 1.038121 -0.046977 0.027850 1.038223 -0.044544 0.029405 1.038317 -0.041985 0.030721 1.038406 -0.039321 0.031787 1.038490 -0.036575 0.032595 1.038570 -0.033768 0.033134 1.038647 -0.030927 0.033402 1.038725 -0.028073 0.033398 1.038802 -0.025232 0.033123 1.038882 -0.022427 0.032577 1.038966 -0.019683 0.031762 1.039055 -0.017021 0.030688 1.039150 -0.014465 0.029365 1.039252 -0.012036 0.027805 1.039362 -0.009755 0.026019 1.039481 -0.007639 0.024025 1.039610 -0.005707 0.021839 1.039748 -0.003976 0.019480 1.039897 -0.002458 0.016970 1.040054 -0.001164 0.014330 1.040221 -0.000105 0.011583 1.040397 0.000708 0.008752 1.040580 0.001272 0.005861 1.045416 -0.060581 0.004458 1.045557 -0.060246 0.006670 1.045694 -0.059767 0.008857 1.045868 -0.058919 0.011691 1.046034 -0.057827 0.014439 1.046190 -0.056500 0.017076 1.046338 -0.054950 0.019582 1.046476 -0.053190 0.021935 1.046604 -0.051231 0.024113 1.046723 -0.049090 0.026099 1.046833 -0.046785 0.027876 1.046935 -0.044335 0.029428 1.047030 -0.041760 0.030741 1.047119 -0.039080 0.031805 1.047204 -0.036319 0.032611 1.047284 -0.033498 0.033148 1.047363 -0.030642 0.033415 1.047441 -0.027775 0.033412 1.047519 -0.024920 0.033137 1.047600 -0.022101 0.032592 1.047685 -0.019342 0.031779 1.047774 -0.016665 0.030708 1.047869 -0.014092 0.029388 1.047972 -0.011645 0.027831 1.048082 -0.009345 0.026048 1.048201 -0.007209 0.024057 1.048330 -0.005255 0.021873 1.048468 -0.003500 0.019516 1.048615 -0.001957 0.017006 1.048772 -0.000636 0.014365 1.048938 0.000450 0.011615 1.049113 0.001292 0.008779 1.049294 0.001887 0.005882 1.049482 0.002231 0.002947 1.062711 -0.060510 0.002249 1.062849 -0.060271 0.004491 1.062985 -0.059889 0.006716 1.063118 -0.059365 0.008913 1.063287 -0.058457 0.011756 1.063448 -0.057309 0.014509 1.063601 -0.055928 0.017148 1.063745 -0.054327 0.019653 1.063880 -0.052519 0.022003 1.064005 -0.050515 0.024177 1.064122 -0.048332 0.026157 1.064231 -0.045987 0.027928 1.064333 -0.043500 0.029474 1.064427 -0.040889 0.030782 1.064516 -0.038176 0.031841 1.064600 -0.035383 0.032642 1.064681 -0.032533 0.033177 1.064760 -0.029647 0.033443 1.064838 -0.026750 0.033439 1.064917 -0.023865 0.033166 1.064998 -0.021015 0.032624 1.065082 -0.018224 0.031815 1.065171 -0.015514 0.030749 1.065266 -0.012906 0.029435 1.065367 -0.010422 0.027883 1.065476 -0.008082 0.026106 1.065594 -0.005904 0.024120 1.065720 -0.003905 0.021941 1.065855 -0.002102 0.019587 1.065999 -0.000508 0.017078 1.066152 0.000867 0.014435 1.066313 0.002010 0.011680 1.066483 0.002911 0.008835 1.066659 0.003567 0.005924 1.066840 0.003973 0.002971 1.057988 0.002652 0.005903 1.057809 0.002027 0.008807 1.057636 0.001155 0.011648 1.057472 0.000041 0.014400 1.057317 -0.001307 0.017042 1.057171 -0.002876 0.019551 1.057034 -0.004654 0.021907 1.056906 -0.006630 0.024089 1.056788 -0.008787 0.026077 1.056678 -0.011107 0.027857 1.056575 -0.013572 0.029411 1.056480 -0.016162 0.030728 1.056391 -0.018856 0.031797 1.056306 -0.021630 0.032608 1.056225 -0.024464 0.033152 1.056146 -0.027334 0.033425 1.056068 -0.030216 0.033429 1.055989 -0.033086 0.033163 1.055908 -0.035922 0.032626 1.055823 -0.038698 0.031823 1.055734 -0.041394 0.030761 1.055639 -0.043987 0.029451 1.055537 -0.046456 0.027902 1.055427 -0.048780 0.026128 1.055309 -0.050942 0.024145 1.055182 -0.052923 0.021969 1.055045 -0.054707 0.019618 1.054899 -0.056282 0.017112 1.054744 -0.057636 0.014474 1.054580 -0.058756 0.011724 1.054408 -0.059634 0.008885 1.054273 -0.060135 0.006693 1.054134 -0.060494 0.004474 1.053993 -0.060708 0.002240 1.071424 -0.060175 0.002259 1.071559 -0.059913 0.004508 1.071692 -0.059507 0.006739 1.071822 -0.058960 0.008941 1.071987 -0.058023 0.011789 1.072145 -0.056846 0.014544 1.072294 -0.055438 0.017184 1.072435 -0.053811 0.019689 1.072567 -0.051978 0.022037 1.072691 -0.049951 0.024209 1.072806 -0.047746 0.026186 1.072913 -0.045381 0.027954 1.073013 -0.042874 0.029497 1.073107 -0.040245 0.030802 1.073195 -0.037515 0.031858 1.073278 -0.034705 0.032658 1.073358 -0.031838 0.033191 1.073437 -0.028936 0.033456 1.073514 -0.026023 0.033453 1.073593 -0.023122 0.033181 1.073673 -0.020256 0.032640 1.073757 -0.017448 0.031833 1.073845 -0.014721 0.030769 1.073938 -0.012094 0.029458 1.074038 -0.009591 0.027909 1.074146 -0.007230 0.026136 1.074261 -0.005030 0.024152 1.074385 -0.003008 0.021976 1.074518 -0.001180 0.019623 1.074659 0.000440 0.017114 1.074809 0.001842 0.014470 1.074966 0.003013 0.011713 1.075132 0.003945 0.008863 1.075304 0.004631 0.005945 1.080132 -0.059705 0.002268 1.080263 -0.059419 0.004525 1.080391 -0.058990 0.006763 1.080517 -0.058419 0.008969 1.080678 -0.057452 0.011821 1.080831 -0.056247 0.014579 1.080976 -0.054812 0.017220 1.081114 -0.053159 0.019724 1.081243 -0.051301 0.022071 1.081363 -0.049250 0.024241 1.081476 -0.047022 0.026215 1.081581 -0.044636 0.027980 1.081679 -0.042110 0.029520 1.081771 -0.039461 0.030822 1.081857 -0.036713 0.031876 1.081939 -0.033886 0.032674 1.082019 -0.031001 0.033206 1.082096 -0.028083 0.033470 1.082173 -0.025154 0.033466 1.082250 -0.022236 0.033195 1.082329 -0.019353 0.032655 1.082411 -0.016528 0.031851 1.082498 -0.013782 0.030789 1.082590 -0.011137 0.029481 1.082688 -0.008613 0.027936 1.082793 -0.006231 0.026165 1.082906 -0.004009 0.024184 1.083027 -0.001963 0.022010 1.083156 -0.000110 0.019658 1.083294 0.001537 0.017150 1.083440 0.002966 0.014505 1.083593 0.004166 0.011745 1.083754 0.005127 0.008891 1.083920 0.005843 0.005966 1.084092 0.006313 0.002995 1.088831 -0.059100 0.002277 1.088957 -0.058789 0.004542 1.089081 -0.058337 0.006786 1.089202 -0.057743 0.008997 1.089357 -0.056747 0.011854 1.089505 -0.055512 0.014614 1.089645 -0.054049 0.017256 1.089778 -0.052370 0.019760 1.089903 -0.050487 0.022105 1.090021 -0.048412 0.024273 1.090130 -0.046162 0.026245 1.090232 -0.043754 0.028006 1.090327 -0.041207 0.029543 1.090417 -0.038539 0.030842 1.090501 -0.035772 0.031894 1.090582 -0.032926 0.032689 1.090659 -0.030024 0.033220 1.090735 -0.027089 0.033484 1.090810 -0.024142 0.033480 1.090886 -0.021207 0.033209 1.090964 -0.018307 0.032671 1.091044 -0.015463 0.031868 1.091129 -0.012698 0.030809 1.091218 -0.010034 0.029504 1.091314 -0.007489 0.027962 1.091416 -0.005086 0.026194 1.091526 -0.002840 0.024216 1.091643 -0.000770 0.022044 1.091768 0.001107 0.019694 1.091902 0.002781 0.017186 1.092042 0.004238 0.014540 1.092191 0.005466 0.011777 1.092346 0.006457 0.008919 1.092506 0.007205 0.005988 1.097519 -0.058358 0.002286 1.097640 -0.058025 0.004559 1.097758 -0.057548 0.006809 1.097874 -0.056932 0.009025 1.098023 -0.055905 0.011886 1.098165 -0.054642 0.014649 1.098299 -0.053151 0.017292 1.098427 -0.051445 0.019795 1.098547 -0.049536 0.022139 1.098660 -0.047437 0.024304 1.098766 -0.045163 0.026274 1.098864 -0.042734 0.028032 1.098957 -0.040165 0.029566 1.099043 -0.037477 0.030863 1.099125 -0.034691 0.031912 1.099203 -0.031827 0.032705 1.099279 -0.028907 0.033235 1.099352 -0.025953 0.033497 1.099425 -0.022988 0.033494 1.099499 -0.020035 0.033224 1.099574 -0.017117 0.032687 1.099653 -0.014254 0.031886 1.099735 -0.011470 0.030830 1.099821 -0.008785 0.029527 1.099914 -0.006220 0.027988 1.100013 -0.003794 0.026223 1.100118 -0.001526 0.024248 1.100231 0.000569 0.022078 1.100352 0.002472 0.019729 1.100480 0.004172 0.017222 1.100615 0.005657 0.014575 1.100757 0.006915 0.011810 1.100905 0.007935 0.008947 1.101059 0.008713 0.006009 1.101217 0.009245 0.003019 1.106195 -0.057482 0.002296 1.106309 -0.057124 0.004576 1.106422 -0.056625 0.006832 1.106532 -0.055985 0.009053 1.106673 -0.054929 0.011919 1.106808 -0.053636 0.014684 1.106936 -0.052117 0.017328 1.107058 -0.050384 0.019831 1.107173 -0.048449 0.022173 1.107280 -0.046325 0.024336 1.107381 -0.044028 0.026303 1.107475 -0.041576 0.028059 1.107564 -0.038986 0.029590 1.107647 -0.036277 0.030883 1.107726 -0.033471 0.031929 1.107801 -0.030587 0.032721 1.107874 -0.027648 0.033249 1.107945 -0.024676 0.033511 1.108015 -0.021693 0.033508 1.108086 -0.018721 0.033238 1.108159 -0.015784 0.032703 1.108234 -0.012902 0.031904 1.108313 -0.010098 0.030850 1.108396 -0.007392 0.029550 1.108485 -0.004805 0.028014 1.108579 -0.002357 0.026252 1.108680 -0.000065 0.024280 1.108788 0.002054 0.022112 1.108903 0.003984 0.019765 1.109025 0.005711 0.017258 1.109154 0.007224 0.014610 1.109289 0.008511 0.011842 1.109430 0.009561 0.008975 1.109576 0.010370 0.006030 1.114856 -0.056469 0.002305 1.114964 -0.056088 0.004593 1.115069 -0.055566 0.006855 1.115173 -0.054903 0.009082 1.115305 -0.053817 0.011951 1.115432 -0.052495 0.014719 1.115553 -0.050948 0.017364 1.115668 -0.049188 0.019867 1.115777 -0.047227 0.022208 1.115878 -0.045078 0.024368 1.115974 -0.042756 0.026332 1.116063 -0.040281 0.028085 1.116147 -0.037669 0.029613 1.116227 -0.034939 0.030903 1.116302 -0.032112 0.031947 1.116373 -0.029209 0.032737 1.116442 -0.026250 0.033263 1.116510 -0.023259 0.033525 1.116577 -0.020256 0.033521 1.116645 -0.017265 0.033253 1.116715 -0.014308 0.032719 1.116786 -0.011407 0.031922 1.116861 -0.008582 0.030870 1.116941 -0.005855 0.029574 1.117025 -0.003246 0.028040 1.117115 -0.000774 0.026281 1.117210 0.001542 0.024312 1.117312 0.003686 0.022146 1.117421 0.005642 0.019801 1.117536 0.007396 0.017294 1.117657 0.008937 0.014645 1.117784 0.010253 0.011875 1.117917 0.011334 0.009002 1.118054 0.012173 0.006051 1.118195 0.012766 0.003043 1.123501 -0.055322 0.002314 1.123600 -0.054918 0.004610 1.123699 -0.054372 0.006879 1.123795 -0.053686 0.009110 1.123918 -0.052570 0.011984 1.124036 -0.051219 0.014754 1.124149 -0.049644 0.017400 1.124256 -0.047856 0.019902 1.124357 -0.045868 0.022242 1.124453 -0.043694 0.024400 1.124542 -0.041348 0.026361 1.124626 -0.038849 0.028111 1.124705 -0.036215 0.029636 1.124779 -0.033463 0.030923 1.124850 -0.030615 0.031965 1.124917 -0.027691 0.032752 1.124983 -0.024712 0.033278 1.125047 -0.021701 0.033539 1.125110 -0.018679 0.033535 1.125174 -0.015668 0.033267 1.125239 -0.012691 0.032734 1.125307 -0.009768 0.031940 1.125378 -0.006923 0.030891 1.125452 -0.004174 0.029597 1.125531 -0.001542 0.028066 1.125615 0.000953 0.026311 1.125705 0.003294 0.024344 1.125800 0.005463 0.022180 1.125902 0.007445 0.019836 1.126009 0.009227 0.017330 1.126122 0.010797 0.014680 1.126240 0.012142 0.011907 1.126363 0.013252 0.009030 1.126491 0.014122 0.006072 1.132126 -0.054039 0.002324 1.132217 -0.053612 0.004627 1.132307 -0.053043 0.006902 1.132396 -0.052335 0.009138 1.132509 -0.051189 0.012016 1.132617 -0.049809 0.014789 1.132721 -0.048205 0.017436 1.132820 -0.046389 0.019938 1.132913 -0.044375 0.022276 1.133001 -0.042175 0.024432 1.133083 -0.039805 0.026390 1.133161 -0.037282 0.028137 1.133234 -0.034624 0.029659 1.133303 -0.031850 0.030943 1.133368 -0.028980 0.031983 1.133431 -0.026035 0.032768 1.133492 -0.023036 0.033292 1.133551 -0.020004 0.033552 1.133611 -0.016961 0.033549 1.133670 -0.013930 0.033281 1.133731 -0.010932 0.032750 1.133794 -0.007989 0.031957 1.133859 -0.005121 0.030911 1.133928 -0.002350 0.029620 1.134002 0.000304 0.028093 1.134079 0.002823 0.026340 1.134162 0.005189 0.024376 1.134250 0.007385 0.022215 1.134343 0.009393 0.019872 1.134442 0.011203 0.017366 1.134546 0.012801 0.014715 1.134655 0.014175 0.011939 1.134768 0.015315 0.009058 1.134885 0.016215 0.006093 1.135005 0.016870 0.003066 1.140730 -0.052623 0.002333 1.140813 -0.052173 0.004644 1.140894 -0.051581 0.006925 1.140973 -0.050850 0.009166 1.141075 -0.049674 0.012049 1.141174 -0.048265 0.014825 1.141267 -0.046632 0.017472 1.141356 -0.044789 0.019973 1.141441 -0.042748 0.022310 1.141521 -0.040521 0.024464 1.141596 -0.038126 0.026419 1.141666 -0.035579 0.028163 1.141733 -0.032898 0.029682 1.141796 -0.030101 0.030964 1.141855 -0.027209 0.032000 1.141913 -0.024242 0.032784 1.141968 -0.021221 0.033306 1.142023 -0.018168 0.033566 1.142077 -0.015105 0.033562 1.142131 -0.012053 0.033296 1.142187 -0.009033 0.032766 1.142244 -0.006068 0.031975 1.142304 -0.003179 0.030931 1.142367 -0.000385 0.029643 1.142434 0.002294 0.028119 1.142505 0.004837 0.026369 1.142580 0.007228 0.024408 1.142659 0.009449 0.022249 1.142744 0.011485 0.019907 1.142833 0.013322 0.017402 1.142927 0.014949 0.014750 1.143025 0.016353 0.011972 1.143128 0.017522 0.009086 1.143233 0.018453 0.006114 1.150848 -0.050781 0.002344 1.150919 -0.050304 0.004664 1.150989 -0.049685 0.006952 1.151057 -0.048927 0.009199 1.151145 -0.047716 0.012087 1.151230 -0.046272 0.014866 1.151311 -0.044606 0.017514 1.151388 -0.042730 0.020015 1.151461 -0.040656 0.022350 1.151530 -0.038399 0.024501 1.151595 -0.035974 0.026453 1.151656 -0.033397 0.028194 1.151714 -0.030688 0.029709 1.151769 -0.027863 0.030988 1.151821 -0.024945 0.032021 1.151871 -0.021952 0.032802 1.151920 -0.018905 0.033323 1.151967 -0.015827 0.033582 1.152015 -0.012738 0.033579 1.152062 -0.009660 0.033313 1.152111 -0.006614 0.032785 1.152161 -0.003623 0.031996 1.152213 -0.000707 0.030955 1.152268 0.002115 0.029670 1.152326 0.004821 0.028150 1.152388 0.007394 0.026403 1.152453 0.009815 0.024445 1.152522 0.012067 0.022289 1.152595 0.014135 0.019949 1.152672 0.016005 0.017444 1.160926 -0.048754 0.002355 1.160980 -0.048251 0.004684 1.161032 -0.047607 0.006980 1.161084 -0.046823 0.009232 1.161150 -0.045579 0.012125 1.161214 -0.044102 0.014907 1.161275 -0.042403 0.017557 1.161332 -0.040496 0.020057 1.161387 -0.038392 0.022390 1.161438 -0.036105 0.024539 1.161486 -0.033650 0.026488 1.161531 -0.031046 0.028224 1.161573 -0.028309 0.029736 1.161613 -0.025459 0.031011 1.171162 -0.043247 0.012164 1.171216 -0.041734 0.014949 1.171268 -0.040000 0.017599 1.171317 -0.038058 0.020099 1.171364 -0.035920 0.022430 1.148556 0.025687 0.000000 1.151406 0.030739 0.000000 1.154750 0.035478 0.000000 1.158554 0.039856 0.000000 1.162780 0.043829 0.000000 1.167385 0.047355 0.000000 1.172322 0.050400 0.000000 1.177540 0.052932 0.000000 1.182987 0.054925 0.000000 1.188607 0.056360 0.000000 1.194343 0.057221 0.000000 1.200136 0.057500 0.000000 1.205928 0.057194 0.000000 1.211660 0.056305 0.000000 1.217273 0.054844 0.000000 1.222711 0.052825 0.000000 1.227917 0.050268 0.000000 1.232839 0.047200 0.000000 1.237427 0.043652 0.000000 1.241634 0.039659 0.000000 1.245418 0.035263 0.000000 1.248739 0.030508 0.000000 1.251565 0.025442 0.000000 1.253866 0.020118 0.000000 1.255618 0.014589 0.000000 1.256805 0.008911 0.000000 1.257414 0.003143 0.000000 1.257439 -0.002657 0.000000 1.256879 -0.008430 0.000000 1.255740 -0.014117 0.000000 1.254034 -0.019661 0.000000 1.251779 -0.025004 0.000000 1.248996 -0.030094 0.000000 1.245715 -0.034877 0.000000 1.241969 -0.039305 0.000000 1.237796 -0.043333 0.000000 1.233238 -0.046920 0.000000 1.228342 -0.050030 0.000000 1.223157 -0.052631 0.000000 1.217737 -0.054696 0.000000 1.212137 -0.056205 0.000000 1.206413 -0.057141 0.000000 1.200623 -0.057497 0.000000 1.194828 -0.057267 0.000000 1.189085 -0.056454 0.000000 1.183453 -0.055068 0.000000 1.177989 -0.053120 0.000000 1.172750 -0.050633 0.000000 1.227000 0.000000 0.040000 1.226712 0.003931 0.040000 1.225855 0.007779 0.040000 1.224447 0.011460 0.040000 1.222518 0.014898 0.040000 1.220109 0.018018 0.040000 1.217271 0.020753 0.040000 1.214065 0.023047 0.040000 1.210560 0.024849 0.040000 1.206829 0.026122 0.040000 1.202953 0.026838 0.040000 1.199014 0.026982 0.040000 1.195096 0.026551 0.040000 1.191282 0.025554 0.040000 1.187654 0.024012 0.040000 1.184290 0.021959 0.040000 1.181260 0.019437 0.040000 1.178630 0.016502 0.040000 1.176455 0.013214 0.040000 1.174782 0.009645 0.040000 1.173646 0.005871 0.040000 1.173072 0.001971 0.040000 1.173072 -0.001971 0.040000 1.173646 -0.005871 0.040000 1.174782 -0.009645 0.040000 1.176455 -0.013214 0.040000 1.178630 -0.016502 0.040000 1.181260 -0.019437 0.040000 1.184290 -0.021959 0.040000 1.187654 -0.024012 0.040000 1.191282 -0.025554 0.040000 1.195096 -0.026551 0.040000 1.199014 -0.026982 0.040000 1.202953 -0.026838 0.040000 1.206829 -0.026122 0.040000 1.210560 -0.024849 0.040000 1.214065 -0.023047 0.040000 1.217271 -0.020753 0.040000 1.220109 -0.018018 0.040000 1.222518 -0.014898 0.040000 1.224447 -0.011460 0.040000 1.225855 -0.007779 0.040000 1.226712 -0.003931 0.040000 1.230000 0.000000 0.040000 1.229708 -0.004175 0.040000 1.228838 -0.008269 0.040000 1.227406 -0.012202 0.040000 1.225441 -0.015898 0.040000 1.222981 -0.019284 0.040000 1.220074 -0.022294 0.040000 1.216776 -0.024871 0.040000 1.213151 -0.026964 0.040000 1.209271 -0.028532 0.040000 1.205209 -0.029544 0.040000 1.201047 -0.029982 0.040000 1.196864 -0.029836 0.040000 1.192742 -0.029109 0.040000 1.188762 -0.027816 0.040000 1.185000 -0.025981 0.040000 1.181530 -0.023640 0.040000 1.178420 -0.020840 0.040000 1.175729 -0.017634 0.040000 1.173512 -0.014084 0.040000 1.171809 -0.010261 0.040000 1.170656 -0.006237 0.040000 1.170073 -0.002093 0.040000 1.170073 0.002093 0.040000 1.170656 0.006237 0.040000 1.171809 0.010261 0.040000 1.173512 0.014084 0.040000 1.175729 0.017634 0.040000 1.178420 0.020840 0.040000 1.181530 0.023640 0.040000 1.185000 0.025981 0.040000 1.188762 0.027816 0.040000 1.192742 0.029109 0.040000 1.196864 0.029836 0.040000 1.201047 0.029982 0.040000 1.205209 0.029544 0.040000 1.209271 0.028532 0.040000 1.213151 0.026964 0.040000 1.216776 0.024871 0.040000 1.220074 0.022294 0.040000 1.222981 0.019284 0.040000 1.225441 0.015898 0.040000 1.227406 0.012202 0.040000 1.228838 0.008269 0.040000 1.229708 0.004175 0.040000 1.230000 0.000000 0.042000 1.229708 0.004175 0.042000 1.228838 0.008269 0.042000 1.227406 0.012202 0.042000 1.225441 0.015898 0.042000 1.222981 0.019284 0.042000 1.220074 0.022294 0.042000 1.216776 0.024871 0.042000 1.213151 0.026964 0.042000 1.209271 0.028532 0.042000 1.205209 0.029544 0.042000 1.201047 0.029982 0.042000 1.196864 0.029836 0.042000 1.192742 0.029109 0.042000 1.188762 0.027816 0.042000 1.185000 0.025981 0.042000 1.181530 0.023640 0.042000 1.178420 0.020840 0.042000 1.175729 0.017634 0.042000 1.173512 0.014084 0.042000 1.171809 0.010261 0.042000 1.170656 0.006237 0.042000 1.170073 0.002093 0.042000 1.170073 -0.002093 0.042000 1.170656 -0.006237 0.042000 1.171809 -0.010261 0.042000 1.173512 -0.014084 0.042000 1.175729 -0.017634 0.042000 1.178420 -0.020840 0.042000 1.181530 -0.023640 0.042000 1.185000 -0.025981 0.042000 1.188762 -0.027816 0.042000 1.192742 -0.029109 0.042000 1.196864 -0.029836 0.042000 1.201047 -0.029982 0.042000 1.205209 -0.029544 0.042000 1.209271 -0.028532 0.042000 1.213151 -0.026964 0.042000 1.216776 -0.024871 0.042000 1.220074 -0.022294 0.042000 1.222981 -0.019284 0.042000 1.225441 -0.015898 0.042000 1.227406 -0.012202 0.042000 1.228838 -0.008269 0.042000 1.229708 -0.004175 0.042000 1.245000 0.000000 0.042000 1.244707 0.005130 0.042000 1.243831 0.010192 0.042000 1.242383 0.015122 0.042000 1.240383 0.019855 0.042000 1.237856 0.024329 0.042000 1.234836 0.028486 0.042000 1.231362 0.032271 0.042000 1.227479 0.035636 0.042000 1.223238 0.038536 0.042000 1.218694 0.040933 0.042000 1.213906 0.042798 0.042000 1.208937 0.044104 0.042000 1.203851 0.044835 0.042000 1.198715 0.044982 0.042000 1.193596 0.044542 0.042000 1.188560 0.043522 0.042000 1.183674 0.041934 0.042000 1.179000 0.039799 0.042000 1.174600 0.037146 0.042000 1.170531 0.034009 0.042000 1.166847 0.030428 0.042000 1.163594 0.026450 0.042000 1.160816 0.022128 0.042000 1.158549 0.017517 0.042000 1.156823 0.012678 0.042000 1.155659 0.007673 0.042000 1.155073 0.002569 0.042000 1.155073 -0.002569 0.042000 1.155659 -0.007673 0.042000 1.156823 -0.012678 0.042000 1.158549 -0.017517 0.042000 1.160816 -0.022128 0.042000 1.163594 -0.026450 0.042000 1.166847 -0.030428 0.042000 1.170531 -0.034009 0.042000 1.174600 -0.037146 0.042000 1.179000 -0.039799 0.042000 1.183674 -0.041934 0.042000 1.188560 -0.043522 0.042000 1.193596 -0.044542 0.042000 1.198715 -0.044982 0.042000 1.203851 -0.044835 0.042000 1.208937 -0.044104 0.042000 1.213906 -0.042798 0.042000 1.218694 -0.040933 0.042000 1.223238 -0.038536 0.042000 1.227479 -0.035636 0.042000 1.231362 -0.032271 0.042000 1.234836 -0.028486 0.042000 1.237856 -0.024329 0.042000 1.240383 -0.019855 0.042000 1.242383 -0.015122 0.042000 1.243831 -0.010192 0.042000 1.244707 -0.005130 0.042000</float_array>
          <technique_common>
            <accessor source="#JAW_2-mesh-positions-array" count="4191" stride="3">
              <param name="X" type="float"/>
              <param name="Y" type="float"/>
              <param name="Z" type="float"/>
            </accessor>
          </technique_common>
        </source>
        <source id="JAW_2-mesh-normals">
          <float_array id="JAW_2-mesh-normals-array" count="19410">0.606927 0.098635 0.788613 0.523099 0.066083 0.849706 0.614890 0.000000 0.788613 0.527257 0.000000 0.849706 0.523099 -0.066083 0.849706 0.433607 0.000000 0.901102 0.430188 -0.054345 0.901102 0.335010 0.000000 0.942215 0.332368 -0.041988 0.942215 0.232589 0.000000 0.972575 0.230755 -0.029151 0.972575 0.127514 0.000000 0.991837 0.126508 -0.015982 0.991837 0.020983 0.000000 0.999780 0.510692 0.131123 0.849706 0.583245 0.194716 0.788613 0.490231 0.194096 0.849706 0.544458 0.285753 0.788613 0.462039 0.254008 0.849706 0.491569 0.369390 0.788613 0.426560 0.309914 0.849706 0.384354 0.360932 0.849706 0.316086 0.296825 0.901102 0.276392 0.334100 0.901102 0.213543 0.258129 0.942215 0.179507 0.282858 0.942215 0.124627 0.196381 0.972575 0.099032 0.210453 0.972575 0.054293 0.115378 0.991837 0.039404 0.121273 0.991837 0.006484 0.019956 0.999780 0.425949 0.443460 0.788613 0.336086 0.406259 0.849706 0.232338 0.366107 0.901102 0.142640 0.303126 0.942215 0.071874 0.221205 0.972575 0.023894 0.125255 0.991837 0.003932 0.020612 0.999780 0.349297 0.506044 0.788613 0.282518 0.445178 0.849706 0.184621 0.392340 0.901102 0.103524 0.318613 0.942215 0.043583 0.228469 0.972575 0.008007 0.127262 0.991837 0.001318 0.020942 0.999780 0.263599 0.555522 0.788613 0.224495 0.477076 0.849706 0.133992 0.412385 0.901102 0.062775 0.329076 0.942215 0.014604 0.232130 0.972575 -0.008007 0.127262 0.991837 -0.001318 0.020942 0.999780 0.162931 0.501451 0.849706 0.171073 0.590613 0.788613 0.098798 0.517918 0.849706 0.074117 0.610406 0.788613 0.033107 0.526217 0.849706 -0.024759 0.614391 0.788613 -0.033107 0.526217 0.849706 -0.122994 0.602463 0.788613 -0.098798 0.517918 0.849706 -0.162931 0.501451 0.849706 -0.133992 0.412385 0.901102 -0.184621 0.392340 0.901102 -0.142640 0.303126 0.942215 -0.179507 0.282858 0.942215 -0.124627 0.196381 0.972575 -0.148258 0.179213 0.972575 -0.081280 0.098251 0.991837 -0.092953 0.087289 0.991837 -0.015296 0.014364 0.999780 -0.218043 0.574932 0.788613 -0.224495 0.477076 0.849706 -0.232338 0.366107 0.901102 -0.213543 0.258129 0.942215 -0.169550 0.159218 0.972575 -0.103161 0.074951 0.991837 -0.016976 0.012334 0.999780 -0.307445 0.532510 0.788613 -0.282518 0.445178 0.849706 -0.276392 0.334100 0.901102 -0.244212 0.229330 0.942215 -0.188168 0.136712 0.972575 -0.111741 0.061430 0.991837 -0.018388 0.010109 0.999780 -0.388884 0.476297 0.788613 -0.336086 0.406259 0.849706 -0.316086 0.296825 0.901102 -0.271029 0.196914 0.942215 -0.203819 0.112051 0.972575 -0.118559 0.046941 0.991837 -0.019510 0.007725 0.999780 -0.384354 0.360932 0.849706 -0.460251 0.407747 0.788613 -0.426560 0.309914 0.849706 -0.519699 0.328637 0.788613 -0.462039 0.254008 0.849706 -0.565686 0.241016 0.788613 -0.490231 0.194096 0.849706 -0.597022 0.147153 0.788613 -0.510692 0.131123 0.849706 -0.523099 0.066083 0.849706 -0.430188 0.054345 0.901102 -0.433607 0.000000 0.901102 -0.335010 0.000000 0.942215 -0.332368 -0.041988 0.942215 -0.230755 -0.029151 0.972575 -0.225282 -0.057842 0.972575 -0.123508 -0.031711 0.991837 -0.118559 -0.046941 0.991837 -0.019510 -0.007725 0.999780 -0.612896 0.049478 0.788613 -0.527257 0.000000 0.849706 -0.430188 -0.054345 0.901102 -0.324485 -0.083314 0.942215 -0.216256 -0.085622 0.972575 -0.111741 -0.061430 0.991837 -0.018388 -0.010109 0.999780 -0.612896 -0.049478 0.788613 -0.523099 -0.066083 0.849706 -0.419985 -0.107834 0.901102 -0.311484 -0.123325 0.942215 -0.203819 -0.112051 0.972575 -0.103161 -0.074951 0.991837 -0.016976 -0.012334 0.999780 -0.597022 -0.147153 0.788613 -0.510692 -0.131123 0.849706 -0.403158 -0.159622 0.901102 -0.293571 -0.161392 0.942215 -0.188168 -0.136712 0.972575 -0.092953 -0.087289 0.991837 -0.015296 -0.014364 0.999780 -0.490231 -0.194096 0.849706 -0.565686 -0.241016 0.788613 -0.462039 -0.254008 0.849706 -0.519699 -0.328637 0.788613 -0.426560 -0.309914 0.849706 -0.460251 -0.407747 0.788613 -0.384354 -0.360932 0.849706 -0.388884 -0.476297 0.788613 -0.336086 -0.406259 0.849706 -0.282518 -0.445178 0.849706 -0.232338 -0.366107 0.901102 -0.184621 -0.392340 0.901102 -0.142640 -0.303126 0.942215 -0.103524 -0.318613 0.942215 -0.071874 -0.221205 0.972575 -0.043583 -0.228469 0.972575 -0.023894 -0.125255 0.991837 -0.008007 -0.127262 0.991837 -0.001318 -0.020942 0.999780 -0.307445 -0.532510 0.788613 -0.224495 -0.477076 0.849706 -0.133992 -0.412385 0.901102 -0.062775 -0.329076 0.942215 -0.014604 -0.232130 0.972575 0.008007 -0.127262 0.991837 0.001318 -0.020942 0.999780 -0.218043 -0.574932 0.788613 -0.162931 -0.501451 0.849706 -0.081250 -0.425927 0.901102 -0.021035 -0.334349 0.942215 0.014604 -0.232130 0.972575 0.023894 -0.125255 0.991837 0.003932 -0.020612 0.999780 -0.122994 -0.602463 0.788613 -0.098798 -0.517918 0.849706 -0.027226 -0.432752 0.901102 0.021035 -0.334349 0.942215 0.043583 -0.228469 0.972575 0.039404 -0.121273 0.991837 0.006484 -0.019956 0.999780 -0.033107 -0.526217 0.849706 -0.024759 -0.614391 0.788613 0.033107 -0.526217 0.849706 0.074117 -0.610406 0.788613 0.098798 -0.517918 0.849706 0.171073 -0.590613 0.788613 0.162931 -0.501451 0.849706 0.263599 -0.555522 0.788613 0.224495 -0.477076 0.849706 0.282518 -0.445178 0.849706 0.232338 -0.366107 0.901102 0.276392 -0.334100 0.901102 0.213543 -0.258129 0.942215 0.244212 -0.229330 0.942215 0.169550 -0.159218 0.972575 0.188168 -0.136712 0.972575 0.103161 -0.074951 0.991837 0.111741 -0.061430 0.991837 0.018388 -0.010109 0.999780 0.349297 -0.506044 0.788613 0.336086 -0.406259 0.849706 0.316086 -0.296825 0.901102 0.271029 -0.196914 0.942215 0.203819 -0.112051 0.972575 0.118559 -0.046941 0.991837 0.019510 -0.007725 0.999780 0.425949 -0.443460 0.788613 0.384354 -0.360932 0.849706 0.350796 -0.254868 0.901102 0.293571 -0.161392 0.942215 0.216256 -0.085622 0.972575 0.123508 -0.031711 0.991837 0.020324 -0.005218 0.999780 0.491569 -0.369390 0.788613 0.426560 -0.309914 0.849706 0.379973 -0.208892 0.901102 0.311484 -0.123325 0.942215 0.225282 -0.057842 0.972575 0.020818 -0.002630 0.999780 0.462039 -0.254008 0.849706 0.544458 -0.285753 0.788613 0.490231 -0.194096 0.849706 0.583245 -0.194716 0.788613 0.510692 -0.131123 0.849706 0.606927 -0.098635 0.788613 -0.127514 0.000000 0.991837 -0.020983 0.000000 0.999780 -0.126508 0.015982 0.991837 -0.020818 0.002630 0.999780 -0.123508 0.031711 0.991837 -0.020324 0.005218 0.999780 -0.013375 0.016168 0.999780 -0.068325 0.107663 0.991837 -0.011243 0.017717 0.999780 -0.054293 0.115378 0.991837 -0.008934 0.018986 0.999780 -0.039404 0.121273 0.991837 -0.006484 0.019956 0.999780 -0.023894 0.125255 0.991837 -0.003932 0.020612 0.999780 0.008934 0.018986 0.999780 0.068325 0.107663 0.991837 0.081280 0.098251 0.991837 0.013375 0.016168 0.999780 0.092953 0.087289 0.991837 0.015296 0.014364 0.999780 0.103161 0.074951 0.991837 0.016976 0.012334 0.999780 0.111741 0.061430 0.991837 0.018388 0.010109 0.999780 0.118559 0.046941 0.991837 0.019510 0.007725 0.999780 0.123508 0.031711 0.991837 0.020324 0.005218 0.999780 0.126508 0.015982 0.991837 0.020818 0.002630 0.999780 0.016976 -0.012334 0.999780 0.092953 -0.087289 0.991837 0.015296 -0.014364 0.999780 0.081280 -0.098251 0.991837 0.013375 -0.016168 0.999780 0.068325 -0.107663 0.991837 0.011243 -0.017717 0.999780 0.054293 -0.115378 0.991837 -0.003932 -0.020612 0.999780 -0.039404 -0.121273 0.991837 -0.006484 -0.019956 0.999780 -0.054293 -0.115378 0.991837 -0.008934 -0.018986 0.999780 -0.068325 -0.107663 0.991837 -0.011243 -0.017717 0.999780 -0.081280 -0.098251 0.991837 -0.013375 -0.016168 0.999780 -0.020324 -0.005218 0.999780 -0.126508 -0.015982 0.991837 -0.020818 -0.002630 0.999780 -0.232589 0.000000 0.972575 -0.332368 0.041988 0.942215 -0.230755 0.029151 0.972575 -0.324485 0.083314 0.942215 -0.225282 0.057842 0.972575 -0.311484 0.123325 0.942215 -0.216256 0.085622 0.972575 -0.293571 0.161392 0.942215 0.430188 0.054345 0.901102 0.419985 0.107834 0.901102 0.403158 0.159622 0.901102 0.379973 0.208892 0.901102 0.350796 0.254868 0.901102 0.332368 0.041988 0.942215 0.324485 0.083314 0.942215 0.311484 0.123325 0.942215 0.293571 0.161392 0.942215 0.271029 0.196914 0.942215 0.244212 0.229330 0.942215 0.230755 0.029151 0.972575 0.225282 0.057842 0.972575 0.216256 0.085622 0.972575 0.203819 0.112051 0.972575 0.188168 0.136712 0.972575 0.169550 0.159218 0.972575 0.148258 0.179213 0.972575 0.011243 0.017717 0.999780 0.081250 0.425927 0.901102 0.021035 0.334349 0.942215 -0.014604 0.232130 0.972575 0.027226 0.432752 0.901102 -0.027226 0.432752 0.901102 -0.081250 0.425927 0.901102 -0.021035 0.334349 0.942215 -0.043583 0.228469 0.972575 -0.062775 0.329076 0.942215 -0.103524 0.318613 0.942215 -0.071874 0.221205 0.972575 -0.099032 0.210453 0.972575 -0.350796 0.254868 0.901102 -0.379973 0.208892 0.901102 -0.403158 0.159622 0.901102 -0.419985 0.107834 0.901102 -0.379973 -0.208892 0.901102 -0.271029 -0.196914 0.942215 -0.169550 -0.159218 0.972575 -0.350796 -0.254868 0.901102 -0.316086 -0.296825 0.901102 -0.276392 -0.334100 0.901102 -0.244212 -0.229330 0.942215 -0.148258 -0.179213 0.972575 -0.213543 -0.258129 0.942215 -0.179507 -0.282858 0.942215 -0.124627 -0.196381 0.972575 -0.099032 -0.210453 0.972575 0.027226 -0.432752 0.901102 0.062775 -0.329076 0.942215 0.071874 -0.221205 0.972575 0.008934 -0.018986 0.999780 0.081250 -0.425927 0.901102 0.133992 -0.412385 0.901102 0.184621 -0.392340 0.901102 0.103524 -0.318613 0.942215 0.099032 -0.210453 0.972575 0.142640 -0.303126 0.942215 0.179507 -0.282858 0.942215 0.124627 -0.196381 0.972575 0.148258 -0.179213 0.972575 0.403158 -0.159622 0.901102 0.324485 -0.083314 0.942215 0.419985 -0.107834 0.901102 0.477277 0.070241 0.875941 0.403315 0.039723 0.914199 0.482418 0.000000 0.875941 0.405266 0.000000 0.914199 0.403315 -0.039723 0.914199 0.325109 0.000000 0.945677 0.323544 -0.031866 0.945677 0.242541 0.000000 0.970141 0.241373 -0.023773 0.970141 0.158174 0.000000 0.987411 0.157412 -0.015504 0.987411 0.072634 -0.000000 0.997359 0.397479 0.079064 0.914199 0.461964 0.138984 0.875941 0.387816 0.117643 0.914199 0.374417 0.155089 0.914199 0.300362 0.124414 0.945677 0.286721 0.153255 0.945677 0.213902 0.114333 0.970141 0.201665 0.134748 0.970141 0.131517 0.087877 0.987411 0.122270 0.100344 0.987411 0.056147 0.046078 0.997359 0.436805 0.204766 0.875941 0.357413 0.191041 0.914199 0.270318 0.180621 0.945677 0.187486 0.153866 0.970141 0.111846 0.111846 0.987411 0.051360 0.051360 0.997359 0.402336 0.266183 0.875941 0.336967 0.225154 0.914199 0.251313 0.206247 0.945677 0.171502 0.171502 0.970141 0.100344 0.122270 0.987411 0.046078 0.056147 0.997359 0.313275 0.257098 0.914199 0.359292 0.321927 0.875941 0.286567 0.286567 0.914199 0.308590 0.370809 0.875941 0.257098 0.313275 0.914199 0.225154 0.336967 0.914199 0.180621 0.270318 0.945677 0.153255 0.286721 0.945677 0.114333 0.213902 0.970141 0.092816 0.224078 0.970141 0.060530 0.146133 0.987411 0.045915 0.151363 0.987411 0.021084 0.069506 0.997359 0.251311 0.411789 0.875941 0.191041 0.357413 0.914199 0.124414 0.300362 0.945677 0.070406 0.232097 0.970141 0.030858 0.155134 0.987411 0.014170 0.071238 0.997359 0.188676 0.443992 0.875941 0.155089 0.374417 0.914199 0.094374 0.311110 0.945677 0.047317 0.237880 0.970141 0.015504 0.157412 0.987411 0.007119 0.072284 0.997359 0.117643 0.387816 0.914199 0.122020 0.466732 0.875941 0.079064 0.397479 0.914199 0.052763 0.479524 0.875941 0.039723 0.403315 0.914199 0.000000 0.405266 0.914199 0.000000 0.325109 0.945677 -0.031866 0.323544 0.945677 -0.023773 0.241373 0.970141 -0.047317 0.237880 0.970141 -0.030858 0.155134 0.987411 -0.045915 0.151363 0.987411 -0.021084 0.069506 0.997359 -0.017619 0.482096 0.875941 -0.039723 0.403315 0.914199 -0.063426 0.318862 0.945677 -0.070406 0.232097 0.970141 -0.060530 0.146133 0.987411 -0.027796 0.067105 0.997359 -0.087625 0.474393 0.875941 -0.079064 0.397479 0.914199 -0.094374 0.311110 0.945677 -0.092816 0.224078 0.970141 -0.074563 0.139497 0.987411 -0.034239 0.064057 0.997359 -0.117643 0.387816 0.914199 -0.155763 0.456580 0.875941 -0.155089 0.374417 0.914199 -0.220582 0.429035 0.875941 -0.191041 0.357413 0.914199 -0.225154 0.336967 0.914199 -0.180621 0.270318 0.945677 -0.206247 0.251313 0.945677 -0.153866 0.187486 0.970141 -0.171502 0.171502 0.970141 -0.111846 0.111846 0.987411 -0.122270 0.100344 0.987411 -0.056147 0.046078 0.997359 -0.280699 0.392346 0.875941 -0.257098 0.313275 0.914199 -0.229887 0.229887 0.945677 -0.187486 0.153866 0.970141 -0.131517 0.087877 0.987411 -0.060393 0.040353 0.997359 -0.334834 0.347295 0.875941 -0.286567 0.286567 0.914199 -0.251313 0.206247 0.945677 -0.201665 0.134748 0.970141 -0.139497 0.074563 0.987411 -0.064057 0.034239 0.997359 -0.313275 0.257098 0.914199 -0.381832 0.294841 0.875941 -0.336967 0.225154 0.914199 -0.420692 0.236104 0.875941 -0.357413 0.191041 0.914199 -0.374417 0.155089 0.914199 -0.300362 0.124414 0.945677 -0.311110 0.094374 0.945677 -0.232097 0.070406 0.970141 -0.237880 0.047317 0.970141 -0.155134 0.030858 0.987411 -0.157412 0.015504 0.987411 -0.072284 0.007119 0.997359 -0.450586 0.172335 0.875941 -0.387816 0.117643 0.914199 -0.318862 0.063426 0.945677 -0.241373 0.023773 0.970141 -0.158174 0.000000 0.987411 -0.072634 0.000000 0.997359 -0.470877 0.104892 0.875941 -0.397479 0.079064 0.914199 -0.323544 0.031866 0.945677 -0.242541 0.000000 0.970141 -0.157412 -0.015504 0.987411 -0.072284 -0.007119 0.997359 -0.403315 0.039723 0.914199 -0.481131 0.035214 0.875941 -0.405266 0.000000 0.914199 -0.481131 -0.035214 0.875941 -0.403315 -0.039723 0.914199 -0.470877 -0.104892 0.875941 -0.397479 -0.079064 0.914199 -0.387816 -0.117643 0.914199 -0.311110 -0.094374 0.945677 -0.300362 -0.124414 0.945677 -0.224078 -0.092816 0.970141 -0.213902 -0.114333 0.970141 -0.139497 -0.074563 0.987411 -0.131517 -0.087877 0.987411 -0.060393 -0.040353 0.997359 -0.450586 -0.172335 0.875941 -0.374417 -0.155089 0.914199 -0.286721 -0.153255 0.945677 -0.201665 -0.134748 0.970141 -0.122270 -0.100344 0.987411 -0.056147 -0.046078 0.997359 -0.420692 -0.236104 0.875941 -0.357413 -0.191041 0.914199 -0.270318 -0.180621 0.945677 -0.187486 -0.153866 0.970141 -0.111846 -0.111846 0.987411 -0.051360 -0.051360 0.997359 -0.336967 -0.225154 0.914199 -0.381832 -0.294841 0.875941 -0.313275 -0.257098 0.914199 -0.334834 -0.347295 0.875941 -0.286567 -0.286567 0.914199 -0.257098 -0.313275 0.914199 -0.206247 -0.251313 0.945677 -0.180621 -0.270318 0.945677 -0.134748 -0.201665 0.970141 -0.114333 -0.213902 0.970141 -0.074563 -0.139497 0.987411 -0.060530 -0.146133 0.987411 -0.027796 -0.067105 0.997359 -0.280699 -0.392346 0.875941 -0.225154 -0.336967 0.914199 -0.153255 -0.286721 0.945677 -0.092816 -0.224078 0.970141 -0.045915 -0.151363 0.987411 -0.021084 -0.069506 0.997359 -0.220582 -0.429035 0.875941 -0.191041 -0.357413 0.914199 -0.124414 -0.300362 0.945677 -0.070406 -0.232097 0.970141 -0.030858 -0.155134 0.987411 -0.014170 -0.071238 0.997359 -0.155089 -0.374417 0.914199 -0.155763 -0.456580 0.875941 -0.117643 -0.387816 0.914199 -0.087625 -0.474393 0.875941 -0.079064 -0.397479 0.914199 -0.039723 -0.403315 0.914199 -0.031866 -0.323544 0.945677 0.000000 -0.325109 0.945677 0.000000 -0.242541 0.970141 0.023773 -0.241373 0.970141 0.015504 -0.157412 0.987411 0.030858 -0.155134 0.987411 0.014170 -0.071238 0.997359 -0.017619 -0.482096 0.875941 0.000000 -0.405266 0.914199 0.031866 -0.323544 0.945677 0.047317 -0.237880 0.970141 0.045915 -0.151363 0.987411 0.021084 -0.069506 0.997359 0.052763 -0.479524 0.875941 0.039723 -0.403315 0.914199 0.063426 -0.318862 0.945677 0.070406 -0.232097 0.970141 0.060530 -0.146133 0.987411 0.027796 -0.067105 0.997359 0.079064 -0.397479 0.914199 0.122020 -0.466732 0.875941 0.117643 -0.387816 0.914199 0.188676 -0.443992 0.875941 0.155089 -0.374417 0.914199 0.191041 -0.357413 0.914199 0.153255 -0.286721 0.945677 0.180621 -0.270318 0.945677 0.134748 -0.201665 0.970141 0.153866 -0.187486 0.970141 0.100344 -0.122270 0.987411 0.111846 -0.111846 0.987411 0.051360 -0.051360 0.997359 0.251311 -0.411789 0.875941 0.225154 -0.336967 0.914199 0.206247 -0.251313 0.945677 0.171502 -0.171502 0.970141 0.122270 -0.100344 0.987411 0.056147 -0.046078 0.997359 0.308590 -0.370809 0.875941 0.257098 -0.313275 0.914199 0.229887 -0.229887 0.945677 0.187486 -0.153866 0.970141 0.131517 -0.087877 0.987411 0.060393 -0.040353 0.997359 0.286567 -0.286567 0.914199 0.359292 -0.321927 0.875941 0.313275 -0.257098 0.914199 0.402336 -0.266183 0.875941 0.336967 -0.225154 0.914199 0.357413 -0.191041 0.914199 0.286721 -0.153255 0.945677 0.300362 -0.124414 0.945677 0.224078 -0.092816 0.970141 0.232097 -0.070406 0.970141 0.151363 -0.045915 0.987411 0.155134 -0.030858 0.987411 0.071238 -0.014170 0.997359 0.436805 -0.204766 0.875941 0.374417 -0.155089 0.914199 0.311110 -0.094374 0.945677 0.237880 -0.047317 0.970141 0.072284 -0.007119 0.997359 0.461964 -0.138984 0.875941 0.387816 -0.117643 0.914199 0.318862 -0.063426 0.945677 0.397479 -0.079064 0.914199 0.477277 -0.070241 0.875941 -0.071238 0.014170 0.997359 -0.151363 0.045915 0.987411 -0.069506 0.021084 0.997359 -0.146133 0.060530 0.987411 -0.067105 0.027796 0.997359 -0.051360 0.051360 0.997359 -0.100344 0.122270 0.987411 -0.046078 0.056147 0.997359 -0.087877 0.131517 0.987411 -0.040353 0.060393 0.997359 -0.014170 0.071238 0.997359 -0.015504 0.157412 0.987411 -0.007119 0.072284 0.997359 0.000000 0.158174 0.987411 0.000000 0.072634 0.997359 0.027796 0.067105 0.997359 0.074563 0.139497 0.987411 0.034239 0.064057 0.997359 0.087877 0.131517 0.987411 0.060393 0.040353 0.997359 0.139497 0.074563 0.987411 0.064057 0.034239 0.997359 0.146133 0.060530 0.987411 0.067105 0.027796 0.997359 0.151363 0.045915 0.987411 0.069506 0.021084 0.997359 0.155134 0.030858 0.987411 0.071238 0.014170 0.997359 0.157412 0.015504 0.987411 0.072284 0.007119 0.997359 0.069506 -0.021084 0.997359 0.146133 -0.060530 0.987411 0.067105 -0.027796 0.997359 0.139497 -0.074563 0.987411 0.064057 -0.034239 0.997359 0.046078 -0.056147 0.997359 0.087877 -0.131517 0.987411 0.040353 -0.060393 0.997359 0.074563 -0.139497 0.987411 0.007119 -0.072284 0.997359 0.000000 -0.158174 0.987411 0.000000 -0.072634 0.997359 -0.015504 -0.157412 0.987411 -0.007119 -0.072284 0.997359 -0.034239 -0.064057 0.997359 -0.087877 -0.131517 0.987411 -0.040353 -0.060393 0.997359 -0.100344 -0.122270 0.987411 -0.046078 -0.056147 0.997359 -0.064057 -0.034239 0.997359 -0.146133 -0.060530 0.987411 -0.067105 -0.027796 0.997359 -0.151363 -0.045915 0.987411 -0.069506 -0.021084 0.997359 -0.155134 -0.030858 0.987411 -0.071238 -0.014170 0.997359 -0.325109 0.000000 0.945677 -0.241373 -0.023773 0.970141 -0.323544 -0.031866 0.945677 -0.318862 -0.063426 0.945677 0.323544 0.031866 0.945677 0.318862 0.063426 0.945677 0.311110 0.094374 0.945677 0.241373 0.023773 0.970141 0.237880 0.047317 0.970141 0.232097 0.070406 0.970141 0.224078 0.092816 0.970141 0.229887 0.229887 0.945677 0.153866 0.187486 0.970141 0.040353 0.060393 0.997359 0.206247 0.251313 0.945677 0.134748 0.201665 0.970141 0.063426 0.318862 0.945677 0.023773 0.241373 0.970141 0.031866 0.323544 0.945677 0.000000 0.242541 0.970141 -0.124414 0.300362 0.945677 -0.114333 0.213902 0.970141 -0.153255 0.286721 0.945677 -0.134748 0.201665 0.970141 -0.270318 0.180621 0.945677 -0.213902 0.114333 0.970141 -0.286721 0.153255 0.945677 -0.224078 0.092816 0.970141 -0.237880 -0.047317 0.970141 -0.232097 -0.070406 0.970141 -0.251313 -0.206247 0.945677 -0.171502 -0.171502 0.970141 -0.229887 -0.229887 0.945677 -0.153866 -0.187486 0.970141 -0.094374 -0.311110 0.945677 -0.047317 -0.237880 0.970141 -0.063426 -0.318862 0.945677 -0.023773 -0.241373 0.970141 0.094374 -0.311110 0.945677 0.092816 -0.224078 0.970141 0.034239 -0.064057 0.997359 0.124414 -0.300362 0.945677 0.114333 -0.213902 0.970141 0.251313 -0.206247 0.945677 0.201665 -0.134748 0.970141 0.270318 -0.180621 0.945677 0.213902 -0.114333 0.970141 -0.980785 -0.195090 -0.000000 -0.980785 -0.195090 -0.000000 -1.000000 -0.000000 -0.000000 -1.000000 -0.000000 -0.000000 -0.980785 0.195090 -0.000000 -0.980785 0.195090 -0.000000 -0.923880 0.382683 -0.000000 -0.923880 0.382683 -0.000000 -0.831470 0.555570 -0.000000 -0.831470 0.555570 -0.000000 -0.707107 0.707107 -0.000000 -0.707107 0.707107 -0.000000 -0.555570 0.831470 -0.000000 -0.555570 0.831470 -0.000000 -0.382683 0.923880 -0.000000 -0.382683 0.923880 -0.000000 -0.195090 0.980785 -0.000000 -0.195090 0.980785 -0.000000 0.000000 1.000000 0.000000 0.000000 1.000000 0.000000 0.195090 0.980785 0.000000 0.195090 0.980785 0.000000 0.382683 0.923880 0.000000 0.382683 0.923880 0.000000 0.555570 0.831470 0.000000 0.555570 0.831470 0.000000 0.707107 0.707107 0.000000 0.707107 0.707107 0.000000 0.831470 0.555570 0.000000 0.831470 0.555570 0.000000 0.923880 0.382683 0.000000 0.923880 0.382683 0.000000 0.980785 0.195090 0.000000 0.980785 0.195090 0.000000 1.000000 0.000000 0.000000 1.000000 -0.000000 -0.000000 0.980785 -0.195090 -0.000000 0.980785 -0.195090 -0.000000 0.923880 -0.382683 -0.000000 0.923880 -0.382683 -0.000000 0.831470 -0.555570 -0.000000 0.831470 -0.555570 -0.000000 0.707107 -0.707107 -0.000000 0.707107 -0.707107 -0.000000 0.555570 -0.831470 -0.000000 0.555570 -0.831470 -0.000000 0.382683 -0.923880 -0.000000 0.382683 -0.923880 -0.000000 0.195090 -0.980785 -0.000000 0.195090 -0.980785 -0.000000 0.000000 -1.000000 -0.000000 0.000000 -1.000000 -0.000000 -0.195090 -0.980785 -0.000000 -0.195090 -0.980785 -0.000000 -0.382683 -0.923880 -0.000000 -0.382683 -0.923880 -0.000000 -0.555570 -0.831470 -0.000000 -0.555570 -0.831470 -0.000000 -0.707107 -0.707107 -0.000000 -0.707107 -0.707107 -0.000000 -0.831470 -0.555570 -0.000000 -0.831470 -0.555570 -0.000000 -0.923880 -0.382683 -0.000000 -0.923880 -0.382683 -0.000000 0.000000 0.000000 -1.000000 0.000000 0.000000 -1.000000 0.000000 0.000000 -1.000000 0.000000 0.000000 -1.000000 0.000000 0.000000 -1.000000 0.000000 0.000000 -1.000000 0.000000 0.000000 -1.000000 0.000000 0.000000 -1.000000 0.000000 0.000000 -1.000000 0.000000 0.000000 -1.000000 0.000000 0.000000 -1.000000 0.000000 0.000000 -1.000000 0.000000 0.000000 -1.000000 0.000000 0.000000 -1.000000 0.000000 0.000000 -1.000000 0.000000 0.000000 -1.000000 0.000000 0.000000 -1.000000 0.000000 0.000000 -1.000000 0.000000 0.000000 -1.000000 0.000000 0.000000 -1.000000 0.000000 0.000000 -1.000000 0.000000 0.000000 -1.000000 0.000000 0.000000 -1.000000 0.000000 0.000000 -1.000000 0.000000 0.000000 -1.000000 0.000000 0.000000 -1.000000 0.000000 0.000000 -1.000000 0.000000 0.000000 -1.000000 0.000000 0.000000 -1.000000 0.000000 0.000000 -1.000000 0.000000 0.000000 -1.000000 0.000000 0.000000 -1.000000 -0.000000 -0.000000 -1.000000 -0.000000 -0.000000 -1.000000 -0.000000 -0.000000 -1.000000 -0.000000 -0.000000 -1.000000 -0.000000 -0.000000 -1.000000 -0.000000 -0.000000 -1.000000 -0.000000 -0.000000 -1.000000 -0.000000 -0.000000 -1.000000 -0.000000 -0.000000 -1.000000 -0.000000 -0.000000 -1.000000 -0.000000 -0.000000 -1.000000 -0.000000 -0.000000 -1.000000 -0.000000 -0.000000 -1.000000 -0.000000 -0.000000 -1.000000 -0.000000 -0.000000 -1.000000 -0.000000 -0.000000 -1.000000 -0.000000 -0.000000 -1.000000 -0.000000 -0.000000 -1.000000 -0.000000 -0.000000 -1.000000 -0.000000 -0.000000 -1.000000 -0.000000 -0.000000 -1.000000 -0.000000 -0.000000 -1.000000 -0.000000 -0.000000 -1.000000 -0.000000 -0.000000 -1.000000 -0.000000 -0.000000 -1.000000 -0.000000 -0.000000 -1.000000 -0.000000 -0.000000 -1.000000 -0.000000 -0.000000 -1.000000 -0.000000 -0.000000 -1.000000 -0.000000 -0.000000 -1.000000 -0.000000 -0.000000 -1.000000 -0.000000 -0.000000 -1.000000 -0.000000 -0.000000 -1.000000 -0.000000 -0.000000 -1.000000 -0.000000 -0.000000 -1.000000 -0.000000 -0.000000 -1.000000 -0.000000 -0.000000 -1.000000 -0.000000 -0.000000 -1.000000 -0.000000 -0.000000 -1.000000 -0.000000 -0.000000 -1.000000 -0.000000 -0.000000 -1.000000 -0.000000 -0.000000 -1.000000 -0.000000 -0.000000 -1.000000 -0.000000 -0.000000 -1.000000 -0.000000 -0.000000 -1.000000 -0.000000 -0.000000 -1.000000 -0.000000 -0.000000 -1.000000 -0.000000 -0.000000 -1.000000 -0.000000 -0.000000 -1.000000 -0.000000 -0.000000 -1.000000 -0.000000 -0.000000 -1.000000 -0.000000 -0.000000 -1.000000 -0.000000 -0.000000 -1.000000 -0.000000 -0.000000 -1.000000 -0.000000 -0.000000 -1.000000 -0.000000 -0.000000 -1.000000 -0.000000 -0.000000 -1.000000 -0.000000 -0.000000 -1.000000 -0.980785 -0.195090 -0.000000 -0.980785 -0.195090 -0.000000 -1.000000 -0.000000 -0.000000 -1.000000 -0.000000 -0.000000 -0.980785 0.195090 -0.000000 -0.980785 0.195090 -0.000000 -0.923880 0.382683 -0.000000 -0.923880 0.382683 -0.000000 -0.831470 0.555570 -0.000000 -0.831470 0.555570 -0.000000 -0.707107 0.707107 -0.000000 -0.707107 0.707107 -0.000000 -0.555570 0.831470 -0.000000 -0.555570 0.831470 -0.000000 -0.382683 0.923880 -0.000000 -0.382683 0.923880 -0.000000 -0.195090 0.980785 -0.000000 -0.195090 0.980785 -0.000000 0.000000 1.000000 0.000000 0.000000 1.000000 0.000000 0.195090 0.980785 0.000000 0.195090 0.980785 0.000000 0.382683 0.923880 0.000000 0.382683 0.923880 0.000000 0.555570 0.831470 0.000000 0.555570 0.831470 0.000000 0.707107 0.707107 0.000000 0.707107 0.707107 0.000000 0.831470 0.555570 0.000000 0.831470 0.555570 0.000000 0.923880 0.382683 0.000000 0.923880 0.382683 0.000000 0.980785 0.195090 0.000000 0.980785 0.195090 0.000000 1.000000 0.000000 0.000000 1.000000 0.000000 0.000000 0.980785 -0.195090 -0.000000 0.980785 -0.195090 -0.000000 0.923880 -0.382683 -0.000000 0.923880 -0.382683 -0.000000 0.831470 -0.555570 -0.000000 0.831470 -0.555570 -0.000000 0.707107 -0.707107 -0.000000 0.707107 -0.707107 -0.000000 0.555570 -0.831470 -0.000000 0.555570 -0.831470 -0.000000 0.382683 -0.923880 -0.000000 0.382683 -0.923880 -0.000000 0.195090 -0.980785 -0.000000 0.195090 -0.980785 -0.000000 0.000000 -1.000000 -0.000000 0.000000 -1.000000 -0.000000 -0.195090 -0.980785 -0.000000 -0.195090 -0.980785 -0.000000 -0.382683 -0.923880 -0.000000 -0.382683 -0.923880 -0.000000 -0.555570 -0.831470 -0.000000 -0.555570 -0.831470 -0.000000 -0.707107 -0.707107 -0.000000 -0.707107 -0.707107 -0.000000 -0.831470 -0.555570 -0.000000 -0.831470 -0.555570 -0.000000 -0.923880 -0.382683 -0.000000 -0.923880 -0.382683 -0.000000 0.000000 0.000000 -1.000000 0.000000 0.000000 -1.000000 0.000000 0.000000 -1.000000 0.000000 0.000000 -1.000000 0.000000 0.000000 -1.000000 0.000000 0.000000 -1.000000 0.000000 0.000000 -1.000000 0.000000 0.000000 -1.000000 0.000000 0.000000 -1.000000 0.000000 0.000000 -1.000000 0.000000 0.000000 -1.000000 0.000000 0.000000 -1.000000 0.000000 0.000000 -1.000000 0.000000 0.000000 -1.000000 0.000000 0.000000 -1.000000 0.000000 0.000000 -1.000000 0.000000 0.000000 -1.000000 0.000000 0.000000 -1.000000 0.000000 0.000000 -1.000000 0.000000 0.000000 -1.000000 0.000000 0.000000 -1.000000 0.000000 0.000000 -1.000000 0.000000 0.000000 -1.000000 0.000000 0.000000 -1.000000 0.000000 0.000000 -1.000000 0.000000 0.000000 -1.000000 0.000000 0.000000 -1.000000 0.000000 0.000000 -1.000000 0.000000 0.000000 -1.000000 0.000000 0.000000 -1.000000 0.000000 0.000000 -1.000000 0.000000 0.000000 -1.000000 -0.996195 0.087156 0.000000 -0.996195 0.087156 0.000000 -0.939693 0.342020 0.000000 -0.939693 0.342020 0.000000 -0.819152 0.573576 0.000000 -0.819152 0.573576 0.000000 -0.642788 0.766044 0.000000 -0.642788 0.766044 0.000000 -0.422618 0.906308 0.000000 -0.422618 0.906308 0.000000 -0.173648 0.984808 0.000000 -0.173648 0.984808 0.000000 0.087156 0.996195 -0.000000 0.087156 0.996195 -0.000000 0.342020 0.939693 -0.000000 0.342020 0.939693 -0.000000 0.573576 0.819152 -0.000000 0.573576 0.819152 -0.000000 0.766044 0.642788 -0.000000 0.766044 0.642788 -0.000000 0.906308 0.422618 -0.000000 0.906308 0.422618 -0.000000 0.984808 0.173648 -0.000000 0.984808 0.173648 -0.000000 0.996195 -0.087156 0.000000 0.996195 -0.087156 0.000000 0.939693 -0.342020 0.000000 0.939693 -0.342020 0.000000 0.819152 -0.573576 0.000000 0.819152 -0.573576 0.000000 0.642788 -0.766044 0.000000 0.642788 -0.766044 0.000000 0.422618 -0.906308 0.000000 0.422618 -0.906308 0.000000 0.173648 -0.984808 0.000000 0.173648 -0.984808 0.000000 -0.087156 -0.996195 0.000000 -0.087156 -0.996195 0.000000 -0.342020 -0.939693 0.000000 -0.342020 -0.939693 0.000000 -0.573576 -0.819152 0.000000 -0.573576 -0.819152 0.000000 -0.766044 -0.642788 0.000000 -0.766044 -0.642788 0.000000 -0.906308 -0.422618 0.000000 -0.906308 -0.422618 0.000000 -0.984808 -0.173648 0.000000 -0.984808 -0.173648 0.000000 0.819152 -0.573576 -0.000000 0.819152 -0.573576 -0.000000 0.939693 -0.342020 -0.000000 0.939693 -0.342020 -0.000000 0.996195 -0.087156 -0.000000 0.996195 -0.087156 -0.000000 0.984808 0.173648 -0.000000 0.984808 0.173648 -0.000000 0.906308 0.422618 -0.000000 0.906308 0.422618 -0.000000 0.766044 0.642788 -0.000000 0.766044 0.642788 -0.000000 0.573576 0.819152 -0.000000 0.573576 0.819152 -0.000000 0.342020 0.939693 -0.000000 0.342020 0.939693 -0.000000 0.087156 0.996195 -0.000000 0.087156 0.996195 -0.000000 -0.173648 0.984808 -0.000000 -0.173648 0.984808 -0.000000 -0.422618 0.906308 -0.000000 -0.422618 0.906308 -0.000000 -0.642788 0.766044 -0.000000 -0.642788 0.766044 -0.000000 -0.819152 0.573576 -0.000000 -0.819152 0.573576 -0.000000 -0.939693 0.342020 -0.000000 -0.939693 0.342020 -0.000000 -0.996195 0.087156 -0.000000 -0.996195 0.087156 -0.000000 -0.984808 -0.173648 0.000000 -0.984808 -0.173648 0.000000 -0.906308 -0.422618 0.000000 -0.906308 -0.422618 0.000000 -0.766044 -0.642788 0.000000 -0.766044 -0.642788 0.000000 -0.573576 -0.819152 0.000000 -0.573576 -0.819152 0.000000 -0.342020 -0.939693 0.000000 -0.342020 -0.939693 0.000000 -0.087156 -0.996195 0.000000 -0.087156 -0.996195 0.000000 0.173648 -0.984808 -0.000000 0.173648 -0.984808 -0.000000 0.422618 -0.906308 -0.000000 0.422618 -0.906308 -0.000000 0.642788 -0.766044 -0.000000 0.642788 -0.766044 -0.000000 0.000000 0.000000 1.000000 0.000000 0.000000 1.000000 0.000000 0.000000 1.000000 0.000000 0.000000 1.000000 0.000000 0.000000 1.000000 0.000000 0.000000 1.000000 0.000000 0.000000 1.000000 0.000000 0.000000 1.000000 0.000000 0.000000 1.000000 0.000000 0.000000 1.000000 0.000000 0.000000 1.000000 0.000000 0.000000 1.000000 0.000000 0.000000 1.000000 0.000000 0.000000 1.000000 0.000000 0.000000 1.000000 0.000000 0.000000 1.000000 0.000000 0.000000 1.000000 0.000000 0.000000 1.000000 0.000000 0.000000 1.000000 0.000000 0.000000 1.000000 0.000000 0.000000 1.000000 0.000000 0.000000 1.000000 0.000000 0.000000 1.000000 0.000000 0.000000 1.000000 0.000000 0.000000 1.000000 0.000000 0.000000 1.000000 0.000000 0.000000 1.000000 0.000000 0.000000 1.000000 0.000000 0.000000 1.000000 0.000000 0.000000 1.000000 0.000000 0.000000 1.000000 0.000000 0.000000 1.000000 0.000000 0.000000 1.000000 0.000000 0.000000 1.000000 0.000000 0.000000 1.000000 0.000000 0.000000 1.000000 0.000000 0.000000 1.000000 0.000000 0.000000 1.000000 0.000000 0.000000 1.000000 0.000000 0.000000 1.000000 0.000000 0.000000 1.000000 0.000000 0.000000 1.000000 0.000000 0.000000 1.000000 0.000000 0.000000 1.000000 0.000000 0.000000 1.000000 0.000000 0.000000 1.000000 0.000000 0.000000 1.000000 0.000000 0.000000 1.000000 0.000000 0.000000 1.000000 0.000000 0.000000 1.000000 0.000000 0.000000 1.000000 0.000000 0.000000 1.000000 0.000000 0.000000 1.000000 0.000000 0.000000 1.000000 0.000000 0.000000 1.000000 0.000000 0.000000 1.000000 0.000000 0.000000 1.000000 0.000000 0.000000 1.000000 0.000000 0.000000 1.000000 0.000000 0.000000 1.000000 0.000000 0.000000 1.000000 0.000000 0.000000 1.000000 0.000000 0.000000 1.000000 0.000000 0.000000 1.000000 0.000000 0.000000 1.000000 0.000000 0.000000 1.000000 0.000000 0.000000 1.000000 0.000000 0.000000 1.000000 0.000000 0.000000 1.000000 0.000000 0.000000 1.000000 0.000000 0.000000 1.000000 0.000000 0.000000 1.000000 0.000000 0.000000 1.000000 0.000000 0.000000 1.000000 0.000000 0.000000 1.000000 0.000000 0.000000 1.000000 0.000000 0.000000 1.000000 0.000000 0.000000 1.000000 0.000000 0.000000 1.000000 0.000000 0.000000 1.000000 0.000000 0.000000 1.000000 0.000000 0.000000 1.000000 0.000000 0.000000 1.000000 0.000000 0.000000 1.000000 0.000000 0.000000 1.000000 0.000000 0.000000 1.000000 0.000000 0.000000 1.000000 0.000000 0.000000 1.000000 0.000000 0.000000 1.000000 0.000000 0.000000 1.000000 0.000000 0.000000 1.000000 0.000000 0.000000 1.000000 0.000000 0.000000 1.000000 0.000000 0.000000 1.000000 0.000000 0.000000 1.000000 0.000000 0.000000 1.000000 0.000000 0.000000 1.000000 0.000000 0.000000 1.000000 0.000000 0.000000 1.000000 0.000000 0.000000 1.000000 0.000000 0.000000 1.000000 0.000000 0.000000 1.000000 0.000000 0.000000 1.000000 0.000000 0.000000 1.000000 0.000000 0.000000 1.000000 0.000000 0.000000 1.000000 0.000000 0.000000 1.000000 0.000000 0.000000 1.000000 0.000000 0.000000 1.000000 0.000000 0.000000 1.000000 0.000000 0.000000 1.000000 0.000000 0.000000 1.000000 0.000000 0.000000 1.000000 0.000000 0.000000 1.000000 0.000000 0.000000 1.000000 0.000000 0.000000 1.000000 0.000000 0.000000 1.000000 0.000000 0.000000 1.000000 0.000000 0.000000 1.000000 0.000000 0.000000 1.000000 0.000000 0.000000 1.000000 0.000000 0.000000 1.000000 0.000000 0.000000 1.000000 0.000000 0.000000 1.000000 0.000000 0.000000 1.000000 0.000000 0.000000 1.000000 0.000000 0.000000 1.000000 0.000000 0.000000 1.000000 0.000000 0.000000 1.000000 0.000000 0.000000 1.000000 0.000000 0.000000 1.000000 0.000000 0.000000 1.000000 0.000000 0.000000 1.000000 0.000000 0.000000 1.000000 0.000000 0.000000 1.000000 0.000000 0.000000 1.000000 0.000000 0.000000 1.000000 0.000000 0.000000 1.000000 0.000000 0.000000 1.000000 0.000000 0.000000 1.000000 0.000000 0.000000 1.000000 0.000000 0.000000 1.000000 0.000000 0.000000 1.000000 0.000000 0.000000 1.000000 0.000000 0.000000 1.000000 0.000000 0.000000 1.000000 0.000000 0.000000 1.000000 0.000000 0.000000 1.000000 0.000000 0.000000 1.000000 0.000000 0.000000 1.000000 0.000000 0.000000 1.000000 0.000000 0.000000 1.000000 0.000000 0.000000 1.000000 0.000000 0.000000 1.000000 0.000000 0.000000 1.000000 0.000000 0.000000 1.000000 0.000000 0.000000 1.000000 0.000000 0.000000 1.000000 0.000000 0.000000 1.000000 0.000000 0.000000 1.000000 0.000000 0.000000 1.000000 0.000000 0.000000 1.000000 0.000000 0.000000 1.000000 0.000000 0.000000 1.000000 0.000000 0.000000 1.000000 0.000000 0.000000 1.000000 0.000000 0.000000 1.000000 0.000000 0.000000 1.000000 0.000000 0.000000 1.000000 0.000000 0.000000 1.000000 0.000000 0.000000 1.000000 0.000000 0.000000 1.000000 0.000000 0.000000 1.000000 0.000000 0.000000 1.000000 0.000000 0.000000 1.000000 0.000000 0.000000 1.000000 0.000000 0.000000 1.000000 0.000000 0.000000 1.000000 0.000000 0.000000 1.000000 0.000000 0.000000 1.000000 0.000000 0.000000 1.000000 0.000000 0.000000 1.000000 0.000000 0.000000 1.000000 0.000000 0.000000 1.000000 0.000000 0.000000 1.000000 0.000000 0.000000 1.000000 0.000000 0.000000 1.000000 0.000000 0.000000 1.000000 0.000000 0.000000 1.000000 0.000000 0.000000 1.000000 0.000000 0.000000 1.000000 0.000000 0.000000 1.000000 0.000000 0.000000 1.000000 0.000000 0.000000 1.000000 0.000000 0.000000 1.000000 0.000000 0.000000 1.000000 0.000000 0.000000 1.000000 0.000000 0.000000 1.000000 0.000000 0.000000 1.000000 0.000000 0.000000 1.000000 0.000000 0.000000 1.000000 0.000000 0.000000 1.000000 0.000000 0.000000 1.000000 0.000000 0.000000 1.000000 0.000000 0.000000 1.000000 0.000000 0.000000 1.000000 0.000000 0.000000 1.000000 0.000000 0.000000 1.000000 0.000000 0.000000 1.000000 0.000000 0.000000 1.000000 0.000000 0.000000 1.000000 0.000000 0.000000 1.000000 0.000000 0.000000 1.000000 0.000000 0.000000 1.000000 0.000000 0.000000 1.000000 0.000000 0.000000 1.000000 0.000000 0.000000 1.000000 0.000000 0.000000 1.000000 0.000000 0.000000 1.000000 0.000000 0.000000 1.000000 0.000000 0.000000 1.000000 0.000000 0.000000 1.000000 0.000000 0.000000 1.000000 0.000000 0.000000 1.000000 0.000000 0.000000 1.000000 0.000000 0.000000 1.000000 0.000000 0.000000 1.000000 0.000000 0.000000 1.000000 0.000000 0.000000 1.000000 0.000000 0.000000 1.000000 0.000000 0.000000 1.000000 0.000000 0.000000 1.000000 0.000000 0.000000 1.000000 0.000000 0.000000 1.000000 0.000000 0.000000 1.000000 0.000000 0.000000 1.000000 0.000000 0.000000 1.000000 0.000000 0.000000 1.000000 0.000000 0.000000 1.000000 0.000000 0.000000 1.000000 0.000000 0.000000 1.000000 0.000000 0.000000 1.000000 0.000000 0.000000 1.000000 0.000000 0.000000 1.000000 0.000000 0.000000 1.000000 0.000000 0.000000 1.000000 0.000000 0.000000 1.000000 0.000000 0.000000 1.000000 0.000000 0.000000 1.000000 0.000000 0.000000 1.000000 0.000000 0.000000 1.000000 0.000000 0.000000 1.000000 0.000000 0.000000 1.000000 0.000000 0.000000 1.000000 0.000000 0.000000 1.000000 0.000000 0.000000 1.000000 0.000000 0.000000 1.000000 0.000000 0.000000 1.000000 0.000000 0.000000 1.000000 0.000000 0.000000 1.000000 0.000000 0.000000 1.000000 0.000000 0.000000 1.000000 0.000000 0.000000 1.000000 0.000000 0.000000 1.000000 0.000000 0.000000 1.000000 0.000000 0.000000 1.000000 0.000000 0.000000 1.000000 0.000000 0.000000 1.000000 0.000000 0.000000 1.000000 0.000000 0.000000 1.000000 0.000000 0.000000 1.000000 0.000000 0.000000 1.000000 0.000000 0.000000 1.000000 0.000000 0.000000 1.000000 0.000000 0.000000 1.000000 0.000000 0.000000 1.000000 0.000000 0.000000 1.000000 0.000000 0.000000 1.000000 0.000000 0.000000 1.000000 0.000000 0.000000 1.000000 0.000000 0.000000 1.000000 0.000000 0.000000 1.000000 0.000000 0.000000 1.000000 0.000000 0.000000 1.000000 0.000000 0.000000 1.000000 0.000000 0.000000 1.000000 0.000000 0.000000 1.000000 0.000000 0.000000 1.000000 0.000000 0.000000 1.000000 0.000000 0.000000 1.000000 0.000000 0.000000 1.000000 0.000000 0.000000 1.000000 0.000000 0.000000 1.000000 0.000000 0.000000 1.000000 0.000000 0.000000 1.000000 0.000000 0.000000 1.000000 0.000000 0.000000 1.000000 0.000000 0.000000 1.000000 0.000000 0.000000 1.000000 0.000000 0.000000 1.000000 0.000000 0.000000 1.000000 0.000000 0.000000 1.000000 0.000000 0.000000 1.000000 0.000000 0.000000 1.000000 0.000000 0.000000 1.000000 0.000000 0.000000 1.000000 0.000000 0.000000 1.000000 0.000000 0.000000 1.000000 0.000000 0.000000 1.000000 0.000000 0.000000 1.000000 0.000000 0.000000 1.000000 0.000000 0.000000 1.000000 0.000000 0.000000 1.000000 0.000000 0.000000 1.000000 0.000000 0.000000 1.000000 0.000000 0.000000 1.000000 0.000000 0.000000 1.000000 0.000000 0.000000 1.000000 0.000000 0.000000 1.000000 0.000000 0.000000 1.000000 0.000000 0.000000 1.000000 0.000000 0.000000 1.000000 0.000000 0.000000 1.000000 0.000000 0.000000 1.000000 0.000000 0.000000 1.000000 0.000000 0.000000 1.000000 0.000000 0.000000 1.000000 0.000000 0.000000 1.000000 0.000000 0.000000 1.000000 0.000000 0.000000 1.000000 0.000000 0.000000 1.000000 0.000000 0.000000 1.000000 0.000000 0.000000 1.000000 0.000000 0.000000 1.000000 0.000000 0.000000 1.000000 0.000000 0.000000 1.000000 0.000000 0.000000 1.000000 0.000000 0.000000 1.000000 0.000000 0.000000 1.000000 0.000000 0.000000 1.000000 0.000000 0.000000 1.000000 0.000000 0.000000 1.000000 0.000000 0.000000 1.000000 0.000000 0.000000 1.000000 0.000000 0.000000 1.000000 0.000000 0.000000 1.000000 0.000000 0.000000 1.000000 0.000000 0.000000 1.000000 0.000000 0.000000 1.000000 0.000000 0.000000 1.000000 0.000000 0.000000 1.000000 0.000000 0.000000 1.000000 0.000000 0.000000 1.000000 0.000000 0.000000 1.000000 0.000000 0.000000 1.000000 0.000000 0.000000 1.000000 0.000000 0.000000 1.000000 0.000000 0.000000 1.000000 0.000000 0.000000 1.000000 0.000000 0.000000 1.000000 0.000000 0.000000 1.000000 0.000000 0.000000 1.000000 0.000000 0.000000 1.000000 0.000000 0.000000 1.000000 0.000000 0.000000 1.000000 0.000000 0.000000 1.000000 0.000000 0.000000 1.000000 0.000000 0.000000 1.000000 0.000000 0.000000 1.000000 0.000000 0.000000 1.000000 0.000000 0.000000 1.000000 0.000000 0.000000 1.000000 0.000000 0.000000 1.000000 0.000000 0.000000 1.000000 0.000000 0.000000 1.000000 0.000000 0.000000 1.000000 0.000000 0.000000 1.000000 0.000000 0.000000 1.000000 0.000000 0.000000 1.000000 0.000000 0.000000 1.000000 0.000000 0.000000 1.000000 0.000000 0.000000 1.000000 0.000000 0.000000 1.000000 0.000000 0.000000 1.000000 0.000000 0.000000 1.000000 0.000000 0.000000 1.000000 0.000000 0.000000 1.000000 0.000000 0.000000 1.000000 0.000000 0.000000 1.000000 0.000000 0.000000 1.000000 0.000000 0.000000 1.000000 0.000000 0.000000 1.000000 0.000000 0.000000 1.000000 0.000000 0.000000 1.000000 0.000000 0.000000 1.000000 0.000000 0.000000 1.000000 0.000000 0.000000 1.000000 0.000000 0.000000 1.000000 0.000000 0.000000 1.000000 0.000000 0.000000 1.000000 0.000000 0.000000 1.000000 0.000000 0.000000 1.000000 0.000000 0.000000 1.000000 0.000000 0.000000 1.000000 0.000000 0.000000 1.000000 0.000000 0.000000 1.000000 0.000000 0.000000 1.000000 0.000000 0.000000 1.000000 0.000000 0.000000 1.000000 0.000000 0.000000 1.000000 0.000000 0.000000 1.000000 0.000000 0.000000 1.000000 0.000000 0.000000 1.000000 0.000000 0.000000 1.000000 0.000000 0.000000 1.000000 0.000000 0.000000 1.000000 0.000000 0.000000 1.000000 0.000000 0.000000 1.000000 0.000000 0.000000 1.000000 0.000000 0.000000 1.000000 0.000000 0.000000 1.000000 0.000000 0.000000 1.000000 0.000000 0.000000 1.000000 0.000000 0.000000 1.000000 0.000000 0.000000 1.000000 0.000000 0.000000 1.000000 0.000000 0.000000 1.000000 0.000000 0.000000 1.000000 0.000000 0.000000 1.000000 0.000000 0.000000 1.000000 0.000000 0.000000 1.000000 0.000000 0.000000 1.000000 0.000000 0.000000 1.000000 0.000000 0.000000 1.000000 0.000000 0.000000 1.000000 0.000000 0.000000 1.000000 0.000000 0.000000 1.000000 0.000000 0.000000 1.000000 0.000000 0.000000 1.000000 0.000000 0.000000 1.000000 0.000000 0.000000 1.000000 0.000000 0.000000 1.000000 0.000000 0.000000 1.000000 0.000000 0.000000 1.000000 0.000000 0.000000 1.000000 0.000000 0.000000 1.000000 0.000000 0.000000 1.000000 0.000000 0.000000 1.000000 0.000000 0.000000 1.000000 0.000000 0.000000 1.000000 0.000000 0.000000 1.000000 0.000000 0.000000 1.000000 0.000000 0.000000 1.000000 0.000000 0.000000 1.000000 0.000000 0.000000 1.000000 0.000000 0.000000 1.000000 0.000000 0.000000 1.000000 0.000000 0.000000 1.000000 0.000000 0.000000 1.000000 0.000000 0.000000 1.000000 0.000000 0.000000 1.000000 0.000000 0.000000 1.000000 0.000000 0.000000 1.000000 0.000000 0.000000 1.000000 0.000000 0.000000 1.000000 0.000000 0.000000 1.000000 0.000000 0.000000 1.000000 0.000000 0.000000 1.000000 0.000000 0.000000 1.000000 0.000000 0.000000 1.000000 0.000000 0.000000 1.000000 0.000000 0.000000 1.000000 0.000000 0.000000 1.000000 0.000000 0.000000 1.000000 0.000000 0.000000 1.000000 0.000000 0.000000 1.000000 0.000000 0.000000 1.000000 0.000000 0.000000 1.000000 -0.906308 0.422618 0.000000 -0.906308 0.422618 0.000000 -0.766044 0.642788 0.000000 -0.766044 0.642788 0.000000 -0.573576 0.819152 0.000000 -0.573576 0.819152 0.000000 -0.342020 0.939693 0.000000 -0.342020 0.939693 0.000000 -0.087156 0.996195 0.000000 -0.087156 0.996195 0.000000 0.173648 0.984808 -0.000000 0.173648 0.984808 -0.000000 0.422618 0.906308 -0.000000 0.422618 0.906308 -0.000000 0.642788 0.766044 -0.000000 0.642788 0.766044 -0.000000 0.819152 0.573576 -0.000000 0.819152 0.573576 -0.000000 0.939693 0.342020 -0.000000 0.939693 0.342020 -0.000000 0.996195 0.087156 -0.000000 0.996195 0.087156 -0.000000 0.984808 -0.173648 0.000000 0.984808 -0.173648 0.000000 0.906308 -0.422618 0.000000 0.906308 -0.422618 0.000000 0.766044 -0.642788 0.000000 0.766044 -0.642788 0.000000 0.573576 -0.819152 0.000000 0.573576 -0.819152 0.000000 0.342020 -0.939693 0.000000 0.342020 -0.939693 0.000000 0.087156 -0.996195 0.000000 0.087156 -0.996195 0.000000 -0.173648 -0.984808 0.000000 -0.173648 -0.984808 0.000000 -0.422618 -0.906308 0.000000 -0.422618 -0.906308 0.000000 -0.642788 -0.766044 0.000000 -0.642788 -0.766044 0.000000 -0.819152 -0.573576 0.000000 -0.819152 -0.573576 0.000000 -0.939693 -0.342020 0.000000 -0.939693 -0.342020 0.000000 -0.996195 -0.087156 0.000000 -0.996195 -0.087156 0.000000 -0.984808 0.173648 0.000000 -0.984808 0.173648 0.000000 0.573576 -0.819152 -0.000000 0.573576 -0.819152 -0.000000 0.766044 -0.642788 -0.000000 0.766044 -0.642788 -0.000000 0.906308 -0.422618 -0.000000 0.906308 -0.422618 -0.000000 0.984808 -0.173648 -0.000000 0.984808 -0.173648 -0.000000 0.996195 0.087156 -0.000000 0.996195 0.087156 -0.000000 0.939693 0.342020 -0.000000 0.939693 0.342020 -0.000000 0.819152 0.573576 -0.000000 0.819152 0.573576 -0.000000 0.642788 0.766044 -0.000000 0.642788 0.766044 -0.000000 0.422618 0.906308 -0.000000 0.422618 0.906308 -0.000000 0.173648 0.984808 -0.000000 0.173648 0.984808 -0.000000 -0.087156 0.996195 -0.000000 -0.087156 0.996195 -0.000000 -0.342020 0.939693 -0.000000 -0.342020 0.939693 -0.000000 -0.573576 0.819152 -0.000000 -0.573576 0.819152 -0.000000 -0.766044 0.642788 -0.000000 -0.766044 0.642788 -0.000000 -0.906308 0.422618 -0.000000 -0.906308 0.422618 -0.000000 -0.984808 0.173648 -0.000000 -0.984808 0.173648 -0.000000 -0.996195 -0.087156 0.000000 -0.996195 -0.087156 0.000000 -0.939693 -0.342020 0.000000 -0.939693 -0.342020 0.000000 -0.819152 -0.573576 0.000000 -0.819152 -0.573576 0.000000 -0.642788 -0.766044 0.000000 -0.642788 -0.766044 0.000000 -0.422618 -0.906308 0.000000 -0.422618 -0.906308 0.000000 -0.173648 -0.984808 0.000000 -0.173648 -0.984808 0.000000 0.087156 -0.996195 -0.000000 0.087156 -0.996195 -0.000000 0.342020 -0.939693 -0.000000 0.342020 -0.939693 -0.000000 0.000000 0.000000 1.000000 0.000000 0.000000 1.000000 0.000000 0.000000 1.000000 0.000000 0.000000 1.000000 0.000000 0.000000 1.000000 0.000000 0.000000 1.000000 0.000000 0.000000 1.000000 0.000000 0.000000 1.000000 0.000000 0.000000 1.000000 0.000000 0.000000 1.000000 0.000000 0.000000 1.000000 0.000000 0.000000 1.000000 0.000000 0.000000 1.000000 0.000000 0.000000 1.000000 0.000000 0.000000 1.000000 0.000000 0.000000 1.000000 0.000000 0.000000 1.000000 0.000000 0.000000 1.000000 0.000000 0.000000 1.000000 0.000000 0.000000 1.000000 0.000000 0.000000 1.000000 0.000000 0.000000 1.000000 0.000000 0.000000 1.000000 0.000000 0.000000 1.000000 0.000000 0.000000 1.000000 0.000000 0.000000 1.000000 0.000000 0.000000 1.000000 0.000000 0.000000 1.000000 0.000000 0.000000 1.000000 0.000000 0.000000 1.000000 0.000000 0.000000 1.000000 0.000000 0.000000 1.000000 0.000000 0.000000 1.000000 0.000000 0.000000 1.000000 0.000000 0.000000 1.000000 0.000000 0.000000 1.000000 0.000000 0.000000 1.000000 0.000000 0.000000 1.000000 0.000000 0.000000 1.000000 0.000000 0.000000 1.000000 0.000000 0.000000 1.000000 0.000000 0.000000 1.000000 0.000000 0.000000 1.000000 0.000000 0.000000 1.000000 0.000000 0.000000 1.000000 0.000000 0.000000 1.000000 0.000000 0.000000 1.000000 0.000000 0.000000 1.000000 0.000000 0.000000 1.000000 0.000000 0.000000 1.000000 0.000000 0.000000 1.000000 0.000000 0.000000 1.000000 0.000000 0.000000 1.000000 0.000000 0.000000 1.000000 0.000000 0.000000 1.000000 0.000000 0.000000 1.000000 0.000000 0.000000 1.000000 0.000000 0.000000 1.000000 0.000000 0.000000 1.000000 0.000000 0.000000 1.000000 0.000000 0.000000 1.000000 0.000000 0.000000 1.000000 0.000000 0.000000 1.000000 0.000000 0.000000 1.000000 0.000000 0.000000 1.000000 0.000000 0.000000 1.000000 0.000000 0.000000 1.000000 0.000000 0.000000 1.000000 0.000000 0.000000 1.000000 0.000000 0.000000 1.000000 0.000000 0.000000 1.000000 0.000000 0.000000 1.000000 -0.707107 0.707107 0.000000 -0.707107 0.707107 0.000000 -0.500000 0.866025 0.000000 -0.500000 0.866025 0.000000 -0.258819 0.965926 0.000000 -0.258819 0.965926 0.000000 -0.000000 1.000000 0.000000 -0.000000 1.000000 0.000000 0.258819 0.965926 -0.000000 0.258819 0.965926 -0.000000 0.500000 0.866025 -0.000000 0.500000 0.866025 -0.000000 0.707107 0.707107 -0.000000 0.707107 0.707107 -0.000000 0.866025 0.500000 -0.000000 0.866025 0.500000 -0.000000 0.965926 0.258819 -0.000000 0.965926 0.258819 -0.000000 1.000000 0.000000 -0.000000 1.000000 0.000000 -0.000000 0.965926 -0.258819 0.000000 0.965926 -0.258819 0.000000 0.866025 -0.500000 0.000000 0.866025 -0.500000 0.000000 0.707107 -0.707107 0.000000 0.707107 -0.707107 0.000000 0.500000 -0.866025 0.000000 0.500000 -0.866025 0.000000 0.258819 -0.965926 0.000000 0.258819 -0.965926 0.000000 0.000000 -1.000000 0.000000 0.000000 -1.000000 0.000000 -0.258819 -0.965926 0.000000 -0.258819 -0.965926 0.000000 -0.500000 -0.866025 0.000000 -0.500000 -0.866025 0.000000 -0.707107 -0.707107 0.000000 -0.707107 -0.707107 0.000000 -0.866025 -0.500000 0.000000 -0.866025 -0.500000 0.000000 -0.965926 -0.258819 0.000000 -0.965926 -0.258819 0.000000 -1.000000 -0.000000 0.000000 -1.000000 -0.000000 0.000000 -0.965926 0.258819 0.000000 -0.965926 0.258819 0.000000 -0.866025 0.500000 0.000000 -0.866025 0.500000 0.000000 0.258819 -0.965926 -0.000000 0.258819 -0.965926 -0.000000 0.500000 -0.866025 -0.000000 0.500000 -0.866025 -0.000000 0.707107 -0.707107 -0.000000 0.707107 -0.707107 -0.000000 0.866025 -0.500000 -0.000000 0.866025 -0.500000 -0.000000 0.965926 -0.258819 -0.000000 0.965926 -0.258819 -0.000000 1.000000 -0.000000 -0.000000 1.000000 -0.000000 -0.000000 0.965926 0.258819 -0.000000 0.965926 0.258819 -0.000000 0.866025 0.500000 -0.000000 0.866025 0.500000 -0.000000 0.707107 0.707107 -0.000000 0.707107 0.707107 -0.000000 0.500000 0.866025 -0.000000 0.500000 0.866025 -0.000000 0.258819 0.965926 -0.000000 0.258819 0.965926 -0.000000 -0.000000 1.000000 -0.000000 -0.000000 1.000000 -0.000000 -0.258819 0.965926 -0.000000 -0.258819 0.965926 -0.000000 -0.500000 0.866025 -0.000000 -0.500000 0.866025 -0.000000 -0.707107 0.707107 -0.000000 -0.707107 0.707107 -0.000000 -0.866025 0.500000 -0.000000 -0.866025 0.500000 -0.000000 -0.965926 0.258819 -0.000000 -0.965926 0.258819 -0.000000 -1.000000 0.000000 -0.000000 -1.000000 0.000000 -0.000000 -0.965926 -0.258819 0.000000 -0.965926 -0.258819 0.000000 -0.866025 -0.500000 0.000000 -0.866025 -0.500000 0.000000 -0.707107 -0.707107 0.000000 -0.707107 -0.707107 0.000000 -0.500000 -0.866025 0.000000 -0.500000 -0.866025 0.000000 -0.258819 -0.965926 0.000000 -0.258819 -0.965926 0.000000 0.000000 -1.000000 -0.000000 0.000000 -1.000000 -0.000000 0.000000 0.000000 1.000000 0.000000 0.000000 1.000000 0.000000 0.000000 1.000000 0.000000 0.000000 1.000000 0.000000 0.000000 1.000000 0.000000 0.000000 1.000000 0.000000 0.000000 1.000000 0.000000 0.000000 1.000000 0.000000 0.000000 1.000000 0.000000 0.000000 1.000000 0.000000 0.000000 1.000000 0.000000 0.000000 1.000000 0.000000 0.000000 1.000000 0.000000 0.000000 1.000000 0.000000 0.000000 1.000000 0.000000 0.000000 1.000000 0.000000 0.000000 1.000000 0.000000 0.000000 1.000000 0.000000 0.000000 1.000000 0.000000 0.000000 1.000000 0.000000 0.000000 1.000000 0.000000 0.000000 1.000000 0.000000 0.000000 1.000000 0.000000 0.000000 1.000000 0.000000 0.000000 1.000000 0.000000 0.000000 1.000000 0.000000 0.000000 1.000000 0.000000 0.000000 1.000000 0.000000 0.000000 1.000000 0.000000 0.000000 1.000000 0.000000 0.000000 1.000000 0.000000 0.000000 1.000000 0.000000 0.000000 1.000000 0.000000 0.000000 1.000000 0.000000 0.000000 1.000000 0.000000 0.000000 1.000000 0.000000 0.000000 1.000000 0.000000 0.000000 1.000000 0.000000 0.000000 1.000000 0.000000 0.000000 1.000000 0.000000 0.000000 1.000000 0.000000 0.000000 1.000000 0.000000 0.000000 1.000000 0.000000 0.000000 1.000000 0.000000 0.000000 1.000000 0.000000 0.000000 1.000000 0.000000 0.000000 1.000000 0.000000 0.000000 1.000000 0.000000 0.000000 1.000000 0.000000 0.000000 1.000000 0.000000 0.000000 1.000000 0.000000 0.000000 1.000000 0.000000 0.000000 1.000000 0.000000 0.000000 1.000000 0.000000 0.000000 1.000000 0.000000 0.000000 1.000000 0.000000 0.000000 1.000000 0.000000 0.000000 1.000000 0.000000 0.000000 1.000000 0.000000 0.000000 1.000000 0.000000 0.000000 1.000000 0.000000 0.000000 1.000000 0.000000 0.000000 1.000000 0.000000 0.000000 1.000000 0.000000 0.000000 1.000000 0.000000 0.000000 1.000000 0.000000 0.000000 1.000000 0.000000 0.000000 1.000000 0.000000 0.000000 1.000000 0.000000 0.000000 1.000000 0.000000 0.000000 1.000000 0.000000 0.000000 1.000000 -0.422618 0.906308 0.000000 -0.422618 0.906308 0.000000 -0.173648 0.984808 0.000000 -0.173648 0.984808 0.000000 0.087156 0.996195 -0.000000 0.087156 0.996195 -0.000000 0.342020 0.939693 -0.000000 0.342020 0.939693 -0.000000 0.573576 0.819152 -0.000000 0.573576 0.819152 -0.000000 0.766044 0.642788 -0.000000 0.766044 0.642788 -0.000000 0.906308 0.422618 -0.000000 0.906308 0.422618 -0.000000 0.984808 0.173648 -0.000000 0.984808 0.173648 -0.000000 0.996195 -0.087156 0.000000 0.996195 -0.087156 0.000000 0.939693 -0.342020 0.000000 0.939693 -0.342020 0.000000 0.819152 -0.573576 0.000000 0.819152 -0.573576 0.000000 0.642788 -0.766044 0.000000 0.642788 -0.766044 0.000000 0.422618 -0.906308 0.000000 0.422618 -0.906308 0.000000 0.173648 -0.984808 0.000000 0.173648 -0.984808 0.000000 -0.087156 -0.996195 0.000000 -0.087156 -0.996195 0.000000 -0.342020 -0.939693 0.000000 -0.342020 -0.939693 0.000000 -0.573576 -0.819152 0.000000 -0.573576 -0.819152 0.000000 -0.766044 -0.642788 0.000000 -0.766044 -0.642788 0.000000 -0.906308 -0.422618 0.000000 -0.906308 -0.422618 0.000000 -0.984808 -0.173648 0.000000 -0.984808 -0.173648 0.000000 -0.996195 0.087156 0.000000 -0.996195 0.087156 0.000000 -0.939693 0.342020 0.000000 -0.939693 0.342020 0.000000 -0.819152 0.573576 0.000000 -0.819152 0.573576 0.000000 -0.642788 0.766044 0.000000 -0.642788 0.766044 0.000000 -0.087156 -0.996195 0.000000 -0.087156 -0.996195 0.000000 0.173648 -0.984808 -0.000000 0.173648 -0.984808 -0.000000 0.422618 -0.906308 -0.000000 0.422618 -0.906308 -0.000000 0.642788 -0.766044 -0.000000 0.642788 -0.766044 -0.000000 0.819152 -0.573576 -0.000000 0.819152 -0.573576 -0.000000 0.939693 -0.342020 -0.000000 0.939693 -0.342020 -0.000000 0.996195 -0.087156 -0.000000 0.996195 -0.087156 -0.000000 0.984808 0.173648 -0.000000 0.984808 0.173648 -0.000000 0.906308 0.422618 -0.000000 0.906308 0.422618 -0.000000 0.766044 0.642788 -0.000000 0.766044 0.642788 -0.000000 0.573576 0.819152 -0.000000 0.573576 0.819152 -0.000000 0.342020 0.939693 -0.000000 0.342020 0.939693 -0.000000 0.087156 0.996195 -0.000000 0.087156 0.996195 -0.000000 -0.173648 0.984808 -0.000000 -0.173648 0.984808 -0.000000 -0.422618 0.906308 -0.000000 -0.422618 0.906308 -0.000000 -0.642788 0.766044 -0.000000 -0.642788 0.766044 -0.000000 -0.819152 0.573576 -0.000000 -0.819152 0.573576 -0.000000 -0.939693 0.342020 -0.000000 -0.939693 0.342020 -0.000000 -0.996195 0.087156 -0.000000 -0.996195 0.087156 -0.000000 -0.984808 -0.173648 0.000000 -0.984808 -0.173648 0.000000 -0.906308 -0.422618 0.000000 -0.906308 -0.422618 0.000000 -0.766044 -0.642788 0.000000 -0.766044 -0.642788 0.000000 -0.573576 -0.819152 0.000000 -0.573576 -0.819152 0.000000 -0.342020 -0.939693 0.000000 -0.342020 -0.939693 0.000000 0.000000 0.000000 1.000000 0.000000 0.000000 1.000000 0.000000 0.000000 1.000000 0.000000 0.000000 1.000000 0.000000 0.000000 1.000000 0.000000 0.000000 1.000000 0.000000 0.000000 1.000000 0.000000 0.000000 1.000000 0.000000 0.000000 1.000000 0.000000 0.000000 1.000000 0.000000 0.000000 1.000000 0.000000 0.000000 1.000000 0.000000 0.000000 1.000000 0.000000 0.000000 1.000000 0.000000 0.000000 1.000000 0.000000 0.000000 1.000000 0.000000 0.000000 1.000000 0.000000 0.000000 1.000000 0.000000 0.000000 1.000000 0.000000 0.000000 1.000000 0.000000 0.000000 1.000000 0.000000 0.000000 1.000000 0.000000 0.000000 1.000000 0.000000 0.000000 1.000000 0.000000 0.000000 1.000000 0.000000 0.000000 1.000000 0.000000 0.000000 1.000000 0.000000 0.000000 1.000000 0.000000 0.000000 1.000000 0.000000 0.000000 1.000000 0.000000 0.000000 1.000000 0.000000 0.000000 1.000000 0.000000 0.000000 1.000000 0.000000 0.000000 1.000000 0.000000 0.000000 1.000000 0.000000 0.000000 1.000000 0.000000 0.000000 1.000000 0.000000 0.000000 1.000000 0.000000 0.000000 1.000000 0.000000 0.000000 1.000000 0.000000 0.000000 1.000000 0.000000 0.000000 1.000000 0.000000 0.000000 1.000000 0.000000 0.000000 1.000000 0.000000 0.000000 1.000000 0.000000 0.000000 1.000000 0.000000 0.000000 1.000000 0.000000 0.000000 1.000000 0.000000 0.000000 1.000000 0.000000 0.000000 1.000000 0.000000 0.000000 1.000000 0.000000 0.000000 1.000000 0.000000 0.000000 1.000000 0.000000 0.000000 1.000000 0.000000 0.000000 1.000000 0.000000 0.000000 1.000000 0.000000 0.000000 1.000000 0.000000 0.000000 1.000000 0.000000 0.000000 1.000000 0.000000 0.000000 1.000000 0.000000 0.000000 1.000000 0.000000 0.000000 1.000000 0.000000 0.000000 1.000000 0.000000 0.000000 1.000000 0.000000 0.000000 1.000000 0.000000 0.000000 1.000000 0.000000 0.000000 1.000000 0.000000 0.000000 1.000000 0.000000 0.000000 1.000000 0.000000 0.000000 1.000000 0.000000 0.000000 1.000000 0.000000 0.000000 1.000000 -0.087156 0.996195 0.000000 -0.087156 0.996195 0.000000 0.173648 0.984808 -0.000000 0.173648 0.984808 -0.000000 0.422618 0.906308 -0.000000 0.422618 0.906308 -0.000000 0.642788 0.766044 -0.000000 0.642788 0.766044 -0.000000 0.819152 0.573576 -0.000000 0.819152 0.573576 -0.000000 0.939693 0.342020 -0.000000 0.939693 0.342020 -0.000000 0.996195 0.087156 -0.000000 0.996195 0.087156 -0.000000 0.984808 -0.173648 0.000000 0.984808 -0.173648 0.000000 0.906308 -0.422618 0.000000 0.906308 -0.422618 0.000000 0.766044 -0.642788 0.000000 0.766044 -0.642788 0.000000 0.573576 -0.819152 0.000000 0.573576 -0.819152 0.000000 0.342020 -0.939693 0.000000 0.342020 -0.939693 0.000000 0.087156 -0.996195 0.000000 0.087156 -0.996195 0.000000 -0.173648 -0.984808 0.000000 -0.173648 -0.984808 0.000000 -0.422618 -0.906308 0.000000 -0.422618 -0.906308 0.000000 -0.642788 -0.766044 0.000000 -0.642788 -0.766044 0.000000 -0.819152 -0.573576 0.000000 -0.819152 -0.573576 0.000000 -0.939693 -0.342020 0.000000 -0.939693 -0.342020 0.000000 -0.996195 -0.087156 0.000000 -0.996195 -0.087156 0.000000 -0.984808 0.173648 0.000000 -0.984808 0.173648 0.000000 -0.906308 0.422618 0.000000 -0.906308 0.422618 0.000000 -0.766044 0.642788 0.000000 -0.766044 0.642788 0.000000 -0.573576 0.819152 0.000000 -0.573576 0.819152 0.000000 -0.342020 0.939693 0.000000 -0.342020 0.939693 0.000000 -0.422618 -0.906308 0.000000 -0.422618 -0.906308 0.000000 -0.173648 -0.984808 0.000000 -0.173648 -0.984808 0.000000 0.087156 -0.996195 -0.000000 0.087156 -0.996195 -0.000000 0.342020 -0.939693 -0.000000 0.342020 -0.939693 -0.000000 0.573576 -0.819152 -0.000000 0.573576 -0.819152 -0.000000 0.766044 -0.642788 -0.000000 0.766044 -0.642788 -0.000000 0.906308 -0.422618 -0.000000 0.906308 -0.422618 -0.000000 0.984808 -0.173648 -0.000000 0.984808 -0.173648 -0.000000 0.996195 0.087156 -0.000000 0.996195 0.087156 -0.000000 0.939693 0.342020 -0.000000 0.939693 0.342020 -0.000000 0.819152 0.573576 -0.000000 0.819152 0.573576 -0.000000 0.642788 0.766044 -0.000000 0.642788 0.766044 -0.000000 0.422618 0.906308 -0.000000 0.422618 0.906308 -0.000000 0.173648 0.984808 -0.000000 0.173648 0.984808 -0.000000 -0.087156 0.996195 -0.000000 -0.087156 0.996195 -0.000000 -0.342020 0.939693 -0.000000 -0.342020 0.939693 -0.000000 -0.573576 0.819152 -0.000000 -0.573576 0.819152 -0.000000 -0.766044 0.642788 -0.000000 -0.766044 0.642788 -0.000000 -0.906308 0.422618 -0.000000 -0.906308 0.422618 -0.000000 -0.984808 0.173648 -0.000000 -0.984808 0.173648 -0.000000 -0.996195 -0.087156 0.000000 -0.996195 -0.087156 0.000000 -0.939693 -0.342020 0.000000 -0.939693 -0.342020 0.000000 -0.819152 -0.573576 0.000000 -0.819152 -0.573576 0.000000 -0.642788 -0.766044 0.000000 -0.642788 -0.766044 0.000000 0.000000 0.000000 1.000000 0.000000 0.000000 1.000000 0.000000 0.000000 1.000000 0.000000 0.000000 1.000000 0.000000 0.000000 1.000000 0.000000 0.000000 1.000000 0.000000 0.000000 1.000000 0.000000 0.000000 1.000000 0.000000 0.000000 1.000000 0.000000 0.000000 1.000000 0.000000 0.000000 1.000000 0.000000 0.000000 1.000000 0.000000 0.000000 1.000000 0.000000 0.000000 1.000000 0.000000 0.000000 1.000000 0.000000 0.000000 1.000000 0.000000 0.000000 1.000000 0.000000 0.000000 1.000000 0.000000 0.000000 1.000000 0.000000 0.000000 1.000000 0.000000 0.000000 1.000000 0.000000 0.000000 1.000000 0.000000 0.000000 1.000000 0.000000 0.000000 1.000000 0.000000 0.000000 1.000000 0.000000 0.000000 1.000000 0.000000 0.000000 1.000000 0.000000 0.000000 1.000000 0.000000 0.000000 1.000000 0.000000 0.000000 1.000000 0.000000 0.000000 1.000000 0.000000 0.000000 1.000000 0.000000 0.000000 1.000000 0.000000 0.000000 1.000000 0.000000 0.000000 1.000000 0.000000 0.000000 1.000000 0.000000 0.000000 1.000000 0.000000 0.000000 1.000000 0.000000 0.000000 1.000000 0.000000 0.000000 1.000000 0.000000 0.000000 1.000000 0.000000 0.000000 1.000000 0.000000 0.000000 1.000000 0.000000 0.000000 1.000000 0.000000 0.000000 1.000000 0.000000 0.000000 1.000000 0.000000 0.000000 1.000000 0.000000 0.000000 1.000000 0.000000 0.000000 1.000000 0.000000 0.000000 1.000000 0.000000 0.000000 1.000000 0.000000 0.000000 1.000000 0.000000 0.000000 1.000000 0.000000 0.000000 1.000000 0.000000 0.000000 1.000000 0.000000 0.000000 1.000000 0.000000 0.000000 1.000000 0.000000 0.000000 1.000000 0.000000 0.000000 1.000000 0.000000 0.000000 1.000000 0.000000 0.000000 1.000000 0.000000 0.000000 1.000000 0.000000 0.000000 1.000000 0.000000 0.000000 1.000000 0.000000 0.000000 1.000000 0.000000 0.000000 1.000000 0.000000 0.000000 1.000000 0.000000 0.000000 1.000000 0.000000 0.000000 1.000000 0.000000 0.000000 1.000000 0.000000 0.000000 1.000000 0.000000 0.000000 1.000000 0.258819 0.965926 -0.000000 0.258819 0.965926 -0.000000 0.500000 0.866025 -0.000000 0.500000 0.866025 -0.000000 0.707107 0.707107 -0.000000 0.707107 0.707107 -0.000000 0.866025 0.500000 -0.000000 0.866025 0.500000 -0.000000 0.965926 0.258819 -0.000000 0.965926 0.258819 -0.000000 1.000000 0.000000 -0.000000 1.000000 -0.000000 0.000000 0.965926 -0.258819 0.000000 0.965926 -0.258819 0.000000 0.866025 -0.500000 0.000000 0.866025 -0.500000 0.000000 0.707107 -0.707107 0.000000 0.707107 -0.707107 0.000000 0.500000 -0.866025 0.000000 0.500000 -0.866025 0.000000 0.258819 -0.965926 0.000000 0.258819 -0.965926 0.000000 0.000000 -1.000000 0.000000 0.000000 -1.000000 0.000000 -0.258819 -0.965926 0.000000 -0.258819 -0.965926 0.000000 -0.500000 -0.866025 0.000000 -0.500000 -0.866025 0.000000 -0.707107 -0.707107 0.000000 -0.707107 -0.707107 0.000000 -0.866025 -0.500000 0.000000 -0.866025 -0.500000 0.000000 -0.965926 -0.258819 0.000000 -0.965926 -0.258819 0.000000 -1.000000 0.000000 0.000000 -1.000000 0.000000 0.000000 -0.965926 0.258819 0.000000 -0.965926 0.258819 0.000000 -0.866025 0.500000 0.000000 -0.866025 0.500000 0.000000 -0.707107 0.707107 0.000000 -0.707107 0.707107 0.000000 -0.500000 0.866025 0.000000 -0.500000 0.866025 0.000000 -0.258819 0.965926 0.000000 -0.258819 0.965926 0.000000 0.000000 1.000000 -0.000000 0.000000 1.000000 -0.000000 -0.707107 -0.707107 0.000000 -0.707107 -0.707107 0.000000 -0.500000 -0.866025 0.000000 -0.500000 -0.866025 0.000000 -0.258819 -0.965926 0.000000 -0.258819 -0.965926 0.000000 -0.000000 -1.000000 0.000000 -0.000000 -1.000000 0.000000 0.258819 -0.965926 -0.000000 0.258819 -0.965926 -0.000000 0.500000 -0.866025 -0.000000 0.500000 -0.866025 -0.000000 0.707107 -0.707107 -0.000000 0.707107 -0.707107 -0.000000 0.866025 -0.500000 -0.000000 0.866025 -0.500000 -0.000000 0.965926 -0.258819 -0.000000 0.965926 -0.258819 -0.000000 1.000000 -0.000000 -0.000000 1.000000 -0.000000 -0.000000 0.965926 0.258819 -0.000000 0.965926 0.258819 -0.000000 0.866025 0.500000 -0.000000 0.866025 0.500000 -0.000000 0.707107 0.707107 -0.000000 0.707107 0.707107 -0.000000 0.500000 0.866025 -0.000000 0.500000 0.866025 -0.000000 0.258819 0.965926 -0.000000 0.258819 0.965926 -0.000000 -0.000000 1.000000 -0.000000 -0.000000 1.000000 -0.000000 -0.258819 0.965926 -0.000000 -0.258819 0.965926 -0.000000 -0.500000 0.866025 -0.000000 -0.500000 0.866025 -0.000000 -0.707107 0.707107 -0.000000 -0.707107 0.707107 -0.000000 -0.866025 0.500000 -0.000000 -0.866025 0.500000 -0.000000 -0.965926 0.258819 -0.000000 -0.965926 0.258819 -0.000000 -1.000000 0.000000 -0.000000 -1.000000 0.000000 -0.000000 -0.965926 -0.258819 0.000000 -0.965926 -0.258819 0.000000 -0.866025 -0.500000 0.000000 -0.866025 -0.500000 0.000000 0.000000 0.000000 1.000000 0.000000 0.000000 1.000000 0.000000 0.000000 1.000000 0.000000 0.000000 1.000000 0.000000 0.000000 1.000000 0.000000 0.000000 1.000000 0.000000 0.000000 1.000000 0.000000 0.000000 1.000000 0.000000 0.000000 1.000000 0.000000 0.000000 1.000000 0.000000 0.000000 1.000000 0.000000 0.000000 1.000000 0.000000 0.000000 1.000000 0.000000 0.000000 1.000000 0.000000 0.000000 1.000000 0.000000 0.000000 1.000000 0.000000 0.000000 1.000000 0.000000 0.000000 1.000000 0.000000 0.000000 1.000000 0.000000 0.000000 1.000000 0.000000 0.000000 1.000000 0.000000 0.000000 1.000000 0.000000 0.000000 1.000000 0.000000 0.000000 1.000000 0.000000 0.000000 1.000000 0.000000 0.000000 1.000000 0.000000 0.000000 1.000000 0.000000 0.000000 1.000000 0.000000 0.000000 1.000000 0.000000 0.000000 1.000000 0.000000 0.000000 1.000000 0.000000 0.000000 1.000000 0.000000 0.000000 1.000000 0.000000 0.000000 1.000000 0.000000 0.000000 1.000000 0.000000 0.000000 1.000000 0.000000 0.000000 1.000000 0.000000 0.000000 1.000000 0.000000 0.000000 1.000000 0.000000 0.000000 1.000000 0.000000 0.000000 1.000000 0.000000 0.000000 1.000000 0.000000 0.000000 1.000000 0.000000 0.000000 1.000000 0.000000 0.000000 1.000000 0.000000 0.000000 1.000000 0.000000 0.000000 1.000000 0.000000 0.000000 1.000000 0.000000 0.000000 1.000000 0.000000 0.000000 1.000000 0.000000 0.000000 1.000000 0.000000 0.000000 1.000000 0.000000 0.000000 1.000000 0.000000 0.000000 1.000000 0.000000 0.000000 1.000000 0.000000 0.000000 1.000000 0.000000 0.000000 1.000000 0.000000 0.000000 1.000000 0.000000 0.000000 1.000000 0.000000 0.000000 1.000000 0.000000 0.000000 1.000000 0.000000 0.000000 1.000000 0.000000 0.000000 1.000000 0.000000 0.000000 1.000000 0.000000 0.000000 1.000000 0.000000 0.000000 1.000000 0.000000 0.000000 1.000000 0.000000 0.000000 1.000000 0.000000 0.000000 1.000000 0.000000 0.000000 1.000000 0.000000 0.000000 1.000000 0.000000 0.000000 1.000000 0.573576 0.819152 -0.000000 0.573576 0.819152 -0.000000 0.766044 0.642788 -0.000000 0.766044 0.642788 -0.000000 0.906308 0.422618 -0.000000 0.906308 0.422618 -0.000000 0.984808 0.173648 -0.000000 0.984808 0.173648 -0.000000 0.996195 -0.087156 0.000000 0.996195 -0.087156 0.000000 0.939693 -0.342020 0.000000 0.939693 -0.342020 0.000000 0.819152 -0.573576 0.000000 0.819152 -0.573576 0.000000 0.642788 -0.766044 0.000000 0.642788 -0.766044 0.000000 0.422618 -0.906308 0.000000 0.422618 -0.906308 0.000000 0.173648 -0.984808 0.000000 0.173648 -0.984808 0.000000 -0.087156 -0.996195 0.000000 -0.087156 -0.996195 0.000000 -0.342020 -0.939693 0.000000 -0.342020 -0.939693 0.000000 -0.573576 -0.819152 0.000000 -0.573576 -0.819152 0.000000 -0.766044 -0.642788 0.000000 -0.766044 -0.642788 0.000000 -0.906308 -0.422618 0.000000 -0.906308 -0.422618 0.000000 -0.984808 -0.173648 0.000000 -0.984808 -0.173648 0.000000 -0.996195 0.087156 0.000000 -0.996195 0.087156 0.000000 -0.939693 0.342020 0.000000 -0.939693 0.342020 0.000000 -0.819152 0.573576 0.000000 -0.819152 0.573576 0.000000 -0.642788 0.766044 0.000000 -0.642788 0.766044 0.000000 -0.422618 0.906308 0.000000 -0.422618 0.906308 0.000000 -0.173648 0.984808 0.000000 -0.173648 0.984808 0.000000 0.087156 0.996195 -0.000000 0.087156 0.996195 -0.000000 0.342020 0.939693 -0.000000 0.342020 0.939693 -0.000000 -0.906308 -0.422618 0.000000 -0.906308 -0.422618 0.000000 -0.766044 -0.642788 0.000000 -0.766044 -0.642788 0.000000 -0.573576 -0.819152 0.000000 -0.573576 -0.819152 0.000000 -0.342020 -0.939693 0.000000 -0.342020 -0.939693 0.000000 -0.087156 -0.996195 0.000000 -0.087156 -0.996195 0.000000 0.173648 -0.984808 -0.000000 0.173648 -0.984808 -0.000000 0.422618 -0.906308 -0.000000 0.422618 -0.906308 -0.000000 0.642788 -0.766044 -0.000000 0.642788 -0.766044 -0.000000 0.819152 -0.573576 -0.000000 0.819152 -0.573576 -0.000000 0.939693 -0.342020 -0.000000 0.939693 -0.342020 -0.000000 0.996195 -0.087156 -0.000000 0.996195 -0.087156 -0.000000 0.984808 0.173648 -0.000000 0.984808 0.173648 -0.000000 0.906308 0.422618 -0.000000 0.906308 0.422618 -0.000000 0.766044 0.642788 -0.000000 0.766044 0.642788 -0.000000 0.573576 0.819152 -0.000000 0.573576 0.819152 -0.000000 0.342020 0.939693 -0.000000 0.342020 0.939693 -0.000000 0.087156 0.996195 -0.000000 0.087156 0.996195 -0.000000 -0.173648 0.984808 -0.000000 -0.173648 0.984808 -0.000000 -0.422618 0.906308 -0.000000 -0.422618 0.906308 -0.000000 -0.642788 0.766044 -0.000000 -0.642788 0.766044 -0.000000 -0.819152 0.573576 -0.000000 -0.819152 0.573576 -0.000000 -0.939693 0.342020 -0.000000 -0.939693 0.342020 -0.000000 -0.996195 0.087156 -0.000000 -0.996195 0.087156 -0.000000 -0.984808 -0.173648 0.000000 -0.984808 -0.173648 0.000000 0.000000 0.000000 1.000000 0.000000 0.000000 1.000000 0.000000 0.000000 1.000000 0.000000 0.000000 1.000000 0.000000 0.000000 1.000000 0.000000 0.000000 1.000000 0.000000 0.000000 1.000000 0.000000 0.000000 1.000000 0.000000 0.000000 1.000000 0.000000 0.000000 1.000000 0.000000 0.000000 1.000000 0.000000 0.000000 1.000000 0.000000 0.000000 1.000000 0.000000 0.000000 1.000000 0.000000 0.000000 1.000000 0.000000 0.000000 1.000000 0.000000 0.000000 1.000000 0.000000 0.000000 1.000000 0.000000 0.000000 1.000000 0.000000 0.000000 1.000000 0.000000 0.000000 1.000000 0.000000 0.000000 1.000000 0.000000 0.000000 1.000000 0.000000 0.000000 1.000000 0.000000 0.000000 1.000000 0.000000 0.000000 1.000000 0.000000 0.000000 1.000000 0.000000 0.000000 1.000000 0.000000 0.000000 1.000000 0.000000 0.000000 1.000000 0.000000 0.000000 1.000000 0.000000 0.000000 1.000000 0.000000 0.000000 1.000000 0.000000 0.000000 1.000000 0.000000 0.000000 1.000000 0.000000 0.000000 1.000000 0.000000 0.000000 1.000000 0.000000 0.000000 1.000000 0.000000 0.000000 1.000000 0.000000 0.000000 1.000000 0.000000 0.000000 1.000000 0.000000 0.000000 1.000000 0.000000 0.000000 1.000000 0.000000 0.000000 1.000000 0.000000 0.000000 1.000000 0.000000 0.000000 1.000000 0.000000 0.000000 1.000000 0.000000 0.000000 1.000000 0.000000 0.000000 1.000000 0.000000 0.000000 1.000000 0.000000 0.000000 1.000000 0.000000 0.000000 1.000000 0.000000 0.000000 1.000000 0.000000 0.000000 1.000000 0.000000 0.000000 1.000000 0.000000 0.000000 1.000000 0.000000 0.000000 1.000000 0.000000 0.000000 1.000000 0.000000 0.000000 1.000000 0.000000 0.000000 1.000000 0.000000 0.000000 1.000000 0.000000 0.000000 1.000000 0.000000 0.000000 1.000000 0.000000 0.000000 1.000000 0.000000 0.000000 1.000000 0.000000 0.000000 1.000000 0.000000 0.000000 1.000000 0.000000 0.000000 1.000000 0.000000 0.000000 1.000000 0.000000 0.000000 1.000000 0.000000 0.000000 1.000000 0.000000 0.000000 1.000000 0.819152 0.573576 -0.000000 0.819152 0.573576 -0.000000 0.939693 0.342020 -0.000000 0.939693 0.342020 -0.000000 0.996195 0.087156 -0.000000 0.996195 0.087156 -0.000000 0.984808 -0.173648 0.000000 0.984808 -0.173648 0.000000 0.906308 -0.422618 0.000000 0.906308 -0.422618 0.000000 0.766044 -0.642788 0.000000 0.766044 -0.642788 0.000000 0.573576 -0.819152 0.000000 0.573576 -0.819152 0.000000 0.342020 -0.939693 0.000000 0.342020 -0.939693 0.000000 0.087156 -0.996195 0.000000 0.087156 -0.996195 0.000000 -0.173648 -0.984808 0.000000 -0.173648 -0.984808 0.000000 -0.422618 -0.906308 0.000000 -0.422618 -0.906308 0.000000 -0.642788 -0.766044 0.000000 -0.642788 -0.766044 0.000000 -0.819152 -0.573576 0.000000 -0.819152 -0.573576 0.000000 -0.939693 -0.342020 0.000000 -0.939693 -0.342020 0.000000 -0.996195 -0.087156 0.000000 -0.996195 -0.087156 0.000000 -0.984808 0.173648 0.000000 -0.984808 0.173648 0.000000 -0.906308 0.422618 0.000000 -0.906308 0.422618 0.000000 -0.766044 0.642788 0.000000 -0.766044 0.642788 0.000000 -0.573576 0.819152 0.000000 -0.573576 0.819152 0.000000 -0.342020 0.939693 0.000000 -0.342020 0.939693 0.000000 -0.087156 0.996195 0.000000 -0.087156 0.996195 0.000000 0.173648 0.984808 -0.000000 0.173648 0.984808 -0.000000 0.422618 0.906308 -0.000000 0.422618 0.906308 -0.000000 0.642788 0.766044 -0.000000 0.642788 0.766044 -0.000000 -0.996195 -0.087156 0.000000 -0.996195 -0.087156 0.000000 -0.939693 -0.342020 0.000000 -0.939693 -0.342020 0.000000 -0.819152 -0.573576 0.000000 -0.819152 -0.573576 0.000000 -0.642788 -0.766044 0.000000 -0.642788 -0.766044 0.000000 -0.422618 -0.906308 0.000000 -0.422618 -0.906308 0.000000 -0.173648 -0.984808 0.000000 -0.173648 -0.984808 0.000000 0.087156 -0.996195 -0.000000 0.087156 -0.996195 -0.000000 0.342020 -0.939693 -0.000000 0.342020 -0.939693 -0.000000 0.573576 -0.819152 -0.000000 0.573576 -0.819152 -0.000000 0.766044 -0.642788 -0.000000 0.766044 -0.642788 -0.000000 0.906308 -0.422618 -0.000000 0.906308 -0.422618 -0.000000 0.984808 -0.173648 -0.000000 0.984808 -0.173648 -0.000000 0.996195 0.087156 -0.000000 0.996195 0.087156 -0.000000 0.939693 0.342020 -0.000000 0.939693 0.342020 -0.000000 0.819152 0.573576 -0.000000 0.819152 0.573576 -0.000000 0.642788 0.766044 -0.000000 0.642788 0.766044 -0.000000 0.422618 0.906308 -0.000000 0.422618 0.906308 -0.000000 0.173648 0.984808 -0.000000 0.173648 0.984808 -0.000000 -0.087156 0.996195 -0.000000 -0.087156 0.996195 -0.000000 -0.342020 0.939693 -0.000000 -0.342020 0.939693 -0.000000 -0.573576 0.819152 -0.000000 -0.573576 0.819152 -0.000000 -0.766044 0.642788 -0.000000 -0.766044 0.642788 -0.000000 -0.906308 0.422618 -0.000000 -0.906308 0.422618 -0.000000 -0.984808 0.173648 -0.000000 -0.984808 0.173648 -0.000000 0.000000 0.000000 1.000000 0.000000 0.000000 1.000000 0.000000 0.000000 1.000000 0.000000 0.000000 1.000000 0.000000 0.000000 1.000000 0.000000 0.000000 1.000000 0.000000 0.000000 1.000000 0.000000 0.000000 1.000000 0.000000 0.000000 1.000000 0.000000 0.000000 1.000000 0.000000 0.000000 1.000000 0.000000 0.000000 1.000000 0.000000 0.000000 1.000000 0.000000 0.000000 1.000000 0.000000 0.000000 1.000000 0.000000 0.000000 1.000000 0.000000 0.000000 1.000000 0.000000 0.000000 1.000000 0.000000 0.000000 1.000000 0.000000 0.000000 1.000000 0.000000 0.000000 1.000000 0.000000 0.000000 1.000000 0.000000 0.000000 1.000000 0.000000 0.000000 1.000000 0.000000 0.000000 1.000000 0.000000 0.000000 1.000000 0.000000 0.000000 1.000000 0.000000 0.000000 1.000000 0.000000 0.000000 1.000000 0.000000 0.000000 1.000000 0.000000 0.000000 1.000000 0.000000 0.000000 1.000000 0.000000 0.000000 1.000000 0.000000 0.000000 1.000000 0.000000 0.000000 1.000000 0.000000 0.000000 1.000000 0.000000 0.000000 1.000000 0.000000 0.000000 1.000000 0.000000 0.000000 1.000000 0.000000 0.000000 1.000000 0.000000 0.000000 1.000000 0.000000 0.000000 1.000000 0.000000 0.000000 1.000000 0.000000 0.000000 1.000000 0.000000 0.000000 1.000000 0.000000 0.000000 1.000000 0.000000 0.000000 1.000000 0.000000 0.000000 1.000000 0.000000 0.000000 1.000000 0.000000 0.000000 1.000000 0.000000 0.000000 1.000000 0.000000 0.000000 1.000000 0.000000 0.000000 1.000000 0.000000 0.000000 1.000000 0.000000 0.000000 1.000000 0.000000 0.000000 1.000000 0.000000 0.000000 1.000000 0.000000 0.000000 1.000000 0.000000 0.000000 1.000000 0.000000 0.000000 1.000000 0.000000 0.000000 1.000000 0.000000 0.000000 1.000000 0.000000 0.000000 1.000000 0.000000 0.000000 1.000000 0.000000 0.000000 1.000000 0.000000 0.000000 1.000000 0.000000 0.000000 1.000000 0.000000 0.000000 1.000000 0.000000 0.000000 1.000000 0.000000 0.000000 1.000000 0.000000 0.000000 1.000000 0.000000 0.000000 1.000000 0.965926 0.258819 -0.000000 0.965926 0.258819 -0.000000 1.000000 0.000000 -0.000000 1.000000 0.000000 -0.000000 0.965926 -0.258819 0.000000 0.965926 -0.258819 0.000000 0.866025 -0.500000 0.000000 0.866025 -0.500000 0.000000 0.707107 -0.707107 0.000000 0.707107 -0.707107 0.000000 0.500000 -0.866025 0.000000 0.500000 -0.866025 0.000000 0.258819 -0.965926 0.000000 0.258819 -0.965926 0.000000 0.000000 -1.000000 0.000000 0.000000 -1.000000 0.000000 -0.258819 -0.965926 0.000000 -0.258819 -0.965926 0.000000 -0.500000 -0.866025 0.000000 -0.500000 -0.866025 0.000000 -0.707107 -0.707107 0.000000 -0.707107 -0.707107 0.000000 -0.866025 -0.500000 0.000000 -0.866025 -0.500000 0.000000 -0.965926 -0.258819 0.000000 -0.965926 -0.258819 0.000000 -1.000000 0.000000 0.000000 -1.000000 0.000000 0.000000 -0.965926 0.258819 0.000000 -0.965926 0.258819 0.000000 -0.866025 0.500000 0.000000 -0.866025 0.500000 0.000000 -0.707107 0.707107 0.000000 -0.707107 0.707107 0.000000 -0.500000 0.866025 0.000000 -0.500000 0.866025 0.000000 -0.258819 0.965926 0.000000 -0.258819 0.965926 0.000000 0.000000 1.000000 -0.000000 0.000000 1.000000 -0.000000 0.258819 0.965926 -0.000000 0.258819 0.965926 -0.000000 0.500000 0.866025 -0.000000 0.500000 0.866025 -0.000000 0.707107 0.707107 -0.000000 0.707107 0.707107 -0.000000 0.866025 0.500000 -0.000000 0.866025 0.500000 -0.000000 -0.965926 0.258819 -0.000000 -0.965926 0.258819 -0.000000 -1.000000 0.000000 -0.000000 -1.000000 0.000000 -0.000000 -0.965926 -0.258819 0.000000 -0.965926 -0.258819 0.000000 -0.866025 -0.500000 0.000000 -0.866025 -0.500000 0.000000 -0.707107 -0.707107 0.000000 -0.707107 -0.707107 0.000000 -0.500000 -0.866025 0.000000 -0.500000 -0.866025 0.000000 -0.258819 -0.965926 0.000000 -0.258819 -0.965926 0.000000 -0.000000 -1.000000 0.000000 -0.000000 -1.000000 0.000000 0.258819 -0.965926 -0.000000 0.258819 -0.965926 -0.000000 0.500000 -0.866025 -0.000000 0.500000 -0.866025 -0.000000 0.707107 -0.707107 -0.000000 0.707107 -0.707107 -0.000000 0.866025 -0.500000 -0.000000 0.866025 -0.500000 -0.000000 0.965926 -0.258819 -0.000000 0.965926 -0.258819 -0.000000 1.000000 -0.000000 -0.000000 1.000000 -0.000000 -0.000000 0.965926 0.258819 -0.000000 0.965926 0.258819 -0.000000 0.866025 0.500000 -0.000000 0.866025 0.500000 -0.000000 0.707107 0.707107 -0.000000 0.707107 0.707107 -0.000000 0.500000 0.866025 -0.000000 0.500000 0.866025 -0.000000 0.258819 0.965926 -0.000000 0.258819 0.965926 -0.000000 -0.000000 1.000000 -0.000000 -0.000000 1.000000 -0.000000 -0.258819 0.965926 -0.000000 -0.258819 0.965926 -0.000000 -0.500000 0.866025 -0.000000 -0.500000 0.866025 -0.000000 -0.707107 0.707107 -0.000000 -0.707107 0.707107 -0.000000 -0.866025 0.500000 -0.000000 -0.866025 0.500000 -0.000000 0.000000 0.000000 1.000000 0.000000 0.000000 1.000000 0.000000 0.000000 1.000000 0.000000 0.000000 1.000000 0.000000 0.000000 1.000000 0.000000 0.000000 1.000000 0.000000 0.000000 1.000000 0.000000 0.000000 1.000000 0.000000 0.000000 1.000000 0.000000 0.000000 1.000000 0.000000 0.000000 1.000000 0.000000 0.000000 1.000000 0.000000 0.000000 1.000000 0.000000 0.000000 1.000000 0.000000 0.000000 1.000000 0.000000 0.000000 1.000000 0.000000 0.000000 1.000000 0.000000 0.000000 1.000000 0.000000 0.000000 1.000000 0.000000 0.000000 1.000000 0.000000 0.000000 1.000000 0.000000 0.000000 1.000000 0.000000 0.000000 1.000000 0.000000 0.000000 1.000000 0.000000 0.000000 1.000000 0.000000 0.000000 1.000000 0.000000 0.000000 1.000000 0.000000 0.000000 1.000000 0.000000 0.000000 1.000000 0.000000 0.000000 1.000000 0.000000 0.000000 1.000000 0.000000 0.000000 1.000000 0.000000 0.000000 1.000000 0.000000 0.000000 1.000000 0.000000 0.000000 1.000000 0.000000 0.000000 1.000000 0.000000 0.000000 1.000000 0.000000 0.000000 1.000000 0.000000 0.000000 1.000000 0.000000 0.000000 1.000000 0.000000 0.000000 1.000000 0.000000 0.000000 1.000000 0.000000 0.000000 1.000000 0.000000 0.000000 1.000000 0.000000 0.000000 1.000000 0.000000 0.000000 1.000000 0.000000 0.000000 1.000000 0.000000 0.000000 1.000000 0.000000 0.000000 1.000000 0.000000 0.000000 1.000000 0.000000 0.000000 1.000000 0.000000 0.000000 1.000000 0.000000 0.000000 1.000000 0.000000 0.000000 1.000000 0.000000 0.000000 1.000000 0.000000 0.000000 1.000000 0.000000 0.000000 1.000000 0.000000 0.000000 1.000000 0.000000 0.000000 1.000000 0.000000 0.000000 1.000000 0.000000 0.000000 1.000000 0.000000 0.000000 1.000000 0.000000 0.000000 1.000000 0.000000 0.000000 1.000000 0.000000 0.000000 1.000000 0.000000 0.000000 1.000000 0.000000 0.000000 1.000000 0.000000 0.000000 1.000000 0.000000 0.000000 1.000000 0.000000 0.000000 1.000000 0.000000 0.000000 1.000000 0.000000 0.000000 1.000000 0.996195 -0.087156 0.000000 0.996195 -0.087156 0.000000 0.939693 -0.342020 0.000000 0.939693 -0.342020 0.000000 0.819152 -0.573576 0.000000 0.819152 -0.573576 0.000000 0.642788 -0.766044 0.000000 0.642788 -0.766044 0.000000 0.422618 -0.906308 0.000000 0.422618 -0.906308 0.000000 0.173648 -0.984808 0.000000 0.173648 -0.984808 0.000000 -0.087156 -0.996195 0.000000 -0.087156 -0.996195 0.000000 -0.342020 -0.939693 0.000000 -0.342020 -0.939693 0.000000 -0.573576 -0.819152 0.000000 -0.573576 -0.819152 0.000000 -0.766044 -0.642788 0.000000 -0.766044 -0.642788 0.000000 -0.906308 -0.422618 0.000000 -0.906308 -0.422618 0.000000 -0.984808 -0.173648 0.000000 -0.984808 -0.173648 0.000000 -0.996195 0.087156 0.000000 -0.996195 0.087156 0.000000 -0.939693 0.342020 0.000000 -0.939693 0.342020 0.000000 -0.819152 0.573576 0.000000 -0.819152 0.573576 0.000000 -0.642788 0.766044 0.000000 -0.642788 0.766044 0.000000 -0.422618 0.906308 0.000000 -0.422618 0.906308 0.000000 -0.173648 0.984808 0.000000 -0.173648 0.984808 0.000000 0.087156 0.996195 -0.000000 0.087156 0.996195 -0.000000 0.342020 0.939693 -0.000000 0.342020 0.939693 -0.000000 0.573576 0.819152 -0.000000 0.573576 0.819152 -0.000000 0.766044 0.642788 -0.000000 0.766044 0.642788 -0.000000 0.906308 0.422618 -0.000000 0.906308 0.422618 -0.000000 0.984808 0.173648 -0.000000 0.984808 0.173648 -0.000000 -0.819152 0.573576 -0.000000 -0.819152 0.573576 -0.000000 -0.939693 0.342020 -0.000000 -0.939693 0.342020 -0.000000 -0.996195 0.087156 -0.000000 -0.996195 0.087156 -0.000000 -0.984808 -0.173648 0.000000 -0.984808 -0.173648 0.000000 -0.906308 -0.422618 0.000000 -0.906308 -0.422618 0.000000 -0.766044 -0.642788 0.000000 -0.766044 -0.642788 0.000000 -0.573576 -0.819152 0.000000 -0.573576 -0.819152 0.000000 -0.342020 -0.939693 0.000000 -0.342020 -0.939693 0.000000 -0.087156 -0.996195 0.000000 -0.087156 -0.996195 0.000000 0.173648 -0.984808 -0.000000 0.173648 -0.984808 -0.000000 0.422618 -0.906308 -0.000000 0.422618 -0.906308 -0.000000 0.642788 -0.766044 -0.000000 0.642788 -0.766044 -0.000000 0.819152 -0.573576 -0.000000 0.819152 -0.573576 -0.000000 0.939693 -0.342020 -0.000000 0.939693 -0.342020 -0.000000 0.996195 -0.087156 -0.000000 0.996195 -0.087156 -0.000000 0.984808 0.173648 -0.000000 0.984808 0.173648 -0.000000 0.906308 0.422618 -0.000000 0.906308 0.422618 -0.000000 0.766044 0.642788 -0.000000 0.766044 0.642788 -0.000000 0.573576 0.819152 -0.000000 0.573576 0.819152 -0.000000 0.342020 0.939693 -0.000000 0.342020 0.939693 -0.000000 0.087156 0.996195 -0.000000 0.087156 0.996195 -0.000000 -0.173648 0.984808 -0.000000 -0.173648 0.984808 -0.000000 -0.422618 0.906308 -0.000000 -0.422618 0.906308 -0.000000 -0.642788 0.766044 -0.000000 -0.642788 0.766044 -0.000000 0.000000 0.000000 1.000000 0.000000 0.000000 1.000000 0.000000 0.000000 1.000000 0.000000 0.000000 1.000000 0.000000 0.000000 1.000000 0.000000 0.000000 1.000000 0.000000 0.000000 1.000000 0.000000 0.000000 1.000000 0.000000 0.000000 1.000000 0.000000 0.000000 1.000000 0.000000 0.000000 1.000000 0.000000 0.000000 1.000000 0.000000 0.000000 1.000000 0.000000 0.000000 1.000000 0.000000 0.000000 1.000000 0.000000 0.000000 1.000000 0.000000 0.000000 1.000000 0.000000 0.000000 1.000000 0.000000 0.000000 1.000000 0.000000 0.000000 1.000000 0.000000 0.000000 1.000000 0.000000 0.000000 1.000000 0.000000 0.000000 1.000000 0.000000 0.000000 1.000000 0.000000 0.000000 1.000000 0.000000 0.000000 1.000000 0.000000 0.000000 1.000000 0.000000 0.000000 1.000000 0.000000 0.000000 1.000000 0.000000 0.000000 1.000000 0.000000 0.000000 1.000000 0.000000 0.000000 1.000000 0.000000 0.000000 1.000000 0.000000 0.000000 1.000000 0.000000 0.000000 1.000000 0.000000 0.000000 1.000000 0.000000 0.000000 1.000000 0.000000 0.000000 1.000000 0.000000 0.000000 1.000000 0.000000 0.000000 1.000000 0.000000 0.000000 1.000000 0.000000 0.000000 1.000000 0.000000 0.000000 1.000000 0.000000 0.000000 1.000000 0.000000 0.000000 1.000000 0.000000 0.000000 1.000000 0.000000 0.000000 1.000000 0.000000 0.000000 1.000000 0.000000 0.000000 1.000000 0.000000 0.000000 1.000000 0.000000 0.000000 1.000000 0.000000 0.000000 1.000000 0.000000 0.000000 1.000000 0.000000 0.000000 1.000000 0.000000 0.000000 1.000000 0.000000 0.000000 1.000000 0.000000 0.000000 1.000000 0.000000 0.000000 1.000000 0.000000 0.000000 1.000000 0.000000 0.000000 1.000000 0.000000 0.000000 1.000000 0.000000 0.000000 1.000000 0.000000 0.000000 1.000000 0.000000 0.000000 1.000000 0.000000 0.000000 1.000000 0.000000 0.000000 1.000000 0.000000 0.000000 1.000000 0.000000 0.000000 1.000000 0.000000 0.000000 1.000000 0.000000 0.000000 1.000000 0.000000 0.000000 1.000000 0.000000 0.000000 1.000000 -0.258819 -0.965926 0.000000 -0.258819 -0.965926 0.000000 -0.500000 -0.866025 0.000000 -0.500000 -0.866025 0.000000 -0.707107 -0.707107 0.000000 -0.707107 -0.707107 0.000000 -0.866025 -0.500000 0.000000 -0.866025 -0.500000 0.000000 -0.965926 -0.258819 0.000000 -0.965926 -0.258819 0.000000 -1.000000 -0.000000 0.000000 -1.000000 0.000000 0.000000 -0.965926 0.258819 0.000000 -0.965926 0.258819 0.000000 -0.866025 0.500000 0.000000 -0.866025 0.500000 0.000000 -0.707107 0.707107 0.000000 -0.707107 0.707107 0.000000 -0.500000 0.866025 0.000000 -0.500000 0.866025 0.000000 -0.258819 0.965926 0.000000 -0.258819 0.965926 0.000000 0.000000 1.000000 0.000000 0.000000 1.000000 0.000000 0.258819 0.965926 -0.000000 0.258819 0.965926 -0.000000 0.500000 0.866025 -0.000000 0.500000 0.866025 -0.000000 0.707107 0.707107 -0.000000 0.707107 0.707107 -0.000000 0.866025 0.500000 -0.000000 0.866025 0.500000 -0.000000 0.965926 0.258819 -0.000000 0.965926 0.258819 -0.000000 1.000000 0.000000 -0.000000 1.000000 -0.000000 0.000000 0.965926 -0.258819 0.000000 0.965926 -0.258819 0.000000 0.866025 -0.500000 0.000000 0.866025 -0.500000 0.000000 0.707107 -0.707107 0.000000 0.707107 -0.707107 0.000000 0.500000 -0.866025 0.000000 0.500000 -0.866025 0.000000 0.258819 -0.965926 0.000000 0.258819 -0.965926 0.000000 -0.000000 -1.000000 0.000000 -0.000000 -1.000000 0.000000 0.707107 0.707107 -0.000000 0.707107 0.707107 -0.000000 0.500000 0.866025 -0.000000 0.500000 0.866025 -0.000000 0.258819 0.965926 -0.000000 0.258819 0.965926 -0.000000 0.000000 1.000000 -0.000000 0.000000 1.000000 -0.000000 -0.258819 0.965926 -0.000000 -0.258819 0.965926 -0.000000 -0.500000 0.866025 -0.000000 -0.500000 0.866025 -0.000000 -0.707107 0.707107 -0.000000 -0.707107 0.707107 -0.000000 -0.866025 0.500000 -0.000000 -0.866025 0.500000 -0.000000 -0.965926 0.258819 -0.000000 -0.965926 0.258819 -0.000000 -1.000000 0.000000 -0.000000 -1.000000 -0.000000 0.000000 -0.965926 -0.258819 0.000000 -0.965926 -0.258819 0.000000 -0.866025 -0.500000 0.000000 -0.866025 -0.500000 0.000000 -0.707107 -0.707107 0.000000 -0.707107 -0.707107 0.000000 -0.500000 -0.866025 0.000000 -0.500000 -0.866025 0.000000 -0.258819 -0.965926 0.000000 -0.258819 -0.965926 0.000000 -0.000000 -1.000000 -0.000000 -0.000000 -1.000000 0.000000 0.258819 -0.965926 -0.000000 0.258819 -0.965926 -0.000000 0.500000 -0.866025 -0.000000 0.500000 -0.866025 -0.000000 0.707107 -0.707107 -0.000000 0.707107 -0.707107 -0.000000 0.866025 -0.500000 -0.000000 0.866025 -0.500000 -0.000000 0.965926 -0.258819 -0.000000 0.965926 -0.258819 -0.000000 1.000000 -0.000000 -0.000000 1.000000 0.000000 -0.000000 0.965926 0.258819 -0.000000 0.965926 0.258819 -0.000000 0.866025 0.500000 -0.000000 0.866025 0.500000 -0.000000 0.000000 0.000000 1.000000 0.000000 0.000000 1.000000 0.000000 0.000000 1.000000 0.000000 0.000000 1.000000 0.000000 0.000000 1.000000 0.000000 0.000000 1.000000 0.000000 0.000000 1.000000 0.000000 0.000000 1.000000 0.000000 0.000000 1.000000 0.000000 0.000000 1.000000 0.000000 0.000000 1.000000 0.000000 0.000000 1.000000 0.000000 0.000000 1.000000 0.000000 0.000000 1.000000 0.000000 0.000000 1.000000 0.000000 0.000000 1.000000 0.000000 0.000000 1.000000 0.000000 0.000000 1.000000 0.000000 0.000000 1.000000 0.000000 0.000000 1.000000 0.000000 0.000000 1.000000 0.000000 0.000000 1.000000 0.000000 0.000000 1.000000 0.000000 0.000000 1.000000 0.000000 0.000000 1.000000 0.000000 0.000000 1.000000 0.000000 0.000000 1.000000 0.000000 0.000000 1.000000 0.000000 0.000000 1.000000 0.000000 0.000000 1.000000 0.000000 0.000000 1.000000 0.000000 0.000000 1.000000 0.000000 0.000000 1.000000 0.000000 0.000000 1.000000 0.000000 0.000000 1.000000 0.000000 0.000000 1.000000 0.000000 0.000000 1.000000 0.000000 0.000000 1.000000 0.000000 0.000000 1.000000 0.000000 0.000000 1.000000 0.000000 0.000000 1.000000 0.000000 0.000000 1.000000 0.000000 0.000000 1.000000 0.000000 0.000000 1.000000 0.000000 0.000000 1.000000 0.000000 0.000000 1.000000 0.000000 0.000000 1.000000 0.000000 0.000000 1.000000 0.000000 0.000000 1.000000 0.000000 0.000000 1.000000 0.000000 0.000000 1.000000 0.000000 0.000000 1.000000 0.000000 0.000000 1.000000 0.000000 0.000000 1.000000 0.000000 0.000000 1.000000 0.000000 0.000000 1.000000 0.000000 0.000000 1.000000 0.000000 0.000000 1.000000 0.000000 0.000000 1.000000 0.000000 0.000000 1.000000 0.000000 0.000000 1.000000 0.000000 0.000000 1.000000 0.000000 0.000000 1.000000 0.000000 0.000000 1.000000 0.000000 0.000000 1.000000 0.000000 0.000000 1.000000 0.000000 0.000000 1.000000 0.000000 0.000000 1.000000 0.000000 0.000000 1.000000 0.000000 0.000000 1.000000 0.000000 0.000000 1.000000 0.000000 0.000000 1.000000 -0.573576 -0.819152 0.000000 -0.573576 -0.819152 0.000000 -0.766044 -0.642788 0.000000 -0.766044 -0.642788 0.000000 -0.906308 -0.422618 0.000000 -0.906308 -0.422618 0.000000 -0.984808 -0.173648 0.000000 -0.984808 -0.173648 0.000000 -0.996195 0.087156 0.000000 -0.996195 0.087156 0.000000 -0.939693 0.342020 0.000000 -0.939693 0.342020 0.000000 -0.819152 0.573576 0.000000 -0.819152 0.573576 0.000000 -0.642788 0.766044 0.000000 -0.642788 0.766044 0.000000 -0.422618 0.906308 0.000000 -0.422618 0.906308 0.000000 -0.173648 0.984808 0.000000 -0.173648 0.984808 0.000000 0.087156 0.996195 -0.000000 0.087156 0.996195 -0.000000 0.342020 0.939693 -0.000000 0.342020 0.939693 -0.000000 0.573576 0.819152 -0.000000 0.573576 0.819152 -0.000000 0.766044 0.642788 -0.000000 0.766044 0.642788 -0.000000 0.906308 0.422618 -0.000000 0.906308 0.422618 -0.000000 0.984808 0.173648 -0.000000 0.984808 0.173648 -0.000000 0.996195 -0.087156 0.000000 0.996195 -0.087156 0.000000 0.939693 -0.342020 0.000000 0.939693 -0.342020 0.000000 0.819152 -0.573576 0.000000 0.819152 -0.573576 0.000000 0.642788 -0.766044 0.000000 0.642788 -0.766044 0.000000 0.422618 -0.906308 0.000000 0.422618 -0.906308 0.000000 0.173648 -0.984808 0.000000 0.173648 -0.984808 0.000000 -0.087156 -0.996195 0.000000 -0.087156 -0.996195 0.000000 -0.342020 -0.939693 0.000000 -0.342020 -0.939693 0.000000 0.906308 0.422618 -0.000000 0.906308 0.422618 -0.000000 0.766044 0.642788 -0.000000 0.766044 0.642788 -0.000000 0.573576 0.819152 -0.000000 0.573576 0.819152 -0.000000 0.342020 0.939693 -0.000000 0.342020 0.939693 -0.000000 0.087156 0.996195 -0.000000 0.087156 0.996195 -0.000000 -0.173648 0.984808 -0.000000 -0.173648 0.984808 -0.000000 -0.422618 0.906308 -0.000000 -0.422618 0.906308 -0.000000 -0.642788 0.766044 -0.000000 -0.642788 0.766044 -0.000000 -0.819152 0.573576 -0.000000 -0.819152 0.573576 -0.000000 -0.939693 0.342020 -0.000000 -0.939693 0.342020 -0.000000 -0.996195 0.087156 -0.000000 -0.996195 0.087156 -0.000000 -0.984808 -0.173648 0.000000 -0.984808 -0.173648 0.000000 -0.906308 -0.422618 0.000000 -0.906308 -0.422618 0.000000 -0.766044 -0.642788 0.000000 -0.766044 -0.642788 0.000000 -0.573576 -0.819152 0.000000 -0.573576 -0.819152 0.000000 -0.342020 -0.939693 0.000000 -0.342020 -0.939693 0.000000 -0.087156 -0.996195 0.000000 -0.087156 -0.996195 0.000000 0.173648 -0.984808 -0.000000 0.173648 -0.984808 -0.000000 0.422618 -0.906308 -0.000000 0.422618 -0.906308 -0.000000 0.642788 -0.766044 -0.000000 0.642788 -0.766044 -0.000000 0.819152 -0.573576 -0.000000 0.819152 -0.573576 -0.000000 0.939693 -0.342020 -0.000000 0.939693 -0.342020 -0.000000 0.996195 -0.087156 -0.000000 0.996195 -0.087156 -0.000000 0.984808 0.173648 -0.000000 0.984808 0.173648 -0.000000 0.000000 0.000000 1.000000 0.000000 0.000000 1.000000 0.000000 0.000000 1.000000 0.000000 0.000000 1.000000 0.000000 0.000000 1.000000 0.000000 0.000000 1.000000 0.000000 0.000000 1.000000 0.000000 0.000000 1.000000 0.000000 0.000000 1.000000 0.000000 0.000000 1.000000 0.000000 0.000000 1.000000 0.000000 0.000000 1.000000 0.000000 0.000000 1.000000 0.000000 0.000000 1.000000 0.000000 0.000000 1.000000 0.000000 0.000000 1.000000 0.000000 0.000000 1.000000 0.000000 0.000000 1.000000 0.000000 0.000000 1.000000 0.000000 0.000000 1.000000 0.000000 0.000000 1.000000 0.000000 0.000000 1.000000 0.000000 0.000000 1.000000 0.000000 0.000000 1.000000 0.000000 0.000000 1.000000 0.000000 0.000000 1.000000 0.000000 0.000000 1.000000 0.000000 0.000000 1.000000 0.000000 0.000000 1.000000 0.000000 0.000000 1.000000 0.000000 0.000000 1.000000 0.000000 0.000000 1.000000 0.000000 0.000000 1.000000 0.000000 0.000000 1.000000 0.000000 0.000000 1.000000 0.000000 0.000000 1.000000 0.000000 0.000000 1.000000 0.000000 0.000000 1.000000 0.000000 0.000000 1.000000 0.000000 0.000000 1.000000 0.000000 0.000000 1.000000 0.000000 0.000000 1.000000 0.000000 0.000000 1.000000 0.000000 0.000000 1.000000 0.000000 0.000000 1.000000 0.000000 0.000000 1.000000 0.000000 0.000000 1.000000 0.000000 0.000000 1.000000 0.000000 0.000000 1.000000 0.000000 0.000000 1.000000 0.000000 0.000000 1.000000 0.000000 0.000000 1.000000 0.000000 0.000000 1.000000 0.000000 0.000000 1.000000 0.000000 0.000000 1.000000 0.000000 0.000000 1.000000 0.000000 0.000000 1.000000 0.000000 0.000000 1.000000 0.000000 0.000000 1.000000 0.000000 0.000000 1.000000 0.000000 0.000000 1.000000 0.000000 0.000000 1.000000 0.000000 0.000000 1.000000 0.000000 0.000000 1.000000 0.000000 0.000000 1.000000 0.000000 0.000000 1.000000 0.000000 0.000000 1.000000 0.000000 0.000000 1.000000 0.000000 0.000000 1.000000 0.000000 0.000000 1.000000 0.000000 0.000000 1.000000 0.000000 0.000000 1.000000 -0.819152 -0.573576 0.000000 -0.819152 -0.573576 0.000000 -0.939693 -0.342020 0.000000 -0.939693 -0.342020 0.000000 -0.996195 -0.087156 0.000000 -0.996195 -0.087156 0.000000 -0.984808 0.173648 0.000000 -0.984808 0.173648 0.000000 -0.906308 0.422618 0.000000 -0.906308 0.422618 0.000000 -0.766044 0.642788 0.000000 -0.766044 0.642788 0.000000 -0.573576 0.819152 0.000000 -0.573576 0.819152 0.000000 -0.342020 0.939693 0.000000 -0.342020 0.939693 0.000000 -0.087156 0.996195 0.000000 -0.087156 0.996195 0.000000 0.173648 0.984808 -0.000000 0.173648 0.984808 -0.000000 0.422618 0.906308 -0.000000 0.422618 0.906308 -0.000000 0.642788 0.766044 -0.000000 0.642788 0.766044 -0.000000 0.819152 0.573576 -0.000000 0.819152 0.573576 -0.000000 0.939693 0.342020 -0.000000 0.939693 0.342020 -0.000000 0.996195 0.087156 -0.000000 0.996195 0.087156 -0.000000 0.984808 -0.173648 0.000000 0.984808 -0.173648 0.000000 0.906308 -0.422618 0.000000 0.906308 -0.422618 0.000000 0.766044 -0.642788 0.000000 0.766044 -0.642788 0.000000 0.573576 -0.819152 0.000000 0.573576 -0.819152 0.000000 0.342020 -0.939693 0.000000 0.342020 -0.939693 0.000000 0.087156 -0.996195 0.000000 0.087156 -0.996195 0.000000 -0.173648 -0.984808 0.000000 -0.173648 -0.984808 0.000000 -0.422618 -0.906308 0.000000 -0.422618 -0.906308 0.000000 -0.642788 -0.766044 0.000000 -0.642788 -0.766044 0.000000 0.996195 0.087156 -0.000000 0.996195 0.087156 -0.000000 0.939693 0.342020 -0.000000 0.939693 0.342020 -0.000000 0.819152 0.573576 -0.000000 0.819152 0.573576 -0.000000 0.642788 0.766044 -0.000000 0.642788 0.766044 -0.000000 0.422618 0.906308 -0.000000 0.422618 0.906308 -0.000000 0.173648 0.984808 -0.000000 0.173648 0.984808 -0.000000 -0.087156 0.996195 -0.000000 -0.087156 0.996195 -0.000000 -0.342020 0.939693 -0.000000 -0.342020 0.939693 -0.000000 -0.573576 0.819152 -0.000000 -0.573576 0.819152 -0.000000 -0.766044 0.642788 -0.000000 -0.766044 0.642788 -0.000000 -0.906308 0.422618 -0.000000 -0.906308 0.422618 -0.000000 -0.984808 0.173648 -0.000000 -0.984808 0.173648 -0.000000 -0.996195 -0.087156 0.000000 -0.996195 -0.087156 0.000000 -0.939693 -0.342020 0.000000 -0.939693 -0.342020 0.000000 -0.819152 -0.573576 0.000000 -0.819152 -0.573576 0.000000 -0.642788 -0.766044 0.000000 -0.642788 -0.766044 0.000000 -0.422618 -0.906308 0.000000 -0.422618 -0.906308 0.000000 -0.173648 -0.984808 0.000000 -0.173648 -0.984808 0.000000 0.087156 -0.996195 -0.000000 0.087156 -0.996195 -0.000000 0.342020 -0.939693 -0.000000 0.342020 -0.939693 -0.000000 0.573576 -0.819152 -0.000000 0.573576 -0.819152 -0.000000 0.766044 -0.642788 -0.000000 0.766044 -0.642788 -0.000000 0.906308 -0.422618 -0.000000 0.906308 -0.422618 -0.000000 0.984808 -0.173648 -0.000000 0.984808 -0.173648 -0.000000 0.000000 0.000000 1.000000 0.000000 0.000000 1.000000 0.000000 0.000000 1.000000 0.000000 0.000000 1.000000 0.000000 0.000000 1.000000 0.000000 0.000000 1.000000 0.000000 0.000000 1.000000 0.000000 0.000000 1.000000 0.000000 0.000000 1.000000 0.000000 0.000000 1.000000 0.000000 0.000000 1.000000 0.000000 0.000000 1.000000 0.000000 0.000000 1.000000 0.000000 0.000000 1.000000 0.000000 0.000000 1.000000 0.000000 0.000000 1.000000 0.000000 0.000000 1.000000 0.000000 0.000000 1.000000 0.000000 0.000000 1.000000 0.000000 0.000000 1.000000 0.000000 0.000000 1.000000 0.000000 0.000000 1.000000 0.000000 0.000000 1.000000 0.000000 0.000000 1.000000 0.000000 0.000000 1.000000 0.000000 0.000000 1.000000 0.000000 0.000000 1.000000 0.000000 0.000000 1.000000 0.000000 0.000000 1.000000 0.000000 0.000000 1.000000 0.000000 0.000000 1.000000 0.000000 0.000000 1.000000 0.000000 0.000000 1.000000 0.000000 0.000000 1.000000 0.000000 0.000000 1.000000 0.000000 0.000000 1.000000 0.000000 0.000000 1.000000 0.000000 0.000000 1.000000 0.000000 0.000000 1.000000 0.000000 0.000000 1.000000 0.000000 0.000000 1.000000 0.000000 0.000000 1.000000 0.000000 0.000000 1.000000 0.000000 0.000000 1.000000 0.000000 0.000000 1.000000 0.000000 0.000000 1.000000 0.000000 0.000000 1.000000 0.000000 0.000000 1.000000 0.000000 0.000000 1.000000 0.000000 0.000000 1.000000 0.000000 0.000000 1.000000 0.000000 0.000000 1.000000 0.000000 0.000000 1.000000 0.000000 0.000000 1.000000 0.000000 0.000000 1.000000 0.000000 0.000000 1.000000 0.000000 0.000000 1.000000 0.000000 0.000000 1.000000 0.000000 0.000000 1.000000 0.000000 0.000000 1.000000 0.000000 0.000000 1.000000 0.000000 0.000000 1.000000 0.000000 0.000000 1.000000 0.000000 0.000000 1.000000 0.000000 0.000000 1.000000 0.000000 0.000000 1.000000 0.000000 0.000000 1.000000 0.000000 0.000000 1.000000 0.000000 0.000000 1.000000 0.000000 0.000000 1.000000 0.000000 0.000000 1.000000 0.000000 0.000000 1.000000 -0.965926 -0.258819 0.000000 -0.965926 -0.258819 0.000000 -1.000000 -0.000000 0.000000 -1.000000 -0.000000 0.000000 -0.965926 0.258819 0.000000 -0.965926 0.258819 0.000000 -0.866025 0.500000 0.000000 -0.866025 0.500000 0.000000 -0.707107 0.707107 0.000000 -0.707107 0.707107 0.000000 -0.500000 0.866025 0.000000 -0.500000 0.866025 0.000000 -0.258819 0.965926 0.000000 -0.258819 0.965926 0.000000 0.000000 1.000000 -0.000000 0.000000 1.000000 -0.000000 0.258819 0.965926 -0.000000 0.258819 0.965926 -0.000000 0.500000 0.866025 -0.000000 0.500000 0.866025 -0.000000 0.707107 0.707107 -0.000000 0.707107 0.707107 -0.000000 0.866025 0.500000 -0.000000 0.866025 0.500000 -0.000000 0.965926 0.258819 -0.000000 0.965926 0.258819 -0.000000 1.000000 0.000000 -0.000000 1.000000 0.000000 -0.000000 0.965926 -0.258819 0.000000 0.965926 -0.258819 0.000000 0.866025 -0.500000 0.000000 0.866025 -0.500000 0.000000 0.707107 -0.707107 0.000000 0.707107 -0.707107 0.000000 0.500000 -0.866025 0.000000 0.500000 -0.866025 0.000000 0.258819 -0.965926 0.000000 0.258819 -0.965926 0.000000 0.000000 -1.000000 0.000000 0.000000 -1.000000 0.000000 -0.258819 -0.965926 0.000000 -0.258819 -0.965926 0.000000 -0.500000 -0.866025 0.000000 -0.500000 -0.866025 0.000000 -0.707107 -0.707107 0.000000 -0.707107 -0.707107 0.000000 -0.866025 -0.500000 0.000000 -0.866025 -0.500000 0.000000 0.965926 -0.258819 -0.000000 0.965926 -0.258819 -0.000000 1.000000 -0.000000 -0.000000 1.000000 -0.000000 -0.000000 0.965926 0.258819 -0.000000 0.965926 0.258819 -0.000000 0.866025 0.500000 -0.000000 0.866025 0.500000 -0.000000 0.707107 0.707107 -0.000000 0.707107 0.707107 -0.000000 0.500000 0.866025 -0.000000 0.500000 0.866025 -0.000000 0.258819 0.965926 -0.000000 0.258819 0.965926 -0.000000 -0.000000 1.000000 -0.000000 -0.000000 1.000000 -0.000000 -0.258819 0.965926 -0.000000 -0.258819 0.965926 -0.000000 -0.500000 0.866025 -0.000000 -0.500000 0.866025 -0.000000 -0.707107 0.707107 -0.000000 -0.707107 0.707107 -0.000000 -0.866025 0.500000 -0.000000 -0.866025 0.500000 -0.000000 -0.965926 0.258819 -0.000000 -0.965926 0.258819 -0.000000 -1.000000 -0.000000 0.000000 -1.000000 -0.000000 0.000000 -0.965926 -0.258819 0.000000 -0.965926 -0.258819 0.000000 -0.866025 -0.500000 0.000000 -0.866025 -0.500000 0.000000 -0.707107 -0.707107 0.000000 -0.707107 -0.707107 0.000000 -0.500000 -0.866025 0.000000 -0.500000 -0.866025 0.000000 -0.258819 -0.965926 0.000000 -0.258819 -0.965926 0.000000 -0.000000 -1.000000 0.000000 -0.000000 -1.000000 0.000000 0.258819 -0.965926 -0.000000 0.258819 -0.965926 -0.000000 0.500000 -0.866025 -0.000000 0.500000 -0.866025 -0.000000 0.707107 -0.707107 -0.000000 0.707107 -0.707107 -0.000000 0.866025 -0.500000 -0.000000 0.866025 -0.500000 -0.000000 0.000000 0.000000 1.000000 0.000000 0.000000 1.000000 0.000000 0.000000 1.000000 0.000000 0.000000 1.000000 0.000000 0.000000 1.000000 0.000000 0.000000 1.000000 0.000000 0.000000 1.000000 0.000000 0.000000 1.000000 0.000000 0.000000 1.000000 0.000000 0.000000 1.000000 0.000000 0.000000 1.000000 0.000000 0.000000 1.000000 0.000000 0.000000 1.000000 0.000000 0.000000 1.000000 0.000000 0.000000 1.000000 0.000000 0.000000 1.000000 0.000000 0.000000 1.000000 0.000000 0.000000 1.000000 0.000000 0.000000 1.000000 0.000000 0.000000 1.000000 0.000000 0.000000 1.000000 0.000000 0.000000 1.000000 0.000000 0.000000 1.000000 0.000000 0.000000 1.000000 0.000000 0.000000 1.000000 0.000000 0.000000 1.000000 0.000000 0.000000 1.000000 0.000000 0.000000 1.000000 0.000000 0.000000 1.000000 0.000000 0.000000 1.000000 0.000000 0.000000 1.000000 0.000000 0.000000 1.000000 0.000000 0.000000 1.000000 0.000000 0.000000 1.000000 0.000000 0.000000 1.000000 0.000000 0.000000 1.000000 0.000000 0.000000 1.000000 0.000000 0.000000 1.000000 0.000000 0.000000 1.000000 0.000000 0.000000 1.000000 0.000000 0.000000 1.000000 0.000000 0.000000 1.000000 0.000000 0.000000 1.000000 0.000000 0.000000 1.000000 0.000000 0.000000 1.000000 0.000000 0.000000 1.000000 0.000000 0.000000 1.000000 0.000000 0.000000 1.000000 0.000000 0.000000 1.000000 0.000000 0.000000 1.000000 0.000000 0.000000 1.000000 0.000000 0.000000 1.000000 0.000000 0.000000 1.000000 0.000000 0.000000 1.000000 0.000000 0.000000 1.000000 0.000000 0.000000 1.000000 0.000000 0.000000 1.000000 0.000000 0.000000 1.000000 0.000000 0.000000 1.000000 0.000000 0.000000 1.000000 0.000000 0.000000 1.000000 0.000000 0.000000 1.000000 0.000000 0.000000 1.000000 0.000000 0.000000 1.000000 0.000000 0.000000 1.000000 0.000000 0.000000 1.000000 0.000000 0.000000 1.000000 0.000000 0.000000 1.000000 0.000000 0.000000 1.000000 0.000000 0.000000 1.000000 0.000000 0.000000 1.000000 0.000000 0.000000 1.000000 -0.991790 0.127877 -0.000000 -0.993893 0.110352 -0.000000 -1.000000 0.000000 -0.000000 -0.999854 -0.017098 0.000000 -0.991790 -0.127877 0.000000 -0.989538 -0.144270 0.000000 -0.967295 -0.253655 0.000000 -0.963114 -0.269094 0.000000 -0.926917 -0.375267 0.000000 -0.921011 -0.389537 0.000000 -0.871319 -0.490718 0.000000 -0.863914 -0.503639 0.000000 -0.801414 -0.598111 0.000000 -0.792754 -0.609541 0.000000 -0.718349 -0.695683 0.000000 -0.708689 -0.705521 0.000000 -0.623490 -0.781831 0.000000 -0.613086 -0.790016 0.000000 -0.518393 -0.855143 0.000000 -0.507503 -0.861650 0.000000 -0.404783 -0.914413 0.000000 -0.393658 -0.919257 0.000000 -0.284528 -0.958668 0.000000 -0.273405 -0.961899 0.000000 -0.159600 -0.987182 0.000000 -0.148701 -0.988882 0.000000 -0.032052 -0.999486 0.000000 -0.021576 -0.999767 0.000000 0.096023 -0.995379 -0.000000 0.105900 -0.994377 -0.000000 0.222521 -0.974928 -0.000000 0.231652 -0.972799 -0.000000 0.345365 -0.938468 -0.000000 0.353633 -0.935384 -0.000000 0.445365 -0.895349 -0.000000 0.441851 -0.897088 -0.000000 0.450342 -0.892856 -0.000000 0.469857 -0.882743 -0.000000 -0.971751 0.236007 -0.000000 -0.967295 0.253655 -0.000000 -0.933791 0.357819 -0.000000 -0.926917 0.375267 -0.000000 -0.880629 0.473806 -0.000000 -0.871319 0.490718 -0.000000 -0.813132 0.582080 -0.000000 -0.801414 0.598111 -0.000000 -0.732397 0.680878 -0.000000 -0.718349 0.695683 -0.000000 -0.639739 0.768592 -0.000000 -0.623490 0.781831 -0.000000 -0.536667 0.843794 -0.000000 -0.518393 0.855143 -0.000000 -0.424859 0.905260 -0.000000 -0.404783 0.914413 -0.000000 -0.306134 0.951989 -0.000000 -0.284528 0.958668 -0.000000 -0.182425 0.983220 -0.000000 -0.159600 0.987182 -0.000000 -0.055747 0.998445 -0.000000 -0.032052 0.999486 -0.000000 0.071839 0.997416 -0.000000 0.096023 0.995379 -0.000000 0.198255 0.980150 -0.000000 0.222521 0.974928 -0.000000 0.321444 0.946929 -0.000000 0.345365 0.938468 -0.000000 0.439400 0.898292 -0.000000 0.462538 0.886599 -0.000000 0.550203 0.835031 -0.000000 0.572117 0.820172 -0.000000 0.652049 0.758177 -0.000000 0.672301 0.740278 -0.000000 0.743280 0.668980 -0.000000 0.761446 0.648228 -0.000000 0.822411 0.568893 -0.000000 0.838088 0.545535 -0.000000 0.875369 0.483456 -0.000000 0.877671 0.479263 -0.000000 0.900969 0.433884 -0.000000 0.885641 0.464371 -0.000000 0.898243 0.439498 -0.000000 0.914197 0.405270 -0.000000 0.932044 0.362345 -0.000000 0.949056 0.315108 -0.000000 0.950273 0.311417 -0.000000 0.967416 0.253191 -0.000000 0.981559 0.191159 -0.000000 0.982112 0.188296 -0.000000 0.993089 0.117364 -0.000000 0.997945 0.064070 -0.000000 0.999156 0.041076 -0.000000 0.999222 -0.039443 -0.000000 0.997945 -0.064070 -0.000000 0.992406 -0.123009 -0.000000 0.981559 -0.191159 -0.000000 0.978001 -0.208598 -0.000000 0.955980 -0.293432 -0.000000 0.949056 -0.315108 -0.000000 0.926546 -0.376182 -0.000000 0.900969 -0.433884 -0.000000 0.890357 -0.455264 -0.000000 0.838088 -0.545535 -0.000000 0.848910 -0.528538 -0.000000 0.803271 -0.595614 -0.000000 0.761446 -0.648228 -0.000000 0.754786 -0.655971 -0.000000 0.704979 -0.709228 -0.000000 0.672301 -0.740278 -0.000000 0.655247 -0.755415 -0.000000 0.572117 -0.820172 -0.000000 0.607035 -0.794675 -0.000000 0.561623 -0.827393 -0.000000 0.520775 -0.853694 -0.000000 0.462538 -0.886599 -0.000000 0.486439 -0.873715 -0.000000 0.460714 -0.887549 -0.000000 0.879048 0.476733 -0.000000 0.888155 0.459545 -0.000000 -0.957996 -0.123520 0.258819 -0.965926 -0.000000 0.258819 -0.957996 0.123520 0.258819 -0.934335 0.245012 0.258819 -0.895333 0.362480 0.258819 -0.841629 0.473997 0.258819 -0.774106 0.577730 0.258819 -0.693872 0.671978 0.258819 -0.602245 0.755191 0.258819 -0.500729 0.826004 0.258819 -0.390991 0.883255 0.258819 -0.274833 0.926002 0.258819 -0.154162 0.953544 0.258819 -0.030959 0.965430 0.258819 0.092751 0.961462 0.258819 0.214939 0.941708 0.258819 0.333597 0.906491 0.258819 0.446778 0.856389 0.258819 0.552622 0.792226 0.258819 0.649393 0.715054 0.258819 0.735500 0.626141 0.258819 0.809531 0.526946 0.258819 0.870269 0.419100 0.258819 0.916717 0.304371 0.258819 0.948113 0.184645 0.258819 0.963941 0.061887 0.258819 0.963941 -0.061887 0.258819 0.948113 -0.184645 0.258819 0.916717 -0.304371 0.258819 0.870269 -0.419100 0.258819 0.809531 -0.526946 0.258819 0.735500 -0.626141 0.258819 0.649393 -0.715054 0.258819 0.552622 -0.792226 0.258819 0.446778 -0.856389 0.258819 0.333597 -0.906491 0.258819 0.214939 -0.941708 0.258819 0.092751 -0.961462 0.258819 -0.030959 -0.965430 0.258819 -0.154162 -0.953544 0.258819 -0.274833 -0.926002 0.258819 -0.390991 -0.883255 0.258819 -0.500729 -0.826004 0.258819 -0.602245 -0.755191 0.258819 -0.693872 -0.671978 0.258819 -0.774106 -0.577730 0.258819 -0.841629 -0.473997 0.258819 -0.895333 -0.362480 0.258819 -0.934335 -0.245012 0.258819 -0.000000 0.000000 1.000000 -0.256694 0.033097 0.965926 0.000000 -0.000000 1.000000 -0.258819 0.000000 0.965926 -0.256694 -0.033097 0.965926 -0.500000 -0.000000 0.866025 -0.495895 -0.063939 0.866025 -0.707107 -0.000000 0.707107 -0.701301 -0.090423 0.707107 -0.866025 -0.000000 0.500000 -0.858915 -0.110745 0.500000 -0.250354 0.065651 0.965926 -0.000000 0.000000 1.000000 -0.239904 0.097126 0.965926 -0.000000 0.000000 1.000000 -0.225514 0.127007 0.965926 -0.000000 0.000000 1.000000 -0.207421 0.154802 0.965926 0.000000 -0.000000 1.000000 -0.185922 0.180056 0.965926 0.000000 -0.000000 1.000000 -0.161371 0.202353 0.965926 -0.000000 0.000000 1.000000 -0.134170 0.221327 0.965926 -0.000000 0.000000 1.000000 -0.104766 0.236667 0.965926 -0.000000 0.000000 1.000000 -0.073641 0.248121 0.965926 -0.000000 0.000000 1.000000 -0.041307 0.255501 0.965926 0.000000 -0.000000 1.000000 -0.008296 0.258686 0.965926 0.000000 0.000000 1.000000 0.024853 0.257623 0.965926 -0.000000 -0.000000 1.000000 0.057593 0.252330 0.965926 0.000000 0.000000 1.000000 0.089387 0.242894 0.965926 0.000000 0.000000 1.000000 0.119714 0.229469 0.965926 0.000000 0.000000 1.000000 0.148075 0.212276 0.965926 0.000000 0.000000 1.000000 0.174004 0.191598 0.965926 -0.000000 -0.000000 1.000000 0.197077 0.167774 0.965926 -0.000000 -0.000000 1.000000 0.216913 0.141195 0.965926 0.000000 0.000000 1.000000 0.233188 0.112297 0.965926 0.000000 0.000000 1.000000 0.245634 0.081556 0.965926 0.000000 0.000000 1.000000 0.254046 0.049475 0.965926 0.000000 0.000000 1.000000 0.258287 0.016583 0.965926 -0.000000 -0.000000 1.000000 0.258287 -0.016583 0.965926 0.000000 -0.000000 1.000000 0.254046 -0.049475 0.965926 0.000000 -0.000000 1.000000 0.245634 -0.081556 0.965926 0.000000 -0.000000 1.000000 0.233188 -0.112297 0.965926 0.000000 -0.000000 1.000000 0.216913 -0.141195 0.965926 -0.000000 0.000000 1.000000 0.197077 -0.167774 0.965926 -0.000000 0.000000 1.000000 0.174004 -0.191598 0.965926 0.000000 -0.000000 1.000000 0.148075 -0.212276 0.965926 0.000000 -0.000000 1.000000 0.119714 -0.229469 0.965926 -0.000000 0.000000 1.000000 0.089387 -0.242894 0.965926 0.000000 -0.000000 1.000000 0.057593 -0.252330 0.965926 0.000000 -0.000000 1.000000 0.024853 -0.257623 0.965926 0.000000 -0.000000 1.000000 -0.008296 -0.258686 0.965926 0.000000 0.000000 1.000000 -0.041307 -0.255501 0.965926 -0.000000 -0.000000 1.000000 -0.073641 -0.248121 0.965926 -0.000000 -0.000000 1.000000 -0.104766 -0.236667 0.965926 0.000000 0.000000 1.000000 -0.134170 -0.221327 0.965926 0.000000 0.000000 1.000000 -0.161371 -0.202353 0.965926 0.000000 0.000000 1.000000 -0.185922 -0.180056 0.965926 0.000000 0.000000 1.000000 -0.207421 -0.154802 0.965926 -0.000000 -0.000000 1.000000 -0.225514 -0.127007 0.965926 -0.000000 -0.000000 1.000000 -0.239904 -0.097126 0.965926 -0.000000 -0.000000 1.000000 -0.250354 -0.065651 0.965926 -0.000000 -0.000000 1.000000 -0.858915 0.110745 0.500000 -0.837702 0.219671 0.500000 -0.802733 0.324991 0.500000 -0.754584 0.424974 0.500000 -0.694045 0.517979 0.500000 -0.622109 0.602479 0.500000 -0.539958 0.677086 0.500000 -0.448941 0.740575 0.500000 -0.350553 0.791905 0.500000 -0.246408 0.830231 0.500000 -0.138218 0.854925 0.500000 -0.027757 0.865580 0.500000 0.083158 0.862024 0.500000 0.192709 0.844312 0.500000 0.299095 0.812737 0.500000 0.400570 0.767818 0.500000 0.495468 0.710290 0.500000 0.582230 0.641100 0.500000 0.659432 0.561382 0.500000 0.725806 0.472447 0.500000 0.780262 0.375754 0.500000 0.821906 0.272892 0.500000 0.850055 0.165548 0.500000 0.864246 0.055486 0.500000 0.864246 -0.055486 0.500000 0.850055 -0.165548 0.500000 0.821906 -0.272892 0.500000 0.780262 -0.375754 0.500000 0.725806 -0.472447 0.500000 0.659432 -0.561382 0.500000 0.582230 -0.641100 0.500000 0.495468 -0.710290 0.500000 0.400570 -0.767818 0.500000 0.299095 -0.812737 0.500000 0.192709 -0.844312 0.500000 0.083158 -0.862024 0.500000 -0.027757 -0.865580 0.500000 -0.138218 -0.854925 0.500000 -0.246408 -0.830231 0.500000 -0.350553 -0.791905 0.500000 -0.448941 -0.740575 0.500000 -0.539958 -0.677086 0.500000 -0.622109 -0.602479 0.500000 -0.694045 -0.517979 0.500000 -0.754584 -0.424974 0.500000 -0.802733 -0.324991 0.500000 -0.837702 -0.219671 0.500000 -0.701301 0.090423 0.707107 -0.683981 0.179361 0.707107 -0.655429 0.265354 0.707107 -0.616115 0.346990 0.707107 -0.566685 0.422928 0.707107 -0.507950 0.491922 0.707107 -0.440874 0.552838 0.707107 -0.366559 0.604677 0.707107 -0.286225 0.646587 0.707107 -0.201191 0.677881 0.707107 -0.112854 0.698043 0.707107 -0.022664 0.706743 0.707107 0.067899 0.703839 0.707107 0.157346 0.689378 0.707107 0.244210 0.663597 0.707107 0.327064 0.626920 0.707107 0.404548 0.579949 0.707107 0.475389 0.523456 0.707107 0.538424 0.458367 0.707107 0.592618 0.385751 0.707107 0.637081 0.306802 0.707107 0.671084 0.222815 0.707107 0.694067 0.135170 0.707107 0.705654 0.045304 0.707107 0.705654 -0.045304 0.707107 0.694067 -0.135170 0.707107 0.671084 -0.222815 0.707107 0.637081 -0.306802 0.707107 0.592618 -0.385751 0.707107 0.538424 -0.458367 0.707107 0.475389 -0.523456 0.707107 0.404548 -0.579949 0.707107 0.327064 -0.626920 0.707107 0.244210 -0.663597 0.707107 0.157346 -0.689378 0.707107 0.067899 -0.703839 0.707107 -0.022664 -0.706743 0.707107 -0.112854 -0.698043 0.707107 -0.201191 -0.677881 0.707107 -0.286225 -0.646587 0.707107 -0.366559 -0.604677 0.707107 -0.440874 -0.552838 0.707107 -0.507950 -0.491922 0.707107 -0.566685 -0.422928 0.707107 -0.616115 -0.346990 0.707107 -0.655429 -0.265354 0.707107 -0.683981 -0.179361 0.707107 -0.495895 0.063939 0.866025 -0.483647 0.126827 0.866025 -0.463458 0.187634 0.866025 -0.435659 0.245359 0.866025 -0.400707 0.299055 0.866025 -0.359175 0.347841 0.866025 -0.311745 0.390916 0.866025 -0.259196 0.427571 0.866025 -0.202392 0.457206 0.866025 -0.142264 0.479334 0.866025 -0.079800 0.493591 0.866025 -0.016026 0.499743 0.866025 0.048012 0.497690 0.866025 0.111260 0.487464 0.866025 0.172683 0.469234 0.866025 0.231269 0.443300 0.866025 0.286058 0.410086 0.866025 0.336150 0.370139 0.866025 0.380723 0.324114 0.866025 0.419044 0.272767 0.866025 0.450484 0.216942 0.866025 0.474528 0.157554 0.866025 0.490780 0.095579 0.866025 0.498973 0.032035 0.866025 0.498973 -0.032035 0.866025 0.490780 -0.095579 0.866025 0.474528 -0.157554 0.866025 0.450484 -0.216942 0.866025 0.419044 -0.272767 0.866025 0.380723 -0.324114 0.866025 0.336150 -0.370139 0.866025 0.286058 -0.410086 0.866025 0.231269 -0.443300 0.866025 0.172683 -0.469234 0.866025 0.111260 -0.487464 0.866025 0.048012 -0.497690 0.866025 -0.016026 -0.499743 0.866025 -0.079800 -0.493591 0.866025 -0.142264 -0.479334 0.866025 -0.202392 -0.457206 0.866025 -0.259196 -0.427571 0.866025 -0.311745 -0.390916 0.866025 -0.359175 -0.347841 0.866025 -0.400707 -0.299055 0.866025 -0.435659 -0.245359 0.866025 -0.463458 -0.187634 0.866025 -0.483647 -0.126827 0.866025 0.000000 0.000000 1.000000 0.000000 0.000000 1.000000 0.000000 0.000000 1.000000 0.000000 0.000000 1.000000 0.000000 0.000000 1.000000 0.000000 0.000000 1.000000 0.000000 0.000000 1.000000 0.000000 0.000000 1.000000 0.000000 0.000000 1.000000 0.000000 0.000000 1.000000 0.000000 0.000000 1.000000 0.000000 0.000000 1.000000 0.000000 0.000000 1.000000 0.000000 0.000000 1.000000 0.000000 0.000000 1.000000 0.000000 0.000000 1.000000 0.000000 0.000000 1.000000 0.000000 0.000000 1.000000 0.000000 0.000000 1.000000 0.000000 0.000000 1.000000 0.000000 0.000000 1.000000 0.000000 0.000000 1.000000 0.000000 0.000000 1.000000 0.000000 0.000000 1.000000 0.000000 0.000000 1.000000 0.000000 0.000000 1.000000 0.000000 0.000000 1.000000 0.000000 0.000000 1.000000 0.000000 0.000000 1.000000 0.000000 0.000000 1.000000 0.000000 0.000000 1.000000 0.000000 0.000000 1.000000 0.000000 0.000000 1.000000 0.000000 0.000000 1.000000 0.000000 0.000000 1.000000 0.000000 0.000000 1.000000 0.000000 0.000000 1.000000 0.000000 0.000000 1.000000 0.000000 0.000000 1.000000 0.000000 0.000000 1.000000 0.000000 0.000000 1.000000 0.987050 0.160411 0.000000 0.987050 0.160411 0.000000 1.000000 0.000000 0.000000 1.000000 0.000000 0.000000 0.987050 -0.160411 -0.000000 0.987050 -0.160411 -0.000000 0.948536 -0.316668 -0.000000 0.948536 -0.316668 -0.000000 0.885456 -0.464723 -0.000000 0.885456 -0.464723 -0.000000 0.799443 -0.600742 -0.000000 0.799443 -0.600742 -0.000000 0.692724 -0.721202 -0.000000 0.692724 -0.721202 -0.000000 0.568065 -0.822984 -0.000000 0.568065 -0.822984 -0.000000 0.428693 -0.903450 -0.000000 0.428693 -0.903450 -0.000000 0.278217 -0.960518 -0.000000 0.278217 -0.960518 -0.000000 0.120537 -0.992709 -0.000000 0.120537 -0.992709 -0.000000 -0.040266 -0.999189 -0.000000 -0.040266 -0.999189 -0.000000 -0.200026 -0.979791 -0.000000 -0.200026 -0.979791 -0.000000 -0.354605 -0.935016 -0.000000 -0.354605 -0.935016 -0.000000 -0.500000 -0.866025 -0.000000 -0.500000 -0.866025 -0.000000 -0.632445 -0.774605 -0.000000 -0.632445 -0.774605 -0.000000 -0.748511 -0.663123 -0.000000 -0.748511 -0.663123 -0.000000 -0.845190 -0.534466 -0.000000 -0.845190 -0.534466 -0.000000 -0.919979 -0.391967 -0.000000 -0.919979 -0.391967 -0.000000 -0.970942 -0.239316 -0.000000 -0.970942 -0.239316 -0.000000 -0.996757 -0.080467 -0.000000 -0.996757 -0.080467 -0.000000 -0.996757 0.080467 -0.000000 -0.996757 0.080467 -0.000000 -0.970942 0.239316 -0.000000 -0.970942 0.239316 -0.000000 -0.919979 0.391967 -0.000000 -0.919979 0.391967 -0.000000 -0.845190 0.534466 -0.000000 -0.845190 0.534466 -0.000000 -0.748511 0.663123 -0.000000 -0.748511 0.663123 -0.000000 -0.632445 0.774605 -0.000000 -0.632445 0.774605 -0.000000 -0.500000 0.866025 -0.000000 -0.500000 0.866025 -0.000000 -0.354605 0.935016 -0.000000 -0.354605 0.935016 -0.000000 -0.200026 0.979791 -0.000000 -0.200026 0.979791 -0.000000 -0.040266 0.999189 -0.000000 -0.040266 0.999189 -0.000000 0.120537 0.992709 0.000000 0.120537 0.992709 0.000000 0.278217 0.960518 0.000000 0.278217 0.960518 0.000000 0.428693 0.903450 0.000000 0.428693 0.903450 0.000000 0.568065 0.822984 0.000000 0.568065 0.822984 0.000000 0.692724 0.721202 0.000000 0.692724 0.721202 0.000000 0.799443 0.600742 0.000000 0.799443 0.600742 0.000000 0.885456 0.464723 0.000000 0.885456 0.464723 0.000000 0.948536 0.316668 0.000000 0.948536 0.316668 0.000000 -0.988280 0.152649 0.000000 -0.988280 0.152649 0.000000 -1.000000 0.000000 0.000000 -1.000000 0.000000 0.000000 -0.988280 -0.152649 -0.000000 -0.988280 -0.152649 -0.000000 -0.953396 -0.301721 -0.000000 -0.953396 -0.301721 -0.000000 -0.896166 -0.443720 -0.000000 -0.896166 -0.443720 -0.000000 -0.817929 -0.575319 -0.000000 -0.817929 -0.575319 -0.000000 -0.720522 -0.693433 -0.000000 -0.720522 -0.693433 -0.000000 -0.606225 -0.795293 -0.000000 -0.606225 -0.795293 -0.000000 -0.477720 -0.878512 -0.000000 -0.477720 -0.878512 -0.000000 -0.338017 -0.941140 -0.000000 -0.338017 -0.941140 -0.000000 -0.190391 -0.981708 -0.000000 -0.190391 -0.981708 -0.000000 -0.038303 -0.999266 -0.000000 -0.038303 -0.999266 -0.000000 0.114683 -0.993402 0.000000 0.114683 -0.993402 0.000000 0.264982 -0.964253 0.000000 0.264982 -0.964253 0.000000 0.409069 -0.912504 0.000000 0.409069 -0.912504 0.000000 0.543568 -0.839365 0.000000 0.543568 -0.839365 0.000000 0.665326 -0.746553 0.000000 0.665326 -0.746553 0.000000 0.771489 -0.636242 0.000000 0.771489 -0.636242 0.000000 0.859570 -0.511019 0.000000 0.859570 -0.511019 0.000000 0.927502 -0.373817 0.000000 0.927502 -0.373817 0.000000 0.973695 -0.227854 0.000000 0.973695 -0.227854 0.000000 0.997066 -0.076549 0.000000 0.997066 -0.076549 0.000000 0.997066 0.076549 0.000000 0.997066 0.076549 0.000000 0.973695 0.227854 0.000000 0.973695 0.227854 0.000000 0.927502 0.373817 0.000000 0.927502 0.373817 0.000000 0.859570 0.511019 0.000000 0.859570 0.511019 0.000000 0.771489 0.636242 0.000000 0.771489 0.636242 0.000000 0.665326 0.746553 0.000000 0.665326 0.746553 0.000000 0.543568 0.839365 0.000000 0.543568 0.839365 0.000000 0.409069 0.912504 0.000000 0.409069 0.912504 0.000000 0.264982 0.964253 0.000000 0.264982 0.964253 0.000000 0.114683 0.993402 0.000000 0.114683 0.993402 0.000000 -0.038303 0.999266 0.000000 -0.038303 0.999266 0.000000 -0.190391 0.981708 0.000000 -0.190391 0.981708 0.000000 -0.338017 0.941140 0.000000 -0.338017 0.941140 0.000000 -0.477720 0.878512 0.000000 -0.477720 0.878512 0.000000 -0.606225 0.795293 0.000000 -0.606225 0.795293 0.000000 -0.720522 0.693433 0.000000 -0.720522 0.693433 0.000000 -0.817929 0.575319 0.000000 -0.817929 0.575319 0.000000 -0.896166 0.443720 0.000000 -0.896166 0.443720 0.000000 -0.953396 0.301721 0.000000 -0.953396 0.301721 0.000000 0.000000 0.000000 1.000000 0.000000 0.000000 1.000000 0.000000 0.000000 1.000000 0.000000 0.000000 1.000000 0.000000 0.000000 1.000000 0.000000 0.000000 1.000000 0.000000 0.000000 1.000000 0.000000 0.000000 1.000000 0.000000 0.000000 1.000000 0.000000 0.000000 1.000000 0.000000 0.000000 1.000000 0.000000 0.000000 1.000000 0.000000 0.000000 1.000000 0.000000 0.000000 1.000000 0.000000 0.000000 1.000000 0.000000 0.000000 1.000000 0.000000 0.000000 1.000000 0.000000 0.000000 1.000000 0.000000 0.000000 1.000000 0.000000 0.000000 1.000000 0.000000 0.000000 1.000000 0.000000 0.000000 1.000000 0.000000 0.000000 1.000000 0.000000 0.000000 1.000000 0.000000 0.000000 1.000000 0.000000 0.000000 1.000000 0.000000 0.000000 1.000000 0.000000 0.000000 1.000000 0.000000 0.000000 1.000000 0.000000 0.000000 1.000000 0.000000 0.000000 1.000000 0.000000 0.000000 1.000000 0.000000 0.000000 1.000000 0.000000 0.000000 1.000000 0.000000 0.000000 1.000000 0.000000 0.000000 1.000000 0.000000 0.000000 1.000000 0.000000 0.000000 1.000000 0.000000 0.000000 1.000000 0.000000 0.000000 1.000000 0.000000 0.000000 1.000000 0.000000 0.000000 1.000000 0.000000 0.000000 1.000000 0.000000 0.000000 1.000000 0.000000 0.000000 1.000000 0.000000 0.000000 1.000000 0.000000 0.000000 1.000000 0.000000 0.000000 1.000000 0.000000 0.000000 1.000000 0.000000 0.000000 1.000000 0.000000 0.000000 1.000000 0.000000 0.000000 1.000000 0.000000 0.000000 1.000000 0.000000 0.000000 1.000000 0.000000 0.000000 1.000000 0.000000 0.000000 1.000000 0.000000 0.000000 1.000000 0.000000 0.000000 1.000000 0.000000 0.000000 1.000000 0.000000 0.000000 1.000000 0.000000 0.000000 1.000000 0.000000 0.000000 1.000000 0.000000 0.000000 1.000000 0.000000 0.000000 1.000000 0.000000 0.000000 1.000000 0.000000 0.000000 1.000000 0.000000 0.000000 1.000000 0.000000 0.000000 1.000000 0.000000 0.000000 1.000000 0.000000 0.000000 1.000000 0.000000 0.000000 1.000000 0.000000 0.000000 1.000000 0.000000 0.000000 1.000000 0.000000 0.000000 1.000000 0.000000 0.000000 1.000000 0.000000 0.000000 1.000000 0.000000 0.000000 1.000000 0.000000 0.000000 1.000000 0.000000 0.000000 1.000000 0.000000 0.000000 1.000000 -0.000000 -0.000000 -1.000000 -0.000000 -0.000000 -1.000000 -0.000000 -0.000000 -1.000000 -0.000000 -0.000000 -1.000000 -0.000000 -0.000000 -1.000000 -0.000000 -0.000000 -1.000000 -0.000000 -0.000000 -1.000000 -0.000000 -0.000000 -1.000000 -0.000000 -0.000000 -1.000000 -0.000000 -0.000000 -1.000000 -0.000000 -0.000000 -1.000000 -0.000000 -0.000000 -1.000000 -0.000000 -0.000000 -1.000000 -0.000000 -0.000000 -1.000000 -0.000000 -0.000000 -1.000000 -0.000000 -0.000000 -1.000000 -0.000000 -0.000000 -1.000000 -0.000000 -0.000000 -1.000000 -0.000000 -0.000000 -1.000000 -0.000000 -0.000000 -1.000000 -0.000000 -0.000000 -1.000000 -0.000000 -0.000000 -1.000000 -0.000000 -0.000000 -1.000000 -0.000000 -0.000000 -1.000000 -0.000000 -0.000000 -1.000000 -0.000000 -0.000000 -1.000000 -0.000000 -0.000000 -1.000000 -0.000000 -0.000000 -1.000000 -0.000000 -0.000000 -1.000000 -0.000000 -0.000000 -1.000000 -0.000000 -0.000000 -1.000000 -0.000000 -0.000000 -1.000000 -0.000000 -0.000000 -1.000000 -0.000000 -0.000000 -1.000000 -0.000000 -0.000000 -1.000000 -0.000000 -0.000000 -1.000000 -0.000000 -0.000000 -1.000000 -0.000000 -0.000000 -1.000000 -0.000000 -0.000000 -1.000000 -0.000000 -0.000000 -1.000000 -0.000000 -0.000000 -1.000000 -0.000000 -0.000000 -1.000000 -0.000000 -0.000000 -1.000000 0.000000 -0.000000 -1.000000 -0.000000 -0.000000 -1.000000 0.000000 -0.000000 -1.000000 -0.000000 -0.000000 -1.000000 0.000000 -0.000000 -1.000000 -0.000000 -0.000000 -1.000000 0.000000 -0.000000 -1.000000 -0.000000 -0.000000 -1.000000 0.000000 -0.000000 -1.000000 -0.000000 -0.000000 -1.000000 0.000000 -0.000000 -1.000000 -0.000000 -0.000000 -1.000000 0.000000 -0.000000 -1.000000 -0.000000 -0.000000 -1.000000 0.000000 -0.000000 -1.000000 -0.000000 -0.000000 -1.000000 0.000000 -0.000000 -1.000000 -0.000000 -0.000000 -1.000000 0.000000 -0.000000 -1.000000 -0.000000 -0.000000 -1.000000 0.000000 -0.000000 -1.000000 -0.000000 -0.000000 -1.000000 0.000000 -0.000000 -1.000000 -0.000000 -0.000000 -1.000000 0.000000 -0.000000 -1.000000 0.000000 -0.000000 -1.000000 0.000000 -0.000000 -1.000000 0.000000 -0.000000 -1.000000 0.000000 -0.000000 -1.000000 0.000000 -0.000000 -1.000000 0.000000 -0.000000 -1.000000 0.000000 -0.000000 -1.000000 0.000000 -0.000000 -1.000000 0.000000 -0.000000 -1.000000 -0.000000 -0.000000 -1.000000 -0.000000 -0.000000 -1.000000 -0.000000 -0.000000 -1.000000 -0.000000 -0.000000 -1.000000 -0.000000 -0.000000 -1.000000 -0.000000 -0.000000 -1.000000 -0.000000 -0.000000 -1.000000 -0.000000 -0.000000 -1.000000 -0.000000 -0.000000 -1.000000 0.000000 -0.000000 -1.000000 0.000000 -0.000000 -1.000000 0.000000 -0.000000 -1.000000 0.000000 -0.000000 -1.000000 0.000000 -0.000000 -1.000000 0.000000 -0.000000 -1.000000 0.000000 -0.000000 -1.000000 0.000000 -0.000000 -1.000000 0.000000 -0.000000 -1.000000 0.000000 -0.000000 -1.000000 0.000000 -0.000000 -1.000000 -0.000000 -0.000000 -1.000000 -0.000000 -0.000000 -1.000000 -0.000000 -0.000000 -1.000000 -0.000000 -0.000000 -1.000000 -0.000000 -0.000000 -1.000000 -0.000000 -0.000000 -1.000000 -0.000000 -0.000000 -1.000000 -0.000000 -0.000000 -1.000000 -0.000000 -0.000000 -1.000000 -0.000000 -0.000000 -1.000000 0.247919 0.961589 -0.117824 0.242780 0.962412 -0.121740 0.239154 0.945176 -0.222368 0.226361 0.967677 -0.111183 0.208731 0.957034 -0.201288 0.209817 0.972544 -0.100671 0.193155 0.977013 -0.090208 0.214084 0.976806 -0.004336 0.197152 0.980357 0.005556 0.215982 0.972070 0.091825 0.198965 0.974779 0.101085 0.215449 0.958223 0.188120 0.198530 0.960158 0.196679 0.212454 0.935245 0.283159 0.195818 0.936480 0.290965 0.207115 0.903670 0.374810 0.190942 0.904287 0.381845 0.199422 0.863460 0.463323 0.183886 0.863539 0.469560 0.189281 0.814238 0.548807 0.174568 0.813864 0.554213 0.176771 0.756307 0.629882 0.163056 0.755575 0.634444 0.162148 0.690671 0.704756 0.149590 0.689678 0.708496 0.145362 0.617046 0.773385 0.134122 0.615897 0.776327 0.126501 0.535733 0.834858 0.116733 0.534536 0.837045 0.106064 0.448698 0.887367 0.097883 0.447547 0.888887 0.084105 0.356071 0.930666 0.077618 0.355059 0.931616 0.060627 0.257800 0.964294 0.055940 0.257019 0.964786 0.036048 0.155572 0.987167 0.033232 0.155090 0.987341 0.011220 0.052835 0.998540 0.010272 0.052671 0.998559 -0.013754 -0.050032 0.998653 -0.012848 -0.049872 0.998673 -0.038802 -0.152729 0.987506 -0.036063 -0.152251 0.987684 -0.063843 -0.254879 0.964863 -0.059301 -0.254102 0.965358 -0.088052 -0.353028 0.931460 -0.081805 -0.352020 0.932411 -0.111102 -0.445786 0.888218 -0.103276 -0.444633 0.889739 -0.133024 -0.533205 0.835462 -0.123740 -0.531995 0.837658 -0.153580 -0.614216 0.774049 -0.142979 -0.613048 0.777000 -0.172404 -0.687230 0.705685 -0.160652 -0.686216 0.709435 -0.189572 -0.752494 0.630726 -0.176828 -0.751738 0.635312 -0.205094 -0.809954 0.549465 -0.191514 -0.809561 0.554917 -0.218655 -0.858260 0.464306 -0.204415 -0.858337 0.470609 -0.230294 -0.897554 0.375979 -0.215565 -0.898199 0.383106 -0.240092 -0.928157 0.284396 -0.225036 -0.929465 0.292324 -0.248032 -0.950001 0.189681 -0.232813 -0.952072 0.198387 -0.253976 -0.962561 0.094720 -0.238761 -0.965479 0.104128 -0.257180 -0.966089 0.023019 -0.242075 -0.969699 0.032905 -0.259280 -0.964574 -0.048690 -0.244376 -0.968921 -0.038369 -0.260253 -0.957984 -0.120559 -0.245642 -0.963117 -0.109846 -0.252842 -0.949248 -0.187080 -0.237177 -0.955576 -0.174990 0.247696 0.968533 -0.024308 0.253120 0.967348 -0.012980 0.249868 0.965518 0.073080 0.254676 0.962541 0.093028 0.249233 0.953271 0.170754 0.252497 0.947104 0.198089 0.245752 0.931755 0.267281 0.246851 0.921584 0.299581 0.229099 0.933672 0.275265 0.239561 0.901484 0.360467 0.223323 0.902737 0.367685 0.238017 0.886409 0.397022 0.215011 0.863091 0.456995 0.230652 0.862427 0.450577 0.226078 0.841251 0.491106 0.204065 0.814350 0.543316 0.211023 0.785489 0.581787 0.190567 0.756807 0.625242 0.193270 0.720108 0.666402 0.174794 0.691462 0.700948 0.172826 0.644710 0.744634 0.156691 0.618024 0.770386 0.149540 0.558529 0.815894 0.136354 0.536788 0.832626 0.123883 0.463215 0.877545 0.114323 0.449734 0.885816 0.095919 0.359143 0.928340 0.090658 0.356997 0.929696 0.065363 0.258521 0.963792 0.065437 0.245933 0.967075 0.038894 0.156017 0.986988 0.033005 0.126252 0.991449 0.012179 0.052986 0.998521 0.000057 0.006013 0.999982 -0.014670 -0.050180 0.998632 -0.033436 -0.114209 0.992894 -0.041571 -0.153171 0.987325 -0.044369 -0.153576 0.987140 -0.067356 -0.233348 0.970058 -0.073072 -0.256250 0.963845 -0.068433 -0.255595 0.964359 -0.100735 -0.354786 0.929505 -0.094362 -0.353951 0.930492 -0.126976 -0.447755 0.885095 -0.119002 -0.446828 0.886670 -0.151832 -0.535208 0.830963 -0.142387 -0.534277 0.833231 -0.175030 -0.616056 0.768010 -0.164264 -0.615219 0.771053 -0.196147 -0.688686 0.698024 -0.184236 -0.688055 0.701882 -0.215280 -0.753358 0.621374 -0.202390 -0.753035 0.626081 -0.232441 -0.810022 0.538363 -0.218737 -0.810109 0.543947 -0.247275 -0.857326 0.451494 -0.232943 -0.857924 0.457934 -0.259835 -0.895428 0.361516 -0.245052 -0.896632 0.368783 -0.270218 -0.924652 0.268331 -0.255153 -0.926553 0.276398 -0.278404 -0.944925 0.172069 -0.263230 -0.947619 0.180908 -0.284252 -0.955755 0.075717 -0.269141 -0.959320 0.085249 -0.287162 -0.957877 0.003075 -0.272211 -0.962149 0.013075 -0.288782 -0.954870 -0.069486 -0.274084 -0.959890 -0.059063 -0.289083 -0.946696 -0.142116 -0.274735 -0.952511 -0.131318 -0.283606 -0.935352 -0.211389 -0.268321 -0.942506 -0.199214 -0.100397 -0.346303 0.932735 -0.131837 -0.450401 0.883039 -0.161775 -0.546063 0.821976 -0.189720 -0.631875 0.751492 -0.208138 -0.689121 0.694111 -0.215303 -0.707019 0.673624 -0.228241 -0.753461 0.616606 -0.238617 -0.772342 0.588684 -0.246204 -0.809691 0.532713 -0.259574 -0.828064 0.496922 -0.261651 -0.856462 0.444984 -0.277650 -0.873136 0.400679 -0.274642 -0.893940 0.354179 -0.292741 -0.907976 0.299803 -0.285281 -0.922449 0.260196 -0.304581 -0.932508 0.194063 -0.293550 -0.941916 0.163165 -0.312743 -0.945990 0.085416 -0.299303 -0.951864 0.066125 -0.316954 -0.948152 -0.023396 -0.302029 -0.953273 -0.006979 -0.303369 -0.949513 -0.079953 -0.317194 -0.939400 -0.130062 -0.303291 -0.940543 -0.152952 -0.313558 -0.919817 -0.235835 -0.298687 -0.927788 -0.223597 -0.230909 -0.967907 -0.099180 -0.221333 -0.961488 -0.162951 -0.216058 -0.972355 -0.088566 -0.205319 -0.966981 -0.150968 -0.201096 -0.976461 -0.078007 -0.189141 -0.972055 -0.139046 -0.186028 -0.980223 -0.067507 -0.172809 -0.976709 -0.127189 -0.170859 -0.983641 -0.057070 -0.156330 -0.980940 -0.115403 -0.155595 -0.986717 -0.046697 -0.140240 -0.989448 -0.036392 -0.137666 -0.989956 0.032168 -0.122141 -0.991625 0.041970 -0.119116 -0.986812 0.109610 -0.103566 -0.987494 0.118871 -0.100277 -0.977484 0.185659 -0.084858 -0.977256 0.194344 -0.080350 -0.956200 0.281470 -0.065255 -0.954992 0.289364 -0.060821 -0.925125 0.374760 -0.046222 -0.923084 0.381812 -0.042185 -0.885293 0.463117 -0.028232 -0.882574 0.469325 -0.024859 -0.837142 0.546420 -0.011690 -0.833902 0.551789 -0.009237 -0.780813 0.624697 0.003016 -0.777213 0.629230 0.004284 -0.716687 0.697382 0.015500 -0.712898 0.701096 0.015363 -0.646414 0.762832 0.025451 -0.642591 0.765786 0.023706 -0.570448 0.820991 0.032582 -0.566746 0.823248 0.029016 -0.489041 0.871778 0.036605 -0.485615 0.873406 0.031115 -0.403829 0.914305 0.037365 -0.400812 0.915398 0.029873 -0.315914 0.948317 0.034752 -0.313419 0.948979 0.025122 -0.225538 0.973910 0.028600 -0.223677 0.974244 0.016827 -0.133909 0.990851 0.018890 -0.132771 0.990967 0.005229 -0.043460 0.999041 0.005894 -0.043081 0.999054 -0.009635 0.045548 0.998916 -0.010340 0.045136 0.998927 -0.027711 0.132891 0.990743 -0.029755 0.131658 0.990849 -0.048928 0.218300 0.974654 -0.052275 0.216216 0.974945 -0.072761 0.299672 0.951264 -0.078169 0.296226 0.951914 -0.099843 0.375387 0.921475 -0.098624 0.363020 0.926547 -0.118094 0.431141 0.894523 -0.139712 -0.984748 -0.103692 -0.124802 -0.991837 -0.026158 -0.106578 -0.992960 0.051696 -0.088041 -0.987852 0.128055 -0.069487 -0.976720 0.202951 -0.050232 -0.953499 0.297180 -0.031714 -0.920781 0.388788 -0.014384 -0.879618 0.475463 0.001365 -0.830449 0.557093 0.015152 -0.773426 0.633705 0.026599 -0.708946 0.704761 0.035425 -0.638629 0.768699 0.041353 -0.562926 0.825472 0.044099 -0.482094 0.875009 0.043536 -0.397720 0.916473 0.039567 -0.310868 0.949629 0.032031 -0.221777 0.974571 0.020922 -0.131611 0.991081 0.006547 -0.042695 0.999067 -0.011034 0.044717 0.998939 -0.031765 0.130403 0.990952 -0.056154 0.213714 0.975281 -0.078670 0.291247 0.953408 -0.122961 -0.988132 -0.092061 -0.109301 -0.993880 -0.015996 -0.091019 -0.993958 0.061347 -0.072545 -0.987889 0.137161 -0.054168 -0.975880 0.211479 -0.035284 -0.951725 0.304918 -0.017298 -0.918221 0.395690 -0.000642 -0.876429 0.481530 0.014306 -0.826788 0.562332 0.027169 -0.769455 0.638122 0.037581 -0.704835 0.708375 0.045287 -0.634531 0.771570 0.050020 -0.558993 0.827662 0.051502 -0.478480 0.876587 0.049628 -0.394554 0.917531 0.044320 -0.308262 0.950269 0.035412 -0.219839 0.974893 0.022918 -0.130429 0.991193 0.007189 -0.042302 0.999079 -0.011718 0.044290 0.998950 -0.034096 0.128896 0.991072 -0.037790 0.139005 0.989570 -0.058358 0.216387 0.974562 -0.106125 -0.991088 -0.080512 -0.093783 -0.995575 -0.005906 -0.075471 -0.994623 0.070922 -0.057084 -0.987609 0.146188 -0.038904 -0.974740 0.219926 -0.020412 -0.949673 0.312577 -0.002976 -0.915408 0.402516 0.012995 -0.873011 0.487527 0.027134 -0.822921 0.567507 0.039070 -0.765304 0.642483 0.048447 -0.700566 0.711941 0.055038 -0.630299 0.774399 0.058584 -0.554947 0.829820 0.058813 -0.474775 0.878140 0.055644 -0.391317 0.918572 0.049003 -0.305601 0.950898 0.038732 -0.217864 0.975210 0.024880 -0.129225 0.991303 0.007821 -0.041903 0.999091 -0.012510 0.043777 0.998963 -0.017331 0.060761 0.998002 -0.089240 -0.993614 -0.069046 -0.078251 -0.996925 0.004108 -0.059936 -0.994958 0.080418 -0.041660 -0.987015 0.155134 -0.023697 -0.973304 0.228293 -0.005619 -0.947348 0.320157 0.011250 -0.912345 0.409267 0.026525 -0.869367 0.493454 0.039847 -0.818853 0.572618 0.050854 -0.760974 0.646786 0.059198 -0.696144 0.715458 0.064679 -0.625935 0.777189 0.067046 -0.550792 0.831946 0.066034 -0.470979 0.879669 0.061572 -0.388009 0.919597 0.053603 -0.302888 0.951517 0.041997 -0.215854 0.975522 0.026810 -0.128001 0.991412 0.008551 -0.041424 0.999105 0.002931 -0.017718 0.999839 -0.072314 -0.995713 -0.057668 -0.062712 -0.997933 0.014046 -0.044420 -0.994966 0.089833 -0.026277 -0.986111 0.163998 -0.008550 -0.971575 0.236577 0.009093 -0.944753 0.327658 0.025381 -0.909037 0.415942 0.039948 -0.865502 0.499310 0.052447 -0.814587 0.577665 0.062521 -0.756471 0.651033 0.069835 -0.691570 0.718926 0.074211 -0.621442 0.779938 0.075408 -0.546528 0.834039 0.073152 -0.467096 0.881175 0.067398 -0.384632 0.920606 0.058127 -0.300125 0.952127 0.045207 -0.213808 0.975829 0.029045 -0.126532 0.991537 0.022749 -0.095160 0.995202 -0.055353 -0.997389 -0.046381 -0.047171 -0.998601 0.023904 -0.028926 -0.994650 0.099166 -0.010938 -0.984900 0.172779 0.006534 -0.969557 0.244779 0.023723 -0.941892 0.335078 0.039414 -0.905486 0.422542 0.053263 -0.861418 0.505097 0.064932 -0.810126 0.582649 0.074073 -0.751795 0.655223 0.080357 -0.686847 0.722346 0.083634 -0.616822 0.782647 0.083654 -0.542158 0.836102 0.080151 -0.463128 0.882660 0.073129 -0.381189 0.921601 0.062576 -0.297312 0.952728 0.048924 -0.211353 0.976185 0.042187 -0.171522 0.984277 -0.038367 -0.998644 -0.035188 -0.031632 -0.998932 0.033680 -0.013458 -0.994015 0.108416 0.004353 -0.983386 0.181476 0.021553 -0.967253 0.252897 0.038269 -0.938768 0.342418 0.053349 -0.901697 0.429065 0.066469 -0.857118 0.510813 0.077304 -0.805473 0.587569 0.085509 -0.746951 0.659358 0.090767 -0.681978 0.725718 0.092933 -0.612077 0.785319 0.091765 -0.537686 0.838136 0.087038 -0.459076 0.884123 0.078766 -0.377681 0.922580 0.067728 -0.293932 0.953424 0.061187 -0.246319 0.967255 -0.021360 -0.999481 -0.024094 -0.016099 -0.998929 0.043373 0.001979 -0.993061 0.117580 0.019595 -0.981572 0.190087 0.036504 -0.964667 0.260930 0.052729 -0.935386 0.349676 0.067185 -0.897672 0.435513 0.079568 -0.852607 0.516459 0.089562 -0.800631 0.592426 0.096830 -0.741940 0.663438 0.101045 -0.676966 0.729046 0.102084 -0.607212 0.787954 0.099751 -0.533114 0.840142 0.093815 -0.454945 0.885564 0.085297 -0.373463 0.923715 0.079296 -0.317545 0.944922 -0.004339 -0.999905 -0.013100 -0.000577 -0.998595 0.052981 0.017384 -0.991794 0.126657 0.034783 -0.979461 0.198611 0.051386 -0.961802 0.268879 0.067103 -0.931747 0.356854 0.080921 -0.893414 0.441885 0.092557 -0.847886 0.522036 0.101707 -0.795603 0.597220 0.108017 -0.736766 0.667464 0.111167 -0.671815 0.732330 0.111099 -0.602230 0.790554 0.107612 -0.528446 0.842119 0.101668 -0.449972 0.887237 0.091650 -0.369196 0.924821 0.096492 -0.384910 0.917896 0.109316 -0.444932 0.888868 0.112867 -0.448655 0.886549 0.125612 -0.517104 0.846656 0.128373 -0.508521 0.851426 0.142904 -0.564070 0.813267 0.140332 -0.584719 0.799006 0.156534 -0.615593 0.772362 0.153550 -0.647866 0.746118 0.169326 -0.663389 0.728865 0.165294 -0.706487 0.688153 0.177408 -0.699226 0.692538 0.175372 -0.759590 0.626312 0.188435 -0.752149 0.631477 0.183829 -0.807141 0.561008 0.197765 -0.799659 0.566953 0.190751 -0.849298 0.492247 0.205487 -0.841904 0.498971 0.196166 -0.886012 0.420121 0.211630 -0.878834 0.427626 0.201064 -0.885512 0.418858 0.227283 -0.873797 0.429909 0.012688 -0.999917 -0.002211 0.014931 -0.997933 0.062501 0.032751 -0.990216 0.135647 0.049916 -0.977056 0.207048 0.066196 -0.958662 0.276742 0.081388 -0.927856 0.363950 0.094556 -0.888928 0.448181 0.105438 -0.842959 0.527544 0.113717 -0.790392 0.601955 0.119041 -0.731435 0.671440 0.121145 -0.666529 0.735570 0.119978 -0.597134 0.793118 0.116726 -0.522818 0.844415 0.030419 -0.996945 0.071933 0.029717 -0.999522 0.008572 0.045885 -0.995635 0.081274 0.046741 -0.998722 0.019245 0.061325 -0.994004 0.090523 0.063755 -0.997520 0.029807 0.076735 -0.992056 0.099679 0.080753 -0.995921 0.040255 0.092112 -0.989793 0.108741 0.097730 -0.993926 0.050588 0.107452 -0.987218 0.117708 0.114677 -0.991540 0.060804 0.122727 -0.984335 0.126580 0.131520 -0.988774 0.070906 0.137897 -0.981154 0.135359 0.148270 -0.985633 0.080891 0.152975 -0.977676 0.144044 0.164923 -0.982122 0.090758 0.167956 -0.973907 0.152632 0.181475 -0.978246 0.100506 0.185500 -0.969092 0.162638 0.197923 -0.974011 0.110135 0.202895 -0.963886 0.172506 0.214264 -0.969421 0.119643 0.213666 -0.956559 0.198345 0.202767 -0.951506 0.231346 0.211185 -0.938210 0.274160 0.201794 -0.935754 0.289213 0.206956 -0.914539 0.347545 0.199961 -0.916613 0.346173 0.219856 -0.847004 0.483992 0.211506 -0.817049 0.536373 0.202292 -0.783944 0.586949 0.192222 -0.747518 0.635820 0.181261 -0.707480 0.683093 -0.121124 0.451134 0.884198 -0.137037 0.495415 0.857779 -0.141940 0.523312 0.840237 -0.155358 0.555492 0.816880 -0.161911 0.590621 0.790539 -0.172892 0.610836 0.772650 -0.180905 0.652752 0.735655 -0.189685 0.661727 0.725353 -0.198905 0.709809 0.675728 -0.205704 0.708233 0.675346 -0.220764 0.749921 0.623603 -0.215663 0.761044 0.611801 -0.234815 0.786875 0.570692 -0.231042 0.806149 0.544742 -0.247888 0.819471 0.516738 -0.245060 0.845368 0.474656 -0.259994 0.848011 0.461822 -0.271120 0.872720 0.406021 -0.243923 0.885080 0.396403 -0.228592 0.853481 0.468312 -0.215455 0.814159 0.539189 -0.202056 0.820724 0.534403 -0.188495 0.775244 0.602882 -0.175764 0.781460 0.598687 -0.161945 0.729394 0.664648 -0.149984 0.735204 0.661045 -0.136210 0.676706 0.723544 -0.125106 0.682054 0.720522 -0.111745 0.617779 0.778372 -0.101624 0.622622 0.775896 -0.088853 0.552287 0.828905 -0.079831 0.556577 0.826951 -0.067896 0.480349 0.874445 -0.060066 0.484040 0.872982 -0.049330 0.403275 0.913748 -0.042765 0.406342 0.912720 -0.033377 0.321063 0.946469 -0.028153 0.323476 0.945818 -0.020250 0.233568 0.972130 -0.016448 0.235290 0.971786 -0.010246 0.141900 0.989828 -0.007933 0.142913 0.989703 -0.003632 0.048542 0.998815 -0.002838 0.048877 0.998801 -0.000442 -0.046224 0.998931 -0.001196 -0.046534 0.998916 -0.000702 -0.142155 0.989844 -0.003029 -0.143071 0.989708 -0.004428 -0.238942 0.971024 -0.008351 -0.240418 0.970634 -0.011553 -0.333716 0.942603 -0.017047 -0.335651 0.941832 -0.021877 -0.425084 0.904889 -0.028892 -0.427353 0.903623 -0.035193 -0.512786 0.857795 -0.043674 -0.515260 0.855920 -0.051211 -0.595571 0.801669 -0.061079 -0.598105 0.799087 -0.069509 -0.671621 0.737627 -0.080623 -0.674051 0.734271 -0.089706 -0.740717 0.665801 -0.101926 -0.742886 0.661613 -0.111398 -0.802402 0.586294 -0.124584 -0.804152 0.581221 -0.133983 -0.854953 0.501103 -0.147962 -0.856122 0.495139 -0.156979 -0.898060 0.410908 -0.171572 -0.898497 0.404063 -0.179934 -0.931648 0.315682 -0.194954 -0.931208 0.307968 -0.202328 -0.955293 0.215589 -0.217577 -0.953835 0.207023 -0.223500 -0.968076 0.113471 -0.240460 0.886930 0.394379 -0.255015 0.911897 0.321577 -0.250907 0.914055 0.318667 -0.264582 0.932572 0.245573 -0.259880 0.934813 0.242046 -0.272600 0.947335 0.168063 -0.267407 0.949452 0.164419 -0.279002 0.956193 0.088611 -0.247324 0.966297 0.071427 -0.215175 0.975087 0.053892 -0.234761 0.960757 0.147761 -0.251157 0.955270 0.156138 -0.244017 0.941002 0.234458 -0.235522 0.920501 0.311780 -0.225646 0.893521 0.388205 -0.214442 0.860109 0.462847 -0.182595 0.982528 0.036014 -0.201523 0.970721 0.130728 -0.218222 0.965908 0.139291 -0.211823 0.952453 0.219006 -0.227998 0.946884 0.226778 -0.204258 0.932539 0.297740 -0.219972 0.926664 0.304804 -0.195510 0.905923 0.375606 -0.210663 0.899854 0.381948 -0.185628 0.872654 0.451683 -0.200121 0.866501 0.457305 -0.174743 0.833214 0.524614 -0.188485 0.827077 0.529544 -0.162865 0.787484 0.594427 -0.149833 0.988551 0.017788 -0.167839 0.979280 0.113314 -0.184716 0.975181 0.122069 -0.179006 0.962638 0.203188 -0.195476 0.957709 0.211144 -0.172332 0.943407 0.283346 -0.188362 0.938125 0.290589 -0.164686 0.917251 0.362670 -0.180169 0.911726 0.369182 -0.156115 0.884221 0.440205 -0.170944 0.878564 0.445985 -0.146732 0.844821 0.514536 -0.160811 0.839132 0.519613 -0.136549 0.798935 0.585710 -0.149781 0.793312 0.590103 -0.125562 0.746296 0.653664 -0.137845 0.740840 0.657385 -0.113864 0.687244 0.717447 -0.116920 0.993141 -0.000775 -0.133887 0.986383 0.095518 -0.150895 0.983015 0.104464 -0.145810 0.971481 0.186988 -0.162450 0.967229 0.195136 -0.139977 0.953033 0.268578 -0.156203 0.948377 0.276009 -0.133396 0.927439 0.349375 -0.149095 0.922489 0.356068 -0.126109 0.894752 0.428386 -0.141170 0.889618 0.434339 -0.118214 0.855492 0.504141 -0.132533 0.850275 0.509379 -0.109723 0.809550 0.576706 -0.123197 0.804349 0.581244 -0.100637 0.756650 0.646029 -0.113159 0.751566 0.649879 -0.091036 0.697141 0.711131 -0.102508 0.692274 0.714317 -0.081056 0.631892 0.770807 -0.091395 0.627327 0.773375 -0.070709 0.560750 0.824960 -0.083888 0.996281 -0.019662 -0.099693 0.992007 0.077349 -0.116818 0.989381 0.086480 -0.112288 0.978955 0.170408 -0.129088 0.975390 0.178745 -0.107238 0.961390 0.253435 -0.123654 0.957372 0.261053 -0.101677 0.936460 0.335716 -0.117589 0.932097 0.342591 -0.095644 0.904218 0.416223 -0.110934 0.899620 0.422348 -0.089216 0.865201 0.493425 -0.103775 0.860468 0.498824 -0.082408 0.819304 0.567406 -0.096127 0.814536 0.572093 -0.075226 0.766243 0.638132 -0.087993 0.761543 0.642113 -0.067735 0.706376 0.704589 -0.079445 0.701842 0.707888 -0.060040 0.640594 0.765529 -0.070605 0.636315 0.768192 -0.052152 0.568735 0.820866 -0.061483 0.564803 0.822932 -0.044128 0.491125 0.869971 -0.052144 0.487632 0.871491 -0.036119 0.409329 0.911672 -0.050772 0.997954 -0.038857 -0.065287 0.996132 0.058818 -0.082514 0.994259 0.068128 -0.078461 0.985036 0.153456 -0.095411 0.982171 0.161978 -0.074130 0.968451 0.237922 -0.090729 0.965084 0.245725 -0.069538 0.944286 0.321696 -0.085659 0.940524 0.328751 -0.064720 0.912594 0.403713 -0.080239 0.908544 0.410011 -0.059734 0.873922 0.482383 -0.074536 0.869687 0.487944 -0.054597 0.828173 0.557808 -0.068565 0.823851 0.562644 -0.049319 0.775054 0.629967 -0.062335 0.770748 0.634083 -0.043952 0.714928 0.697816 -0.055905 0.710738 0.701231 -0.038564 0.648710 0.760058 -0.049361 0.644726 0.762818 -0.033170 0.576226 0.816617 -0.042715 0.572543 0.818761 -0.027810 0.497803 0.866844 -0.036018 0.494515 0.868422 -0.022583 0.415058 0.909515 -0.029393 0.412234 0.910604 -0.017506 0.328115 0.944475 -0.022863 0.325827 0.945153 -0.012597 0.236968 0.971436 -0.017609 0.998141 -0.058342 -0.030701 0.998730 0.039939 -0.048014 0.997623 0.049421 -0.044352 0.989696 0.136139 -0.061440 0.987545 0.144842 -0.040668 0.974189 0.222042 -0.057442 0.971487 0.230028 -0.036988 0.950889 0.307315 -0.053313 0.947743 0.314550 -0.033343 0.919848 0.390855 -0.049088 0.916363 0.397327 -0.029769 0.881624 0.471012 -0.044812 0.877902 0.476739 -0.026285 0.836127 0.547906 -0.040504 0.832266 0.552895 -0.022908 0.783055 0.621530 -0.036178 0.779158 0.625783 -0.019673 0.722772 0.690806 -0.031875 0.718940 0.694341 -0.016615 0.656218 0.754389 -0.027650 0.652541 0.757249 -0.013748 0.583204 0.812210 -0.023515 0.579780 0.814434 -0.011099 0.504060 0.863597 -0.019505 0.500985 0.865236 -0.008707 0.420451 0.907274 -0.015688 0.417797 0.908405 -0.006584 0.332499 0.943081 -0.012080 0.330340 0.943785 -0.004743 0.240187 0.970715 -0.008695 0.238600 0.971079 -0.003216 0.144858 0.989447 -0.005590 0.143899 0.989577 -0.002035 0.049202 0.998787 0.015560 0.996824 -0.078099 0.004027 0.999777 0.020728 -0.013353 0.999449 0.030374 -0.009987 0.992908 0.118469 -0.027200 0.991485 0.127348 -0.006872 0.978569 0.205803 -0.023811 0.976551 0.213967 -0.004039 0.956234 0.292576 -0.020562 0.953721 0.299990 -0.001517 0.925947 0.377650 -0.017485 0.923044 0.384296 0.000680 0.888276 0.459310 -0.014605 0.885084 0.465203 0.002532 0.843136 0.537695 -0.011940 0.839752 0.542839 0.004016 0.790216 0.612815 -0.009511 0.786743 0.617208 0.005112 0.729883 0.683553 -0.007344 0.726422 0.687210 0.005821 0.663094 0.748514 -0.005459 0.659736 0.751477 0.006127 0.589649 0.807637 -0.003868 0.586494 0.809944 0.006020 0.509878 0.860226 -0.002591 0.507025 0.861928 0.005519 0.425493 0.904945 -0.001638 0.423017 0.906120 0.004623 0.336615 0.941631 -0.001016 0.334591 0.942363 0.003320 0.243220 0.969966 -0.000738 0.241727 0.970344 0.001626 0.146692 0.989181 -0.000811 0.145790 0.989315 -0.000397 0.049824 0.998758 -0.001221 0.049518 0.998772 -0.002736 -0.047127 0.998885 -0.001961 -0.046835 0.998901 -0.005388 -0.143959 0.989569 0.048689 0.993984 -0.098106 0.038859 0.999244 0.001200 0.021433 0.999710 0.011002 0.024602 0.994637 0.100454 0.007281 0.993960 0.109504 0.027235 0.981559 0.189208 0.010144 0.980240 0.197549 0.029293 0.960285 0.277481 0.012580 0.958423 0.285073 0.030749 0.930855 0.364094 0.014562 0.928552 0.370916 0.031610 0.893840 0.447271 0.016085 0.891196 0.453333 0.031857 0.849163 0.527169 0.017131 0.846274 0.532472 0.031458 0.796505 0.603813 0.017672 0.793472 0.608350 0.030411 0.736230 0.676048 0.017697 0.733154 0.679832 0.028754 0.669311 0.742426 0.017225 0.666286 0.745497 0.026468 0.595537 0.802892 0.016239 0.592664 0.805286 0.023558 0.515237 0.856724 0.014735 0.512616 0.858492 0.020109 0.430169 0.902524 0.012768 0.427878 0.903746 0.016126 0.340453 0.940123 0.010337 0.338570 0.940885 0.011600 0.246056 0.969186 0.007432 0.244663 0.969580 0.006598 0.148410 0.988904 0.004096 0.147566 0.989044 0.001285 0.050407 0.998728 0.000439 0.050121 0.998743 -0.004320 -0.047684 0.998853 -0.003523 -0.047410 0.998869 -0.010204 -0.145651 0.989283 -0.007780 -0.144819 0.989428 -0.016358 -0.243225 0.969832 -0.012327 -0.241846 0.970236 -0.022613 -0.337516 0.941048 0.081602 0.989613 -0.118351 0.073699 0.997107 -0.018629 0.056299 0.998376 -0.008677 0.059382 0.994853 0.082108 0.041971 0.994937 0.091322 0.061627 0.983121 0.172266 0.044397 0.982521 0.180780 0.062988 0.963002 0.262031 0.046097 0.961812 0.269800 0.063440 0.934529 0.350186 0.047042 0.932849 0.357184 0.063013 0.898276 0.434891 0.047253 0.896201 0.441124 0.061688 0.854170 0.516321 0.046710 0.851797 0.521786 0.059424 0.801885 0.594515 0.045376 0.799311 0.599202 0.056234 0.741779 0.668282 0.043257 0.739107 0.672198 0.052197 0.674840 0.736116 0.040412 0.672163 0.739299 0.047288 0.600843 0.797967 0.036818 0.598264 0.800452 0.041529 0.520116 0.853085 0.032489 0.517738 0.854922 0.035074 0.434461 0.900007 0.027544 0.432364 0.901278 0.027934 0.343998 0.938555 0.021991 0.342263 0.939347 0.020104 0.248687 0.968375 0.015823 0.247398 0.968785 0.011705 0.150006 0.988616 0.009135 0.149224 0.988761 0.003010 0.050948 0.998697 0.002142 0.050683 0.998713 -0.005950 -0.048203 0.998820 -0.005129 -0.047948 0.998837 -0.015155 -0.147224 0.988987 -0.012662 -0.146453 0.989137 -0.024585 -0.245831 0.969001 -0.020444 -0.244554 0.969420 -0.033972 -0.341030 0.939438 -0.028255 -0.339310 0.940250 -0.043195 -0.431607 0.901027 -0.035998 -0.429528 0.902336 -0.052260 -0.517616 0.854016 0.091026 0.995436 -0.028655 0.114108 0.983722 -0.138818 0.108275 0.993365 -0.038752 0.125440 0.990894 -0.048918 0.128716 0.990685 0.044438 0.145921 0.988683 0.034826 0.147669 0.980667 0.128399 0.164804 0.979076 0.119374 0.164654 0.962959 0.213541 0.181597 0.961735 0.205153 0.179196 0.937378 0.298682 0.146161 0.976321 -0.159482 0.142517 0.988023 -0.059150 0.163066 0.986295 0.025140 0.181903 0.977114 0.110269 0.159499 0.984753 -0.069444 0.177718 0.967421 -0.180315 0.176380 0.981082 -0.079798 0.232352 0.955929 0.179478 0.232952 0.968983 0.082489 0.230934 0.972864 -0.014292 -0.229377 -0.972932 -0.028104 -0.214288 -0.976607 -0.017896 -0.199113 -0.979946 -0.007750 -0.183859 -0.982950 0.002332 -0.168530 -0.985619 0.012347 -0.153131 -0.987954 0.022294 -0.226901 -0.972980 0.042730 -0.211661 -0.975932 0.052492 -0.196362 -0.978557 0.062188 -0.181007 -0.980856 0.071816 -0.165600 -0.982830 0.081374 -0.150147 -0.984480 0.090860 -0.134651 -0.985807 0.100273 -0.209989 -0.930481 0.300182 -0.200867 -0.898569 0.390162 -0.190225 -0.858158 0.476843 -0.177997 -0.808935 0.560305 -0.164157 -0.750772 0.639839 -0.148980 -0.685015 0.713133 -0.132460 -0.611719 0.779907 -0.114535 -0.530649 0.839817 -0.095522 -0.443370 0.891234 -0.075620 -0.350927 0.933345 -0.054805 -0.253265 0.965843 -0.033354 -0.151739 0.987858 -0.011953 -0.049701 0.998693 0.009333 0.052496 0.998578 0.030445 0.154573 0.987512 0.051302 0.256178 0.965267 0.071195 0.353961 0.932546 0.089778 0.446284 0.890376 0.107051 0.533199 0.839190 0.122970 0.614578 0.779213 0.137118 0.688486 0.712169 0.149422 0.754614 0.638929 0.159924 0.813232 0.559534 0.168407 0.863331 0.475709 0.174804 0.904592 0.388789 0.180144 0.983520 0.015382 -0.208198 -0.970354 0.122746 -0.187069 -0.956447 0.224084 -0.164931 -0.931804 0.323324 -0.142426 -0.897361 0.417681 -0.120060 -0.853544 0.507000 -0.098282 -0.800436 0.591306 -0.077563 -0.738357 0.669935 -0.058487 -0.669024 0.740936 -0.041456 -0.592895 0.804212 -0.026815 -0.510196 0.859640 -0.014952 -0.422725 0.906135 -0.006132 -0.331714 0.943360 -0.000559 -0.237419 0.971407 0.001594 -0.141212 0.989978 0.000301 -0.045906 0.998946 -0.004415 0.048198 0.998828 -0.012529 0.140861 0.989950 -0.024003 0.231803 0.972467 -0.038536 0.318590 0.947109 -0.055816 0.400131 0.914757 -0.075636 0.476563 0.875881 -0.097774 0.547881 0.830823 -0.121737 0.612801 0.780804 -0.147146 0.671207 0.726519 -0.173744 0.723414 0.668195 -0.201058 0.768838 0.607013 -0.186202 -0.898667 0.397148 -0.176084 -0.857727 0.483010 -0.164545 -0.808078 0.565629 -0.151561 -0.749598 0.644308 -0.137388 -0.683631 0.716780 -0.122022 -0.610231 0.782770 -0.105409 -0.529170 0.841943 -0.087839 -0.442000 0.892704 -0.069495 -0.349751 0.934262 -0.050356 -0.252371 0.966319 -0.030672 -0.151192 0.988028 -0.011067 -0.049518 0.998712 0.008403 0.052309 0.998596 0.027687 0.154021 0.987680 0.046711 0.255278 0.965739 0.064835 0.352780 0.933457 0.081748 0.444912 0.891836 0.097451 0.531725 0.841292 0.111906 0.613093 0.782045 0.124734 0.687099 0.715777 0.135870 0.753429 0.643338 0.145352 0.812346 0.564772 0.152983 0.862841 0.481768 0.158705 0.904588 0.395643 0.162590 0.937944 0.306309 -0.192859 -0.972314 0.131953 -0.177487 -0.973957 0.141089 -0.162085 -0.975286 0.150153 -0.146657 -0.976302 0.159143 -0.131208 -0.977006 0.168059 -0.115741 -0.977400 0.176897 -0.161996 -0.857047 0.489108 -0.151158 -0.806993 0.570889 -0.139039 -0.748219 0.648719 -0.125875 -0.682066 0.720376 -0.111665 -0.608586 0.785591 -0.096361 -0.527560 0.844035 -0.080227 -0.440523 0.894149 -0.063430 -0.348493 0.935163 -0.045952 -0.251419 0.966787 -0.028019 -0.150612 0.988196 -0.010191 -0.049325 0.998731 0.007482 0.052110 0.998613 0.024957 0.153435 0.987844 0.042166 0.254319 0.966201 0.058537 0.351515 0.934350 0.073792 0.443431 0.893266 0.087934 0.530116 0.843354 0.100927 0.611446 0.784824 0.112435 0.685520 0.719320 0.122397 0.752023 0.647673 0.130851 0.811209 0.569928 0.137618 0.862073 0.487741 0.142646 0.904279 0.402407 0.146004 0.938181 0.313846 0.147705 0.963830 0.221843 -0.171804 -0.957301 0.232506 -0.149949 -0.931679 0.330893 -0.127914 -0.896402 0.424384 -0.106196 -0.851897 0.512830 -0.085235 -0.798256 0.596257 -0.065511 -0.735807 0.674015 -0.047585 -0.666262 0.744198 -0.031815 -0.590080 0.806718 -0.018540 -0.507493 0.861456 -0.008115 -0.420276 0.907360 -0.000783 -0.329644 0.944105 0.003259 -0.235851 0.971784 0.003858 -0.140243 0.990110 0.001035 -0.045580 0.998960 -0.005189 0.047845 0.998841 -0.014784 0.139796 0.990070 -0.027709 0.229996 0.972797 -0.043631 0.316057 0.947736 -0.062225 0.396910 0.915746 -0.083287 0.472681 0.877289 -0.106579 0.543362 0.832706 -0.131574 0.607693 0.783197 -0.157928 0.665559 0.729445 -0.185383 0.717268 0.671685 -0.137837 -0.805683 0.576086 -0.126593 -0.746639 0.653073 -0.114443 -0.680323 0.723922 -0.101388 -0.606789 0.788371 -0.087389 -0.525821 0.846094 -0.072685 -0.438942 0.895571 -0.057424 -0.347156 0.936048 -0.041592 -0.250410 0.967246 -0.025393 -0.149999 0.988360 -0.009325 -0.049122 0.998749 0.006571 0.051900 0.998631 0.022254 0.152815 0.988004 0.037667 0.253304 0.966653 0.052300 0.350170 0.935225 0.065909 0.441844 0.894668 0.078497 0.528374 0.845375 0.090034 0.609637 0.787551 0.100221 0.683752 0.722800 0.109006 0.750398 0.651936 0.116421 0.809826 0.575003 0.122311 0.861030 0.493627 0.126629 0.903669 0.409081 0.129438 0.938092 0.321294 0.130754 0.964353 0.230058 0.130505 0.981889 0.137341 -0.156536 -0.957855 0.240855 -0.141269 -0.958112 0.249129 -0.126004 -0.958074 0.257329 -0.110746 -0.957742 0.265452 -0.095515 -0.957118 0.273499 -0.114221 -0.744861 0.657371 -0.103090 -0.678404 0.727420 -0.091192 -0.604839 0.791109 -0.078494 -0.523955 0.848121 -0.065211 -0.437258 0.896969 -0.051476 -0.345740 0.936917 -0.037277 -0.249347 0.967697 -0.022794 -0.149353 0.988521 -0.008468 -0.048907 0.998767 0.005668 0.051679 0.998648 0.019578 0.152162 0.988162 0.033212 0.252232 0.967097 0.046122 0.348744 0.936083 0.058097 0.440151 0.896042 0.069139 0.526501 0.847359 0.079225 0.607670 0.790228 0.088091 0.681797 0.726218 0.095694 0.748559 0.656127 0.102064 0.808199 0.579998 0.107064 0.859715 0.499427 0.110656 0.902761 0.415666 0.112897 0.937679 0.328652 0.113804 0.964529 0.238185 0.113315 0.982744 0.146201 0.111454 0.992303 0.053975 -0.134988 -0.931274 0.338389 -0.113445 -0.895184 0.431017 -0.092390 -0.850015 0.518594 -0.072274 -0.795863 0.601147 -0.053579 -0.733069 0.678041 -0.036801 -0.663338 0.747415 -0.022287 -0.587130 0.809186 -0.010367 -0.504680 0.863244 -0.001365 -0.417741 0.908565 0.004497 -0.327510 0.944837 0.007026 -0.234238 0.972154 0.006093 -0.139249 0.990239 0.001758 -0.045246 0.998974 -0.005953 0.047484 0.998854 -0.017009 0.138706 0.990188 -0.031369 0.228147 0.973121 -0.048664 0.313466 0.948352 -0.068558 0.393613 0.916716 -0.090836 0.468705 0.878672 -0.115242 0.538732 0.834558 -0.141268 0.602458 0.785549 -0.168559 0.659766 0.732323 -0.091817 -0.676313 0.730869 -0.081075 -0.602741 0.793807 -0.069675 -0.521965 0.850117 -0.057806 -0.435474 0.898344 -0.045585 -0.344246 0.937772 -0.033004 -0.248229 0.968139 -0.020222 -0.148675 0.988679 -0.007620 -0.048683 0.998785 0.004774 0.051446 0.998664 0.016928 0.151475 0.988316 0.028800 0.251105 0.967531 0.040003 0.347239 0.936923 0.050354 0.438356 0.897390 0.059860 0.524499 0.849304 0.068498 0.605548 0.792856 0.076044 0.679658 0.729576 0.082462 0.746508 0.660247 0.087778 0.806331 0.584915 0.091877 0.858131 0.505143 0.094728 0.901557 0.422163 0.096382 0.936946 0.335920 0.096857 0.964361 0.246223 0.096102 0.983233 0.154976 0.094142 0.993536 0.063433 -0.120053 -0.930592 0.345812 -0.105145 -0.929636 0.353160 -0.090285 -0.928405 0.360434 -0.075509 -0.926900 0.367635 -0.099021 -0.893711 0.437578 -0.078661 -0.847898 0.524291 -0.059430 -0.793259 0.605977 -0.041767 -0.730146 0.682013 -0.026135 -0.660256 0.750586 -0.012869 -0.584047 0.811618 -0.002294 -0.501758 0.865005 0.005299 -0.415121 0.909751 0.009706 -0.325312 0.945557 0.010743 -0.232581 0.972518 0.008297 -0.138229 0.990366 0.002471 -0.044904 0.998988 -0.006708 0.047113 0.998867 -0.019207 0.137591 0.990303 -0.034982 0.226256 0.973439 -0.053636 0.310818 0.948955 -0.074804 0.390241 0.917669 -0.098260 0.464639 0.880032 -0.123777 0.533995 0.836378 -0.150821 0.597098 0.787862 -0.071038 -0.600496 0.796466 -0.060930 -0.519851 0.852081 -0.050467 -0.433589 0.899696 -0.039751 -0.342675 0.938613 -0.028774 -0.247056 0.968574 -0.017676 -0.147965 0.988835 -0.006780 -0.048448 0.998803 0.003888 0.051202 0.998681 0.014304 0.150757 0.988467 0.024431 0.249923 0.967957 0.033940 0.345657 0.937747 0.042680 0.436459 0.898711 0.050657 0.522371 0.851213 0.057853 0.603271 0.795435 0.064080 0.677339 0.732875 0.069309 0.744247 0.664299 0.073565 0.804226 0.589753 0.076752 0.856282 0.510774 0.078847 0.900061 0.428571 0.079896 0.935896 0.343098 0.079918 0.963852 0.254172 0.078872 0.983358 0.163665 0.076783 0.994386 0.072811 -0.084661 -0.891984 0.444069 -0.070401 -0.890002 0.450489 -0.056242 -0.887770 0.456839 -0.065042 -0.845548 0.529922 -0.046704 -0.790448 0.610746 -0.030075 -0.727043 0.685933 -0.015586 -0.657019 0.753713 -0.003562 -0.580834 0.814014 0.005680 -0.498732 0.866738 0.011877 -0.412418 0.910917 0.014848 -0.323053 0.946265 0.014410 -0.230882 0.972875 0.010472 -0.137185 0.990490 0.003175 -0.044554 0.999002 -0.007453 0.046734 0.998880 -0.021378 0.136451 0.990416 -0.038551 0.224326 0.973751 -0.058537 0.308112 0.949547 -0.080945 0.386797 0.918606 -0.105572 0.460484 0.881368 -0.132185 0.529154 0.838167 -0.051535 -0.842970 0.535487 -0.038140 -0.840166 0.540986 -0.034097 -0.787434 0.615455 -0.018503 -0.723763 0.689801 -0.005154 -0.653631 0.756796 0.005635 -0.577495 0.816374 0.013555 -0.495602 0.868444 0.018372 -0.409634 0.912065 0.019922 -0.320732 0.946960 0.018028 -0.229142 0.973226 0.012619 -0.136117 0.990612 0.003869 -0.044197 0.999015 -0.008190 0.046347 0.998892 -0.023522 0.135288 0.990527 -0.042069 0.222356 0.974058 -0.063354 0.305352 0.950130 -0.086991 0.383282 0.919526 -0.112773 0.456244 0.882680 -0.021608 -0.784221 0.620105 -0.007050 -0.720310 0.693617 0.005162 -0.650095 0.759835 0.014724 -0.574033 0.818700 0.021334 -0.492371 0.870124 0.024784 -0.406771 0.913194 0.024930 -0.318352 0.947645 0.021599 -0.227360 0.973571 0.014737 -0.135025 0.990733 0.004554 -0.043832 0.999029 -0.008917 0.045952 0.998904 -0.025635 0.134101 0.990636 -0.045526 0.220347 0.974359 -0.068095 0.302538 0.950702 -0.092942 0.379699 0.920429 0.048079 -0.988329 0.144547 0.064991 -0.974361 0.215397 0.080932 -0.955248 0.284519 0.095583 -0.923715 0.370964 0.108090 -0.884215 0.454402 0.118187 -0.837831 0.532984 0.125562 -0.785005 0.606631 0.129915 -0.725951 0.675364 0.130978 -0.661111 0.738767 0.130278 -0.590982 0.796096 0.063363 -0.986137 0.153357 0.080005 -0.971379 0.223657 0.095592 -0.951565 0.292209 0.109687 -0.919328 0.377896 0.121498 -0.879280 0.460548 0.130773 -0.832507 0.538360 0.137255 -0.779446 0.611249 0.140640 -0.720316 0.679238 0.142393 -0.654556 0.742483 0.078602 -0.983643 0.162075 0.094956 -0.968111 0.231827 0.110175 -0.947615 0.299812 0.123676 -0.914698 0.384749 0.134748 -0.874131 0.466624 0.143209 -0.826991 0.543670 0.148797 -0.773717 0.615809 0.153099 -0.713483 0.683742 0.093791 -0.980849 0.170702 0.109841 -0.964562 0.239907 0.124655 -0.943403 0.307330 0.137513 -0.909834 0.391524 0.147852 -0.868771 0.472628 0.155494 -0.821288 0.548916 0.162217 -0.766750 0.621112 0.108929 -0.977757 0.179235 0.124634 -0.960735 0.247899 0.138994 -0.938937 0.314766 0.151212 -0.904740 0.398221 0.160809 -0.863204 0.478560 0.169791 -0.814325 0.555018 0.123987 -0.974374 0.187677 0.139298 -0.956640 0.255803 0.153206 -0.934221 0.322117 0.164772 -0.899419 0.404840 0.175904 -0.856378 0.485464 0.138927 -0.970707 0.196028 0.153843 -0.952280 0.263620 0.167288 -0.929258 0.329383 0.180585 -0.892858 0.412545 0.153761 -0.966759 0.204288 0.168269 -0.947658 0.271348 0.183731 -0.923095 0.337845 0.168486 -0.962536 0.212456 0.185128 -0.941877 0.280349 0.185712 -0.957204 0.221970 -0.000000 -0.000000 -1.000000 -0.000000 -0.000000 -1.000000 -0.000000 -0.000000 -1.000000 -0.000000 -0.000000 -1.000000 -0.000000 -0.000000 -1.000000 -0.000000 -0.000000 -1.000000 -0.000000 -0.000000 -1.000000 -0.000000 -0.000000 -1.000000 -0.000000 -0.000000 -1.000000 -0.000000 -0.000000 -1.000000 -0.000000 -0.000000 -1.000000 -0.000000 -0.000000 -1.000000 -0.000000 -0.000000 -1.000000 -0.000000 -0.000000 -1.000000 -0.000000 -0.000000 -1.000000 -0.000000 -0.000000 -1.000000 -0.000000 -0.000000 -1.000000 -0.000000 -0.000000 -1.000000 -0.000000 -0.000000 -1.000000 -0.000000 -0.000000 -1.000000 -0.000000 -0.000000 -1.000000 -0.000000 -0.000000 -1.000000 -0.000000 -0.000000 -1.000000 -0.000000 -0.000000 -1.000000 -0.000000 -0.000000 -1.000000 -0.000000 -0.000000 -1.000000 -0.000000 -0.000000 -1.000000 -0.000000 -0.000000 -1.000000 -0.000000 -0.000000 -1.000000 -0.000000 -0.000000 -1.000000 -0.000000 -0.000000 -1.000000 -0.000000 -0.000000 -1.000000 -0.000000 -0.000000 -1.000000 -0.000000 -0.000000 -1.000000 -0.000000 -0.000000 -1.000000 -0.000000 -0.000000 -1.000000 -0.000000 -0.000000 -1.000000 -0.000000 -0.000000 -1.000000 -0.000000 -0.000000 -1.000000 -0.000000 -0.000000 -1.000000 -0.000000 -0.000000 -1.000000 -0.000000 -0.000000 -1.000000 -0.000000 -0.000000 -1.000000 -0.000000 -0.000000 -1.000000 -0.000000 -0.000000 -1.000000 -0.000000 -0.000000 -1.000000 -0.000000 -0.000000 -1.000000 -0.000000 -0.000000 -1.000000 -0.000000 -0.000000 -1.000000 -0.000000 -0.000000 -1.000000 -0.000000 -0.000000 -1.000000 -0.000000 -0.000000 -1.000000 -0.000000 -0.000000 -1.000000 -0.000000 -0.000000 -1.000000 -0.000000 -0.000000 -1.000000 -0.000000 -0.000000 -1.000000 -0.000000 -0.000000 -1.000000 -0.000000 -0.000000 -1.000000 -0.000000 -0.000000 -1.000000 -0.000000 -0.000000 -1.000000 -0.000000 -0.000000 -1.000000 -0.000000 -0.000000 -1.000000 -0.000000 -0.000000 -1.000000 -0.000000 -0.000000 -1.000000 -0.000000 -0.000000 -1.000000 -0.000000 -0.000000 -1.000000 -0.000000 -0.000000 -1.000000 -0.000000 -0.000000 -1.000000 -0.000000 -0.000000 -1.000000 -0.000000 -0.000000 -1.000000 -0.000000 -0.000000 -1.000000 -0.000000 -0.000000 -1.000000 -0.000000 -0.000000 -1.000000 -0.000000 -0.000000 -1.000000 -0.000000 -0.000000 -1.000000 -0.000000 -0.000000 -1.000000 -0.000000 -0.000000 -1.000000 -0.000000 -0.000000 -1.000000 -0.000000 -0.000000 -1.000000 -0.000000 -0.000000 -1.000000 -0.623292 -0.781990 0.000000 -0.602302 -0.798268 0.000000 -0.542319 -0.840172 0.000000 -0.584395 -0.811470 0.000000 -0.570171 -0.821526 0.000000 -0.560218 -0.828345 0.000000 -0.473917 -0.880570 0.000000 -0.455956 -0.890002 0.000000 -0.382793 -0.923834 0.000000 -0.365059 -0.930984 0.000000 -0.287775 -0.957698 0.000000 -0.270533 -0.962711 0.000000 -0.189828 -0.981817 0.000000 -0.173318 -0.984866 0.000000 -0.089950 -0.995946 0.000000 -0.074379 -0.997230 0.000000 0.010843 -0.999941 -0.000000 0.025299 -0.999680 -0.000000 0.111526 -0.993761 -0.000000 0.124726 -0.992191 -0.000000 0.211075 -0.977470 -0.000000 0.222912 -0.974839 -0.000000 0.308475 -0.951232 -0.000000 0.318883 -0.947794 -0.000000 0.402737 -0.915316 -0.000000 0.411683 -0.911327 -0.000000 0.492901 -0.870086 -0.000000 0.500390 -0.865800 -0.000000 0.578049 -0.816002 -0.000000 0.584123 -0.811665 -0.000000 0.657316 -0.753615 -0.000000 0.662048 -0.749461 -0.000000 0.729894 -0.683561 -0.000000 0.733392 -0.679806 -0.000000 0.795045 -0.606550 -0.000000 0.797444 -0.603393 -0.000000 0.852107 -0.523368 -0.000000 0.853569 -0.520981 -0.000000 0.900498 -0.434861 -0.000000 0.901207 -0.433389 -0.000000 0.939726 -0.341928 -0.000000 0.939886 -0.341489 -0.000000 0.969221 -0.246193 -0.000000 0.969392 -0.245517 -0.000000 0.988920 -0.148450 -0.000000 0.989195 -0.146607 -0.000000 0.998787 -0.049232 -0.000000 0.998932 -0.046206 -0.000000 0.998725 0.050476 -0.000000 0.998505 0.054666 -0.000000 0.988734 0.149683 -0.000000 0.987917 0.154981 -0.000000 0.968913 0.247401 -0.000000 0.967278 0.253720 -0.000000 0.939460 0.342660 -0.000000 0.936796 0.349877 -0.000000 0.900666 0.434512 -0.000000 0.896782 0.442473 -0.000000 0.852919 0.522044 -0.000000 0.847643 0.530568 -0.000000 0.796692 0.604386 -0.000000 0.789878 0.613263 -0.000000 0.732544 0.680720 -0.000000 0.724077 0.689719 -0.000000 0.661114 0.750286 -0.000000 0.650908 0.759157 -0.000000 0.583111 0.812393 -0.000000 0.571116 0.820869 -0.000000 0.499311 0.866423 -0.000000 0.485512 0.874230 -0.000000 0.410547 0.911839 -0.000000 0.394969 0.918695 -0.000000 0.317701 0.948191 -0.000000 0.300406 0.953811 -0.000000 0.221697 0.975116 -0.000000 0.202787 0.979223 -0.000000 0.123489 0.992346 -0.000000 0.103104 0.994671 -0.000000 0.024053 0.999711 -0.000000 0.002372 0.999997 -0.000000 -0.075622 0.997137 -0.000000 -0.098384 0.995149 -0.000000 -0.174545 0.984649 -0.000000 -0.198138 0.980174 -0.000000 -0.271733 0.962373 -0.000000 -0.295877 0.955226 -0.000000 -0.366219 0.930529 -0.000000 -0.390605 0.920558 -0.000000 -0.457064 0.889434 -0.000000 -0.481359 0.876524 -0.000000 -0.543366 0.839496 -0.000000 -0.567215 0.823570 -0.000000 -0.624266 0.781212 -0.000000 -0.647299 0.762236 -0.000000 -0.698959 0.715162 -0.000000 -0.720796 0.693147 -0.000000 -0.766703 0.642002 -0.000000 -0.786960 0.617004 -0.000000 -0.826825 0.562459 -0.000000 -0.845116 0.534584 -0.000000 -0.878727 0.477324 -0.000000 -0.894672 0.446723 -0.000000 -0.921893 0.387444 -0.000000 -0.935125 0.354318 -0.000000 -0.938190 0.346120 -0.000000 -0.942883 0.333124 -0.000000 -0.948900 0.315578 -0.000000 -0.955894 0.293712 -0.000000 0.989343 0.145601 0.000000 0.989343 0.145601 0.000000 1.000000 0.000000 0.000000 1.000000 0.000000 0.000000 0.989343 -0.145601 -0.000000 0.989343 -0.145601 -0.000000 0.957601 -0.288099 -0.000000 0.957601 -0.288099 -0.000000 0.905448 -0.424457 -0.000000 0.905448 -0.424457 -0.000000 0.833998 -0.551768 -0.000000 0.833998 -0.551768 -0.000000 0.744772 -0.667319 -0.000000 0.744772 -0.667319 -0.000000 0.639673 -0.768647 -0.000000 0.639673 -0.768647 -0.000000 0.520940 -0.853593 -0.000000 0.520940 -0.853593 -0.000000 0.391105 -0.920346 -0.000000 0.391105 -0.920346 -0.000000 0.252933 -0.967484 -0.000000 0.252933 -0.967484 -0.000000 0.109371 -0.994001 -0.000000 0.109371 -0.994001 -0.000000 -0.036522 -0.999333 -0.000000 -0.036522 -0.999333 -0.000000 -0.181637 -0.983366 -0.000000 -0.181637 -0.983366 -0.000000 -0.322880 -0.946440 -0.000000 -0.322880 -0.946440 -0.000000 -0.457242 -0.889342 -0.000000 -0.457242 -0.889342 -0.000000 -0.581859 -0.813290 -0.000000 -0.581859 -0.813290 -0.000000 -0.694074 -0.719903 -0.000000 -0.694074 -0.719903 -0.000000 -0.791496 -0.611174 -0.000000 -0.791496 -0.611174 -0.000000 -0.872049 -0.489418 -0.000000 -0.872049 -0.489418 -0.000000 -0.934016 -0.357231 -0.000000 -0.934016 -0.357231 -0.000000 -0.976076 -0.217430 -0.000000 -0.976076 -0.217430 -0.000000 -0.997332 -0.072995 -0.000000 -0.997332 -0.072995 -0.000000 -0.997332 0.072995 -0.000000 -0.997332 0.072995 -0.000000 -0.976076 0.217430 -0.000000 -0.976076 0.217430 -0.000000 -0.934016 0.357231 -0.000000 -0.934016 0.357231 -0.000000 -0.872049 0.489418 -0.000000 -0.872049 0.489418 -0.000000 -0.791496 0.611174 -0.000000 -0.791496 0.611174 -0.000000 -0.694074 0.719903 -0.000000 -0.694074 0.719903 -0.000000 -0.581859 0.813290 -0.000000 -0.581859 0.813290 -0.000000 -0.457242 0.889342 -0.000000 -0.457242 0.889342 -0.000000 -0.322880 0.946440 -0.000000 -0.322880 0.946440 -0.000000 -0.181637 0.983366 -0.000000 -0.181637 0.983366 -0.000000 -0.036522 0.999333 -0.000000 -0.036522 0.999333 -0.000000 0.109371 0.994001 0.000000 0.109371 0.994001 0.000000 0.252933 0.967484 0.000000 0.252933 0.967484 0.000000 0.391105 0.920346 0.000000 0.391105 0.920346 0.000000 0.520940 0.853593 0.000000 0.520940 0.853593 0.000000 0.639673 0.768647 0.000000 0.639673 0.768647 0.000000 0.744772 0.667319 0.000000 0.744772 0.667319 0.000000 0.833998 0.551768 0.000000 0.833998 0.551768 0.000000 0.905448 0.424457 0.000000 0.905448 0.424457 0.000000 0.957601 0.288099 0.000000 0.957601 0.288099 0.000000 -0.990268 0.139173 0.000000 -0.990268 0.139173 0.000000 -1.000000 0.000000 0.000000 -1.000000 0.000000 0.000000 -0.990268 -0.139173 -0.000000 -0.990268 -0.139173 -0.000000 -0.961262 -0.275637 -0.000000 -0.961262 -0.275637 -0.000000 -0.913545 -0.406737 -0.000000 -0.913545 -0.406737 -0.000000 -0.848048 -0.529919 -0.000000 -0.848048 -0.529919 -0.000000 -0.766044 -0.642788 -0.000000 -0.766044 -0.642788 -0.000000 -0.669131 -0.743145 -0.000000 -0.669131 -0.743145 -0.000000 -0.559193 -0.829038 -0.000000 -0.559193 -0.829038 -0.000000 -0.438371 -0.898794 -0.000000 -0.438371 -0.898794 -0.000000 -0.309017 -0.951057 -0.000000 -0.309017 -0.951057 -0.000000 -0.173648 -0.984808 -0.000000 -0.173648 -0.984808 -0.000000 -0.034899 -0.999391 -0.000000 -0.034899 -0.999391 -0.000000 0.104528 -0.994522 0.000000 0.104528 -0.994522 0.000000 0.241922 -0.970296 0.000000 0.241922 -0.970296 0.000000 0.374607 -0.927184 0.000000 0.374607 -0.927184 0.000000 0.500000 -0.866025 0.000000 0.500000 -0.866025 0.000000 0.615661 -0.788011 0.000000 0.615661 -0.788011 0.000000 0.719340 -0.694658 0.000000 0.719340 -0.694658 0.000000 0.809017 -0.587785 0.000000 0.809017 -0.587785 0.000000 0.882948 -0.469472 0.000000 0.882948 -0.469472 0.000000 0.939693 -0.342020 0.000000 0.939693 -0.342020 0.000000 0.978148 -0.207912 0.000000 0.978148 -0.207912 0.000000 0.997564 -0.069756 0.000000 0.997564 -0.069756 0.000000 0.997564 0.069756 0.000000 0.997564 0.069756 0.000000 0.978148 0.207912 0.000000 0.978148 0.207912 0.000000 0.939693 0.342020 0.000000 0.939693 0.342020 0.000000 0.882948 0.469472 0.000000 0.882948 0.469472 0.000000 0.809017 0.587785 0.000000 0.809017 0.587785 0.000000 0.719340 0.694658 0.000000 0.719340 0.694658 0.000000 0.615661 0.788011 0.000000 0.615661 0.788011 0.000000 0.500000 0.866025 0.000000 0.500000 0.866025 0.000000 0.374607 0.927184 0.000000 0.374607 0.927184 0.000000 0.241922 0.970296 0.000000 0.241922 0.970296 0.000000 0.104528 0.994522 0.000000 0.104528 0.994522 0.000000 -0.034899 0.999391 0.000000 -0.034899 0.999391 0.000000 -0.173648 0.984808 0.000000 -0.173648 0.984808 0.000000 -0.309017 0.951057 0.000000 -0.309017 0.951057 0.000000 -0.438371 0.898794 0.000000 -0.438371 0.898794 0.000000 -0.559193 0.829038 0.000000 -0.559193 0.829038 0.000000 -0.669131 0.743145 0.000000 -0.669131 0.743145 0.000000 -0.766044 0.642788 0.000000 -0.766044 0.642788 0.000000 -0.848048 0.529919 0.000000 -0.848048 0.529919 0.000000 -0.913545 0.406737 0.000000 -0.913545 0.406737 0.000000 -0.961262 0.275637 0.000000 -0.961262 0.275637 0.000000 0.000000 0.000000 1.000000 0.000000 0.000000 1.000000 0.000000 0.000000 1.000000 0.000000 0.000000 1.000000 0.000000 0.000000 1.000000 0.000000 0.000000 1.000000 0.000000 0.000000 1.000000 0.000000 0.000000 1.000000 0.000000 0.000000 1.000000 0.000000 0.000000 1.000000 0.000000 0.000000 1.000000 0.000000 0.000000 1.000000 0.000000 0.000000 1.000000 0.000000 0.000000 1.000000 0.000000 0.000000 1.000000 0.000000 0.000000 1.000000 0.000000 0.000000 1.000000 0.000000 0.000000 1.000000 0.000000 0.000000 1.000000 0.000000 0.000000 1.000000 0.000000 0.000000 1.000000 0.000000 0.000000 1.000000 0.000000 0.000000 1.000000 0.000000 0.000000 1.000000 0.000000 0.000000 1.000000 0.000000 0.000000 1.000000 0.000000 0.000000 1.000000 0.000000 0.000000 1.000000 0.000000 0.000000 1.000000 0.000000 0.000000 1.000000 0.000000 0.000000 1.000000 0.000000 0.000000 1.000000 0.000000 0.000000 1.000000 0.000000 0.000000 1.000000 0.000000 0.000000 1.000000 0.000000 0.000000 1.000000 0.000000 0.000000 1.000000 0.000000 0.000000 1.000000 0.000000 0.000000 1.000000 0.000000 0.000000 1.000000 0.000000 0.000000 1.000000 0.000000 0.000000 1.000000 0.000000 0.000000 1.000000 0.000000 0.000000 1.000000 0.000000 0.000000 1.000000 0.000000 0.000000 1.000000 0.000000 0.000000 1.000000 0.000000 0.000000 1.000000 0.000000 0.000000 1.000000 0.000000 0.000000 1.000000 0.000000 0.000000 1.000000 0.000000 0.000000 1.000000 0.000000 0.000000 1.000000 0.000000 0.000000 1.000000 0.000000 0.000000 1.000000 0.000000 0.000000 1.000000 0.000000 0.000000 1.000000 0.000000 0.000000 1.000000 0.000000 0.000000 1.000000 0.000000 0.000000 1.000000 0.000000 0.000000 1.000000 0.000000 0.000000 1.000000 0.000000 0.000000 1.000000 0.000000 0.000000 1.000000 0.000000 0.000000 1.000000 0.000000 0.000000 1.000000 0.000000 0.000000 1.000000 0.000000 0.000000 1.000000 0.000000 0.000000 1.000000 0.000000 0.000000 1.000000 0.000000 0.000000 1.000000 0.000000 0.000000 1.000000 0.000000 0.000000 1.000000 0.000000 0.000000 1.000000 0.000000 0.000000 1.000000 0.000000 0.000000 1.000000 0.000000 0.000000 1.000000 0.000000 0.000000 1.000000 0.000000 0.000000 1.000000 0.000000 0.000000 1.000000 0.000000 0.000000 1.000000 0.000000 0.000000 1.000000 0.000000 0.000000 1.000000 0.000000 0.000000 1.000000 0.000000 0.000000 1.000000 0.000000 0.000000 1.000000 0.000000 0.000000 1.000000 0.000000 0.000000 1.000000 0.000000 0.000000 1.000000 0.000000 0.000000 1.000000 0.000000 0.000000 1.000000 0.000000 0.000000 1.000000 0.000000 0.000000 1.000000 0.000000 0.000000 1.000000 0.000000 0.000000 1.000000 0.000000 0.000000 1.000000 0.000000 0.000000 1.000000 0.000000 0.000000 1.000000 0.000000 0.000000 1.000000 0.000000 0.000000 1.000000 0.000000 0.000000 1.000000 0.000000 0.000000 1.000000 0.000000 0.000000 1.000000 0.000000 0.000000 1.000000 0.000000 0.000000 1.000000 0.000000 0.000000 1.000000 0.000000 0.000000 1.000000 0.000000 0.000000 1.000000 0.000000 0.000000 1.000000 0.000000 0.000000 1.000000 0.000000 0.000000 1.000000 0.000000 0.000000 1.000000 0.000000 0.000000 1.000000 0.000000 0.000000 1.000000 0.000000 0.000000 1.000000 0.000000 0.000000 1.000000 0.000000 0.000000 1.000000 0.000000 0.000000 1.000000 0.000000 0.000000 1.000000 0.000000 0.000000 1.000000 0.000000 0.000000 1.000000 0.000000 0.000000 1.000000 0.000000 0.000000 1.000000 0.000000 0.000000 1.000000 0.000000 0.000000 1.000000 0.000000 0.000000 1.000000 0.000000 0.000000 1.000000 0.000000 0.000000 1.000000 0.000000 0.000000 1.000000 0.000000 0.000000 1.000000 0.000000 0.000000 1.000000 0.000000 0.000000 1.000000 0.000000 0.000000 1.000000 0.000000 0.000000 1.000000 0.000000 0.000000 1.000000 0.000000 0.000000 1.000000 0.000000 0.000000 1.000000 0.000000 0.000000 1.000000 0.000000 0.000000 1.000000 0.000000 0.000000 1.000000 0.000000 0.000000 1.000000 0.000000 0.000000 1.000000 0.000000 0.000000 1.000000 0.000000 0.000000 1.000000 0.000000 0.000000 1.000000 0.000000 0.000000 1.000000 0.000000 0.000000 1.000000 0.000000 0.000000 1.000000 0.000000 0.000000 1.000000 0.000000 0.000000 1.000000 0.000000 0.000000 1.000000 0.000000 0.000000 1.000000 0.000000 0.000000 1.000000 0.000000 0.000000 1.000000 0.000000 0.000000 1.000000 0.000000 0.000000 1.000000 0.000000 0.000000 1.000000 0.000000 0.000000 1.000000 0.000000 0.000000 1.000000 0.000000 0.000000 1.000000 0.000000 0.000000 1.000000 0.000000 0.000000 1.000000 0.000000 0.000000 1.000000 0.000000 0.000000 1.000000 0.000000 0.000000 1.000000 0.000000 0.000000 1.000000 0.000000 0.000000 1.000000 0.000000 0.000000 1.000000 0.000000 0.000000 1.000000 0.000000 0.000000 1.000000 0.000000 0.000000 1.000000 0.000000 0.000000 1.000000 0.000000 0.000000 1.000000 0.000000 0.000000 1.000000 0.000000 0.000000 1.000000 0.000000 0.000000 1.000000 0.000000 0.000000 1.000000 0.000000 0.000000 1.000000 0.000000 0.000000 1.000000 0.000000 0.000000 1.000000 0.000000 0.000000 1.000000 0.000000 0.000000 1.000000 0.000000 0.000000 1.000000 0.000000 0.000000 1.000000 0.000000 0.000000 1.000000 0.000000 0.000000 1.000000 0.000000 0.000000 1.000000 0.000000 0.000000 1.000000 -0.820301 0.571931 -0.000000 -0.879762 0.475414 -0.000000 -0.870746 0.491733 -0.000000 -0.894717 0.446633 -0.000000 -0.910087 0.414417 -0.000000 -0.921124 0.389270 -0.000000 -0.925452 0.378865 -0.000000 -0.940397 0.340078 -0.000000 -0.959493 0.281733 -0.000000 -0.954516 0.298161 -0.000000 -0.967408 0.253222 -0.000000 -0.978661 0.205482 -0.000000 -0.985354 0.170522 -0.000000 -0.987873 0.155264 -0.000000 -0.994709 0.102737 -0.000000 -0.998369 0.057089 -0.000000 -0.998844 0.048067 -0.000000 -0.999963 -0.008578 0.000000 -0.998369 -0.057089 0.000000 -0.997771 -0.066724 0.000000 -0.992079 -0.125613 0.000000 -0.985354 -0.170522 0.000000 -0.982739 -0.184999 0.000000 -0.969613 -0.244646 0.000000 -0.959493 -0.281733 0.000000 -0.952710 -0.303882 0.000000 -0.932357 -0.361539 0.000000 -0.921124 -0.389270 0.000000 -0.908721 -0.417405 0.000000 -0.870746 -0.491733 0.000000 -0.881971 -0.471305 0.000000 -0.852493 -0.522738 0.000000 -0.809017 -0.587785 0.000000 -0.820825 -0.571180 0.000000 -0.787278 -0.616599 0.000000 -0.736741 -0.676175 0.000000 -0.752169 -0.658970 0.000000 -0.715831 -0.698274 0.000000 -0.678609 -0.734500 0.000000 -0.654861 -0.755750 0.000000 -0.640827 -0.767685 0.000000 -0.602817 -0.797880 0.000000 -0.564443 -0.825472 0.000000 -0.564902 -0.825158 0.000000 -0.527271 -0.849697 0.000000 -0.466667 -0.884433 0.000000 -0.490282 -0.871564 0.000000 -0.454371 -0.890813 0.000000 -0.419991 -0.907528 0.000000 -0.362808 -0.931864 0.000000 -0.314577 -0.949232 0.000000 -0.254218 -0.967147 0.000000 -0.205120 -0.978737 0.000000 -0.142315 -0.989821 0.000000 -0.093028 -0.995664 0.000000 -0.028556 -0.999592 0.000000 0.020260 -0.999795 -0.000000 0.085575 -0.996332 -0.000000 0.133288 -0.991077 -0.000000 0.198590 -0.980083 -0.000000 0.244603 -0.969623 -0.000000 0.309017 -0.951057 -0.000000 0.352774 -0.935709 -0.000000 0.415415 -0.909632 -0.000000 0.456412 -0.889769 -0.000000 0.516397 -0.856349 -0.000000 0.554184 -0.832394 -0.000000 0.610648 -0.791902 -0.000000 0.644834 -0.764322 -0.000000 0.696938 -0.717132 -0.000000 0.727198 -0.686428 -0.000000 0.774142 -0.633012 -0.000000 0.800216 -0.599712 -0.000000 0.841254 -0.540641 -0.000000 0.862950 -0.505290 -0.000000 0.897398 -0.441221 -0.000000 0.914594 -0.404373 -0.000000 0.941844 -0.336049 -0.000000 0.954485 -0.298260 -0.000000 0.974012 -0.226497 -0.000000 0.982109 -0.188314 -0.000000 0.993482 -0.113991 -0.000000 0.997112 -0.075948 -0.000000 1.000000 -0.000000 -0.000000 0.999301 0.037395 -0.000000 0.993482 0.113991 -0.000000 0.988647 0.150256 -0.000000 0.974012 0.226497 -0.000000 0.965288 0.261187 -0.000000 0.941844 0.336049 -0.000000 0.929524 0.368761 -0.000000 0.897398 0.441221 -0.000000 0.881815 0.471596 -0.000000 0.841254 0.540641 -0.000000 0.822773 0.568370 -0.000000 0.774142 0.633012 -0.000000 0.753157 0.657841 -0.000000 0.696938 0.717132 -0.000000 0.673863 0.738857 -0.000000 0.610648 0.791902 -0.000000 0.585908 0.810378 -0.000000 0.516397 0.856349 -0.000000 0.490424 0.871484 -0.000000 0.415415 0.909632 -0.000000 0.388637 0.921391 -0.000000 0.309017 0.951057 -0.000000 0.281856 0.959457 -0.000000 0.198590 0.980083 -0.000000 0.171452 0.985192 -0.000000 0.085575 0.996332 -0.000000 0.058845 0.998267 -0.000000 -0.028556 0.999592 -0.000000 -0.054518 0.998513 -0.000000 -0.142315 0.989821 -0.000000 -0.167180 0.985926 -0.000000 -0.254218 0.967147 -0.000000 -0.277694 0.960670 -0.000000 -0.362808 0.931864 -0.000000 -0.384639 0.923067 -0.000000 -0.466667 0.884433 -0.000000 -0.486642 0.873602 -0.000000 -0.564443 0.825472 -0.000000 -0.582390 0.812910 -0.000000 -0.654861 0.755750 -0.000000 -0.670654 0.741771 -0.000000 -0.736741 0.676175 -0.000000 -0.750299 0.661099 -0.000000 -0.809017 0.587785 -0.000000 0.000000 0.000000 1.000000 0.000000 0.000000 1.000000 0.000000 0.000000 1.000000 0.000000 0.000000 1.000000 0.000000 0.000000 1.000000 0.000000 0.000000 1.000000 0.000000 0.000000 1.000000 0.000000 0.000000 1.000000 0.000000 0.000000 1.000000 0.000000 0.000000 1.000000 0.000000 0.000000 1.000000 0.000000 0.000000 1.000000 0.000000 0.000000 1.000000 0.000000 0.000000 1.000000 0.000000 0.000000 1.000000 0.000000 0.000000 1.000000 0.000000 0.000000 1.000000 0.000000 0.000000 1.000000 0.000000 0.000000 1.000000 0.000000 0.000000 1.000000 0.000000 0.000000 1.000000 0.000000 0.000000 1.000000 0.000000 0.000000 1.000000 0.000000 0.000000 1.000000</float_array>
          <technique_common>
            <accessor source="#JAW_2-mesh-normals-array" count="6470" stride="3">
              <param name="X" type="float"/>
              <param name="Y" type="float"/>
              <param name="Z" type="float"/>
            </accessor>
          </technique_common>
        </source>
        <vertices id="JAW_2-mesh-vertices">
          <input semantic="POSITION" source="#JAW_2-mesh-positions"/>
        </vertices>
        <triangles material="ABS__White_" count="8378">
          <input semantic="VERTEX" source="#JAW_2-mesh-vertices" offset="0"/>
          <input semantic="NORMAL" source="#JAW_2-mesh-normals" offset="1"/>
          <p>1 0 55 1 0 2 0 2 55 1 64 3 0 2 64 3 285 4 285 4 64 3 63 5 285 4 63 5 286 6 286 6 63 5 62 7 286 6 62 7 287 8 287 8 62 7 61 9 287 8 61 9 288 10 288 10 61 9 60 11 288 10 60 11 289 12 289 12 60 11 39 13 55 1 1 0 65 14 65 14 1 0 2 15 65 14 2 15 70 16 70 16 2 15 3 17 70 16 3 17 50 18 50 18 3 17 4 19 50 18 4 19 88 20 88 20 4 19 79 21 88 20 79 21 80 22 80 22 79 21 90 23 80 22 90 23 91 24 91 24 90 23 96 25 91 24 96 25 97 26 97 26 96 25 102 27 97 26 102 27 103 28 103 28 102 27 109 29 103 28 109 29 39 30 4 19 5 31 79 21 79 21 5 31 89 32 79 21 89 32 90 23 90 23 89 32 95 33 90 23 95 33 96 25 96 25 95 33 101 34 96 25 101 34 102 27 102 27 101 34 110 35 102 27 110 35 109 29 109 29 110 35 108 36 109 29 108 36 39 37 5 31 6 38 89 32 89 32 6 38 94 39 89 32 94 39 95 33 95 33 94 39 100 40 95 33 100 40 101 34 101 34 100 40 111 41 101 34 111 41 110 35 110 35 111 41 107 42 110 35 107 42 108 36 108 36 107 42 117 43 108 36 117 43 39 44 6 38 7 45 94 39 94 39 7 45 99 46 94 39 99 46 100 40 100 40 99 46 112 47 100 40 112 47 111 41 111 41 112 47 106 48 111 41 106 48 107 42 107 42 106 48 116 49 107 42 116 49 117 43 117 43 116 49 121 50 117 43 121 50 39 51 99 46 7 45 51 52 51 52 7 45 8 53 51 52 8 53 104 54 104 54 8 53 9 55 104 54 9 55 113 56 113 56 9 55 10 57 113 56 10 57 52 58 52 58 10 57 11 59 52 58 11 59 131 60 131 60 11 59 122 61 131 60 122 61 123 62 123 62 122 61 133 63 123 62 133 63 134 64 134 64 133 63 139 65 134 64 139 65 140 66 140 66 139 65 145 67 140 66 145 67 146 68 146 68 145 67 152 69 146 68 152 69 39 70 11 59 12 71 122 61 122 61 12 71 132 72 122 61 132 72 133 63 133 63 132 72 138 73 133 63 138 73 139 65 139 65 138 73 144 74 139 65 144 74 145 67 145 67 144 74 153 75 145 67 153 75 152 69 152 69 153 75 151 76 152 69 151 76 39 77 12 71 13 78 132 72 132 72 13 78 137 79 132 72 137 79 138 73 138 73 137 79 143 80 138 73 143 80 144 74 144 74 143 80 154 81 144 74 154 81 153 75 153 75 154 81 150 82 153 75 150 82 151 76 151 76 150 82 160 83 151 76 160 83 39 84 13 78 14 85 137 79 137 79 14 85 142 86 137 79 142 86 143 80 143 80 142 86 155 87 143 80 155 87 154 81 154 81 155 87 149 88 154 81 149 88 150 82 150 82 149 88 159 89 150 82 159 89 160 83 160 83 159 89 164 90 160 83 164 90 39 91 142 86 14 85 53 92 53 92 14 85 15 93 53 92 15 93 147 94 147 94 15 93 16 95 147 94 16 95 156 96 156 96 16 95 17 97 156 96 17 97 54 98 54 98 17 97 18 99 54 98 18 99 174 100 174 100 18 99 165 101 174 100 165 101 166 102 166 102 165 101 41 103 166 102 41 103 42 104 42 104 41 103 177 105 42 104 177 105 178 106 178 106 177 105 183 107 178 106 183 107 184 108 184 108 183 107 190 109 184 108 190 109 39 110 18 99 19 111 165 101 165 101 19 111 40 112 165 101 40 112 41 103 41 103 40 112 176 113 41 103 176 113 177 105 177 105 176 113 182 114 177 105 182 114 183 107 183 107 182 114 191 115 183 107 191 115 190 109 190 109 191 115 189 116 190 109 189 116 39 117 19 111 20 118 40 112 40 112 20 118 175 119 40 112 175 119 176 113 176 113 175 119 181 120 176 113 181 120 182 114 182 114 181 120 192 121 182 114 192 121 191 115 191 115 192 121 188 122 191 115 188 122 189 116 189 116 188 122 198 123 189 116 198 123 39 124 20 118 21 125 175 119 175 119 21 125 180 126 175 119 180 126 181 120 181 120 180 126 193 127 181 120 193 127 192 121 192 121 193 127 187 128 192 121 187 128 188 122 188 122 187 128 197 129 188 122 197 129 198 123 198 123 197 129 202 130 198 123 202 130 39 131 180 126 21 125 45 132 45 132 21 125 22 133 45 132 22 133 185 134 185 134 22 133 23 135 185 134 23 135 194 136 194 136 23 135 24 137 194 136 24 137 46 138 46 138 24 137 25 139 46 138 25 139 212 140 212 140 25 139 203 141 212 140 203 141 204 142 204 142 203 141 214 143 204 142 214 143 215 144 215 144 214 143 220 145 215 144 220 145 221 146 221 146 220 145 226 147 221 146 226 147 227 148 227 148 226 147 233 149 227 148 233 149 39 150 25 139 26 151 203 141 203 141 26 151 213 152 203 141 213 152 214 143 214 143 213 152 219 153 214 143 219 153 220 145 220 145 219 153 225 154 220 145 225 154 226 147 226 147 225 154 234 155 226 147 234 155 233 149 233 149 234 155 232 156 233 149 232 156 39 157 26 151 27 158 213 152 213 152 27 158 218 159 213 152 218 159 219 153 219 153 218 159 224 160 219 153 224 160 225 154 225 154 224 160 235 161 225 154 235 161 234 155 234 155 235 161 231 162 234 155 231 162 232 156 232 156 231 162 241 163 232 156 241 163 39 164 27 158 28 165 218 159 218 159 28 165 223 166 218 159 223 166 224 160 224 160 223 166 236 167 224 160 236 167 235 161 235 161 236 167 230 168 235 161 230 168 231 162 231 162 230 168 240 169 231 162 240 169 241 163 241 163 240 169 245 170 241 163 245 170 39 171 223 166 28 165 47 172 47 172 28 165 29 173 47 172 29 173 228 174 228 174 29 173 30 175 228 174 30 175 237 176 237 176 30 175 31 177 237 176 31 177 48 178 48 178 31 177 32 179 48 178 32 179 255 180 255 180 32 179 246 181 255 180 246 181 247 182 247 182 246 181 257 183 247 182 257 183 258 184 258 184 257 183 263 185 258 184 263 185 264 186 264 186 263 185 269 187 264 186 269 187 270 188 270 188 269 187 276 189 270 188 276 189 39 190 32 179 33 191 246 181 246 181 33 191 256 192 246 181 256 192 257 183 257 183 256 192 262 193 257 183 262 193 263 185 263 185 262 193 268 194 263 185 268 194 269 187 269 187 268 194 277 195 269 187 277 195 276 189 276 189 277 195 275 196 276 189 275 196 39 197 33 191 34 198 256 192 256 192 34 198 261 199 256 192 261 199 262 193 262 193 261 199 267 200 262 193 267 200 268 194 268 194 267 200 278 201 268 194 278 201 277 195 277 195 278 201 274 202 277 195 274 202 275 196 275 196 274 202 284 203 275 196 284 203 39 204 34 198 35 205 261 199 261 199 35 205 266 206 261 199 266 206 267 200 267 200 266 206 279 207 267 200 279 207 278 201 278 201 279 207 273 208 278 201 273 208 274 202 274 202 273 208 283 209 274 202 283 209 284 203 284 203 283 209 289 12 284 203 289 12 39 210 266 206 35 205 49 211 49 211 35 205 36 212 49 211 36 212 271 213 271 213 36 212 37 214 271 213 37 214 280 215 280 215 37 214 38 216 280 215 38 216 285 4 285 4 38 216 0 2 44 217 39 218 169 219 169 219 39 220 170 221 170 221 39 222 164 90 146 68 39 223 141 224 141 224 39 225 136 226 136 226 39 227 126 228 126 228 39 229 127 230 127 230 39 231 121 50 103 28 39 232 98 233 93 234 39 235 83 236 83 236 39 237 84 238 84 238 39 239 78 240 78 240 39 241 74 242 74 242 39 243 69 244 69 244 39 245 59 246 59 246 39 247 60 11 270 188 39 248 265 249 265 249 39 250 260 251 260 251 39 252 250 253 250 253 39 254 251 255 227 148 39 256 222 257 222 257 39 258 217 259 217 259 39 260 207 261 207 261 39 262 208 263 208 263 39 264 202 130 184 108 39 265 179 266 179 266 39 267 44 217 42 104 43 268 167 269 167 269 43 268 168 270 167 269 168 270 172 271 172 271 168 270 171 272 172 271 171 272 162 273 162 273 171 272 163 274 162 273 163 274 158 275 158 275 163 274 159 89 158 275 159 89 149 88 43 268 44 217 168 270 168 270 44 217 169 219 168 270 169 219 171 272 171 272 169 219 170 221 171 272 170 221 163 274 163 274 170 221 164 90 163 274 164 90 159 89 42 104 178 106 43 268 43 268 178 106 179 266 43 268 179 266 44 217 63 5 64 3 56 276 56 276 64 3 55 1 56 276 55 1 66 277 66 277 55 1 65 14 66 277 65 14 71 278 71 278 65 14 70 16 71 278 70 16 75 279 75 279 70 16 50 18 75 279 50 18 87 280 87 280 50 18 88 20 87 280 88 20 80 22 62 7 63 5 57 281 57 281 63 5 56 276 57 281 56 276 67 282 67 282 56 276 66 277 67 282 66 277 72 283 72 283 66 277 71 278 72 283 71 278 76 284 76 284 71 278 75 279 76 284 75 279 86 285 86 285 75 279 87 280 86 285 87 280 81 286 81 286 87 280 80 22 81 286 80 22 91 24 61 9 62 7 58 287 58 287 62 7 57 281 58 287 57 281 68 288 68 288 57 281 67 282 68 288 67 282 73 289 73 289 67 282 72 283 73 289 72 283 77 290 77 290 72 283 76 284 77 290 76 284 85 291 85 291 76 284 86 285 85 291 86 285 82 292 82 292 86 285 81 286 82 292 81 286 92 293 92 293 81 286 91 24 92 293 91 24 97 26 60 11 61 9 59 246 59 246 61 9 58 287 59 246 58 287 69 244 69 244 58 287 68 288 69 244 68 288 74 242 74 242 68 288 73 289 74 242 73 289 78 240 78 240 73 289 77 290 78 240 77 290 84 238 84 238 77 290 85 291 84 238 85 291 83 236 83 236 85 291 82 292 83 236 82 292 93 234 93 234 82 292 92 293 93 234 92 293 98 233 98 233 92 293 97 26 98 233 97 26 103 28 39 294 93 234 98 233 104 54 105 295 51 52 51 52 105 295 112 47 51 52 112 47 99 46 112 47 105 295 106 48 106 48 105 295 115 296 106 48 115 296 116 49 116 49 115 296 120 297 116 49 120 297 121 50 121 50 120 297 127 230 105 295 104 54 114 298 114 298 104 54 113 56 114 298 113 56 118 299 118 299 113 56 52 58 118 299 52 58 130 300 130 300 52 58 131 60 130 300 131 60 123 62 105 295 114 298 115 296 115 296 114 298 119 301 115 296 119 301 120 297 120 297 119 301 128 302 120 297 128 302 127 230 127 230 128 302 126 228 119 301 114 298 118 299 119 301 118 299 129 303 129 303 118 299 130 300 129 303 130 300 124 304 124 304 130 300 123 62 124 304 123 62 134 64 124 304 125 305 129 303 129 303 125 305 128 302 129 303 128 302 119 301 136 226 126 228 125 305 125 305 126 228 128 302 125 305 124 304 135 306 135 306 124 304 134 64 135 306 134 64 140 66 141 224 136 226 135 306 135 306 136 226 125 305 141 224 135 306 140 66 146 68 141 224 140 66 147 94 148 307 53 92 53 92 148 307 155 87 53 92 155 87 142 86 158 275 149 88 148 307 148 307 149 88 155 87 148 307 147 94 157 308 157 308 147 94 156 96 157 308 156 96 161 309 161 309 156 96 54 98 161 309 54 98 173 310 173 310 54 98 174 100 173 310 174 100 166 102 162 273 158 275 157 308 157 308 158 275 148 307 162 273 157 308 161 309 172 271 162 273 161 309 172 271 161 309 173 310 172 271 173 310 167 269 167 269 173 310 166 102 167 269 166 102 42 104 184 108 179 266 178 106 185 134 186 311 45 132 45 132 186 311 193 127 45 132 193 127 180 126 193 127 186 311 187 128 187 128 186 311 196 312 187 128 196 312 197 129 197 129 196 312 201 313 197 129 201 313 202 130 202 130 201 313 208 263 186 311 185 134 195 314 195 314 185 134 194 136 195 314 194 136 199 315 199 315 194 136 46 138 199 315 46 138 211 316 211 316 46 138 212 140 211 316 212 140 204 142 186 311 195 314 196 312 196 312 195 314 200 317 196 312 200 317 201 313 201 313 200 317 209 318 201 313 209 318 208 263 208 263 209 318 207 261 200 317 195 314 199 315 200 317 199 315 210 319 210 319 199 315 211 316 210 319 211 316 205 320 205 320 211 316 204 142 205 320 204 142 215 144 205 320 206 321 210 319 210 319 206 321 209 318 210 319 209 318 200 317 217 259 207 261 206 321 206 321 207 261 209 318 206 321 205 320 216 322 216 322 205 320 215 144 216 322 215 144 221 146 222 257 217 259 216 322 216 322 217 259 206 321 222 257 216 322 221 146 227 148 222 257 221 146 228 174 229 323 47 172 47 172 229 323 236 167 47 172 236 167 223 166 236 167 229 323 230 168 230 168 229 323 239 324 230 168 239 324 240 169 240 169 239 324 244 325 240 169 244 325 245 170 245 170 244 325 251 255 245 170 251 255 39 326 229 323 228 174 238 327 238 327 228 174 237 176 238 327 237 176 242 328 242 328 237 176 48 178 242 328 48 178 254 329 254 329 48 178 255 180 254 329 255 180 247 182 229 323 238 327 239 324 239 324 238 327 243 330 239 324 243 330 244 325 244 325 243 330 252 331 244 325 252 331 251 255 251 255 252 331 250 253 243 330 238 327 242 328 243 330 242 328 253 332 253 332 242 328 254 329 253 332 254 329 248 333 248 333 254 329 247 182 248 333 247 182 258 184 248 333 249 334 253 332 253 332 249 334 252 331 253 332 252 331 243 330 260 251 250 253 249 334 249 334 250 253 252 331 249 334 248 333 259 335 259 335 248 333 258 184 259 335 258 184 264 186 265 249 260 251 259 335 259 335 260 251 249 334 265 249 259 335 264 186 270 188 265 249 264 186 271 213 272 336 49 211 49 211 272 336 279 207 49 211 279 207 266 206 279 207 272 336 273 208 273 208 272 336 282 337 273 208 282 337 283 209 283 209 282 337 288 10 283 209 288 10 289 12 272 336 271 213 281 338 281 338 271 213 280 215 281 338 280 215 286 6 286 6 280 215 285 4 272 336 281 338 282 337 282 337 281 338 287 8 282 337 287 8 288 10 287 8 281 338 286 6 291 339 358 340 290 341 290 341 358 340 365 342 290 341 365 342 586 343 586 343 365 342 364 344 586 343 364 344 587 345 587 345 364 344 363 346 587 345 363 346 588 347 588 347 363 346 362 348 588 347 362 348 589 349 589 349 362 348 333 350 358 340 291 339 366 351 366 351 291 339 292 352 366 351 292 352 370 353 370 353 292 352 348 354 370 353 348 354 380 355 380 355 348 354 375 356 380 355 375 356 376 357 376 357 375 356 383 358 376 357 383 358 384 359 384 359 383 358 389 360 384 359 389 360 333 361 292 352 293 362 348 354 348 354 293 362 374 363 348 354 374 363 375 356 375 356 374 363 382 364 375 356 382 364 383 358 383 358 382 364 390 365 383 358 390 365 389 360 389 360 390 365 388 366 389 360 388 366 333 367 293 362 294 368 374 363 374 363 294 368 381 369 374 363 381 369 382 364 382 364 381 369 391 370 382 364 391 370 390 365 390 365 391 370 387 371 390 365 387 371 388 366 388 366 387 371 395 372 388 366 395 372 333 373 381 369 294 368 349 374 349 374 294 368 295 375 349 374 295 375 385 376 385 376 295 375 296 377 385 376 296 377 392 378 392 378 296 377 350 379 392 378 350 379 402 380 402 380 350 379 397 381 402 380 397 381 398 382 398 382 397 381 405 383 398 382 405 383 406 384 406 384 405 383 411 385 406 384 411 385 333 386 296 377 297 387 350 379 350 379 297 387 396 388 350 379 396 388 397 381 397 381 396 388 404 389 397 381 404 389 405 383 405 383 404 389 412 390 405 383 412 390 411 385 411 385 412 390 410 391 411 385 410 391 333 392 297 387 298 393 396 388 396 388 298 393 403 394 396 388 403 394 404 389 404 389 403 394 413 395 404 389 413 395 412 390 412 390 413 395 409 396 412 390 409 396 410 391 410 391 409 396 417 397 410 391 417 397 333 398 403 394 298 393 351 399 351 399 298 393 299 400 351 399 299 400 407 401 407 401 299 400 300 402 407 401 300 402 414 403 414 403 300 402 352 404 414 403 352 404 424 405 424 405 352 404 419 406 424 405 419 406 420 407 420 407 419 406 427 408 420 407 427 408 428 409 428 409 427 408 433 410 428 409 433 410 333 411 300 402 301 412 352 404 352 404 301 412 418 413 352 404 418 413 419 406 419 406 418 413 426 414 419 406 426 414 427 408 427 408 426 414 434 415 427 408 434 415 433 410 433 410 434 415 432 416 433 410 432 416 333 417 301 412 302 418 418 413 418 413 302 418 425 419 418 413 425 419 426 414 426 414 425 419 435 420 426 414 435 420 434 415 434 415 435 420 431 421 434 415 431 421 432 416 432 416 431 421 439 422 432 416 439 422 333 423 425 419 302 418 353 424 353 424 302 418 303 425 353 424 303 425 429 426 429 426 303 425 304 427 429 426 304 427 436 428 436 428 304 427 354 429 436 428 354 429 446 430 446 430 354 429 441 431 446 430 441 431 442 432 442 432 441 431 449 433 442 432 449 433 450 434 450 434 449 433 455 435 450 434 455 435 333 436 304 427 305 437 354 429 354 429 305 437 440 438 354 429 440 438 441 431 441 431 440 438 448 439 441 431 448 439 449 433 449 433 448 439 456 440 449 433 456 440 455 435 455 435 456 440 454 441 455 435 454 441 333 442 305 437 306 443 440 438 440 438 306 443 447 444 440 438 447 444 448 439 448 439 447 444 457 445 448 439 457 445 456 440 456 440 457 445 453 446 456 440 453 446 454 441 454 441 453 446 461 447 454 441 461 447 333 448 447 444 306 443 355 449 355 449 306 443 307 450 355 449 307 450 451 451 451 451 307 450 308 452 451 451 308 452 458 453 458 453 308 452 356 454 458 453 356 454 468 455 468 455 356 454 463 456 468 455 463 456 464 457 464 457 463 456 471 458 464 457 471 458 472 459 472 459 471 458 473 460 472 459 473 460 333 461 308 452 309 462 356 454 356 454 309 462 462 463 356 454 462 463 463 456 463 456 462 463 470 464 463 456 470 464 471 458 471 458 470 464 474 465 471 458 474 465 473 460 473 460 474 465 337 466 473 460 337 466 333 467 309 462 310 468 462 463 462 463 310 468 469 469 462 463 469 469 470 464 470 464 469 469 475 470 470 464 475 470 474 465 474 465 475 470 336 471 474 465 336 471 337 466 337 466 336 471 478 472 337 466 478 472 333 473 469 469 310 468 357 474 357 474 310 468 311 475 357 474 311 475 334 476 334 476 311 475 312 477 334 476 312 477 338 478 338 478 312 477 313 479 338 478 313 479 486 480 486 480 313 479 479 481 486 480 479 481 480 482 480 482 479 481 487 483 480 482 487 483 488 484 488 484 487 483 495 485 488 484 495 485 494 486 494 486 495 485 493 487 494 486 493 487 333 488 313 479 314 489 479 481 479 481 314 489 339 490 479 481 339 490 487 483 487 483 339 490 496 491 487 483 496 491 495 485 495 485 496 491 492 492 495 485 492 492 493 487 493 487 492 492 500 493 493 487 500 493 333 494 314 489 315 495 339 490 339 490 315 495 497 496 339 490 497 496 496 491 496 491 497 496 491 497 496 491 491 497 492 492 492 492 491 497 499 498 492 492 499 498 500 493 500 493 499 498 505 499 500 493 505 499 333 500 497 496 315 495 490 501 490 501 315 495 316 502 490 501 316 502 340 503 340 503 316 502 317 504 340 503 317 504 508 505 508 505 317 504 501 506 508 505 501 506 502 507 502 507 501 506 509 508 502 507 509 508 510 509 510 509 509 508 517 510 510 509 517 510 516 511 516 511 517 510 515 512 516 511 515 512 333 513 317 504 318 514 501 506 501 506 318 514 341 515 501 506 341 515 509 508 509 508 341 515 518 516 509 508 518 516 517 510 517 510 518 516 514 517 517 510 514 517 515 512 515 512 514 517 522 518 515 512 522 518 333 519 318 514 319 520 341 515 341 515 319 520 519 521 341 515 519 521 518 516 518 516 519 521 513 522 518 516 513 522 514 517 514 517 513 522 521 523 514 517 521 523 522 518 522 518 521 523 527 524 522 518 527 524 333 525 519 521 319 520 512 526 512 526 319 520 320 527 512 526 320 527 342 528 342 528 320 527 321 529 342 528 321 529 530 530 530 530 321 529 523 531 530 530 523 531 524 532 524 532 523 531 531 533 524 532 531 533 532 534 532 534 531 533 539 535 532 534 539 535 538 536 538 536 539 535 537 537 538 536 537 537 333 538 321 529 322 539 523 531 523 531 322 539 343 540 523 531 343 540 531 533 531 533 343 540 540 541 531 533 540 541 539 535 539 535 540 541 536 542 539 535 536 542 537 537 537 537 536 542 544 543 537 537 544 543 333 544 322 539 323 545 343 540 343 540 323 545 541 546 343 540 541 546 540 541 540 541 541 546 535 547 540 541 535 547 536 542 536 542 535 547 543 548 536 542 543 548 544 543 544 543 543 548 549 549 544 543 549 549 333 550 541 546 323 545 534 551 534 551 323 545 324 552 534 551 324 552 344 553 344 553 324 552 325 554 344 553 325 554 552 555 552 555 325 554 545 556 552 555 545 556 546 557 546 557 545 556 553 558 546 557 553 558 554 559 554 559 553 558 561 560 554 559 561 560 560 561 560 561 561 560 559 562 560 561 559 562 333 563 325 554 326 564 545 556 545 556 326 564 345 565 545 556 345 565 553 558 553 558 345 565 562 566 553 558 562 566 561 560 561 560 562 566 558 567 561 560 558 567 559 562 559 562 558 567 566 568 559 562 566 568 333 569 326 564 327 570 345 565 345 565 327 570 563 571 345 565 563 571 562 566 562 566 563 571 557 572 562 566 557 572 558 567 558 567 557 572 565 573 558 567 565 573 566 568 566 568 565 573 571 574 566 568 571 574 333 575 563 571 327 570 556 576 556 576 327 570 328 577 556 576 328 577 346 578 346 578 328 577 329 579 346 578 329 579 574 580 574 580 329 579 567 581 574 580 567 581 568 582 568 582 567 581 575 583 568 582 575 583 576 584 576 584 575 583 583 585 576 584 583 585 582 586 582 586 583 585 581 587 582 586 581 587 333 588 329 579 330 589 567 581 567 581 330 589 347 590 567 581 347 590 575 583 575 583 347 590 584 591 575 583 584 591 583 585 583 585 584 591 580 592 583 585 580 592 581 587 581 587 580 592 589 349 581 587 589 349 333 593 330 589 331 594 347 590 347 590 331 594 585 595 347 590 585 595 584 591 584 591 585 595 579 596 584 591 579 596 580 592 580 592 579 596 588 347 580 592 588 347 589 349 585 595 331 594 578 597 578 597 331 594 332 598 578 597 332 598 586 343 586 343 332 598 290 341 472 459 333 599 465 600 465 600 333 601 466 602 466 602 333 603 461 447 450 434 333 604 443 605 443 605 333 606 444 607 444 607 333 608 439 422 428 409 333 609 421 610 421 610 333 611 422 612 422 612 333 613 417 397 406 384 333 614 399 615 399 615 333 616 400 617 384 359 333 618 377 619 377 619 333 620 378 621 378 621 333 622 373 623 373 623 333 624 369 625 369 625 333 626 361 627 361 627 333 628 362 348 582 586 333 629 577 630 577 630 333 631 570 632 570 632 333 633 571 574 560 561 333 634 555 635 555 635 333 636 548 637 538 536 333 638 533 639 533 639 333 640 526 641 526 641 333 642 527 524 516 511 333 643 511 644 511 644 333 645 504 646 504 646 333 647 505 499 494 486 333 648 489 649 489 649 333 650 482 651 482 651 333 652 483 653 483 653 333 654 478 472 334 476 335 655 357 474 357 474 335 655 475 470 357 474 475 470 469 469 475 470 335 655 336 471 336 471 335 655 477 656 336 471 477 656 478 472 478 472 477 656 483 653 335 655 334 476 476 657 476 657 334 476 338 478 476 657 338 478 485 658 485 658 338 478 486 480 485 658 486 480 480 482 364 344 365 342 359 659 359 659 365 342 358 340 359 659 358 340 367 660 367 660 358 340 366 351 367 660 366 351 371 661 371 661 366 351 370 353 371 661 370 353 380 355 363 346 364 344 360 662 360 662 364 344 359 659 360 662 359 659 368 663 368 663 359 659 367 660 368 663 367 660 372 664 372 664 367 660 371 661 372 664 371 661 379 665 379 665 371 661 380 355 379 665 380 355 376 357 362 348 363 346 361 627 361 627 363 346 360 662 361 627 360 662 369 625 369 625 360 662 368 663 369 625 368 663 373 623 373 623 368 663 372 664 373 623 372 664 378 621 378 621 372 664 379 665 378 621 379 665 377 619 377 619 379 665 376 357 377 619 376 357 384 359 385 376 386 666 349 374 349 374 386 666 391 370 349 374 391 370 381 369 391 370 386 666 387 371 387 371 386 666 394 667 387 371 394 667 395 372 395 372 394 667 400 617 395 372 400 617 333 668 386 666 385 376 393 669 393 669 385 376 392 378 393 669 392 378 402 380 386 666 393 669 394 667 394 667 393 669 401 670 394 667 401 670 400 617 400 617 401 670 399 615 401 670 393 669 402 380 401 670 402 380 398 382 406 384 399 615 398 382 398 382 399 615 401 670 407 401 408 671 351 399 351 399 408 671 413 395 351 399 413 395 403 394 413 395 408 671 409 396 409 396 408 671 416 672 409 396 416 672 417 397 417 397 416 672 422 612 408 671 407 401 415 673 415 673 407 401 414 403 415 673 414 403 424 405 408 671 415 673 416 672 416 672 415 673 423 674 416 672 423 674 422 612 422 612 423 674 421 610 423 674 415 673 424 405 423 674 424 405 420 407 428 409 421 610 420 407 420 407 421 610 423 674 429 426 430 675 353 424 353 424 430 675 435 420 353 424 435 420 425 419 435 420 430 675 431 421 431 421 430 675 438 676 431 421 438 676 439 422 439 422 438 676 444 607 430 675 429 426 437 677 437 677 429 426 436 428 437 677 436 428 446 430 430 675 437 677 438 676 438 676 437 677 445 678 438 676 445 678 444 607 444 607 445 678 443 605 445 678 437 677 446 430 445 678 446 430 442 432 450 434 443 605 442 432 442 432 443 605 445 678 451 451 452 679 355 449 355 449 452 679 457 445 355 449 457 445 447 444 457 445 452 679 453 446 453 446 452 679 460 680 453 446 460 680 461 447 461 447 460 680 466 602 452 679 451 451 459 681 459 681 451 451 458 453 459 681 458 453 468 455 452 679 459 681 460 680 460 680 459 681 467 682 460 680 467 682 466 602 466 602 467 682 465 600 467 682 459 681 468 455 467 682 468 455 464 457 472 459 465 600 464 457 464 457 465 600 467 682 335 655 476 657 477 656 477 656 476 657 484 683 477 656 484 683 483 653 483 653 484 683 482 651 484 683 476 657 485 658 484 683 485 658 481 684 481 684 485 658 480 482 481 684 480 482 488 484 489 649 482 651 481 684 481 684 482 651 484 683 489 649 481 684 488 484 494 486 489 649 488 484 497 496 490 501 491 497 491 497 490 501 498 685 491 497 498 685 499 498 499 498 498 685 506 686 499 498 506 686 505 499 505 499 506 686 504 646 490 501 340 503 498 685 498 685 340 503 507 687 498 685 507 687 506 686 506 686 507 687 503 688 506 686 503 688 504 646 504 646 503 688 511 644 508 505 502 507 507 687 507 687 502 507 503 688 511 644 503 688 510 509 510 509 503 688 502 507 340 503 508 505 507 687 516 511 511 644 510 509 519 521 512 526 513 522 513 522 512 526 520 689 513 522 520 689 521 523 521 523 520 689 528 690 521 523 528 690 527 524 527 524 528 690 526 641 512 526 342 528 520 689 520 689 342 528 529 691 520 689 529 691 528 690 528 690 529 691 525 692 528 690 525 692 526 641 526 641 525 692 533 639 530 530 524 532 529 691 529 691 524 532 525 692 533 639 525 692 532 534 532 534 525 692 524 532 342 528 530 530 529 691 538 536 533 639 532 534 541 546 534 551 535 547 535 547 534 551 542 693 535 547 542 693 543 548 543 548 542 693 550 694 543 548 550 694 549 549 549 549 550 694 548 637 549 549 548 637 333 695 534 551 344 553 542 693 542 693 344 553 551 696 542 693 551 696 550 694 550 694 551 696 547 697 550 694 547 697 548 637 548 637 547 697 555 635 552 555 546 557 551 696 551 696 546 557 547 697 555 635 547 697 554 559 554 559 547 697 546 557 344 553 552 555 551 696 560 561 555 635 554 559 563 571 556 576 557 572 557 572 556 576 564 698 557 572 564 698 565 573 565 573 564 698 572 699 565 573 572 699 571 574 571 574 572 699 570 632 556 576 346 578 564 698 564 698 346 578 573 700 564 698 573 700 572 699 572 699 573 700 569 701 572 699 569 701 570 632 570 632 569 701 577 630 574 580 568 582 573 700 573 700 568 582 569 701 577 630 569 701 576 584 576 584 569 701 568 582 346 578 574 580 573 700 582 586 577 630 576 584 585 595 578 597 579 596 579 596 578 597 587 345 579 596 587 345 588 347 586 343 587 345 578 597 591 702 629 703 590 704 590 704 629 703 630 705 590 704 630 705 621 706 621 706 630 705 631 707 621 706 631 707 620 708 620 708 631 707 632 709 620 708 632 709 619 710 619 710 632 709 633 711 619 710 633 711 618 712 618 712 633 711 634 713 618 712 634 713 617 714 617 714 634 713 635 715 617 714 635 715 616 716 616 716 635 715 636 717 616 716 636 717 615 718 615 718 636 717 637 719 615 718 637 719 614 720 614 720 637 719 638 721 614 720 638 721 613 722 613 722 638 721 639 723 613 722 639 723 612 724 612 724 639 723 640 725 612 724 640 725 611 726 611 726 640 725 641 727 611 726 641 727 610 728 610 728 641 727 642 729 610 728 642 729 609 730 609 730 642 729 643 731 609 730 643 731 608 732 608 732 643 731 644 733 608 732 644 733 607 734 607 734 644 733 645 735 607 734 645 735 606 736 606 736 645 735 646 737 606 736 646 737 605 738 605 738 646 737 647 739 605 738 647 739 604 740 604 740 647 739 648 741 604 740 648 741 603 742 603 742 648 741 649 743 603 742 649 743 602 744 602 744 649 743 650 745 602 744 650 745 601 746 601 746 650 745 651 747 601 746 651 747 600 748 600 748 651 747 652 749 600 748 652 749 599 750 599 750 652 749 653 751 599 750 653 751 598 752 598 752 653 751 622 753 598 752 622 753 597 754 597 754 622 753 623 755 597 754 623 755 596 756 596 756 623 755 624 757 596 756 624 757 595 758 595 758 624 757 625 759 595 758 625 759 594 760 594 760 625 759 626 761 594 760 626 761 593 762 593 762 626 761 627 763 593 762 627 763 592 764 592 764 627 763 628 765 592 764 628 765 591 702 591 702 628 765 629 703 621 766 607 767 590 768 590 768 607 767 606 769 590 768 606 769 591 770 591 770 606 769 605 771 591 770 605 771 592 772 592 772 605 771 604 773 592 772 604 773 593 774 593 774 604 773 603 775 593 774 603 775 594 776 594 776 603 775 602 777 594 776 602 777 595 778 595 778 602 777 601 779 595 778 601 779 596 780 596 780 601 779 600 781 596 780 600 781 597 782 597 782 600 781 599 783 597 782 599 783 598 784 607 767 621 766 608 785 608 785 621 766 620 786 608 785 620 786 609 787 609 787 620 786 619 788 609 787 619 788 610 789 610 789 619 788 618 790 610 789 618 790 611 791 611 791 618 790 617 792 611 791 617 792 612 793 612 793 617 792 616 794 612 793 616 794 613 795 613 795 616 794 615 796 613 795 615 796 614 797 638 798 637 799 694 800 694 800 637 799 636 801 694 800 636 801 681 802 681 802 636 801 680 803 680 803 636 801 635 804 680 803 635 804 679 805 679 805 635 804 678 806 678 806 635 804 634 807 678 806 634 807 677 808 677 808 634 807 633 809 677 808 633 809 676 810 676 810 633 809 675 811 675 811 633 809 632 812 675 811 632 812 674 813 674 813 632 812 631 814 674 813 631 814 673 815 673 815 631 814 672 816 672 816 631 814 630 817 672 816 630 817 671 818 671 818 630 817 670 819 670 819 630 817 629 820 670 819 629 820 669 821 669 821 629 820 628 822 669 821 628 822 668 823 668 823 628 822 667 824 667 824 628 822 627 825 667 824 627 825 666 826 666 826 627 825 665 827 665 827 627 825 626 828 665 827 626 828 664 829 664 829 626 828 625 830 664 829 625 830 663 831 663 831 625 830 662 832 662 832 625 830 624 833 662 832 624 833 654 834 654 834 624 833 623 835 654 834 623 835 622 836 655 837 656 838 654 834 654 834 656 838 657 839 654 834 657 839 658 840 658 840 659 841 654 834 654 834 659 841 660 842 654 834 660 842 661 843 661 843 662 832 654 834 681 802 682 844 694 800 694 800 682 844 683 845 694 800 683 845 684 846 684 846 685 847 694 800 694 800 685 847 686 848 694 800 686 848 693 849 693 849 686 848 687 850 693 849 687 850 688 851 688 851 689 852 693 849 693 849 689 852 690 853 693 849 690 853 691 854 691 854 692 855 693 849 696 856 758 857 695 858 695 858 758 857 727 859 695 858 727 859 726 860 726 860 727 859 728 861 726 860 728 861 725 862 725 862 728 861 729 863 725 862 729 863 724 864 724 864 729 863 730 865 724 864 730 865 723 866 723 866 730 865 731 867 723 866 731 867 722 868 722 868 731 867 732 869 722 868 732 869 721 870 721 870 732 869 733 871 721 870 733 871 720 872 720 872 733 871 734 873 720 872 734 873 719 874 719 874 734 873 735 875 719 874 735 875 718 876 718 876 735 875 736 877 718 876 736 877 717 878 717 878 736 877 737 879 717 878 737 879 716 880 716 880 737 879 738 881 716 880 738 881 715 882 715 882 738 881 739 883 715 882 739 883 714 884 714 884 739 883 740 885 714 884 740 885 713 886 713 886 740 885 741 887 713 886 741 887 712 888 712 888 741 887 742 889 712 888 742 889 711 890 711 890 742 889 743 891 711 890 743 891 710 892 710 892 743 891 744 893 710 892 744 893 709 894 709 894 744 893 745 895 709 894 745 895 708 896 708 896 745 895 746 897 708 896 746 897 707 898 707 898 746 897 747 899 707 898 747 899 706 900 706 900 747 899 748 901 706 900 748 901 705 902 705 902 748 901 749 903 705 902 749 903 704 904 704 904 749 903 750 905 704 904 750 905 703 906 703 906 750 905 751 907 703 906 751 907 702 908 702 908 751 907 752 909 702 908 752 909 701 910 701 910 752 909 753 911 701 910 753 911 700 912 700 912 753 911 754 913 700 912 754 913 699 914 699 914 754 913 755 915 699 914 755 915 698 916 698 916 755 915 756 917 698 916 756 917 697 918 697 918 756 917 757 919 697 918 757 919 696 856 696 856 757 919 758 857 726 920 712 921 695 922 695 922 712 921 711 923 695 922 711 923 696 924 696 924 711 923 710 925 696 924 710 925 697 926 697 926 710 925 709 927 697 926 709 927 698 928 698 928 709 927 708 929 698 928 708 929 699 930 699 930 708 929 707 931 699 930 707 931 700 932 700 932 707 931 706 933 700 932 706 933 701 934 701 934 706 933 705 935 701 934 705 935 702 936 702 936 705 935 704 937 702 936 704 937 703 938 712 921 726 920 713 939 713 939 726 920 725 940 713 939 725 940 714 941 714 941 725 940 724 942 714 941 724 942 715 943 715 943 724 942 723 944 715 943 723 944 716 945 716 945 723 944 722 946 716 945 722 946 717 947 717 947 722 946 721 948 717 947 721 948 718 949 718 949 721 948 720 950 718 949 720 950 719 951 760 952 806 953 759 954 759 954 806 953 783 955 759 954 783 955 782 956 782 956 783 955 784 957 782 956 784 957 781 958 781 958 784 957 785 959 781 958 785 959 780 960 780 960 785 959 786 961 780 960 786 961 779 962 779 962 786 961 787 963 779 962 787 963 778 964 778 964 787 963 788 965 778 964 788 965 777 966 777 966 788 965 789 967 777 966 789 967 776 968 776 968 789 967 790 969 776 968 790 969 775 970 775 970 790 969 791 971 775 970 791 971 774 972 774 972 791 971 792 973 774 972 792 973 773 974 773 974 792 973 793 975 773 974 793 975 772 976 772 976 793 975 794 977 772 976 794 977 771 978 771 978 794 977 795 979 771 978 795 979 770 980 770 980 795 979 796 981 770 980 796 981 769 982 769 982 796 981 797 983 769 982 797 983 768 984 768 984 797 983 798 985 768 984 798 985 767 986 767 986 798 985 799 987 767 986 799 987 766 988 766 988 799 987 800 989 766 988 800 989 765 990 765 990 800 989 801 991 765 990 801 991 764 992 764 992 801 991 802 993 764 992 802 993 763 994 763 994 802 993 803 995 763 994 803 995 762 996 762 996 803 995 804 997 762 996 804 997 761 998 761 998 804 997 805 999 761 998 805 999 760 952 760 952 805 999 806 953 808 1000 854 1001 807 1002 807 1002 854 1001 831 1003 807 1002 831 1003 830 1004 830 1004 831 1003 832 1005 830 1004 832 1005 829 1006 829 1006 832 1005 833 1007 829 1006 833 1007 828 1008 828 1008 833 1007 834 1009 828 1008 834 1009 827 1010 827 1010 834 1009 835 1011 827 1010 835 1011 826 1012 826 1012 835 1011 836 1013 826 1012 836 1013 825 1014 825 1014 836 1013 837 1015 825 1014 837 1015 824 1016 824 1016 837 1015 838 1017 824 1016 838 1017 823 1018 823 1018 838 1017 839 1019 823 1018 839 1019 822 1020 822 1020 839 1019 840 1021 822 1020 840 1021 821 1022 821 1022 840 1021 841 1023 821 1022 841 1023 820 1024 820 1024 841 1023 842 1025 820 1024 842 1025 819 1026 819 1026 842 1025 843 1027 819 1026 843 1027 818 1028 818 1028 843 1027 844 1029 818 1028 844 1029 817 1030 817 1030 844 1029 845 1031 817 1030 845 1031 816 1032 816 1032 845 1031 846 1033 816 1032 846 1033 815 1034 815 1034 846 1033 847 1035 815 1034 847 1035 814 1036 814 1036 847 1035 848 1037 814 1036 848 1037 813 1038 813 1038 848 1037 849 1039 813 1038 849 1039 812 1040 812 1040 849 1039 850 1041 812 1040 850 1041 811 1042 811 1042 850 1041 851 1043 811 1042 851 1043 810 1044 810 1044 851 1043 852 1045 810 1044 852 1045 809 1046 809 1046 852 1045 853 1047 809 1046 853 1047 808 1000 808 1000 853 1047 854 1001 760 1048 759 1049 807 1050 807 1050 759 1049 782 1051 807 1050 782 1051 808 1052 808 1052 782 1051 781 1053 808 1052 781 1053 809 1054 809 1054 781 1053 780 1055 809 1054 780 1055 810 1056 810 1056 780 1055 779 1057 810 1056 779 1057 811 1058 811 1058 779 1057 778 1059 811 1058 778 1059 812 1060 812 1060 778 1059 777 1061 812 1060 777 1061 813 1062 813 1062 777 1061 814 1063 814 1063 777 1061 776 1064 814 1063 776 1064 815 1065 815 1065 776 1064 775 1066 815 1065 775 1066 816 1067 816 1067 775 1066 774 1068 816 1067 774 1068 817 1069 817 1069 774 1068 773 1070 817 1069 773 1070 818 1071 818 1071 773 1070 772 1072 818 1071 772 1072 819 1073 819 1073 772 1072 771 1074 819 1073 771 1074 820 1075 820 1075 771 1074 770 1076 820 1075 770 1076 769 1077 820 1075 769 1077 821 1078 821 1078 769 1077 768 1079 821 1078 768 1079 822 1080 822 1080 768 1079 767 1081 822 1080 767 1081 823 1082 823 1082 767 1081 766 1083 823 1082 766 1083 824 1084 824 1084 766 1083 765 1085 824 1084 765 1085 825 1086 825 1086 765 1085 826 1087 826 1087 765 1085 764 1088 826 1087 764 1088 827 1089 827 1089 764 1088 763 1090 827 1089 763 1090 828 1091 828 1091 763 1090 762 1092 828 1091 762 1092 829 1093 829 1093 762 1092 761 1094 829 1093 761 1094 830 1095 830 1095 761 1094 760 1048 830 1095 760 1048 807 1050 856 1096 1248 1097 855 1098 855 1098 1248 1097 1249 1099 855 1098 1249 1099 878 1100 878 1100 1249 1099 1250 1101 878 1100 1250 1101 1054 1102 1054 1102 1250 1101 1053 1103 1053 1103 1250 1101 1251 1104 1053 1103 1251 1104 1252 1105 1248 1097 856 1096 1093 1106 1093 1106 856 1096 857 1107 1093 1106 857 1107 858 1108 858 1108 859 1109 1093 1106 1093 1106 859 1109 1092 1110 1092 1110 859 1109 860 1111 1092 1110 860 1111 861 1112 1092 1110 861 1112 1091 1113 1091 1113 861 1112 862 1114 1091 1113 862 1114 863 1115 863 1115 864 1116 1091 1113 1091 1113 864 1116 1090 1117 1090 1117 864 1116 865 1118 1090 1117 865 1118 866 1119 867 1120 831 1121 866 1119 866 1119 831 1121 854 1122 866 1119 854 1122 1090 1117 1090 1117 854 1122 853 1123 1090 1117 853 1123 852 1124 831 1121 867 1120 1057 1125 1057 1125 867 1120 868 1126 1057 1125 868 1126 869 1127 1057 1125 869 1127 1056 1128 1056 1128 869 1127 870 1129 1056 1128 870 1129 871 1130 871 1130 872 1131 1056 1128 1056 1128 872 1131 1055 1132 1055 1132 872 1131 873 1133 1055 1132 873 1133 874 1134 874 1134 875 1135 1055 1132 1055 1132 875 1135 1054 1102 1054 1102 875 1135 876 1136 1054 1102 876 1136 877 1137 877 1137 878 1100 1054 1102 880 1138 1225 1139 879 1140 879 1140 1225 1139 1226 1141 879 1140 1226 1141 902 1142 902 1142 1226 1141 1046 1143 902 1142 1046 1143 1047 1144 881 1145 1099 1146 880 1138 880 1138 1099 1146 1224 1147 880 1138 1224 1147 1225 1139 881 1145 882 1148 1099 1146 1099 1146 882 1148 883 1149 1099 1146 883 1149 1098 1150 1098 1150 883 1149 884 1151 1098 1150 884 1151 885 1152 885 1152 886 1153 1098 1150 1098 1150 886 1153 1097 1154 1097 1154 886 1153 887 1155 1097 1154 887 1155 888 1156 888 1156 889 1157 1097 1154 1097 1154 889 1157 1096 1158 1096 1158 889 1157 890 1159 1096 1158 890 1159 1238 1160 1238 1160 890 1159 1237 1161 1237 1161 890 1159 891 1162 1237 1161 891 1162 1050 1163 1050 1163 891 1162 892 1164 1050 1163 892 1164 893 1165 1050 1163 893 1165 1049 1166 1049 1166 893 1165 894 1167 1049 1166 894 1167 895 1168 895 1168 896 1169 1049 1166 1049 1166 896 1169 1048 1170 1048 1170 896 1169 897 1171 1048 1170 897 1171 898 1172 898 1172 899 1173 1048 1170 1048 1170 899 1173 1047 1144 1047 1144 899 1173 900 1174 1047 1144 900 1174 901 1175 901 1175 902 1142 1047 1144 904 1176 1201 1177 903 1178 903 1178 1201 1177 1202 1179 903 1178 1202 1179 1039 1180 1039 1180 1202 1179 1203 1181 1039 1180 1203 1181 1204 1182 905 1183 1105 1184 904 1176 904 1176 1105 1184 1200 1185 904 1176 1200 1185 1201 1177 905 1183 906 1186 1105 1184 1105 1184 906 1186 907 1187 1105 1184 907 1187 1104 1188 1104 1188 907 1187 908 1189 1104 1188 908 1189 909 1190 909 1190 910 1191 1104 1188 1104 1188 910 1191 1103 1192 1103 1192 910 1191 911 1193 1103 1192 911 1193 912 1194 912 1194 913 1195 1103 1192 1103 1192 913 1195 1102 1196 1102 1196 913 1195 914 1197 1102 1196 914 1197 1214 1198 1214 1198 914 1197 915 1199 1214 1198 915 1199 1213 1200 1213 1200 915 1199 1043 1201 1213 1200 1043 1201 1236 1202 1236 1202 1043 1201 1235 1203 1235 1203 1043 1201 1044 1204 1235 1203 1044 1204 1234 1205 1234 1205 1044 1204 1233 1206 1233 1206 1044 1204 1232 1207 1232 1207 1044 1204 1045 1208 1232 1207 1045 1208 1231 1209 1231 1209 1045 1208 1230 1210 1230 1210 1045 1208 1229 1211 1229 1211 1045 1208 1046 1143 1229 1211 1046 1143 1228 1212 1228 1212 1046 1143 1227 1213 1227 1213 1046 1143 1226 1141 915 1199 916 1214 1043 1201 1043 1201 916 1214 917 1215 1043 1201 917 1215 1042 1216 1042 1216 917 1215 918 1217 1042 1216 918 1217 919 1218 919 1218 920 1219 1042 1216 1042 1216 920 1219 1041 1220 1041 1220 920 1219 921 1221 1041 1220 921 1221 922 1222 922 1222 923 1223 1041 1220 1041 1220 923 1223 1040 1224 1040 1224 923 1223 924 1225 1040 1224 924 1225 925 1226 925 1226 926 1227 1040 1224 1040 1224 926 1227 1039 1180 1039 1180 926 1227 903 1178 928 1228 1177 1229 927 1230 927 1230 1177 1229 1178 1231 927 1230 1178 1231 1032 1232 1032 1232 1178 1231 1179 1233 1032 1232 1179 1233 1180 1234 929 1235 1112 1236 928 1228 928 1228 1112 1236 1176 1237 928 1228 1176 1237 1177 1229 1112 1236 929 1235 1111 1238 1111 1238 929 1235 930 1239 1111 1238 930 1239 931 1240 931 1240 932 1241 1111 1238 1111 1238 932 1241 1110 1242 1110 1242 932 1241 933 1243 1110 1242 933 1243 934 1244 934 1244 935 1245 1110 1242 1110 1242 935 1245 1109 1246 1109 1246 935 1245 936 1247 1109 1246 936 1247 937 1248 937 1248 938 1249 1109 1246 1109 1246 938 1249 1190 1250 1109 1246 1190 1250 1191 1251 938 1249 939 1252 1190 1250 1190 1250 939 1252 1189 1253 1189 1253 939 1252 1036 1254 1189 1253 1036 1254 1212 1255 1212 1255 1036 1254 1211 1256 1211 1256 1036 1254 1037 1257 1211 1256 1037 1257 1210 1258 1210 1258 1037 1257 1209 1259 1209 1259 1037 1257 1208 1260 1208 1260 1037 1257 1038 1261 1208 1260 1038 1261 1207 1262 1207 1262 1038 1261 1206 1263 1206 1263 1038 1261 1205 1264 1205 1264 1038 1261 1039 1180 1205 1264 1039 1180 1204 1182 939 1252 940 1265 1036 1254 1036 1254 940 1265 941 1266 1036 1254 941 1266 1035 1267 1035 1267 941 1266 942 1268 1035 1267 942 1268 943 1269 943 1269 944 1270 1035 1267 1035 1267 944 1270 1034 1271 1034 1271 944 1270 945 1272 1034 1271 945 1272 946 1273 946 1273 947 1274 1034 1271 1034 1271 947 1274 1033 1275 1033 1275 947 1274 948 1276 1033 1275 948 1276 949 1277 949 1277 950 1278 1033 1275 1033 1275 950 1278 1032 1232 1032 1232 950 1278 927 1230 974 1279 951 1280 1025 1281 1025 1281 951 1280 952 1282 1025 1281 952 1282 1024 1283 1024 1283 952 1282 1023 1284 1023 1284 952 1282 953 1285 1023 1284 953 1285 954 1286 954 1286 955 1287 1023 1284 1023 1284 955 1287 956 1288 1023 1284 956 1288 1116 1289 1116 1289 956 1288 957 1290 1116 1289 957 1290 958 1291 958 1291 959 1292 1116 1289 1116 1289 959 1292 1115 1293 1115 1293 959 1292 960 1294 1115 1293 960 1294 961 1295 961 1295 962 1296 1115 1293 1115 1293 962 1296 1166 1297 1115 1293 1166 1297 1167 1298 1166 1297 962 1296 1165 1299 1165 1299 962 1296 963 1300 1165 1299 963 1300 1029 1301 1029 1301 963 1300 964 1302 1029 1301 964 1302 965 1303 1029 1301 965 1303 1028 1304 1028 1304 965 1303 966 1305 1028 1304 966 1305 967 1306 967 1306 968 1307 1028 1304 1028 1304 968 1307 1027 1308 1027 1308 968 1307 969 1309 1027 1308 969 1309 970 1310 970 1310 971 1311 1027 1308 1027 1308 971 1311 1026 1312 1026 1312 971 1311 972 1313 1026 1312 972 1313 973 1314 973 1314 974 1279 1026 1312 1026 1312 974 1279 1025 1281 976 1315 1129 1316 975 1317 975 1317 1129 1316 1130 1318 975 1317 1130 1318 1067 1319 1067 1319 1130 1318 1131 1320 1067 1319 1131 1320 1132 1321 977 1322 1081 1323 976 1315 976 1315 1081 1323 1128 1324 976 1315 1128 1324 1129 1316 1081 1323 977 1322 1080 1325 1080 1325 977 1322 978 1326 1080 1325 978 1326 979 1327 979 1327 980 1328 1080 1325 1080 1325 980 1328 981 1329 1080 1325 981 1329 1079 1330 1079 1330 981 1329 982 1331 1079 1330 982 1331 983 1332 1079 1330 983 1332 1078 1333 1078 1333 983 1332 984 1334 1078 1333 984 1334 985 1335 985 1335 986 1336 1078 1333 1078 1333 986 1336 1142 1337 1078 1333 1142 1337 1143 1338 986 1336 987 1339 1142 1337 1142 1337 987 1339 1141 1340 1141 1340 987 1339 1071 1341 1141 1340 1071 1341 1164 1342 1164 1342 1071 1341 1163 1343 1163 1343 1071 1341 1072 1344 1163 1343 1072 1344 1162 1345 1162 1345 1072 1344 1161 1346 1161 1346 1072 1344 1160 1347 1160 1347 1072 1344 1073 1348 1160 1347 1073 1348 1159 1349 1159 1349 1073 1348 1158 1350 1158 1350 1073 1348 1157 1351 1157 1351 1073 1348 1074 1352 1157 1351 1074 1352 1156 1353 1156 1353 1074 1352 1155 1354 1155 1354 1074 1352 1154 1355 1154 1355 1074 1352 1075 1356 1154 1355 1075 1356 1153 1357 1153 1357 1075 1356 1152 1358 1152 1358 1075 1356 1151 1359 1151 1359 1075 1356 1150 1360 1150 1360 1075 1356 1076 1361 1150 1360 1076 1361 1149 1362 1149 1362 1076 1361 1148 1363 1148 1363 1076 1361 1147 1364 1147 1364 1076 1361 1146 1365 1146 1365 1076 1361 1077 1366 1146 1365 1077 1366 1145 1367 1145 1367 1077 1366 1144 1368 1144 1368 1077 1366 1143 1338 1143 1338 1077 1366 1078 1333 987 1339 988 1369 1071 1341 1071 1341 988 1369 989 1370 1071 1341 989 1370 1070 1371 1070 1371 989 1370 990 1372 1070 1371 990 1372 991 1373 991 1373 992 1374 1070 1371 1070 1371 992 1374 1069 1375 1069 1375 992 1374 993 1376 1069 1375 993 1376 994 1377 994 1377 995 1378 1069 1375 1069 1375 995 1378 1068 1379 1068 1379 995 1378 996 1380 1068 1379 996 1380 997 1381 997 1381 998 1382 1068 1379 1068 1379 998 1382 1067 1319 1067 1319 998 1382 975 1317 1000 1383 844 1384 999 1385 999 1385 844 1384 843 1386 999 1385 843 1386 1022 1387 1022 1387 843 1386 842 1388 1022 1387 842 1388 1060 1389 1060 1389 842 1388 841 1390 1060 1389 841 1390 840 1391 844 1384 1000 1383 1087 1392 1087 1392 1000 1383 1001 1393 1087 1392 1001 1393 1002 1394 1087 1392 1002 1394 1086 1395 1086 1395 1002 1394 1003 1396 1086 1395 1003 1396 1004 1397 1004 1397 1005 1398 1086 1395 1086 1395 1005 1398 1085 1399 1085 1399 1005 1398 1006 1400 1085 1399 1006 1400 1007 1401 1007 1401 1008 1402 1085 1399 1085 1399 1008 1402 1084 1403 1084 1403 1008 1402 1009 1404 1084 1403 1009 1404 1010 1405 1084 1403 1010 1405 1118 1406 1118 1406 1010 1405 1011 1407 1118 1406 1011 1407 1117 1408 1117 1408 1011 1407 1064 1409 1117 1408 1064 1409 1140 1410 1140 1410 1064 1409 1139 1411 1139 1411 1064 1409 1065 1412 1139 1411 1065 1412 1138 1413 1138 1413 1065 1412 1137 1414 1137 1414 1065 1412 1136 1415 1136 1415 1065 1412 1066 1416 1136 1415 1066 1416 1135 1417 1135 1417 1066 1416 1134 1418 1134 1418 1066 1416 1133 1419 1133 1419 1066 1416 1067 1319 1133 1419 1067 1319 1132 1321 1011 1407 1012 1420 1064 1409 1064 1409 1012 1420 1013 1421 1064 1409 1013 1421 1063 1422 1063 1422 1013 1421 1014 1423 1063 1422 1014 1423 1015 1424 1015 1424 1016 1425 1063 1422 1063 1422 1016 1425 1062 1426 1062 1426 1016 1425 1017 1427 1062 1426 1017 1427 1018 1428 1018 1428 1019 1429 1062 1426 1062 1426 1019 1429 1061 1430 1061 1430 1019 1429 1020 1431 1061 1430 1020 1431 1021 1432 1021 1432 1022 1387 1061 1430 1061 1430 1022 1387 1060 1389 1030 1433 1187 1434 1029 1301 1029 1301 1187 1434 1188 1435 1029 1301 1188 1435 1165 1299 1031 1436 1184 1437 1030 1433 1030 1433 1184 1437 1185 1438 1030 1433 1185 1438 1186 1439 1032 1232 1181 1440 1031 1436 1031 1436 1181 1440 1182 1441 1031 1436 1182 1441 1183 1442 1051 1443 1259 1444 1050 1163 1050 1163 1259 1444 1260 1445 1050 1163 1260 1445 1237 1161 1052 1446 1256 1447 1051 1443 1051 1443 1256 1447 1257 1448 1051 1443 1257 1448 1258 1449 1053 1103 1253 1450 1052 1446 1052 1446 1253 1450 1254 1451 1052 1446 1254 1451 1255 1452 1058 1453 833 1454 1057 1125 1057 1125 833 1454 832 1455 1057 1125 832 1455 831 1121 1059 1456 836 1457 1058 1453 1058 1453 836 1457 835 1458 1058 1453 835 1458 834 1459 1060 1389 839 1460 1059 1456 1059 1456 839 1460 838 1461 1059 1456 838 1461 837 1462 1082 1463 1126 1464 1081 1323 1081 1323 1126 1464 1127 1465 1081 1323 1127 1465 1128 1324 1083 1466 1123 1467 1082 1463 1082 1463 1123 1467 1124 1468 1082 1463 1124 1468 1125 1469 1084 1403 1120 1470 1083 1466 1083 1466 1120 1470 1121 1471 1083 1466 1121 1471 1122 1472 1088 1473 846 1474 1087 1392 1087 1392 846 1474 845 1475 1087 1392 845 1475 844 1384 1089 1476 849 1477 1088 1473 1088 1473 849 1477 848 1478 1088 1473 848 1478 847 1479 1090 1117 852 1124 1089 1476 1089 1476 852 1124 851 1480 1089 1476 851 1480 850 1481 1248 1097 1093 1106 1247 1482 1247 1482 1093 1106 1094 1483 1247 1482 1094 1483 1246 1484 1246 1484 1094 1483 1245 1485 1245 1485 1094 1483 1244 1486 1244 1486 1094 1483 1095 1487 1244 1486 1095 1487 1243 1488 1243 1488 1095 1487 1242 1489 1242 1489 1095 1487 1241 1490 1241 1490 1095 1487 1096 1158 1241 1490 1096 1158 1240 1491 1240 1491 1096 1158 1239 1492 1239 1492 1096 1158 1238 1160 1224 1147 1099 1146 1223 1493 1223 1493 1099 1146 1100 1494 1223 1493 1100 1494 1222 1495 1222 1495 1100 1494 1221 1496 1221 1496 1100 1494 1220 1497 1220 1497 1100 1494 1101 1498 1220 1497 1101 1498 1219 1499 1219 1499 1101 1498 1218 1500 1218 1500 1101 1498 1217 1501 1217 1501 1101 1498 1102 1196 1217 1501 1102 1196 1216 1502 1216 1502 1102 1196 1215 1503 1215 1503 1102 1196 1214 1198 1105 1184 1106 1504 1200 1185 1200 1185 1106 1504 1199 1505 1199 1505 1106 1504 1198 1506 1198 1506 1106 1504 1197 1507 1197 1507 1106 1504 1196 1508 1196 1508 1106 1504 1107 1509 1196 1508 1107 1509 1195 1510 1195 1510 1107 1509 1194 1511 1194 1511 1107 1509 1108 1512 1194 1511 1108 1512 1193 1513 1193 1513 1108 1512 1192 1514 1192 1514 1108 1512 1191 1251 1191 1251 1108 1512 1109 1246 1113 1515 1173 1516 1112 1236 1112 1236 1173 1516 1174 1517 1112 1236 1174 1517 1175 1518 1114 1519 1170 1520 1113 1515 1113 1515 1170 1520 1171 1521 1113 1515 1171 1521 1172 1522 1115 1293 1167 1298 1114 1519 1114 1519 1167 1298 1168 1523 1114 1519 1168 1523 1169 1524 1118 1406 1119 1525 1084 1403 1084 1403 1119 1525 1120 1470 1122 1472 1123 1467 1083 1466 1125 1469 1126 1464 1082 1463 1169 1524 1170 1520 1114 1519 1172 1522 1173 1516 1113 1515 1175 1518 1176 1237 1112 1236 1180 1234 1181 1440 1032 1232 1183 1442 1184 1437 1031 1436 1186 1439 1187 1434 1030 1433 1252 1105 1253 1450 1053 1103 1255 1452 1256 1447 1052 1446 1258 1449 1259 1444 1051 1443 850 1481 849 1477 1089 1476 847 1479 846 1474 1088 1473 840 1391 839 1460 1060 1389 837 1462 836 1457 1059 1456 834 1459 833 1454 1058 1453 1262 1526 1308 1527 1261 1528 1261 1528 1308 1527 1285 1529 1261 1528 1285 1529 1284 1530 1284 1530 1285 1529 1286 1531 1284 1530 1286 1531 1283 1532 1283 1532 1286 1531 1287 1533 1283 1532 1287 1533 1282 1534 1282 1534 1287 1533 1288 1535 1282 1534 1288 1535 1281 1536 1281 1536 1288 1535 1289 1537 1281 1536 1289 1537 1280 1538 1280 1538 1289 1537 1290 1539 1280 1538 1290 1539 1279 1540 1279 1540 1290 1539 1291 1541 1279 1540 1291 1541 1278 1542 1278 1542 1291 1541 1292 1543 1278 1542 1292 1543 1277 1544 1277 1544 1292 1543 1293 1545 1277 1544 1293 1545 1276 1546 1276 1546 1293 1545 1294 1547 1276 1546 1294 1547 1275 1548 1275 1548 1294 1547 1295 1549 1275 1548 1295 1549 1274 1550 1274 1550 1295 1549 1296 1551 1274 1550 1296 1551 1273 1552 1273 1552 1296 1551 1297 1553 1273 1552 1297 1553 1272 1554 1272 1554 1297 1553 1298 1555 1272 1554 1298 1555 1271 1556 1271 1556 1298 1555 1299 1557 1271 1556 1299 1557 1270 1558 1270 1558 1299 1557 1300 1559 1270 1558 1300 1559 1269 1560 1269 1560 1300 1559 1301 1561 1269 1560 1301 1561 1268 1562 1268 1562 1301 1561 1302 1563 1268 1562 1302 1563 1267 1564 1267 1564 1302 1563 1303 1565 1267 1564 1303 1565 1266 1566 1266 1566 1303 1565 1304 1567 1266 1566 1304 1567 1265 1568 1265 1568 1304 1567 1305 1569 1265 1568 1305 1569 1264 1570 1264 1570 1305 1569 1306 1571 1264 1570 1306 1571 1263 1572 1263 1572 1306 1571 1307 1573 1263 1572 1307 1573 1262 1526 1262 1526 1307 1573 1308 1527 1310 1574 856 1575 1309 1576 1309 1576 856 1575 855 1577 1309 1576 855 1577 1332 1578 1332 1578 855 1577 878 1579 1332 1578 878 1579 1331 1580 1331 1580 878 1579 877 1581 1331 1580 877 1581 1330 1582 1330 1582 877 1581 876 1583 1330 1582 876 1583 1329 1584 1329 1584 876 1583 875 1585 1329 1584 875 1585 1328 1586 1328 1586 875 1585 874 1587 1328 1586 874 1587 1327 1588 1327 1588 874 1587 873 1589 1327 1588 873 1589 1326 1590 1326 1590 873 1589 872 1591 1326 1590 872 1591 1325 1592 1325 1592 872 1591 871 1593 1325 1592 871 1593 1324 1594 1324 1594 871 1593 870 1595 1324 1594 870 1595 1323 1596 1323 1596 870 1595 869 1597 1323 1596 869 1597 1322 1598 1322 1598 869 1597 868 1599 1322 1598 868 1599 1321 1600 1321 1600 868 1599 867 1601 1321 1600 867 1601 1320 1602 1320 1602 867 1601 866 1603 1320 1602 866 1603 1319 1604 1319 1604 866 1603 865 1605 1319 1604 865 1605 1318 1606 1318 1606 865 1605 864 1607 1318 1606 864 1607 1317 1608 1317 1608 864 1607 863 1609 1317 1608 863 1609 1316 1610 1316 1610 863 1609 862 1611 1316 1610 862 1611 1315 1612 1315 1612 862 1611 861 1613 1315 1612 861 1613 1314 1614 1314 1614 861 1613 860 1615 1314 1614 860 1615 1313 1616 1313 1616 860 1615 859 1617 1313 1616 859 1617 1312 1618 1312 1618 859 1617 858 1619 1312 1618 858 1619 1311 1620 1311 1620 858 1619 857 1621 1311 1620 857 1621 1310 1574 1310 1574 857 1621 856 1575 1262 1622 1261 1623 1309 1624 1309 1624 1261 1623 1284 1625 1309 1624 1284 1625 1310 1626 1310 1626 1284 1625 1283 1627 1310 1626 1283 1627 1311 1628 1311 1628 1283 1627 1282 1629 1311 1628 1282 1629 1312 1630 1312 1630 1282 1629 1281 1631 1312 1630 1281 1631 1313 1632 1313 1632 1281 1631 1280 1633 1313 1632 1280 1633 1314 1634 1314 1634 1280 1633 1279 1635 1314 1634 1279 1635 1315 1636 1315 1636 1279 1635 1316 1637 1316 1637 1279 1635 1278 1638 1316 1637 1278 1638 1317 1639 1317 1639 1278 1638 1277 1640 1317 1639 1277 1640 1318 1641 1318 1641 1277 1640 1276 1642 1318 1641 1276 1642 1319 1643 1319 1643 1276 1642 1275 1644 1319 1643 1275 1644 1320 1645 1320 1645 1275 1644 1274 1646 1320 1645 1274 1646 1321 1647 1321 1647 1274 1646 1273 1648 1321 1647 1273 1648 1322 1649 1322 1649 1273 1648 1272 1650 1322 1649 1272 1650 1271 1651 1322 1649 1271 1651 1323 1652 1323 1652 1271 1651 1270 1653 1323 1652 1270 1653 1324 1654 1324 1654 1270 1653 1269 1655 1324 1654 1269 1655 1325 1656 1325 1656 1269 1655 1268 1657 1325 1656 1268 1657 1326 1658 1326 1658 1268 1657 1267 1659 1326 1658 1267 1659 1327 1660 1327 1660 1267 1659 1328 1661 1328 1661 1267 1659 1266 1662 1328 1661 1266 1662 1329 1663 1329 1663 1266 1662 1265 1664 1329 1663 1265 1664 1330 1665 1330 1665 1265 1664 1264 1666 1330 1665 1264 1666 1331 1667 1331 1667 1264 1666 1263 1668 1331 1667 1263 1668 1332 1669 1332 1669 1263 1668 1262 1622 1332 1669 1262 1622 1309 1624 806 1670 793 1671 783 1672 783 1672 793 1671 792 1673 783 1672 792 1673 784 1674 784 1674 792 1673 791 1675 784 1674 791 1675 785 1676 785 1676 791 1675 790 1677 785 1676 790 1677 786 1678 786 1678 790 1677 789 1679 786 1678 789 1679 787 1680 787 1680 789 1679 788 1681 793 1671 806 1670 794 1682 794 1682 806 1670 805 1683 794 1682 805 1683 795 1684 795 1684 805 1683 804 1685 795 1684 804 1685 796 1686 796 1686 804 1685 803 1687 796 1686 803 1687 797 1688 797 1688 803 1687 802 1689 797 1688 802 1689 798 1690 798 1690 802 1689 801 1691 798 1690 801 1691 799 1692 799 1692 801 1691 800 1693 1334 1694 1380 1695 1333 1696 1333 1696 1380 1695 1357 1697 1333 1696 1357 1697 1356 1698 1356 1698 1357 1697 1358 1699 1356 1698 1358 1699 1355 1700 1355 1700 1358 1699 1359 1701 1355 1700 1359 1701 1354 1702 1354 1702 1359 1701 1360 1703 1354 1702 1360 1703 1353 1704 1353 1704 1360 1703 1361 1705 1353 1704 1361 1705 1352 1706 1352 1706 1361 1705 1362 1707 1352 1706 1362 1707 1351 1708 1351 1708 1362 1707 1363 1709 1351 1708 1363 1709 1350 1710 1350 1710 1363 1709 1364 1711 1350 1710 1364 1711 1349 1712 1349 1712 1364 1711 1365 1713 1349 1712 1365 1713 1348 1714 1348 1714 1365 1713 1366 1715 1348 1714 1366 1715 1347 1716 1347 1716 1366 1715 1367 1717 1347 1716 1367 1717 1346 1718 1346 1718 1367 1717 1368 1719 1346 1718 1368 1719 1345 1720 1345 1720 1368 1719 1369 1721 1345 1720 1369 1721 1344 1722 1344 1722 1369 1721 1370 1723 1344 1722 1370 1723 1343 1724 1343 1724 1370 1723 1371 1725 1343 1724 1371 1725 1342 1726 1342 1726 1371 1725 1372 1727 1342 1726 1372 1727 1341 1728 1341 1728 1372 1727 1373 1729 1341 1728 1373 1729 1340 1730 1340 1730 1373 1729 1374 1731 1340 1730 1374 1731 1339 1732 1339 1732 1374 1731 1375 1733 1339 1732 1375 1733 1338 1734 1338 1734 1375 1733 1376 1735 1338 1734 1376 1735 1337 1736 1337 1736 1376 1735 1377 1737 1337 1736 1377 1737 1336 1738 1336 1738 1377 1737 1378 1739 1336 1738 1378 1739 1335 1740 1335 1740 1378 1739 1379 1741 1335 1740 1379 1741 1334 1694 1334 1694 1379 1741 1380 1695 1382 1742 1238 1743 1381 1744 1381 1744 1238 1743 1237 1745 1381 1744 1237 1745 1404 1746 1404 1746 1237 1745 1260 1747 1404 1746 1260 1747 1403 1748 1403 1748 1260 1747 1259 1749 1403 1748 1259 1749 1402 1750 1402 1750 1259 1749 1258 1751 1402 1750 1258 1751 1401 1752 1401 1752 1258 1751 1257 1753 1401 1752 1257 1753 1400 1754 1400 1754 1257 1753 1256 1755 1400 1754 1256 1755 1399 1756 1399 1756 1256 1755 1255 1757 1399 1756 1255 1757 1398 1758 1398 1758 1255 1757 1254 1759 1398 1758 1254 1759 1397 1760 1397 1760 1254 1759 1253 1761 1397 1760 1253 1761 1396 1762 1396 1762 1253 1761 1252 1763 1396 1762 1252 1763 1395 1764 1395 1764 1252 1763 1251 1765 1395 1764 1251 1765 1394 1766 1394 1766 1251 1765 1250 1767 1394 1766 1250 1767 1393 1768 1393 1768 1250 1767 1249 1769 1393 1768 1249 1769 1392 1770 1392 1770 1249 1769 1248 1771 1392 1770 1248 1771 1391 1772 1391 1772 1248 1771 1247 1773 1391 1772 1247 1773 1390 1774 1390 1774 1247 1773 1246 1775 1390 1774 1246 1775 1389 1776 1389 1776 1246 1775 1245 1777 1389 1776 1245 1777 1388 1778 1388 1778 1245 1777 1244 1779 1388 1778 1244 1779 1387 1780 1387 1780 1244 1779 1243 1781 1387 1780 1243 1781 1386 1782 1386 1782 1243 1781 1242 1783 1386 1782 1242 1783 1385 1784 1385 1784 1242 1783 1241 1785 1385 1784 1241 1785 1384 1786 1384 1786 1241 1785 1240 1787 1384 1786 1240 1787 1383 1788 1383 1788 1240 1787 1239 1789 1383 1788 1239 1789 1382 1742 1382 1742 1239 1789 1238 1743 1334 1790 1333 1791 1381 1792 1381 1792 1333 1791 1356 1793 1381 1792 1356 1793 1382 1794 1382 1794 1356 1793 1355 1795 1382 1794 1355 1795 1383 1796 1383 1796 1355 1795 1354 1797 1383 1796 1354 1797 1384 1798 1384 1798 1354 1797 1353 1799 1384 1798 1353 1799 1385 1800 1385 1800 1353 1799 1352 1801 1385 1800 1352 1801 1386 1802 1386 1802 1352 1801 1351 1803 1386 1802 1351 1803 1387 1804 1387 1804 1351 1803 1388 1805 1388 1805 1351 1803 1350 1806 1388 1805 1350 1806 1389 1807 1389 1807 1350 1806 1349 1808 1389 1807 1349 1808 1390 1809 1390 1809 1349 1808 1348 1810 1390 1809 1348 1810 1391 1811 1391 1811 1348 1810 1347 1812 1391 1811 1347 1812 1392 1813 1392 1813 1347 1812 1346 1814 1392 1813 1346 1814 1393 1815 1393 1815 1346 1814 1345 1816 1393 1815 1345 1816 1394 1817 1394 1817 1345 1816 1344 1818 1394 1817 1344 1818 1343 1819 1394 1817 1343 1819 1395 1820 1395 1820 1343 1819 1342 1821 1395 1820 1342 1821 1396 1822 1396 1822 1342 1821 1341 1823 1396 1822 1341 1823 1397 1824 1397 1824 1341 1823 1340 1825 1397 1824 1340 1825 1398 1826 1398 1826 1340 1825 1339 1827 1398 1826 1339 1827 1399 1828 1399 1828 1339 1827 1400 1829 1400 1829 1339 1827 1338 1830 1400 1829 1338 1830 1401 1831 1401 1831 1338 1830 1337 1832 1401 1831 1337 1832 1402 1833 1402 1833 1337 1832 1336 1834 1402 1833 1336 1834 1403 1835 1403 1835 1336 1834 1335 1836 1403 1835 1335 1836 1404 1837 1404 1837 1335 1836 1334 1790 1404 1837 1334 1790 1381 1792 1308 1838 1292 1839 1285 1840 1285 1840 1292 1839 1291 1841 1285 1840 1291 1841 1286 1842 1286 1842 1291 1841 1290 1843 1286 1842 1290 1843 1287 1844 1287 1844 1290 1843 1289 1845 1287 1844 1289 1845 1288 1846 1292 1839 1308 1838 1293 1847 1293 1847 1308 1838 1307 1848 1293 1847 1307 1848 1294 1849 1294 1849 1307 1848 1306 1850 1294 1849 1306 1850 1295 1851 1295 1851 1306 1850 1305 1852 1295 1851 1305 1852 1296 1853 1296 1853 1305 1852 1304 1854 1296 1853 1304 1854 1297 1855 1297 1855 1304 1854 1303 1856 1297 1855 1303 1856 1298 1857 1298 1857 1303 1856 1302 1858 1298 1857 1302 1858 1299 1859 1299 1859 1302 1858 1301 1860 1299 1859 1301 1860 1300 1861 1406 1862 1452 1863 1405 1864 1405 1864 1452 1863 1429 1865 1405 1864 1429 1865 1428 1866 1428 1866 1429 1865 1430 1867 1428 1866 1430 1867 1427 1868 1427 1868 1430 1867 1431 1869 1427 1868 1431 1869 1426 1870 1426 1870 1431 1869 1432 1871 1426 1870 1432 1871 1425 1872 1425 1872 1432 1871 1433 1873 1425 1872 1433 1873 1424 1874 1424 1874 1433 1873 1434 1875 1424 1874 1434 1875 1423 1876 1423 1876 1434 1875 1435 1877 1423 1876 1435 1877 1422 1878 1422 1878 1435 1877 1436 1879 1422 1878 1436 1879 1421 1880 1421 1880 1436 1879 1437 1881 1421 1880 1437 1881 1420 1882 1420 1882 1437 1881 1438 1883 1420 1882 1438 1883 1419 1884 1419 1884 1438 1883 1439 1885 1419 1884 1439 1885 1418 1886 1418 1886 1439 1885 1440 1887 1418 1886 1440 1887 1417 1888 1417 1888 1440 1887 1441 1889 1417 1888 1441 1889 1416 1890 1416 1890 1441 1889 1442 1891 1416 1890 1442 1891 1415 1892 1415 1892 1442 1891 1443 1893 1415 1892 1443 1893 1414 1894 1414 1894 1443 1893 1444 1895 1414 1894 1444 1895 1413 1896 1413 1896 1444 1895 1445 1897 1413 1896 1445 1897 1412 1898 1412 1898 1445 1897 1446 1899 1412 1898 1446 1899 1411 1900 1411 1900 1446 1899 1447 1901 1411 1900 1447 1901 1410 1902 1410 1902 1447 1901 1448 1903 1410 1902 1448 1903 1409 1904 1409 1904 1448 1903 1449 1905 1409 1904 1449 1905 1408 1906 1408 1906 1449 1905 1450 1907 1408 1906 1450 1907 1407 1908 1407 1908 1450 1907 1451 1909 1407 1908 1451 1909 1406 1862 1406 1862 1451 1909 1452 1863 1454 1910 880 1911 1453 1912 1453 1912 880 1911 879 1913 1453 1912 879 1913 1476 1914 1476 1914 879 1913 902 1915 1476 1914 902 1915 1475 1916 1475 1916 902 1915 901 1917 1475 1916 901 1917 1474 1918 1474 1918 901 1917 900 1919 1474 1918 900 1919 1473 1920 1473 1920 900 1919 899 1921 1473 1920 899 1921 1472 1922 1472 1922 899 1921 898 1923 1472 1922 898 1923 1471 1924 1471 1924 898 1923 897 1925 1471 1924 897 1925 1470 1926 1470 1926 897 1925 896 1927 1470 1926 896 1927 1469 1928 1469 1928 896 1927 895 1929 1469 1928 895 1929 1468 1930 1468 1930 895 1929 894 1931 1468 1930 894 1931 1467 1932 1467 1932 894 1931 893 1933 1467 1932 893 1933 1466 1934 1466 1934 893 1933 892 1935 1466 1934 892 1935 1465 1936 1465 1936 892 1935 891 1937 1465 1936 891 1937 1464 1938 1464 1938 891 1937 890 1939 1464 1938 890 1939 1463 1940 1463 1940 890 1939 889 1941 1463 1940 889 1941 1462 1942 1462 1942 889 1941 888 1943 1462 1942 888 1943 1461 1944 1461 1944 888 1943 887 1945 1461 1944 887 1945 1460 1946 1460 1946 887 1945 886 1947 1460 1946 886 1947 1459 1948 1459 1948 886 1947 885 1949 1459 1948 885 1949 1458 1950 1458 1950 885 1949 884 1951 1458 1950 884 1951 1457 1952 1457 1952 884 1951 883 1953 1457 1952 883 1953 1456 1954 1456 1954 883 1953 882 1955 1456 1954 882 1955 1455 1956 1455 1956 882 1955 881 1957 1455 1956 881 1957 1454 1910 1454 1910 881 1957 880 1911 1406 1958 1405 1959 1453 1960 1453 1960 1405 1959 1428 1961 1453 1960 1428 1961 1454 1962 1454 1962 1428 1961 1427 1963 1454 1962 1427 1963 1455 1964 1455 1964 1427 1963 1426 1965 1455 1964 1426 1965 1456 1966 1456 1966 1426 1965 1425 1967 1456 1966 1425 1967 1457 1968 1457 1968 1425 1967 1424 1969 1457 1968 1424 1969 1458 1970 1458 1970 1424 1969 1423 1971 1458 1970 1423 1971 1459 1972 1459 1972 1423 1971 1460 1973 1460 1973 1423 1971 1422 1974 1460 1973 1422 1974 1461 1975 1461 1975 1422 1974 1421 1976 1461 1975 1421 1976 1462 1977 1462 1977 1421 1976 1420 1978 1462 1977 1420 1978 1463 1979 1463 1979 1420 1978 1419 1980 1463 1979 1419 1980 1464 1981 1464 1981 1419 1980 1418 1982 1464 1981 1418 1982 1465 1983 1465 1983 1418 1982 1417 1984 1465 1983 1417 1984 1466 1985 1466 1985 1417 1984 1416 1986 1466 1985 1416 1986 1415 1987 1466 1985 1415 1987 1467 1988 1467 1988 1415 1987 1414 1989 1467 1988 1414 1989 1468 1990 1468 1990 1414 1989 1413 1991 1468 1990 1413 1991 1469 1992 1469 1992 1413 1991 1412 1993 1469 1992 1412 1993 1470 1994 1470 1994 1412 1993 1411 1995 1470 1994 1411 1995 1471 1996 1471 1996 1411 1995 1472 1997 1472 1997 1411 1995 1410 1998 1472 1997 1410 1998 1473 1999 1473 1999 1410 1998 1409 2000 1473 1999 1409 2000 1474 2001 1474 2001 1409 2000 1408 2002 1474 2001 1408 2002 1475 2003 1475 2003 1408 2002 1407 2004 1475 2003 1407 2004 1476 2005 1476 2005 1407 2004 1406 1958 1476 2005 1406 1958 1453 1960 1380 2006 1362 2007 1357 2008 1357 2008 1362 2007 1361 2009 1357 2008 1361 2009 1358 2010 1358 2010 1361 2009 1360 2011 1358 2010 1360 2011 1359 2012 1362 2007 1380 2006 1363 2013 1363 2013 1380 2006 1379 2014 1363 2013 1379 2014 1364 2015 1364 2015 1379 2014 1378 2016 1364 2015 1378 2016 1365 2017 1365 2017 1378 2016 1377 2018 1365 2017 1377 2018 1366 2019 1366 2019 1377 2018 1376 2020 1366 2019 1376 2020 1367 2021 1367 2021 1376 2020 1375 2022 1367 2021 1375 2022 1368 2023 1368 2023 1375 2022 1374 2024 1368 2023 1374 2024 1369 2025 1369 2025 1374 2024 1373 2026 1369 2025 1373 2026 1370 2027 1370 2027 1373 2026 1372 2028 1370 2027 1372 2028 1371 2029 1478 2030 1524 2031 1477 2032 1477 2032 1524 2031 1501 2033 1477 2032 1501 2033 1500 2034 1500 2034 1501 2033 1502 2035 1500 2034 1502 2035 1499 2036 1499 2036 1502 2035 1503 2037 1499 2036 1503 2037 1498 2038 1498 2038 1503 2037 1504 2039 1498 2038 1504 2039 1497 2040 1497 2040 1504 2039 1505 2041 1497 2040 1505 2041 1496 2042 1496 2042 1505 2041 1506 2043 1496 2042 1506 2043 1495 2044 1495 2044 1506 2043 1507 2045 1495 2044 1507 2045 1494 2046 1494 2046 1507 2045 1508 2047 1494 2046 1508 2047 1493 2048 1493 2048 1508 2047 1509 2049 1493 2048 1509 2049 1492 2050 1492 2050 1509 2049 1510 2051 1492 2050 1510 2051 1491 2052 1491 2052 1510 2051 1511 2053 1491 2052 1511 2053 1490 2054 1490 2054 1511 2053 1512 2055 1490 2054 1512 2055 1489 2056 1489 2056 1512 2055 1513 2057 1489 2056 1513 2057 1488 2058 1488 2058 1513 2057 1514 2059 1488 2058 1514 2059 1487 2060 1487 2060 1514 2059 1515 2061 1487 2060 1515 2061 1486 2062 1486 2062 1515 2061 1516 2063 1486 2062 1516 2063 1485 2064 1485 2064 1516 2063 1517 2065 1485 2064 1517 2065 1484 2066 1484 2066 1517 2065 1518 2067 1484 2066 1518 2067 1483 2068 1483 2068 1518 2067 1519 2069 1483 2068 1519 2069 1482 2070 1482 2070 1519 2069 1520 2071 1482 2070 1520 2071 1481 2072 1481 2072 1520 2071 1521 2073 1481 2072 1521 2073 1480 2074 1480 2074 1521 2073 1522 2075 1480 2074 1522 2075 1479 2076 1479 2076 1522 2075 1523 2077 1479 2076 1523 2077 1478 2030 1478 2030 1523 2077 1524 2031 1526 2078 1214 2079 1525 2080 1525 2080 1214 2079 1213 2081 1525 2080 1213 2081 1548 2082 1548 2082 1213 2081 1236 2083 1548 2082 1236 2083 1547 2084 1547 2084 1236 2083 1235 2085 1547 2084 1235 2085 1546 2086 1546 2086 1235 2085 1234 2087 1546 2086 1234 2087 1545 2088 1545 2088 1234 2087 1233 2089 1545 2088 1233 2089 1544 2090 1544 2090 1233 2089 1232 2091 1544 2090 1232 2091 1543 2092 1543 2092 1232 2091 1231 2093 1543 2092 1231 2093 1542 2094 1542 2094 1231 2093 1230 2095 1542 2094 1230 2095 1541 2096 1541 2096 1230 2095 1229 2097 1541 2096 1229 2097 1540 2098 1540 2098 1229 2097 1228 2099 1540 2098 1228 2099 1539 2100 1539 2100 1228 2099 1227 2101 1539 2100 1227 2101 1538 2102 1538 2102 1227 2101 1226 2103 1538 2102 1226 2103 1537 2104 1537 2104 1226 2103 1225 2105 1537 2104 1225 2105 1536 2106 1536 2106 1225 2105 1224 2107 1536 2106 1224 2107 1535 2108 1535 2108 1224 2107 1223 2109 1535 2108 1223 2109 1534 2110 1534 2110 1223 2109 1222 2111 1534 2110 1222 2111 1533 2112 1533 2112 1222 2111 1221 2113 1533 2112 1221 2113 1532 2114 1532 2114 1221 2113 1220 2115 1532 2114 1220 2115 1531 2116 1531 2116 1220 2115 1219 2117 1531 2116 1219 2117 1530 2118 1530 2118 1219 2117 1218 2119 1530 2118 1218 2119 1529 2120 1529 2120 1218 2119 1217 2121 1529 2120 1217 2121 1528 2122 1528 2122 1217 2121 1216 2123 1528 2122 1216 2123 1527 2124 1527 2124 1216 2123 1215 2125 1527 2124 1215 2125 1526 2078 1526 2078 1215 2125 1214 2079 1478 2126 1477 2127 1525 2128 1525 2128 1477 2127 1500 2129 1525 2128 1500 2129 1526 2130 1526 2130 1500 2129 1499 2131 1526 2130 1499 2131 1527 2132 1527 2132 1499 2131 1498 2133 1527 2132 1498 2133 1528 2134 1528 2134 1498 2133 1497 2135 1528 2134 1497 2135 1529 2136 1529 2136 1497 2135 1496 2137 1529 2136 1496 2137 1530 2138 1530 2138 1496 2137 1495 2139 1530 2138 1495 2139 1531 2140 1531 2140 1495 2139 1532 2141 1532 2141 1495 2139 1494 2142 1532 2141 1494 2142 1533 2143 1533 2143 1494 2142 1493 2144 1533 2143 1493 2144 1534 2145 1534 2145 1493 2144 1492 2146 1534 2145 1492 2146 1535 2147 1535 2147 1492 2146 1491 2148 1535 2147 1491 2148 1536 2149 1536 2149 1491 2148 1490 2150 1536 2149 1490 2150 1537 2151 1537 2151 1490 2150 1489 2152 1537 2151 1489 2152 1538 2153 1538 2153 1489 2152 1488 2154 1538 2153 1488 2154 1487 2155 1538 2153 1487 2155 1539 2156 1539 2156 1487 2155 1486 2157 1539 2156 1486 2157 1540 2158 1540 2158 1486 2157 1485 2159 1540 2158 1485 2159 1541 2160 1541 2160 1485 2159 1484 2161 1541 2160 1484 2161 1542 2162 1542 2162 1484 2161 1483 2163 1542 2162 1483 2163 1543 2164 1543 2164 1483 2163 1544 2165 1544 2165 1483 2163 1482 2166 1544 2165 1482 2166 1545 2167 1545 2167 1482 2166 1481 2168 1545 2167 1481 2168 1546 2169 1546 2169 1481 2168 1480 2170 1546 2169 1480 2170 1547 2171 1547 2171 1480 2170 1479 2172 1547 2171 1479 2172 1548 2173 1548 2173 1479 2172 1478 2126 1548 2173 1478 2126 1525 2128 1430 2174 1429 2175 1431 2176 1431 2176 1429 2175 1452 2177 1431 2176 1452 2177 1432 2178 1432 2178 1452 2177 1451 2179 1432 2178 1451 2179 1433 2180 1433 2180 1451 2179 1450 2181 1433 2180 1450 2181 1434 2182 1434 2182 1450 2181 1449 2183 1434 2182 1449 2183 1435 2184 1435 2184 1449 2183 1448 2185 1435 2184 1448 2185 1436 2186 1436 2186 1448 2185 1447 2187 1436 2186 1447 2187 1437 2188 1437 2188 1447 2187 1446 2189 1437 2188 1446 2189 1438 2190 1438 2190 1446 2189 1445 2191 1438 2190 1445 2191 1439 2192 1439 2192 1445 2191 1444 2193 1439 2192 1444 2193 1440 2194 1440 2194 1444 2193 1443 2195 1440 2194 1443 2195 1441 2196 1441 2196 1443 2195 1442 2197 1550 2198 1596 2199 1549 2200 1549 2200 1596 2199 1573 2201 1549 2200 1573 2201 1572 2202 1572 2202 1573 2201 1574 2203 1572 2202 1574 2203 1571 2204 1571 2204 1574 2203 1575 2205 1571 2204 1575 2205 1570 2206 1570 2206 1575 2205 1576 2207 1570 2206 1576 2207 1569 2208 1569 2208 1576 2207 1577 2209 1569 2208 1577 2209 1568 2210 1568 2210 1577 2209 1578 2211 1568 2210 1578 2211 1567 2212 1567 2212 1578 2211 1579 2213 1567 2212 1579 2213 1566 2214 1566 2214 1579 2213 1580 2215 1566 2214 1580 2215 1565 2216 1565 2216 1580 2215 1581 2217 1565 2216 1581 2217 1564 2218 1564 2218 1581 2217 1582 2219 1564 2218 1582 2219 1563 2220 1563 2220 1582 2219 1583 2221 1563 2220 1583 2221 1562 2222 1562 2222 1583 2221 1584 2223 1562 2222 1584 2223 1561 2224 1561 2224 1584 2223 1585 2225 1561 2224 1585 2225 1560 2226 1560 2226 1585 2225 1586 2227 1560 2226 1586 2227 1559 2228 1559 2228 1586 2227 1587 2229 1559 2228 1587 2229 1558 2230 1558 2230 1587 2229 1588 2231 1558 2230 1588 2231 1557 2232 1557 2232 1588 2231 1589 2233 1557 2232 1589 2233 1556 2234 1556 2234 1589 2233 1590 2235 1556 2234 1590 2235 1555 2236 1555 2236 1590 2235 1591 2237 1555 2236 1591 2237 1554 2238 1554 2238 1591 2237 1592 2239 1554 2238 1592 2239 1553 2240 1553 2240 1592 2239 1593 2241 1553 2240 1593 2241 1552 2242 1552 2242 1593 2241 1594 2243 1552 2242 1594 2243 1551 2244 1551 2244 1594 2243 1595 2245 1551 2244 1595 2245 1550 2198 1550 2198 1595 2245 1596 2199 1598 2246 904 2247 1597 2248 1597 2248 904 2247 903 2249 1597 2248 903 2249 1620 2250 1620 2250 903 2249 926 2251 1620 2250 926 2251 1619 2252 1619 2252 926 2251 925 2253 1619 2252 925 2253 1618 2254 1618 2254 925 2253 924 2255 1618 2254 924 2255 1617 2256 1617 2256 924 2255 923 2257 1617 2256 923 2257 1616 2258 1616 2258 923 2257 922 2259 1616 2258 922 2259 1615 2260 1615 2260 922 2259 921 2261 1615 2260 921 2261 1614 2262 1614 2262 921 2261 920 2263 1614 2262 920 2263 1613 2264 1613 2264 920 2263 919 2265 1613 2264 919 2265 1612 2266 1612 2266 919 2265 918 2267 1612 2266 918 2267 1611 2268 1611 2268 918 2267 917 2269 1611 2268 917 2269 1610 2270 1610 2270 917 2269 916 2271 1610 2270 916 2271 1609 2272 1609 2272 916 2271 915 2273 1609 2272 915 2273 1608 2274 1608 2274 915 2273 914 2275 1608 2274 914 2275 1607 2276 1607 2276 914 2275 913 2277 1607 2276 913 2277 1606 2278 1606 2278 913 2277 912 2279 1606 2278 912 2279 1605 2280 1605 2280 912 2279 911 2281 1605 2280 911 2281 1604 2282 1604 2282 911 2281 910 2283 1604 2282 910 2283 1603 2284 1603 2284 910 2283 909 2285 1603 2284 909 2285 1602 2286 1602 2286 909 2285 908 2287 1602 2286 908 2287 1601 2288 1601 2288 908 2287 907 2289 1601 2288 907 2289 1600 2290 1600 2290 907 2289 906 2291 1600 2290 906 2291 1599 2292 1599 2292 906 2291 905 2293 1599 2292 905 2293 1598 2246 1598 2246 905 2293 904 2247 1550 2294 1549 2295 1597 2296 1597 2296 1549 2295 1572 2297 1597 2296 1572 2297 1598 2298 1598 2298 1572 2297 1571 2299 1598 2298 1571 2299 1599 2300 1599 2300 1571 2299 1570 2301 1599 2300 1570 2301 1600 2302 1600 2302 1570 2301 1569 2303 1600 2302 1569 2303 1601 2304 1601 2304 1569 2303 1568 2305 1601 2304 1568 2305 1602 2306 1602 2306 1568 2305 1567 2307 1602 2306 1567 2307 1603 2308 1603 2308 1567 2307 1604 2309 1604 2309 1567 2307 1566 2310 1604 2309 1566 2310 1605 2311 1605 2311 1566 2310 1565 2312 1605 2311 1565 2312 1606 2313 1606 2313 1565 2312 1564 2314 1606 2313 1564 2314 1607 2315 1607 2315 1564 2314 1563 2316 1607 2315 1563 2316 1608 2317 1608 2317 1563 2316 1562 2318 1608 2317 1562 2318 1609 2319 1609 2319 1562 2318 1561 2320 1609 2319 1561 2320 1610 2321 1610 2321 1561 2320 1560 2322 1610 2321 1560 2322 1559 2323 1610 2321 1559 2323 1611 2324 1611 2324 1559 2323 1558 2325 1611 2324 1558 2325 1612 2326 1612 2326 1558 2325 1557 2327 1612 2326 1557 2327 1613 2328 1613 2328 1557 2327 1556 2329 1613 2328 1556 2329 1614 2330 1614 2330 1556 2329 1555 2331 1614 2330 1555 2331 1615 2332 1615 2332 1555 2331 1616 2333 1616 2333 1555 2331 1554 2334 1616 2333 1554 2334 1617 2335 1617 2335 1554 2334 1553 2336 1617 2335 1553 2336 1618 2337 1618 2337 1553 2336 1552 2338 1618 2337 1552 2338 1619 2339 1619 2339 1552 2338 1551 2340 1619 2339 1551 2340 1620 2341 1620 2341 1551 2340 1550 2294 1620 2341 1550 2294 1597 2296 1524 2342 1523 2343 1501 2344 1501 2344 1523 2343 1502 2345 1502 2345 1523 2343 1522 2346 1502 2345 1522 2346 1503 2347 1503 2347 1522 2346 1521 2348 1503 2347 1521 2348 1504 2349 1504 2349 1521 2348 1520 2350 1504 2349 1520 2350 1505 2351 1505 2351 1520 2350 1519 2352 1505 2351 1519 2352 1506 2353 1506 2353 1519 2352 1518 2354 1506 2353 1518 2354 1507 2355 1507 2355 1518 2354 1517 2356 1507 2355 1517 2356 1508 2357 1508 2357 1517 2356 1516 2358 1508 2357 1516 2358 1509 2359 1509 2359 1516 2358 1515 2360 1509 2359 1515 2360 1510 2361 1510 2361 1515 2360 1514 2362 1510 2361 1514 2362 1511 2363 1511 2363 1514 2362 1513 2364 1511 2363 1513 2364 1512 2365 1622 2366 1668 2367 1621 2368 1621 2368 1668 2367 1645 2369 1621 2368 1645 2369 1644 2370 1644 2370 1645 2369 1646 2371 1644 2370 1646 2371 1643 2372 1643 2372 1646 2371 1647 2373 1643 2372 1647 2373 1642 2374 1642 2374 1647 2373 1648 2375 1642 2374 1648 2375 1641 2376 1641 2376 1648 2375 1649 2377 1641 2376 1649 2377 1640 2378 1640 2378 1649 2377 1650 2379 1640 2378 1650 2379 1639 2380 1639 2380 1650 2379 1651 2381 1639 2380 1651 2381 1638 2382 1638 2382 1651 2381 1652 2383 1638 2382 1652 2383 1637 2384 1637 2384 1652 2383 1653 2385 1637 2384 1653 2385 1636 2386 1636 2386 1653 2385 1654 2387 1636 2386 1654 2387 1635 2388 1635 2388 1654 2387 1655 2389 1635 2388 1655 2389 1634 2390 1634 2390 1655 2389 1656 2391 1634 2390 1656 2391 1633 2392 1633 2392 1656 2391 1657 2393 1633 2392 1657 2393 1632 2394 1632 2394 1657 2393 1658 2395 1632 2394 1658 2395 1631 2396 1631 2396 1658 2395 1659 2397 1631 2396 1659 2397 1630 2398 1630 2398 1659 2397 1660 2399 1630 2398 1660 2399 1629 2400 1629 2400 1660 2399 1661 2401 1629 2400 1661 2401 1628 2402 1628 2402 1661 2401 1662 2403 1628 2402 1662 2403 1627 2404 1627 2404 1662 2403 1663 2405 1627 2404 1663 2405 1626 2406 1626 2406 1663 2405 1664 2407 1626 2406 1664 2407 1625 2408 1625 2408 1664 2407 1665 2409 1625 2408 1665 2409 1624 2410 1624 2410 1665 2409 1666 2411 1624 2410 1666 2411 1623 2412 1623 2412 1666 2411 1667 2413 1623 2412 1667 2413 1622 2366 1622 2366 1667 2413 1668 2367 1670 2414 1190 2415 1669 2416 1669 2416 1190 2415 1189 2417 1669 2416 1189 2417 1692 2418 1692 2418 1189 2417 1212 2419 1692 2418 1212 2419 1691 2420 1691 2420 1212 2419 1211 2421 1691 2420 1211 2421 1690 2422 1690 2422 1211 2421 1210 2423 1690 2422 1210 2423 1689 2424 1689 2424 1210 2423 1209 2425 1689 2424 1209 2425 1688 2426 1688 2426 1209 2425 1208 2427 1688 2426 1208 2427 1687 2428 1687 2428 1208 2427 1207 2429 1687 2428 1207 2429 1686 2430 1686 2430 1207 2429 1206 2431 1686 2430 1206 2431 1685 2432 1685 2432 1206 2431 1205 2433 1685 2432 1205 2433 1684 2434 1684 2434 1205 2433 1204 2435 1684 2434 1204 2435 1683 2436 1683 2436 1204 2435 1203 2437 1683 2436 1203 2437 1682 2438 1682 2438 1203 2437 1202 2439 1682 2438 1202 2439 1681 2440 1681 2440 1202 2439 1201 2441 1681 2440 1201 2441 1680 2442 1680 2442 1201 2441 1200 2443 1680 2442 1200 2443 1679 2444 1679 2444 1200 2443 1199 2445 1679 2444 1199 2445 1678 2446 1678 2446 1199 2445 1198 2447 1678 2446 1198 2447 1677 2448 1677 2448 1198 2447 1197 2449 1677 2448 1197 2449 1676 2450 1676 2450 1197 2449 1196 2451 1676 2450 1196 2451 1675 2452 1675 2452 1196 2451 1195 2453 1675 2452 1195 2453 1674 2454 1674 2454 1195 2453 1194 2455 1674 2454 1194 2455 1673 2456 1673 2456 1194 2455 1193 2457 1673 2456 1193 2457 1672 2458 1672 2458 1193 2457 1192 2459 1672 2458 1192 2459 1671 2460 1671 2460 1192 2459 1191 2461 1671 2460 1191 2461 1670 2414 1670 2414 1191 2461 1190 2415 1622 2462 1621 2463 1669 2464 1669 2464 1621 2463 1644 2465 1669 2464 1644 2465 1670 2466 1670 2466 1644 2465 1643 2467 1670 2466 1643 2467 1671 2468 1671 2468 1643 2467 1642 2469 1671 2468 1642 2469 1672 2470 1672 2470 1642 2469 1641 2471 1672 2470 1641 2471 1673 2472 1673 2472 1641 2471 1640 2473 1673 2472 1640 2473 1674 2474 1674 2474 1640 2473 1639 2475 1674 2474 1639 2475 1675 2476 1675 2476 1639 2475 1676 2477 1676 2477 1639 2475 1638 2478 1676 2477 1638 2478 1677 2479 1677 2479 1638 2478 1637 2480 1677 2479 1637 2480 1678 2481 1678 2481 1637 2480 1636 2482 1678 2481 1636 2482 1679 2483 1679 2483 1636 2482 1635 2484 1679 2483 1635 2484 1680 2485 1680 2485 1635 2484 1634 2486 1680 2485 1634 2486 1681 2487 1681 2487 1634 2486 1633 2488 1681 2487 1633 2488 1682 2489 1682 2489 1633 2488 1632 2490 1682 2489 1632 2490 1631 2491 1682 2489 1631 2491 1683 2492 1683 2492 1631 2491 1630 2493 1683 2492 1630 2493 1684 2494 1684 2494 1630 2493 1629 2495 1684 2494 1629 2495 1685 2496 1685 2496 1629 2495 1628 2497 1685 2496 1628 2497 1686 2498 1686 2498 1628 2497 1627 2499 1686 2498 1627 2499 1687 2500 1687 2500 1627 2499 1688 2501 1688 2501 1627 2499 1626 2502 1688 2501 1626 2502 1689 2503 1689 2503 1626 2502 1625 2504 1689 2503 1625 2504 1690 2505 1690 2505 1625 2504 1624 2506 1690 2505 1624 2506 1691 2507 1691 2507 1624 2506 1623 2508 1691 2507 1623 2508 1692 2509 1692 2509 1623 2508 1622 2462 1692 2509 1622 2462 1669 2464 1596 2510 1594 2511 1573 2512 1573 2512 1594 2511 1593 2513 1573 2512 1593 2513 1574 2514 1574 2514 1593 2513 1592 2515 1574 2514 1592 2515 1575 2516 1575 2516 1592 2515 1591 2517 1575 2516 1591 2517 1576 2518 1576 2518 1591 2517 1590 2519 1576 2518 1590 2519 1577 2520 1577 2520 1590 2519 1589 2521 1577 2520 1589 2521 1578 2522 1578 2522 1589 2521 1588 2523 1578 2522 1588 2523 1579 2524 1579 2524 1588 2523 1587 2525 1579 2524 1587 2525 1580 2526 1580 2526 1587 2525 1586 2527 1580 2526 1586 2527 1581 2528 1581 2528 1586 2527 1585 2529 1581 2528 1585 2529 1582 2530 1582 2530 1585 2529 1584 2531 1582 2530 1584 2531 1583 2532 1596 2510 1595 2533 1594 2511 1694 2534 1740 2535 1693 2536 1693 2536 1740 2535 1717 2537 1693 2536 1717 2537 1716 2538 1716 2538 1717 2537 1718 2539 1716 2538 1718 2539 1715 2540 1715 2540 1718 2539 1719 2541 1715 2540 1719 2541 1714 2542 1714 2542 1719 2541 1720 2543 1714 2542 1720 2543 1713 2544 1713 2544 1720 2543 1721 2545 1713 2544 1721 2545 1712 2546 1712 2546 1721 2545 1722 2547 1712 2546 1722 2547 1711 2548 1711 2548 1722 2547 1723 2549 1711 2548 1723 2549 1710 2550 1710 2550 1723 2549 1724 2551 1710 2550 1724 2551 1709 2552 1709 2552 1724 2551 1725 2553 1709 2552 1725 2553 1708 2554 1708 2554 1725 2553 1726 2555 1708 2554 1726 2555 1707 2556 1707 2556 1726 2555 1727 2557 1707 2556 1727 2557 1706 2558 1706 2558 1727 2557 1728 2559 1706 2558 1728 2559 1705 2560 1705 2560 1728 2559 1729 2561 1705 2560 1729 2561 1704 2562 1704 2562 1729 2561 1730 2563 1704 2562 1730 2563 1703 2564 1703 2564 1730 2563 1731 2565 1703 2564 1731 2565 1702 2566 1702 2566 1731 2565 1732 2567 1702 2566 1732 2567 1701 2568 1701 2568 1732 2567 1733 2569 1701 2568 1733 2569 1700 2570 1700 2570 1733 2569 1734 2571 1700 2570 1734 2571 1699 2572 1699 2572 1734 2571 1735 2573 1699 2572 1735 2573 1698 2574 1698 2574 1735 2573 1736 2575 1698 2574 1736 2575 1697 2576 1697 2576 1736 2575 1737 2577 1697 2576 1737 2577 1696 2578 1696 2578 1737 2577 1738 2579 1696 2578 1738 2579 1695 2580 1695 2580 1738 2579 1739 2581 1695 2580 1739 2581 1694 2534 1694 2534 1739 2581 1740 2535 1742 2582 928 2583 1741 2584 1741 2584 928 2583 927 2585 1741 2584 927 2585 1764 2586 1764 2586 927 2585 950 2587 1764 2586 950 2587 1763 2588 1763 2588 950 2587 949 2589 1763 2588 949 2589 1762 2590 1762 2590 949 2589 948 2591 1762 2590 948 2591 1761 2592 1761 2592 948 2591 947 2593 1761 2592 947 2593 1760 2594 1760 2594 947 2593 946 2595 1760 2594 946 2595 1759 2596 1759 2596 946 2595 945 2597 1759 2596 945 2597 1758 2598 1758 2598 945 2597 944 2599 1758 2598 944 2599 1757 2600 1757 2600 944 2599 943 2601 1757 2600 943 2601 1756 2602 1756 2602 943 2601 942 2603 1756 2602 942 2603 1755 2604 1755 2604 942 2603 941 2605 1755 2604 941 2605 1754 2606 1754 2606 941 2605 940 2607 1754 2606 940 2607 1753 2608 1753 2608 940 2607 939 2609 1753 2608 939 2609 1752 2610 1752 2610 939 2609 938 2611 1752 2610 938 2611 1751 2612 1751 2612 938 2611 937 2613 1751 2612 937 2613 1750 2614 1750 2614 937 2613 936 2615 1750 2614 936 2615 1749 2616 1749 2616 936 2615 935 2617 1749 2616 935 2617 1748 2618 1748 2618 935 2617 934 2619 1748 2618 934 2619 1747 2620 1747 2620 934 2619 933 2621 1747 2620 933 2621 1746 2622 1746 2622 933 2621 932 2623 1746 2622 932 2623 1745 2624 1745 2624 932 2623 931 2625 1745 2624 931 2625 1744 2626 1744 2626 931 2625 930 2627 1744 2626 930 2627 1743 2628 1743 2628 930 2627 929 2629 1743 2628 929 2629 1742 2582 1742 2582 929 2629 928 2583 1694 2630 1693 2631 1741 2632 1741 2632 1693 2631 1716 2633 1741 2632 1716 2633 1742 2634 1742 2634 1716 2633 1715 2635 1742 2634 1715 2635 1743 2636 1743 2636 1715 2635 1714 2637 1743 2636 1714 2637 1744 2638 1744 2638 1714 2637 1713 2639 1744 2638 1713 2639 1745 2640 1745 2640 1713 2639 1712 2641 1745 2640 1712 2641 1746 2642 1746 2642 1712 2641 1711 2643 1746 2642 1711 2643 1747 2644 1747 2644 1711 2643 1748 2645 1748 2645 1711 2643 1710 2646 1748 2645 1710 2646 1749 2647 1749 2647 1710 2646 1709 2648 1749 2647 1709 2648 1750 2649 1750 2649 1709 2648 1708 2650 1750 2649 1708 2650 1751 2651 1751 2651 1708 2650 1707 2652 1751 2651 1707 2652 1752 2653 1752 2653 1707 2652 1706 2654 1752 2653 1706 2654 1753 2655 1753 2655 1706 2654 1705 2656 1753 2655 1705 2656 1754 2657 1754 2657 1705 2656 1704 2658 1754 2657 1704 2658 1703 2659 1754 2657 1703 2659 1755 2660 1755 2660 1703 2659 1702 2661 1755 2660 1702 2661 1756 2662 1756 2662 1702 2661 1701 2663 1756 2662 1701 2663 1757 2664 1757 2664 1701 2663 1700 2665 1757 2664 1700 2665 1758 2666 1758 2666 1700 2665 1699 2667 1758 2666 1699 2667 1759 2668 1759 2668 1699 2667 1760 2669 1760 2669 1699 2667 1698 2670 1760 2669 1698 2670 1761 2671 1761 2671 1698 2670 1697 2672 1761 2671 1697 2672 1762 2673 1762 2673 1697 2672 1696 2674 1762 2673 1696 2674 1763 2675 1763 2675 1696 2674 1695 2676 1763 2675 1695 2676 1764 2677 1764 2677 1695 2676 1694 2630 1764 2677 1694 2630 1741 2632 1668 2678 1663 2679 1645 2680 1645 2680 1663 2679 1662 2681 1645 2680 1662 2681 1646 2682 1646 2682 1662 2681 1661 2683 1646 2682 1661 2683 1647 2684 1647 2684 1661 2683 1660 2685 1647 2684 1660 2685 1648 2686 1648 2686 1660 2685 1659 2687 1648 2686 1659 2687 1649 2688 1649 2688 1659 2687 1658 2689 1649 2688 1658 2689 1650 2690 1650 2690 1658 2689 1657 2691 1650 2690 1657 2691 1651 2692 1651 2692 1657 2691 1656 2693 1651 2692 1656 2693 1652 2694 1652 2694 1656 2693 1655 2695 1652 2694 1655 2695 1653 2696 1653 2696 1655 2695 1654 2697 1663 2679 1668 2678 1664 2698 1664 2698 1668 2678 1667 2699 1664 2698 1667 2699 1665 2700 1665 2700 1667 2699 1666 2701 1766 2702 1812 2703 1765 2704 1765 2704 1812 2703 1789 2705 1765 2704 1789 2705 1788 2706 1788 2706 1789 2705 1790 2707 1788 2706 1790 2707 1787 2708 1787 2708 1790 2707 1791 2709 1787 2708 1791 2709 1786 2710 1786 2710 1791 2709 1792 2711 1786 2710 1792 2711 1785 2712 1785 2712 1792 2711 1793 2713 1785 2712 1793 2713 1784 2714 1784 2714 1793 2713 1794 2715 1784 2714 1794 2715 1783 2716 1783 2716 1794 2715 1795 2717 1783 2716 1795 2717 1782 2718 1782 2718 1795 2717 1796 2719 1782 2718 1796 2719 1781 2720 1781 2720 1796 2719 1797 2721 1781 2720 1797 2721 1780 2722 1780 2722 1797 2721 1798 2723 1780 2722 1798 2723 1779 2724 1779 2724 1798 2723 1799 2725 1779 2724 1799 2725 1778 2726 1778 2726 1799 2725 1800 2727 1778 2726 1800 2727 1777 2728 1777 2728 1800 2727 1801 2729 1777 2728 1801 2729 1776 2730 1776 2730 1801 2729 1802 2731 1776 2730 1802 2731 1775 2732 1775 2732 1802 2731 1803 2733 1775 2732 1803 2733 1774 2734 1774 2734 1803 2733 1804 2735 1774 2734 1804 2735 1773 2736 1773 2736 1804 2735 1805 2737 1773 2736 1805 2737 1772 2738 1772 2738 1805 2737 1806 2739 1772 2738 1806 2739 1771 2740 1771 2740 1806 2739 1807 2741 1771 2740 1807 2741 1770 2742 1770 2742 1807 2741 1808 2743 1770 2742 1808 2743 1769 2744 1769 2744 1808 2743 1809 2745 1769 2744 1809 2745 1768 2746 1768 2746 1809 2745 1810 2747 1768 2746 1810 2747 1767 2748 1767 2748 1810 2747 1811 2749 1767 2748 1811 2749 1766 2702 1766 2702 1811 2749 1812 2703 1814 2750 1166 2751 1813 2752 1813 2752 1166 2751 1165 2753 1813 2752 1165 2753 1836 2754 1836 2754 1165 2753 1188 2755 1836 2754 1188 2755 1835 2756 1835 2756 1188 2755 1187 2757 1835 2756 1187 2757 1834 2758 1834 2758 1187 2757 1186 2759 1834 2758 1186 2759 1833 2760 1833 2760 1186 2759 1185 2761 1833 2760 1185 2761 1832 2762 1832 2762 1185 2761 1184 2763 1832 2762 1184 2763 1831 2764 1831 2764 1184 2763 1183 2765 1831 2764 1183 2765 1830 2766 1830 2766 1183 2765 1182 2767 1830 2766 1182 2767 1829 2768 1829 2768 1182 2767 1181 2769 1829 2768 1181 2769 1828 2770 1828 2770 1181 2769 1180 2771 1828 2770 1180 2771 1827 2772 1827 2772 1180 2771 1179 2773 1827 2772 1179 2773 1826 2774 1826 2774 1179 2773 1178 2775 1826 2774 1178 2775 1825 2776 1825 2776 1178 2775 1177 2777 1825 2776 1177 2777 1824 2778 1824 2778 1177 2777 1176 2779 1824 2778 1176 2779 1823 2780 1823 2780 1176 2779 1175 2781 1823 2780 1175 2781 1822 2782 1822 2782 1175 2781 1174 2783 1822 2782 1174 2783 1821 2784 1821 2784 1174 2783 1173 2785 1821 2784 1173 2785 1820 2786 1820 2786 1173 2785 1172 2787 1820 2786 1172 2787 1819 2788 1819 2788 1172 2787 1171 2789 1819 2788 1171 2789 1818 2790 1818 2790 1171 2789 1170 2791 1818 2790 1170 2791 1817 2792 1817 2792 1170 2791 1169 2793 1817 2792 1169 2793 1816 2794 1816 2794 1169 2793 1168 2795 1816 2794 1168 2795 1815 2796 1815 2796 1168 2795 1167 2797 1815 2796 1167 2797 1814 2750 1814 2750 1167 2797 1166 2751 1766 2798 1765 2799 1813 2800 1813 2800 1765 2799 1788 2801 1813 2800 1788 2801 1814 2802 1814 2802 1788 2801 1787 2803 1814 2802 1787 2803 1815 2804 1815 2804 1787 2803 1786 2805 1815 2804 1786 2805 1816 2806 1816 2806 1786 2805 1785 2807 1816 2806 1785 2807 1817 2808 1817 2808 1785 2807 1784 2809 1817 2808 1784 2809 1818 2810 1818 2810 1784 2809 1783 2811 1818 2810 1783 2811 1819 2812 1819 2812 1783 2811 1820 2813 1820 2813 1783 2811 1782 2814 1820 2813 1782 2814 1821 2815 1821 2815 1782 2814 1781 2816 1821 2815 1781 2816 1822 2817 1822 2817 1781 2816 1780 2818 1822 2817 1780 2818 1823 2819 1823 2819 1780 2818 1779 2820 1823 2819 1779 2820 1824 2821 1824 2821 1779 2820 1778 2822 1824 2821 1778 2822 1825 2823 1825 2823 1778 2822 1777 2824 1825 2823 1777 2824 1826 2825 1826 2825 1777 2824 1776 2826 1826 2825 1776 2826 1775 2827 1826 2825 1775 2827 1827 2828 1827 2828 1775 2827 1774 2829 1827 2828 1774 2829 1828 2830 1828 2830 1774 2829 1773 2831 1828 2830 1773 2831 1829 2832 1829 2832 1773 2831 1772 2833 1829 2832 1772 2833 1830 2834 1830 2834 1772 2833 1771 2835 1830 2834 1771 2835 1831 2836 1831 2836 1771 2835 1832 2837 1832 2837 1771 2835 1770 2838 1832 2837 1770 2838 1833 2839 1833 2839 1770 2838 1769 2840 1833 2839 1769 2840 1834 2841 1834 2841 1769 2840 1768 2842 1834 2841 1768 2842 1835 2843 1835 2843 1768 2842 1767 2844 1835 2843 1767 2844 1836 2845 1836 2845 1767 2844 1766 2798 1836 2845 1766 2798 1813 2800 1740 2846 1732 2847 1717 2848 1717 2848 1732 2847 1731 2849 1717 2848 1731 2849 1718 2850 1718 2850 1731 2849 1730 2851 1718 2850 1730 2851 1719 2852 1719 2852 1730 2851 1729 2853 1719 2852 1729 2853 1720 2854 1720 2854 1729 2853 1728 2855 1720 2854 1728 2855 1721 2856 1721 2856 1728 2855 1727 2857 1721 2856 1727 2857 1722 2858 1722 2858 1727 2857 1726 2859 1722 2858 1726 2859 1723 2860 1723 2860 1726 2859 1725 2861 1723 2860 1725 2861 1724 2862 1732 2847 1740 2846 1733 2863 1733 2863 1740 2846 1739 2864 1733 2863 1739 2864 1734 2865 1734 2865 1739 2864 1738 2866 1734 2865 1738 2866 1735 2867 1735 2867 1738 2866 1737 2868 1735 2867 1737 2868 1736 2869 1838 2870 1884 2871 1837 2872 1837 2872 1884 2871 1861 2873 1837 2872 1861 2873 1860 2874 1860 2874 1861 2873 1862 2875 1860 2874 1862 2875 1859 2876 1859 2876 1862 2875 1863 2877 1859 2876 1863 2877 1858 2878 1858 2878 1863 2877 1864 2879 1858 2878 1864 2879 1857 2880 1857 2880 1864 2879 1865 2881 1857 2880 1865 2881 1856 2882 1856 2882 1865 2881 1866 2883 1856 2882 1866 2883 1855 2884 1855 2884 1866 2883 1867 2885 1855 2884 1867 2885 1854 2886 1854 2886 1867 2885 1868 2887 1854 2886 1868 2887 1853 2888 1853 2888 1868 2887 1869 2889 1853 2888 1869 2889 1852 2890 1852 2890 1869 2889 1870 2891 1852 2890 1870 2891 1851 2892 1851 2892 1870 2891 1871 2893 1851 2892 1871 2893 1850 2894 1850 2894 1871 2893 1872 2895 1850 2894 1872 2895 1849 2896 1849 2896 1872 2895 1873 2897 1849 2896 1873 2897 1848 2898 1848 2898 1873 2897 1874 2899 1848 2898 1874 2899 1847 2900 1847 2900 1874 2899 1875 2901 1847 2900 1875 2901 1846 2902 1846 2902 1875 2901 1876 2903 1846 2902 1876 2903 1845 2904 1845 2904 1876 2903 1877 2905 1845 2904 1877 2905 1844 2906 1844 2906 1877 2905 1878 2907 1844 2906 1878 2907 1843 2908 1843 2908 1878 2907 1879 2909 1843 2908 1879 2909 1842 2910 1842 2910 1879 2909 1880 2911 1842 2910 1880 2911 1841 2912 1841 2912 1880 2911 1881 2913 1841 2912 1881 2913 1840 2914 1840 2914 1881 2913 1882 2915 1840 2914 1882 2915 1839 2916 1839 2916 1882 2915 1883 2917 1839 2916 1883 2917 1838 2870 1838 2870 1883 2917 1884 2871 1886 2918 952 2919 1885 2920 1885 2920 952 2919 951 2921 1885 2920 951 2921 1908 2922 1908 2922 951 2921 974 2923 1908 2922 974 2923 1907 2924 1907 2924 974 2923 973 2925 1907 2924 973 2925 1906 2926 1906 2926 973 2925 972 2927 1906 2926 972 2927 1905 2928 1905 2928 972 2927 971 2929 1905 2928 971 2929 1904 2930 1904 2930 971 2929 970 2931 1904 2930 970 2931 1903 2932 1903 2932 970 2931 969 2933 1903 2932 969 2933 1902 2934 1902 2934 969 2933 968 2935 1902 2934 968 2935 1901 2936 1901 2936 968 2935 967 2937 1901 2936 967 2937 1900 2938 1900 2938 967 2937 966 2939 1900 2938 966 2939 1899 2940 1899 2940 966 2939 965 2941 1899 2940 965 2941 1898 2942 1898 2942 965 2941 964 2943 1898 2942 964 2943 1897 2944 1897 2944 964 2943 963 2945 1897 2944 963 2945 1896 2946 1896 2946 963 2945 962 2947 1896 2946 962 2947 1895 2948 1895 2948 962 2947 961 2949 1895 2948 961 2949 1894 2950 1894 2950 961 2949 960 2951 1894 2950 960 2951 1893 2952 1893 2952 960 2951 959 2953 1893 2952 959 2953 1892 2954 1892 2954 959 2953 958 2955 1892 2954 958 2955 1891 2956 1891 2956 958 2955 957 2957 1891 2956 957 2957 1890 2958 1890 2958 957 2957 956 2959 1890 2958 956 2959 1889 2960 1889 2960 956 2959 955 2961 1889 2960 955 2961 1888 2962 1888 2962 955 2961 954 2963 1888 2962 954 2963 1887 2964 1887 2964 954 2963 953 2965 1887 2964 953 2965 1886 2918 1886 2918 953 2965 952 2919 1838 2966 1837 2967 1885 2968 1885 2968 1837 2967 1860 2969 1885 2968 1860 2969 1886 2970 1886 2970 1860 2969 1859 2971 1886 2970 1859 2971 1887 2972 1887 2972 1859 2971 1858 2973 1887 2972 1858 2973 1888 2974 1888 2974 1858 2973 1857 2975 1888 2974 1857 2975 1889 2976 1889 2976 1857 2975 1856 2977 1889 2976 1856 2977 1890 2978 1890 2978 1856 2977 1855 2979 1890 2978 1855 2979 1891 2980 1891 2980 1855 2979 1892 2981 1892 2981 1855 2979 1854 2982 1892 2981 1854 2982 1893 2983 1893 2983 1854 2982 1853 2984 1893 2983 1853 2984 1894 2985 1894 2985 1853 2984 1852 2986 1894 2985 1852 2986 1895 2987 1895 2987 1852 2986 1851 2988 1895 2987 1851 2988 1896 2989 1896 2989 1851 2988 1850 2990 1896 2989 1850 2990 1897 2991 1897 2991 1850 2990 1849 2992 1897 2991 1849 2992 1898 2993 1898 2993 1849 2992 1848 2994 1898 2993 1848 2994 1847 2995 1898 2993 1847 2995 1899 2996 1899 2996 1847 2995 1846 2997 1899 2996 1846 2997 1900 2998 1900 2998 1846 2997 1845 2999 1900 2998 1845 2999 1901 3000 1901 3000 1845 2999 1844 3001 1901 3000 1844 3001 1902 3002 1902 3002 1844 3001 1843 3003 1902 3002 1843 3003 1903 3004 1903 3004 1843 3003 1904 3005 1904 3005 1843 3003 1842 3006 1904 3005 1842 3006 1905 3007 1905 3007 1842 3006 1841 3008 1905 3007 1841 3008 1906 3009 1906 3009 1841 3008 1840 3010 1906 3009 1840 3010 1907 3011 1907 3011 1840 3010 1839 3012 1907 3011 1839 3012 1908 3013 1908 3013 1839 3012 1838 2966 1908 3013 1838 2966 1885 2968 1812 3014 1802 3015 1789 3016 1789 3016 1802 3015 1801 3017 1789 3016 1801 3017 1790 3018 1790 3018 1801 3017 1800 3019 1790 3018 1800 3019 1791 3020 1791 3020 1800 3019 1799 3021 1791 3020 1799 3021 1792 3022 1792 3022 1799 3021 1798 3023 1792 3022 1798 3023 1793 3024 1793 3024 1798 3023 1797 3025 1793 3024 1797 3025 1794 3026 1794 3026 1797 3025 1796 3027 1794 3026 1796 3027 1795 3028 1802 3015 1812 3014 1803 3029 1803 3029 1812 3014 1811 3030 1803 3029 1811 3030 1804 3031 1804 3031 1811 3030 1810 3032 1804 3031 1810 3032 1805 3033 1805 3033 1810 3032 1809 3034 1805 3033 1809 3034 1806 3035 1806 3035 1809 3034 1808 3036 1806 3035 1808 3036 1807 3037 1910 3038 1956 3039 1909 3040 1909 3040 1956 3039 1933 3041 1909 3040 1933 3041 1932 3042 1932 3042 1933 3041 1934 3043 1932 3042 1934 3043 1931 3044 1931 3044 1934 3043 1935 3045 1931 3044 1935 3045 1930 3046 1930 3046 1935 3045 1936 3047 1930 3046 1936 3047 1929 3048 1929 3048 1936 3047 1937 3049 1929 3048 1937 3049 1928 3050 1928 3050 1937 3049 1938 3051 1928 3050 1938 3051 1927 3052 1927 3052 1938 3051 1939 3053 1927 3052 1939 3053 1926 3054 1926 3054 1939 3053 1940 3055 1926 3054 1940 3055 1925 3056 1925 3056 1940 3055 1941 3057 1925 3056 1941 3057 1924 3058 1924 3058 1941 3057 1942 3059 1924 3058 1942 3059 1923 3060 1923 3060 1942 3059 1943 3061 1923 3060 1943 3061 1922 3062 1922 3062 1943 3061 1944 3063 1922 3062 1944 3063 1921 3064 1921 3064 1944 3063 1945 3065 1921 3064 1945 3065 1920 3066 1920 3066 1945 3065 1946 3067 1920 3066 1946 3067 1919 3068 1919 3068 1946 3067 1947 3069 1919 3068 1947 3069 1918 3070 1918 3070 1947 3069 1948 3071 1918 3070 1948 3071 1917 3072 1917 3072 1948 3071 1949 3073 1917 3072 1949 3073 1916 3074 1916 3074 1949 3073 1950 3075 1916 3074 1950 3075 1915 3076 1915 3076 1950 3075 1951 3077 1915 3076 1951 3077 1914 3078 1914 3078 1951 3077 1952 3079 1914 3078 1952 3079 1913 3080 1913 3080 1952 3079 1953 3081 1913 3080 1953 3081 1912 3082 1912 3082 1953 3081 1954 3083 1912 3082 1954 3083 1911 3084 1911 3084 1954 3083 1955 3085 1911 3084 1955 3085 1910 3038 1910 3038 1955 3085 1956 3039 1958 3086 1142 3087 1957 3088 1957 3088 1142 3087 1141 3089 1957 3088 1141 3089 1980 3090 1980 3090 1141 3089 1164 3091 1980 3090 1164 3091 1979 3092 1979 3092 1164 3091 1163 3093 1979 3092 1163 3093 1978 3094 1978 3094 1163 3093 1162 3095 1978 3094 1162 3095 1977 3096 1977 3096 1162 3095 1161 3097 1977 3096 1161 3097 1976 3098 1976 3098 1161 3097 1160 3099 1976 3098 1160 3099 1975 3100 1975 3100 1160 3099 1159 3101 1975 3100 1159 3101 1974 3102 1974 3102 1159 3101 1158 3103 1974 3102 1158 3103 1973 3104 1973 3104 1158 3103 1157 3105 1973 3104 1157 3105 1972 3106 1972 3106 1157 3105 1156 3107 1972 3106 1156 3107 1971 3108 1971 3108 1156 3107 1155 3109 1971 3108 1155 3109 1970 3110 1970 3110 1155 3109 1154 3111 1970 3110 1154 3111 1969 3112 1969 3112 1154 3111 1153 3113 1969 3112 1153 3113 1968 3114 1968 3114 1153 3113 1152 3115 1968 3114 1152 3115 1967 3116 1967 3116 1152 3115 1151 3117 1967 3116 1151 3117 1966 3118 1966 3118 1151 3117 1150 3119 1966 3118 1150 3119 1965 3120 1965 3120 1150 3119 1149 3121 1965 3120 1149 3121 1964 3122 1964 3122 1149 3121 1148 3123 1964 3122 1148 3123 1963 3124 1963 3124 1148 3123 1147 3125 1963 3124 1147 3125 1962 3126 1962 3126 1147 3125 1146 3127 1962 3126 1146 3127 1961 3128 1961 3128 1146 3127 1145 3129 1961 3128 1145 3129 1960 3130 1960 3130 1145 3129 1144 3131 1960 3130 1144 3131 1959 3132 1959 3132 1144 3131 1143 3133 1959 3132 1143 3133 1958 3086 1958 3086 1143 3133 1142 3087 1910 3134 1909 3135 1957 3136 1957 3136 1909 3135 1932 3137 1957 3136 1932 3137 1958 3138 1958 3138 1932 3137 1931 3139 1958 3138 1931 3139 1959 3140 1959 3140 1931 3139 1930 3141 1959 3140 1930 3141 1960 3142 1960 3142 1930 3141 1929 3143 1960 3142 1929 3143 1961 3144 1961 3144 1929 3143 1928 3145 1961 3144 1928 3145 1962 3146 1962 3146 1928 3145 1927 3147 1962 3146 1927 3147 1963 3148 1963 3148 1927 3147 1964 3149 1964 3149 1927 3147 1926 3150 1964 3149 1926 3150 1965 3151 1965 3151 1926 3150 1925 3152 1965 3151 1925 3152 1966 3153 1966 3153 1925 3152 1924 3154 1966 3153 1924 3154 1967 3155 1967 3155 1924 3154 1923 3156 1967 3155 1923 3156 1968 3157 1968 3157 1923 3156 1922 3158 1968 3157 1922 3158 1969 3159 1969 3159 1922 3158 1921 3160 1969 3159 1921 3160 1970 3161 1970 3161 1921 3160 1920 3162 1970 3161 1920 3162 1919 3163 1970 3161 1919 3163 1971 3164 1971 3164 1919 3163 1918 3165 1971 3164 1918 3165 1972 3166 1972 3166 1918 3165 1917 3167 1972 3166 1917 3167 1973 3168 1973 3168 1917 3167 1916 3169 1973 3168 1916 3169 1974 3170 1974 3170 1916 3169 1915 3171 1974 3170 1915 3171 1975 3172 1975 3172 1915 3171 1976 3173 1976 3173 1915 3171 1914 3174 1976 3173 1914 3174 1977 3175 1977 3175 1914 3174 1913 3176 1977 3175 1913 3176 1978 3177 1978 3177 1913 3176 1912 3178 1978 3177 1912 3178 1979 3179 1979 3179 1912 3178 1911 3180 1979 3179 1911 3180 1980 3181 1980 3181 1911 3180 1910 3134 1980 3181 1910 3134 1957 3136 1884 3182 1871 3183 1861 3184 1861 3184 1871 3183 1870 3185 1861 3184 1870 3185 1862 3186 1862 3186 1870 3185 1869 3187 1862 3186 1869 3187 1863 3188 1863 3188 1869 3187 1868 3189 1863 3188 1868 3189 1864 3190 1864 3190 1868 3189 1867 3191 1864 3190 1867 3191 1865 3192 1865 3192 1867 3191 1866 3193 1871 3183 1884 3182 1872 3194 1872 3194 1884 3182 1883 3195 1872 3194 1883 3195 1873 3196 1873 3196 1883 3195 1882 3197 1873 3196 1882 3197 1874 3198 1874 3198 1882 3197 1881 3199 1874 3198 1881 3199 1875 3200 1875 3200 1881 3199 1880 3201 1875 3200 1880 3201 1876 3202 1876 3202 1880 3201 1879 3203 1876 3202 1879 3203 1877 3204 1877 3204 1879 3203 1878 3205 1982 3206 2028 3207 1981 3208 1981 3208 2028 3207 2005 3209 1981 3208 2005 3209 2004 3210 2004 3210 2005 3209 2006 3211 2004 3210 2006 3211 2003 3212 2003 3212 2006 3211 2007 3213 2003 3212 2007 3213 2002 3214 2002 3214 2007 3213 2008 3215 2002 3214 2008 3215 2001 3216 2001 3216 2008 3215 2009 3217 2001 3216 2009 3217 2000 3218 2000 3218 2009 3217 2010 3219 2000 3218 2010 3219 1999 3220 1999 3220 2010 3219 2011 3221 1999 3220 2011 3221 1998 3222 1998 3222 2011 3221 2012 3223 1998 3222 2012 3223 1997 3224 1997 3224 2012 3223 2013 3225 1997 3224 2013 3225 1996 3226 1996 3226 2013 3225 2014 3227 1996 3226 2014 3227 1995 3228 1995 3228 2014 3227 2015 3229 1995 3228 2015 3229 1994 3230 1994 3230 2015 3229 2016 3231 1994 3230 2016 3231 1993 3232 1993 3232 2016 3231 2017 3233 1993 3232 2017 3233 1992 3234 1992 3234 2017 3233 2018 3235 1992 3234 2018 3235 1991 3236 1991 3236 2018 3235 2019 3237 1991 3236 2019 3237 1990 3238 1990 3238 2019 3237 2020 3239 1990 3238 2020 3239 1989 3240 1989 3240 2020 3239 2021 3241 1989 3240 2021 3241 1988 3242 1988 3242 2021 3241 2022 3243 1988 3242 2022 3243 1987 3244 1987 3244 2022 3243 2023 3245 1987 3244 2023 3245 1986 3246 1986 3246 2023 3245 2024 3247 1986 3246 2024 3247 1985 3248 1985 3248 2024 3247 2025 3249 1985 3248 2025 3249 1984 3250 1984 3250 2025 3249 2026 3251 1984 3250 2026 3251 1983 3252 1983 3252 2026 3251 2027 3253 1983 3252 2027 3253 1982 3206 1982 3206 2027 3253 2028 3207 2030 3254 976 3255 2029 3256 2029 3256 976 3255 975 3257 2029 3256 975 3257 2052 3258 2052 3258 975 3257 998 3259 2052 3258 998 3259 2051 3260 2051 3260 998 3259 997 3261 2051 3260 997 3261 2050 3262 2050 3262 997 3261 996 3263 2050 3262 996 3263 2049 3264 2049 3264 996 3263 995 3265 2049 3264 995 3265 2048 3266 2048 3266 995 3265 994 3267 2048 3266 994 3267 2047 3268 2047 3268 994 3267 993 3269 2047 3268 993 3269 2046 3270 2046 3270 993 3269 992 3271 2046 3270 992 3271 2045 3272 2045 3272 992 3271 991 3273 2045 3272 991 3273 2044 3274 2044 3274 991 3273 990 3275 2044 3274 990 3275 2043 3276 2043 3276 990 3275 989 3277 2043 3276 989 3277 2042 3278 2042 3278 989 3277 988 3279 2042 3278 988 3279 2041 3280 2041 3280 988 3279 987 3281 2041 3280 987 3281 2040 3282 2040 3282 987 3281 986 3283 2040 3282 986 3283 2039 3284 2039 3284 986 3283 985 3285 2039 3284 985 3285 2038 3286 2038 3286 985 3285 984 3287 2038 3286 984 3287 2037 3288 2037 3288 984 3287 983 3289 2037 3288 983 3289 2036 3290 2036 3290 983 3289 982 3291 2036 3290 982 3291 2035 3292 2035 3292 982 3291 981 3293 2035 3292 981 3293 2034 3294 2034 3294 981 3293 980 3295 2034 3294 980 3295 2033 3296 2033 3296 980 3295 979 3297 2033 3296 979 3297 2032 3298 2032 3298 979 3297 978 3299 2032 3298 978 3299 2031 3300 2031 3300 978 3299 977 3301 2031 3300 977 3301 2030 3254 2030 3254 977 3301 976 3255 1982 3302 1981 3303 2029 3304 2029 3304 1981 3303 2004 3305 2029 3304 2004 3305 2030 3306 2030 3306 2004 3305 2003 3307 2030 3306 2003 3307 2031 3308 2031 3308 2003 3307 2002 3309 2031 3308 2002 3309 2032 3310 2032 3310 2002 3309 2001 3311 2032 3310 2001 3311 2033 3312 2033 3312 2001 3311 2000 3313 2033 3312 2000 3313 2034 3314 2034 3314 2000 3313 1999 3315 2034 3314 1999 3315 2035 3316 2035 3316 1999 3315 2036 3317 2036 3317 1999 3315 1998 3318 2036 3317 1998 3318 2037 3319 2037 3319 1998 3318 1997 3320 2037 3319 1997 3320 2038 3321 2038 3321 1997 3320 1996 3322 2038 3321 1996 3322 2039 3323 2039 3323 1996 3322 1995 3324 2039 3323 1995 3324 2040 3325 2040 3325 1995 3324 1994 3326 2040 3325 1994 3326 2041 3327 2041 3327 1994 3326 1993 3328 2041 3327 1993 3328 2042 3329 2042 3329 1993 3328 1992 3330 2042 3329 1992 3330 1991 3331 2042 3329 1991 3331 2043 3332 2043 3332 1991 3331 1990 3333 2043 3332 1990 3333 2044 3334 2044 3334 1990 3333 1989 3335 2044 3334 1989 3335 2045 3336 2045 3336 1989 3335 1988 3337 2045 3336 1988 3337 2046 3338 2046 3338 1988 3337 1987 3339 2046 3338 1987 3339 2047 3340 2047 3340 1987 3339 2048 3341 2048 3341 1987 3339 1986 3342 2048 3341 1986 3342 2049 3343 2049 3343 1986 3342 1985 3344 2049 3343 1985 3344 2050 3345 2050 3345 1985 3344 1984 3346 2050 3345 1984 3346 2051 3347 2051 3347 1984 3346 1983 3348 2051 3347 1983 3348 2052 3349 2052 3349 1983 3348 1982 3302 2052 3349 1982 3302 2029 3304 1956 3350 1954 3351 1933 3352 1933 3352 1954 3351 1953 3353 1933 3352 1953 3353 1934 3354 1934 3354 1953 3353 1952 3355 1934 3354 1952 3355 1935 3356 1935 3356 1952 3355 1951 3357 1935 3356 1951 3357 1936 3358 1936 3358 1951 3357 1950 3359 1936 3358 1950 3359 1937 3360 1937 3360 1950 3359 1949 3361 1937 3360 1949 3361 1938 3362 1938 3362 1949 3361 1948 3363 1938 3362 1948 3363 1939 3364 1939 3364 1948 3363 1947 3365 1939 3364 1947 3365 1940 3366 1940 3366 1947 3365 1946 3367 1940 3366 1946 3367 1941 3368 1941 3368 1946 3367 1945 3369 1941 3368 1945 3369 1942 3370 1942 3370 1945 3369 1944 3371 1942 3370 1944 3371 1943 3372 1956 3350 1955 3373 1954 3351 2054 3374 2100 3375 2053 3376 2053 3376 2100 3375 2077 3377 2053 3376 2077 3377 2076 3378 2076 3378 2077 3377 2078 3379 2076 3378 2078 3379 2075 3380 2075 3380 2078 3379 2079 3381 2075 3380 2079 3381 2074 3382 2074 3382 2079 3381 2080 3383 2074 3382 2080 3383 2073 3384 2073 3384 2080 3383 2081 3385 2073 3384 2081 3385 2072 3386 2072 3386 2081 3385 2082 3387 2072 3386 2082 3387 2071 3388 2071 3388 2082 3387 2083 3389 2071 3388 2083 3389 2070 3390 2070 3390 2083 3389 2084 3391 2070 3390 2084 3391 2069 3392 2069 3392 2084 3391 2085 3393 2069 3392 2085 3393 2068 3394 2068 3394 2085 3393 2086 3395 2068 3394 2086 3395 2067 3396 2067 3396 2086 3395 2087 3397 2067 3396 2087 3397 2066 3398 2066 3398 2087 3397 2088 3399 2066 3398 2088 3399 2065 3400 2065 3400 2088 3399 2089 3401 2065 3400 2089 3401 2064 3402 2064 3402 2089 3401 2090 3403 2064 3402 2090 3403 2063 3404 2063 3404 2090 3403 2091 3405 2063 3404 2091 3405 2062 3406 2062 3406 2091 3405 2092 3407 2062 3406 2092 3407 2061 3408 2061 3408 2092 3407 2093 3409 2061 3408 2093 3409 2060 3410 2060 3410 2093 3409 2094 3411 2060 3410 2094 3411 2059 3412 2059 3412 2094 3411 2095 3413 2059 3412 2095 3413 2058 3414 2058 3414 2095 3413 2096 3415 2058 3414 2096 3415 2057 3416 2057 3416 2096 3415 2097 3417 2057 3416 2097 3417 2056 3418 2056 3418 2097 3417 2098 3419 2056 3418 2098 3419 2055 3420 2055 3420 2098 3419 2099 3421 2055 3420 2099 3421 2054 3374 2054 3374 2099 3421 2100 3375 2102 3422 1118 3423 2101 3424 2101 3424 1118 3423 1117 3425 2101 3424 1117 3425 2124 3426 2124 3426 1117 3425 1140 3427 2124 3426 1140 3427 2123 3428 2123 3428 1140 3427 1139 3429 2123 3428 1139 3429 2122 3430 2122 3430 1139 3429 1138 3431 2122 3430 1138 3431 2121 3432 2121 3432 1138 3431 1137 3433 2121 3432 1137 3433 2120 3434 2120 3434 1137 3433 1136 3435 2120 3434 1136 3435 2119 3436 2119 3436 1136 3435 1135 3437 2119 3436 1135 3437 2118 3438 2118 3438 1135 3437 1134 3439 2118 3438 1134 3439 2117 3440 2117 3440 1134 3439 1133 3441 2117 3440 1133 3441 2116 3442 2116 3442 1133 3441 1132 3443 2116 3442 1132 3443 2115 3444 2115 3444 1132 3443 1131 3445 2115 3444 1131 3445 2114 3446 2114 3446 1131 3445 1130 3447 2114 3446 1130 3447 2113 3448 2113 3448 1130 3447 1129 3449 2113 3448 1129 3449 2112 3450 2112 3450 1129 3449 1128 3451 2112 3450 1128 3451 2111 3452 2111 3452 1128 3451 1127 3453 2111 3452 1127 3453 2110 3454 2110 3454 1127 3453 1126 3455 2110 3454 1126 3455 2109 3456 2109 3456 1126 3455 1125 3457 2109 3456 1125 3457 2108 3458 2108 3458 1125 3457 1124 3459 2108 3458 1124 3459 2107 3460 2107 3460 1124 3459 1123 3461 2107 3460 1123 3461 2106 3462 2106 3462 1123 3461 1122 3463 2106 3462 1122 3463 2105 3464 2105 3464 1122 3463 1121 3465 2105 3464 1121 3465 2104 3466 2104 3466 1121 3465 1120 3467 2104 3466 1120 3467 2103 3468 2103 3468 1120 3467 1119 3469 2103 3468 1119 3469 2102 3422 2102 3422 1119 3469 1118 3423 2054 3470 2053 3471 2101 3472 2101 3472 2053 3471 2076 3473 2101 3472 2076 3473 2102 3474 2102 3474 2076 3473 2075 3475 2102 3474 2075 3475 2103 3476 2103 3476 2075 3475 2074 3477 2103 3476 2074 3477 2104 3478 2104 3478 2074 3477 2073 3479 2104 3478 2073 3479 2105 3480 2105 3480 2073 3479 2072 3481 2105 3480 2072 3481 2106 3482 2106 3482 2072 3481 2071 3483 2106 3482 2071 3483 2107 3484 2107 3484 2071 3483 2108 3485 2108 3485 2071 3483 2070 3486 2108 3485 2070 3486 2109 3487 2109 3487 2070 3486 2069 3488 2109 3487 2069 3488 2110 3489 2110 3489 2069 3488 2068 3490 2110 3489 2068 3490 2111 3491 2111 3491 2068 3490 2067 3492 2111 3491 2067 3492 2112 3493 2112 3493 2067 3492 2066 3494 2112 3493 2066 3494 2113 3495 2113 3495 2066 3494 2065 3496 2113 3495 2065 3496 2114 3497 2114 3497 2065 3496 2064 3498 2114 3497 2064 3498 2063 3499 2114 3497 2063 3499 2115 3500 2115 3500 2063 3499 2062 3501 2115 3500 2062 3501 2116 3502 2116 3502 2062 3501 2061 3503 2116 3502 2061 3503 2117 3504 2117 3504 2061 3503 2060 3505 2117 3504 2060 3505 2118 3506 2118 3506 2060 3505 2059 3507 2118 3506 2059 3507 2119 3508 2119 3508 2059 3507 2120 3509 2120 3509 2059 3507 2058 3510 2120 3509 2058 3510 2121 3511 2121 3511 2058 3510 2057 3512 2121 3511 2057 3512 2122 3513 2122 3513 2057 3512 2056 3514 2122 3513 2056 3514 2123 3515 2123 3515 2056 3514 2055 3516 2123 3515 2055 3516 2124 3517 2124 3517 2055 3516 2054 3470 2124 3517 2054 3470 2101 3472 2028 3518 2023 3519 2005 3520 2005 3520 2023 3519 2022 3521 2005 3520 2022 3521 2006 3522 2006 3522 2022 3521 2021 3523 2006 3522 2021 3523 2007 3524 2007 3524 2021 3523 2020 3525 2007 3524 2020 3525 2008 3526 2008 3526 2020 3525 2019 3527 2008 3526 2019 3527 2009 3528 2009 3528 2019 3527 2018 3529 2009 3528 2018 3529 2010 3530 2010 3530 2018 3529 2017 3531 2010 3530 2017 3531 2011 3532 2011 3532 2017 3531 2016 3533 2011 3532 2016 3533 2012 3534 2012 3534 2016 3533 2015 3535 2012 3534 2015 3535 2013 3536 2013 3536 2015 3535 2014 3537 2023 3519 2028 3518 2024 3538 2024 3538 2028 3518 2027 3539 2024 3538 2027 3539 2025 3540 2025 3540 2027 3539 2026 3541 2126 3542 2172 3543 2125 3544 2125 3544 2172 3543 2149 3545 2125 3544 2149 3545 2148 3546 2148 3546 2149 3545 2150 3547 2148 3546 2150 3547 2147 3548 2147 3548 2150 3547 2151 3549 2147 3548 2151 3549 2146 3550 2146 3550 2151 3549 2152 3551 2146 3550 2152 3551 2145 3552 2145 3552 2152 3551 2153 3553 2145 3552 2153 3553 2144 3554 2144 3554 2153 3553 2154 3555 2144 3554 2154 3555 2143 3556 2143 3556 2154 3555 2155 3557 2143 3556 2155 3557 2142 3558 2142 3558 2155 3557 2156 3559 2142 3558 2156 3559 2141 3560 2141 3560 2156 3559 2157 3561 2141 3560 2157 3561 2140 3562 2140 3562 2157 3561 2158 3563 2140 3562 2158 3563 2139 3564 2139 3564 2158 3563 2159 3565 2139 3564 2159 3565 2138 3566 2138 3566 2159 3565 2160 3567 2138 3566 2160 3567 2137 3568 2137 3568 2160 3567 2161 3569 2137 3568 2161 3569 2136 3570 2136 3570 2161 3569 2162 3571 2136 3570 2162 3571 2135 3572 2135 3572 2162 3571 2163 3573 2135 3572 2163 3573 2134 3574 2134 3574 2163 3573 2164 3575 2134 3574 2164 3575 2133 3576 2133 3576 2164 3575 2165 3577 2133 3576 2165 3577 2132 3578 2132 3578 2165 3577 2166 3579 2132 3578 2166 3579 2131 3580 2131 3580 2166 3579 2167 3581 2131 3580 2167 3581 2130 3582 2130 3582 2167 3581 2168 3583 2130 3582 2168 3583 2129 3584 2129 3584 2168 3583 2169 3585 2129 3584 2169 3585 2128 3586 2128 3586 2169 3585 2170 3587 2128 3586 2170 3587 2127 3588 2127 3588 2170 3587 2171 3589 2127 3588 2171 3589 2126 3542 2126 3542 2171 3589 2172 3543 2174 3590 1000 3591 2173 3592 2173 3592 1000 3591 999 3593 2173 3592 999 3593 2196 3594 2196 3594 999 3593 1022 3595 2196 3594 1022 3595 2195 3596 2195 3596 1022 3595 1021 3597 2195 3596 1021 3597 2194 3598 2194 3598 1021 3597 1020 3599 2194 3598 1020 3599 2193 3600 2193 3600 1020 3599 1019 3601 2193 3600 1019 3601 2192 3602 2192 3602 1019 3601 1018 3603 2192 3602 1018 3603 2191 3604 2191 3604 1018 3603 1017 3605 2191 3604 1017 3605 2190 3606 2190 3606 1017 3605 1016 3607 2190 3606 1016 3607 2189 3608 2189 3608 1016 3607 1015 3609 2189 3608 1015 3609 2188 3610 2188 3610 1015 3609 1014 3611 2188 3610 1014 3611 2187 3612 2187 3612 1014 3611 1013 3613 2187 3612 1013 3613 2186 3614 2186 3614 1013 3613 1012 3615 2186 3614 1012 3615 2185 3616 2185 3616 1012 3615 1011 3617 2185 3616 1011 3617 2184 3618 2184 3618 1011 3617 1010 3619 2184 3618 1010 3619 2183 3620 2183 3620 1010 3619 1009 3621 2183 3620 1009 3621 2182 3622 2182 3622 1009 3621 1008 3623 2182 3622 1008 3623 2181 3624 2181 3624 1008 3623 1007 3625 2181 3624 1007 3625 2180 3626 2180 3626 1007 3625 1006 3627 2180 3626 1006 3627 2179 3628 2179 3628 1006 3627 1005 3629 2179 3628 1005 3629 2178 3630 2178 3630 1005 3629 1004 3631 2178 3630 1004 3631 2177 3632 2177 3632 1004 3631 1003 3633 2177 3632 1003 3633 2176 3634 2176 3634 1003 3633 1002 3635 2176 3634 1002 3635 2175 3636 2175 3636 1002 3635 1001 3637 2175 3636 1001 3637 2174 3590 2174 3590 1001 3637 1000 3591 2126 3638 2125 3639 2173 3640 2173 3640 2125 3639 2148 3641 2173 3640 2148 3641 2174 3642 2174 3642 2148 3641 2147 3643 2174 3642 2147 3643 2175 3644 2175 3644 2147 3643 2146 3645 2175 3644 2146 3645 2176 3646 2176 3646 2146 3645 2145 3647 2176 3646 2145 3647 2177 3648 2177 3648 2145 3647 2144 3649 2177 3648 2144 3649 2178 3650 2178 3650 2144 3649 2143 3651 2178 3650 2143 3651 2179 3652 2179 3652 2143 3651 2180 3653 2180 3653 2143 3651 2142 3654 2180 3653 2142 3654 2181 3655 2181 3655 2142 3654 2141 3656 2181 3655 2141 3656 2182 3657 2182 3657 2141 3656 2140 3658 2182 3657 2140 3658 2183 3659 2183 3659 2140 3658 2139 3660 2183 3659 2139 3660 2184 3661 2184 3661 2139 3660 2138 3662 2184 3661 2138 3662 2185 3663 2185 3663 2138 3662 2137 3664 2185 3663 2137 3664 2186 3665 2186 3665 2137 3664 2136 3666 2186 3665 2136 3666 2135 3667 2186 3665 2135 3667 2187 3668 2187 3668 2135 3667 2134 3669 2187 3668 2134 3669 2188 3670 2188 3670 2134 3669 2133 3671 2188 3670 2133 3671 2189 3672 2189 3672 2133 3671 2132 3673 2189 3672 2132 3673 2190 3674 2190 3674 2132 3673 2131 3675 2190 3674 2131 3675 2191 3676 2191 3676 2131 3675 2192 3677 2192 3677 2131 3675 2130 3678 2192 3677 2130 3678 2193 3679 2193 3679 2130 3678 2129 3680 2193 3679 2129 3680 2194 3681 2194 3681 2129 3680 2128 3682 2194 3681 2128 3682 2195 3683 2195 3683 2128 3682 2127 3684 2195 3683 2127 3684 2196 3685 2196 3685 2127 3684 2126 3638 2196 3685 2126 3638 2173 3640 2100 3686 2092 3687 2077 3688 2077 3688 2092 3687 2091 3689 2077 3688 2091 3689 2078 3690 2078 3690 2091 3689 2090 3691 2078 3690 2090 3691 2079 3692 2079 3692 2090 3691 2089 3693 2079 3692 2089 3693 2080 3694 2080 3694 2089 3693 2088 3695 2080 3694 2088 3695 2081 3696 2081 3696 2088 3695 2087 3697 2081 3696 2087 3697 2082 3698 2082 3698 2087 3697 2086 3699 2082 3698 2086 3699 2083 3700 2083 3700 2086 3699 2085 3701 2083 3700 2085 3701 2084 3702 2092 3687 2100 3686 2093 3703 2093 3703 2100 3686 2099 3704 2093 3703 2099 3704 2094 3705 2094 3705 2099 3704 2098 3706 2094 3705 2098 3706 2095 3707 2095 3707 2098 3706 2097 3708 2095 3707 2097 3708 2096 3709 2198 3710 672 3711 2197 3712 2197 3712 672 3711 671 3713 2197 3712 671 3713 2245 3714 2245 3714 671 3713 670 3715 2245 3714 670 3715 2244 3716 2244 3716 670 3715 669 3717 2244 3716 669 3717 2243 3718 2243 3718 669 3717 668 3719 2243 3718 668 3719 2242 3720 2242 3720 668 3719 667 3721 2242 3720 667 3721 2241 3722 2241 3722 667 3721 666 3723 2241 3722 666 3723 2240 3724 2240 3724 666 3723 665 3725 2240 3724 665 3725 2239 3726 2239 3726 665 3725 664 3727 2239 3726 664 3727 2238 3728 2238 3728 664 3727 663 3729 2238 3728 663 3729 2237 3730 2237 3730 663 3729 662 3731 2237 3730 662 3731 2236 3732 2236 3732 662 3731 661 3733 2236 3732 661 3733 2235 3734 2235 3734 661 3733 660 3735 2235 3734 660 3735 2234 3736 2234 3736 660 3735 659 3737 2234 3736 659 3737 2233 3738 2233 3738 659 3737 658 3739 2233 3738 658 3739 2232 3740 2232 3740 658 3739 657 3741 2232 3740 657 3741 2231 3742 2231 3742 657 3741 656 3743 2231 3742 656 3743 2248 3744 2248 3744 656 3743 2247 3745 2247 3745 656 3743 2246 3746 2246 3746 656 3743 655 3747 672 3711 2198 3710 673 3748 673 3748 2198 3710 2199 3749 673 3748 2199 3749 674 3750 674 3750 2199 3749 2200 3751 674 3750 2200 3751 675 3752 675 3752 2200 3751 2201 3753 675 3752 2201 3753 676 3754 676 3754 2201 3753 2202 3755 676 3754 2202 3755 677 3756 677 3756 2202 3755 2203 3757 677 3756 2203 3757 678 3758 678 3758 2203 3757 2204 3759 678 3758 2204 3759 679 3760 679 3760 2204 3759 2205 3761 679 3760 2205 3761 680 3762 680 3762 2205 3761 2206 3763 680 3762 2206 3763 681 3764 681 3764 2206 3763 2207 3765 681 3764 2207 3765 682 3766 682 3766 2207 3765 2208 3767 682 3766 2208 3767 683 3768 683 3768 2208 3767 2209 3769 683 3768 2209 3769 684 3770 684 3770 2209 3769 2210 3771 684 3770 2210 3771 685 3772 685 3772 2210 3771 2211 3773 685 3772 2211 3773 686 3774 686 3774 2211 3773 2212 3775 686 3774 2212 3775 687 3776 687 3776 2212 3775 2213 3777 687 3776 2213 3777 688 3778 688 3778 2213 3777 2214 3779 688 3778 2214 3779 689 3780 689 3780 2214 3779 2215 3781 689 3780 2215 3781 690 3782 690 3782 2215 3781 2216 3783 690 3782 2216 3783 691 3784 691 3784 2216 3783 2217 3785 691 3784 2217 3785 2275 3786 2275 3786 2217 3785 2274 3787 2274 3787 2217 3785 2218 3788 2274 3787 2218 3788 2273 3789 2273 3789 2218 3788 2272 3790 2272 3790 2218 3788 2271 3791 2271 3791 2218 3788 2270 3792 2270 3792 2218 3788 2219 3793 2270 3792 2219 3793 2269 3794 2269 3794 2219 3793 2268 3795 2268 3795 2219 3793 2220 3796 2268 3795 2220 3796 2267 3797 2267 3797 2220 3796 2266 3798 2266 3798 2220 3796 2221 3799 2266 3798 2221 3799 2265 3800 2265 3800 2221 3799 2264 3801 2264 3801 2221 3799 2222 3802 2264 3801 2222 3802 2263 3803 2263 3803 2222 3802 2223 3804 2263 3803 2223 3804 2262 3805 2262 3805 2223 3804 2261 3806 2261 3806 2223 3804 2224 3807 2261 3806 2224 3807 2260 3808 2260 3808 2224 3807 2225 3809 2260 3808 2225 3809 2259 3810 2259 3810 2225 3809 2226 3811 2259 3810 2226 3811 2258 3812 2258 3812 2226 3811 2257 3813 2257 3813 2226 3811 2227 3814 2257 3813 2227 3814 2256 3815 2256 3815 2227 3814 2255 3816 2255 3816 2227 3814 2228 3817 2255 3816 2228 3817 2254 3818 2254 3818 2228 3817 2229 3819 2254 3818 2229 3819 2253 3820 2253 3820 2229 3819 2252 3821 2252 3821 2229 3819 2251 3822 2251 3822 2229 3819 2230 3823 2251 3822 2230 3823 2250 3824 2250 3824 2230 3823 2249 3825 2249 3825 2230 3823 2248 3744 2248 3744 2230 3823 2231 3742 2275 3786 2276 3826 691 3784 691 3784 2276 3826 692 3827 2245 3714 2330 3828 2197 3712 2197 3712 2330 3828 2325 3829 2197 3712 2325 3829 2198 3710 2198 3710 2325 3829 2565 3830 2198 3710 2565 3830 2199 3749 2199 3749 2565 3830 2560 3831 2199 3749 2560 3831 2200 3751 2200 3751 2560 3831 2555 3832 2200 3751 2555 3832 2201 3753 2201 3753 2555 3832 2550 3833 2201 3753 2550 3833 2202 3755 2202 3755 2550 3833 2545 3834 2202 3755 2545 3834 2203 3757 2203 3757 2545 3834 2540 3835 2203 3757 2540 3835 2204 3759 2204 3759 2540 3835 2535 3836 2204 3759 2535 3836 2205 3761 2205 3761 2535 3836 2530 3837 2205 3761 2530 3837 2206 3763 2206 3763 2530 3837 2525 3838 2206 3763 2525 3838 2207 3765 2207 3765 2525 3838 2520 3839 2207 3765 2520 3839 2208 3767 2208 3767 2520 3839 2515 3840 2208 3767 2515 3840 2209 3769 2209 3769 2515 3840 2510 3841 2209 3769 2510 3841 2210 3771 2210 3771 2510 3841 2505 3842 2210 3771 2505 3842 2211 3773 2211 3773 2505 3842 2500 3843 2211 3773 2500 3843 2212 3775 2212 3775 2500 3843 2495 3844 2212 3775 2495 3844 2213 3777 2213 3777 2495 3844 2490 3845 2213 3777 2490 3845 2214 3779 2214 3779 2490 3845 2485 3846 2214 3779 2485 3846 2215 3781 2215 3781 2485 3846 2480 3847 2215 3781 2480 3847 2216 3783 2216 3783 2480 3847 2475 3848 2216 3783 2475 3848 2217 3785 2217 3785 2475 3848 2470 3849 2217 3785 2470 3849 2218 3788 2218 3788 2470 3849 2465 3850 2218 3788 2465 3850 2219 3793 2219 3793 2465 3850 2460 3851 2219 3793 2460 3851 2220 3796 2220 3796 2460 3851 2455 3852 2220 3796 2455 3852 2221 3799 2221 3799 2455 3852 2450 3853 2221 3799 2450 3853 2222 3802 2222 3802 2450 3853 2445 3854 2222 3802 2445 3854 2223 3804 2223 3804 2445 3854 2440 3855 2223 3804 2440 3855 2224 3807 2224 3807 2440 3855 2435 3856 2224 3807 2435 3856 2225 3809 2225 3809 2435 3856 2430 3857 2225 3809 2430 3857 2226 3811 2226 3811 2430 3857 2425 3858 2226 3811 2425 3858 2227 3814 2227 3814 2425 3858 2420 3859 2227 3814 2420 3859 2228 3817 2228 3817 2420 3859 2415 3860 2228 3817 2415 3860 2229 3819 2229 3819 2415 3860 2410 3861 2229 3819 2410 3861 2230 3823 2230 3823 2410 3861 2405 3862 2230 3823 2405 3862 2231 3742 2231 3742 2405 3862 2400 3863 2231 3742 2400 3863 2232 3740 2232 3740 2400 3863 2395 3864 2232 3740 2395 3864 2233 3738 2233 3738 2395 3864 2390 3865 2233 3738 2390 3865 2234 3736 2234 3736 2390 3865 2385 3866 2234 3736 2385 3866 2235 3734 2235 3734 2385 3866 2380 3867 2235 3734 2380 3867 2236 3732 2236 3732 2380 3867 2375 3868 2236 3732 2375 3868 2237 3730 2237 3730 2375 3868 2370 3869 2237 3730 2370 3869 2238 3728 2238 3728 2370 3869 2365 3870 2238 3728 2365 3870 2239 3726 2239 3726 2365 3870 2360 3871 2239 3726 2360 3871 2240 3724 2240 3724 2360 3871 2355 3872 2240 3724 2355 3872 2241 3722 2241 3722 2355 3872 2350 3873 2241 3722 2350 3873 2242 3720 2242 3720 2350 3873 2345 3874 2242 3720 2345 3874 2243 3718 2243 3718 2345 3874 2340 3875 2243 3718 2340 3875 2244 3716 2244 3716 2340 3875 2335 3876 2244 3716 2335 3876 2245 3714 2245 3714 2335 3876 2330 3828 2278 3877 2569 3878 2277 3879 2277 3879 2569 3878 2329 3880 2277 3879 2329 3880 2334 3881 2334 3881 2329 3880 2328 3882 2334 3881 2328 3882 2333 3883 2333 3883 2328 3882 2327 3884 2333 3883 2327 3884 2332 3885 2332 3885 2327 3884 2326 3886 2332 3885 2326 3886 2331 3887 2331 3887 2326 3886 2325 3829 2331 3887 2325 3829 2330 3828 2569 3878 2278 3877 2564 3888 2564 3888 2278 3877 2279 3889 2564 3888 2279 3889 2559 3890 2559 3890 2279 3889 2280 3891 2559 3890 2280 3891 2554 3892 2554 3892 2280 3891 2281 3893 2554 3892 2281 3893 2549 3894 2549 3894 2281 3893 2282 3895 2549 3894 2282 3895 2544 3896 2544 3896 2282 3895 2283 3897 2544 3896 2283 3897 2539 3898 2539 3898 2283 3897 2284 3899 2539 3898 2284 3899 2534 3900 2534 3900 2284 3899 2285 3901 2534 3900 2285 3901 2529 3902 2529 3902 2285 3901 2286 3903 2529 3902 2286 3903 2524 3904 2524 3904 2286 3903 2287 3905 2524 3904 2287 3905 2519 3906 2519 3906 2287 3905 2288 3907 2519 3906 2288 3907 2514 3908 2514 3908 2288 3907 2289 3909 2514 3908 2289 3909 2509 3910 2509 3910 2289 3909 2290 3911 2509 3910 2290 3911 2504 3912 2504 3912 2290 3911 2291 3913 2504 3912 2291 3913 2499 3914 2499 3914 2291 3913 2292 3915 2499 3914 2292 3915 2494 3916 2494 3916 2292 3915 2293 3917 2494 3916 2293 3917 2489 3918 2489 3918 2293 3917 2294 3919 2489 3918 2294 3919 2484 3920 2484 3920 2294 3919 2295 3921 2484 3920 2295 3921 2479 3922 2479 3922 2295 3921 2296 3923 2479 3922 2296 3923 2474 3924 2474 3924 2296 3923 2297 3925 2474 3924 2297 3925 2469 3926 2469 3926 2297 3925 2298 3927 2469 3926 2298 3927 2464 3928 2464 3928 2298 3927 2299 3929 2464 3928 2299 3929 2459 3930 2459 3930 2299 3929 2300 3931 2459 3930 2300 3931 2454 3932 2454 3932 2300 3931 2301 3933 2454 3932 2301 3933 2449 3934 2449 3934 2301 3933 2302 3935 2449 3934 2302 3935 2444 3936 2444 3936 2302 3935 2303 3937 2444 3936 2303 3937 2439 3938 2439 3938 2303 3937 2304 3939 2439 3938 2304 3939 2434 3940 2434 3940 2304 3939 2305 3941 2434 3940 2305 3941 2429 3942 2429 3942 2305 3941 2306 3943 2429 3942 2306 3943 2424 3944 2424 3944 2306 3943 2307 3945 2424 3944 2307 3945 2419 3946 2419 3946 2307 3945 2308 3947 2419 3946 2308 3947 2414 3948 2414 3948 2308 3947 2309 3949 2414 3948 2309 3949 2409 3950 2409 3950 2309 3949 2310 3951 2409 3950 2310 3951 2404 3952 2404 3952 2310 3951 2311 3953 2404 3952 2311 3953 2399 3954 2399 3954 2311 3953 2312 3955 2399 3954 2312 3955 2394 3956 2394 3956 2312 3955 2313 3957 2394 3956 2313 3957 2389 3958 2389 3958 2313 3957 2314 3959 2389 3958 2314 3959 2384 3960 2384 3960 2314 3959 2315 3961 2384 3960 2315 3961 2379 3962 2379 3962 2315 3961 2316 3963 2379 3962 2316 3963 2374 3964 2374 3964 2316 3963 2317 3965 2374 3964 2317 3965 2369 3966 2369 3966 2317 3965 2318 3967 2369 3966 2318 3967 2364 3968 2364 3968 2318 3967 2319 3969 2364 3968 2319 3969 2359 3970 2359 3970 2319 3969 2320 3971 2359 3970 2320 3971 2354 3972 2354 3972 2320 3971 2321 3973 2354 3972 2321 3973 2349 3974 2349 3974 2321 3973 2322 3975 2349 3974 2322 3975 2344 3976 2344 3976 2322 3975 2323 3977 2344 3976 2323 3977 2339 3978 2339 3978 2323 3977 2324 3979 2339 3978 2324 3979 2334 3881 2334 3881 2324 3979 2277 3879 2325 3829 2326 3886 2565 3830 2565 3830 2326 3886 2566 3980 2565 3830 2566 3980 2560 3831 2560 3831 2566 3980 2561 3981 2560 3831 2561 3981 2555 3832 2555 3832 2561 3981 2556 3982 2555 3832 2556 3982 2550 3833 2550 3833 2556 3982 2551 3983 2550 3833 2551 3983 2545 3834 2545 3834 2551 3983 2546 3984 2545 3834 2546 3984 2540 3835 2540 3835 2546 3984 2541 3985 2540 3835 2541 3985 2535 3836 2535 3836 2541 3985 2536 3986 2535 3836 2536 3986 2530 3837 2530 3837 2536 3986 2531 3987 2530 3837 2531 3987 2525 3838 2525 3838 2531 3987 2526 3988 2525 3838 2526 3988 2520 3839 2520 3839 2526 3988 2521 3989 2520 3839 2521 3989 2515 3840 2515 3840 2521 3989 2516 3990 2515 3840 2516 3990 2510 3841 2510 3841 2516 3990 2511 3991 2510 3841 2511 3991 2505 3842 2505 3842 2511 3991 2506 3992 2505 3842 2506 3992 2500 3843 2500 3843 2506 3992 2501 3993 2500 3843 2501 3993 2495 3844 2495 3844 2501 3993 2496 3994 2495 3844 2496 3994 2490 3845 2490 3845 2496 3994 2491 3995 2490 3845 2491 3995 2485 3846 2485 3846 2491 3995 2486 3996 2485 3846 2486 3996 2480 3847 2480 3847 2486 3996 2481 3997 2480 3847 2481 3997 2475 3848 2475 3848 2481 3997 2476 3998 2475 3848 2476 3998 2470 3849 2470 3849 2476 3998 2471 3999 2470 3849 2471 3999 2465 3850 2465 3850 2471 3999 2466 4000 2465 3850 2466 4000 2460 3851 2460 3851 2466 4000 2461 4001 2460 3851 2461 4001 2455 3852 2455 3852 2461 4001 2456 4002 2455 3852 2456 4002 2450 3853 2450 3853 2456 4002 2451 4003 2450 3853 2451 4003 2445 3854 2445 3854 2451 4003 2446 4004 2445 3854 2446 4004 2440 3855 2440 3855 2446 4004 2441 4005 2440 3855 2441 4005 2435 3856 2435 3856 2441 4005 2436 4006 2435 3856 2436 4006 2430 3857 2430 3857 2436 4006 2431 4007 2430 3857 2431 4007 2425 3858 2425 3858 2431 4007 2426 4008 2425 3858 2426 4008 2420 3859 2420 3859 2426 4008 2421 4009 2420 3859 2421 4009 2415 3860 2415 3860 2421 4009 2416 4010 2415 3860 2416 4010 2410 3861 2410 3861 2416 4010 2411 4011 2410 3861 2411 4011 2405 3862 2405 3862 2411 4011 2406 4012 2405 3862 2406 4012 2400 3863 2400 3863 2406 4012 2401 4013 2400 3863 2401 4013 2395 3864 2395 3864 2401 4013 2396 4014 2395 3864 2396 4014 2390 3865 2390 3865 2396 4014 2391 4015 2390 3865 2391 4015 2385 3866 2385 3866 2391 4015 2386 4016 2385 3866 2386 4016 2380 3867 2380 3867 2386 4016 2381 4017 2380 3867 2381 4017 2375 3868 2375 3868 2381 4017 2376 4018 2375 3868 2376 4018 2370 3869 2370 3869 2376 4018 2371 4019 2370 3869 2371 4019 2365 3870 2365 3870 2371 4019 2366 4020 2365 3870 2366 4020 2360 3871 2360 3871 2366 4020 2361 4021 2360 3871 2361 4021 2355 3872 2355 3872 2361 4021 2356 4022 2355 3872 2356 4022 2350 3873 2350 3873 2356 4022 2351 4023 2350 3873 2351 4023 2345 3874 2345 3874 2351 4023 2346 4024 2345 3874 2346 4024 2340 3875 2340 3875 2346 4024 2341 4025 2340 3875 2341 4025 2335 3876 2335 3876 2341 4025 2336 4026 2335 3876 2336 4026 2330 3828 2330 3828 2336 4026 2331 3887 2326 3886 2327 3884 2566 3980 2566 3980 2327 3884 2567 4027 2566 3980 2567 4027 2561 3981 2561 3981 2567 4027 2562 4028 2561 3981 2562 4028 2556 3982 2556 3982 2562 4028 2557 4029 2556 3982 2557 4029 2551 3983 2551 3983 2557 4029 2552 4030 2551 3983 2552 4030 2546 3984 2546 3984 2552 4030 2547 4031 2546 3984 2547 4031 2541 3985 2541 3985 2547 4031 2542 4032 2541 3985 2542 4032 2536 3986 2536 3986 2542 4032 2537 4033 2536 3986 2537 4033 2531 3987 2531 3987 2537 4033 2532 4034 2531 3987 2532 4034 2526 3988 2526 3988 2532 4034 2527 4035 2526 3988 2527 4035 2521 3989 2521 3989 2527 4035 2522 4036 2521 3989 2522 4036 2516 3990 2516 3990 2522 4036 2517 4037 2516 3990 2517 4037 2511 3991 2511 3991 2517 4037 2512 4038 2511 3991 2512 4038 2506 3992 2506 3992 2512 4038 2507 4039 2506 3992 2507 4039 2501 3993 2501 3993 2507 4039 2502 4040 2501 3993 2502 4040 2496 3994 2496 3994 2502 4040 2497 4041 2496 3994 2497 4041 2491 3995 2491 3995 2497 4041 2492 4042 2491 3995 2492 4042 2486 3996 2486 3996 2492 4042 2487 4043 2486 3996 2487 4043 2481 3997 2481 3997 2487 4043 2482 4044 2481 3997 2482 4044 2476 3998 2476 3998 2482 4044 2477 4045 2476 3998 2477 4045 2471 3999 2471 3999 2477 4045 2472 4046 2471 3999 2472 4046 2466 4000 2466 4000 2472 4046 2467 4047 2466 4000 2467 4047 2461 4001 2461 4001 2467 4047 2462 4048 2461 4001 2462 4048 2456 4002 2456 4002 2462 4048 2457 4049 2456 4002 2457 4049 2451 4003 2451 4003 2457 4049 2452 4050 2451 4003 2452 4050 2446 4004 2446 4004 2452 4050 2447 4051 2446 4004 2447 4051 2441 4005 2441 4005 2447 4051 2442 4052 2441 4005 2442 4052 2436 4006 2436 4006 2442 4052 2437 4053 2436 4006 2437 4053 2431 4007 2431 4007 2437 4053 2432 4054 2431 4007 2432 4054 2426 4008 2426 4008 2432 4054 2427 4055 2426 4008 2427 4055 2421 4009 2421 4009 2427 4055 2422 4056 2421 4009 2422 4056 2416 4010 2416 4010 2422 4056 2417 4057 2416 4010 2417 4057 2411 4011 2411 4011 2417 4057 2412 4058 2411 4011 2412 4058 2406 4012 2406 4012 2412 4058 2407 4059 2406 4012 2407 4059 2401 4013 2401 4013 2407 4059 2402 4060 2401 4013 2402 4060 2396 4014 2396 4014 2402 4060 2397 4061 2396 4014 2397 4061 2391 4015 2391 4015 2397 4061 2392 4062 2391 4015 2392 4062 2386 4016 2386 4016 2392 4062 2387 4063 2386 4016 2387 4063 2381 4017 2381 4017 2387 4063 2382 4064 2381 4017 2382 4064 2376 4018 2376 4018 2382 4064 2377 4065 2376 4018 2377 4065 2371 4019 2371 4019 2377 4065 2372 4066 2371 4019 2372 4066 2366 4020 2366 4020 2372 4066 2367 4067 2366 4020 2367 4067 2361 4021 2361 4021 2367 4067 2362 4068 2361 4021 2362 4068 2356 4022 2356 4022 2362 4068 2357 4069 2356 4022 2357 4069 2351 4023 2351 4023 2357 4069 2352 4070 2351 4023 2352 4070 2346 4024 2346 4024 2352 4070 2347 4071 2346 4024 2347 4071 2341 4025 2341 4025 2347 4071 2342 4072 2341 4025 2342 4072 2336 4026 2336 4026 2342 4072 2337 4073 2336 4026 2337 4073 2331 3887 2331 3887 2337 4073 2332 3885 2327 3884 2328 3882 2567 4027 2567 4027 2328 3882 2568 4074 2567 4027 2568 4074 2562 4028 2562 4028 2568 4074 2563 4075 2562 4028 2563 4075 2557 4029 2557 4029 2563 4075 2558 4076 2557 4029 2558 4076 2552 4030 2552 4030 2558 4076 2553 4077 2552 4030 2553 4077 2547 4031 2547 4031 2553 4077 2548 4078 2547 4031 2548 4078 2542 4032 2542 4032 2548 4078 2543 4079 2542 4032 2543 4079 2537 4033 2537 4033 2543 4079 2538 4080 2537 4033 2538 4080 2532 4034 2532 4034 2538 4080 2533 4081 2532 4034 2533 4081 2527 4035 2527 4035 2533 4081 2528 4082 2527 4035 2528 4082 2522 4036 2522 4036 2528 4082 2523 4083 2522 4036 2523 4083 2517 4037 2517 4037 2523 4083 2518 4084 2517 4037 2518 4084 2512 4038 2512 4038 2518 4084 2513 4085 2512 4038 2513 4085 2507 4039 2507 4039 2513 4085 2508 4086 2507 4039 2508 4086 2502 4040 2502 4040 2508 4086 2503 4087 2502 4040 2503 4087 2497 4041 2497 4041 2503 4087 2498 4088 2497 4041 2498 4088 2492 4042 2492 4042 2498 4088 2493 4089 2492 4042 2493 4089 2487 4043 2487 4043 2493 4089 2488 4090 2487 4043 2488 4090 2482 4044 2482 4044 2488 4090 2483 4091 2482 4044 2483 4091 2477 4045 2477 4045 2483 4091 2478 4092 2477 4045 2478 4092 2472 4046 2472 4046 2478 4092 2473 4093 2472 4046 2473 4093 2467 4047 2467 4047 2473 4093 2468 4094 2467 4047 2468 4094 2462 4048 2462 4048 2468 4094 2463 4095 2462 4048 2463 4095 2457 4049 2457 4049 2463 4095 2458 4096 2457 4049 2458 4096 2452 4050 2452 4050 2458 4096 2453 4097 2452 4050 2453 4097 2447 4051 2447 4051 2453 4097 2448 4098 2447 4051 2448 4098 2442 4052 2442 4052 2448 4098 2443 4099 2442 4052 2443 4099 2437 4053 2437 4053 2443 4099 2438 4100 2437 4053 2438 4100 2432 4054 2432 4054 2438 4100 2433 4101 2432 4054 2433 4101 2427 4055 2427 4055 2433 4101 2428 4102 2427 4055 2428 4102 2422 4056 2422 4056 2428 4102 2423 4103 2422 4056 2423 4103 2417 4057 2417 4057 2423 4103 2418 4104 2417 4057 2418 4104 2412 4058 2412 4058 2418 4104 2413 4105 2412 4058 2413 4105 2407 4059 2407 4059 2413 4105 2408 4106 2407 4059 2408 4106 2402 4060 2402 4060 2408 4106 2403 4107 2402 4060 2403 4107 2397 4061 2397 4061 2403 4107 2398 4108 2397 4061 2398 4108 2392 4062 2392 4062 2398 4108 2393 4109 2392 4062 2393 4109 2387 4063 2387 4063 2393 4109 2388 4110 2387 4063 2388 4110 2382 4064 2382 4064 2388 4110 2383 4111 2382 4064 2383 4111 2377 4065 2377 4065 2383 4111 2378 4112 2377 4065 2378 4112 2372 4066 2372 4066 2378 4112 2373 4113 2372 4066 2373 4113 2367 4067 2367 4067 2373 4113 2368 4114 2367 4067 2368 4114 2362 4068 2362 4068 2368 4114 2363 4115 2362 4068 2363 4115 2357 4069 2357 4069 2363 4115 2358 4116 2357 4069 2358 4116 2352 4070 2352 4070 2358 4116 2353 4117 2352 4070 2353 4117 2347 4071 2347 4071 2353 4117 2348 4118 2347 4071 2348 4118 2342 4072 2342 4072 2348 4118 2343 4119 2342 4072 2343 4119 2337 4073 2337 4073 2343 4119 2338 4120 2337 4073 2338 4120 2332 3885 2332 3885 2338 4120 2333 3883 2328 3882 2329 3880 2568 4074 2568 4074 2329 3880 2569 3878 2568 4074 2569 3878 2563 4075 2563 4075 2569 3878 2564 3888 2563 4075 2564 3888 2558 4076 2558 4076 2564 3888 2559 3890 2558 4076 2559 3890 2553 4077 2553 4077 2559 3890 2554 3892 2553 4077 2554 3892 2548 4078 2548 4078 2554 3892 2549 3894 2548 4078 2549 3894 2543 4079 2543 4079 2549 3894 2544 3896 2543 4079 2544 3896 2538 4080 2538 4080 2544 3896 2539 3898 2538 4080 2539 3898 2533 4081 2533 4081 2539 3898 2534 3900 2533 4081 2534 3900 2528 4082 2528 4082 2534 3900 2529 3902 2528 4082 2529 3902 2523 4083 2523 4083 2529 3902 2524 3904 2523 4083 2524 3904 2518 4084 2518 4084 2524 3904 2519 3906 2518 4084 2519 3906 2513 4085 2513 4085 2519 3906 2514 3908 2513 4085 2514 3908 2508 4086 2508 4086 2514 3908 2509 3910 2508 4086 2509 3910 2503 4087 2503 4087 2509 3910 2504 3912 2503 4087 2504 3912 2498 4088 2498 4088 2504 3912 2499 3914 2498 4088 2499 3914 2493 4089 2493 4089 2499 3914 2494 3916 2493 4089 2494 3916 2488 4090 2488 4090 2494 3916 2489 3918 2488 4090 2489 3918 2483 4091 2483 4091 2489 3918 2484 3920 2483 4091 2484 3920 2478 4092 2478 4092 2484 3920 2479 3922 2478 4092 2479 3922 2473 4093 2473 4093 2479 3922 2474 3924 2473 4093 2474 3924 2468 4094 2468 4094 2474 3924 2469 3926 2468 4094 2469 3926 2463 4095 2463 4095 2469 3926 2464 3928 2463 4095 2464 3928 2458 4096 2458 4096 2464 3928 2459 3930 2458 4096 2459 3930 2453 4097 2453 4097 2459 3930 2454 3932 2453 4097 2454 3932 2448 4098 2448 4098 2454 3932 2449 3934 2448 4098 2449 3934 2443 4099 2443 4099 2449 3934 2444 3936 2443 4099 2444 3936 2438 4100 2438 4100 2444 3936 2439 3938 2438 4100 2439 3938 2433 4101 2433 4101 2439 3938 2434 3940 2433 4101 2434 3940 2428 4102 2428 4102 2434 3940 2429 3942 2428 4102 2429 3942 2423 4103 2423 4103 2429 3942 2424 3944 2423 4103 2424 3944 2418 4104 2418 4104 2424 3944 2419 3946 2418 4104 2419 3946 2413 4105 2413 4105 2419 3946 2414 3948 2413 4105 2414 3948 2408 4106 2408 4106 2414 3948 2409 3950 2408 4106 2409 3950 2403 4107 2403 4107 2409 3950 2404 3952 2403 4107 2404 3952 2398 4108 2398 4108 2404 3952 2399 3954 2398 4108 2399 3954 2393 4109 2393 4109 2399 3954 2394 3956 2393 4109 2394 3956 2388 4110 2388 4110 2394 3956 2389 3958 2388 4110 2389 3958 2383 4111 2383 4111 2389 3958 2384 3960 2383 4111 2384 3960 2378 4112 2378 4112 2384 3960 2379 3962 2378 4112 2379 3962 2373 4113 2373 4113 2379 3962 2374 3964 2373 4113 2374 3964 2368 4114 2368 4114 2374 3964 2369 3966 2368 4114 2369 3966 2363 4115 2363 4115 2369 3966 2364 3968 2363 4115 2364 3968 2358 4116 2358 4116 2364 3968 2359 3970 2358 4116 2359 3970 2353 4117 2353 4117 2359 3970 2354 3972 2353 4117 2354 3972 2348 4118 2348 4118 2354 3972 2349 3974 2348 4118 2349 3974 2343 4119 2343 4119 2349 3974 2344 3976 2343 4119 2344 3976 2338 4120 2338 4120 2344 3976 2339 3978 2338 4120 2339 3978 2333 3883 2333 3883 2339 3978 2334 3881 2571 4121 2302 3935 2570 4122 2570 4122 2302 3935 2301 3933 2570 4122 2301 3933 2300 3931 2302 3935 2571 4121 2303 3937 2303 3937 2571 4121 2572 4123 2303 3937 2572 4123 2304 3939 2304 3939 2572 4123 2573 4124 2304 3939 2573 4124 2305 3941 2305 3941 2573 4124 2574 4125 2305 3941 2574 4125 2306 3943 2306 3943 2574 4125 2575 4126 2306 3943 2575 4126 2307 3945 2307 3945 2575 4126 2576 4127 2307 3945 2576 4127 2308 3947 2308 3947 2576 4127 2309 3949 2309 3949 2576 4127 2577 4128 2309 3949 2577 4128 2310 3951 2310 3951 2577 4128 2578 4129 2310 3951 2578 4129 2311 3953 2311 3953 2578 4129 2579 4130 2311 3953 2579 4130 2312 3955 2312 3955 2579 4130 2580 4131 2312 3955 2580 4131 2313 3957 2313 3957 2580 4131 2581 4132 2313 3957 2581 4132 2314 3959 2314 3959 2581 4132 2582 4133 2314 3959 2582 4133 2315 3961 2315 3961 2582 4133 2316 3963 2316 3963 2582 4133 2583 4134 2316 3963 2583 4134 2317 3965 2317 3965 2583 4134 2584 4135 2317 3965 2584 4135 2318 3967 2318 3967 2584 4135 2585 4136 2318 3967 2585 4136 2319 3969 2319 3969 2585 4136 2586 4137 2319 3969 2586 4137 2320 3971 2320 3971 2586 4137 2587 4138 2320 3971 2587 4138 2321 3973 2321 3973 2587 4138 2588 4139 2321 3973 2588 4139 2322 3975 2322 3975 2588 4139 2323 3977 2323 3977 2588 4139 2589 4140 2323 3977 2589 4140 2324 3979 2324 3979 2589 4140 2590 4141 2324 3979 2590 4141 2277 3879 2277 3879 2590 4141 2591 4142 2277 3879 2591 4142 2278 3877 2278 3877 2591 4142 2592 4143 2278 3877 2592 4143 2279 3889 2279 3889 2592 4143 2593 4144 2279 3889 2593 4144 2280 3891 2280 3891 2593 4144 2281 3893 2281 3893 2593 4144 2594 4145 2281 3893 2594 4145 2282 3895 2282 3895 2594 4145 2595 4146 2282 3895 2595 4146 2283 3897 2283 3897 2595 4146 2596 4147 2283 3897 2596 4147 2284 3899 2284 3899 2596 4147 2597 4148 2284 3899 2597 4148 2285 3901 2285 3901 2597 4148 2598 4149 2285 3901 2598 4149 2286 3903 2286 3903 2598 4149 2599 4150 2286 3903 2599 4150 2287 3905 2287 3905 2599 4150 2288 3907 2288 3907 2599 4150 2600 4151 2288 3907 2600 4151 2289 3909 2289 3909 2600 4151 2601 4152 2289 3909 2601 4152 2290 3911 2290 3911 2601 4152 2602 4153 2290 3911 2602 4153 2291 3913 2291 3913 2602 4153 2603 4154 2291 3913 2603 4154 2292 3915 2292 3915 2603 4154 2604 4155 2292 3915 2604 4155 2293 3917 2293 3917 2604 4155 2605 4156 2293 3917 2605 4156 2294 3919 2294 3919 2605 4156 2295 3921 2295 3921 2605 4156 2606 4157 2295 3921 2606 4157 2296 3923 2296 3923 2606 4157 2607 4158 2296 3923 2607 4158 2297 3925 2297 3925 2607 4158 2608 4159 2297 3925 2608 4159 2298 3927 2298 3927 2608 4159 2609 4160 2298 3927 2609 4160 2299 3929 2299 3929 2609 4160 2610 4161 2299 3929 2610 4161 2300 3931 2300 3931 2610 4161 2570 4122 2612 4162 1 4163 2611 4164 2611 4164 1 4163 0 4165 2611 4164 0 4165 2649 4166 2649 4166 0 4165 38 4167 2649 4166 38 4167 2648 4168 2648 4168 38 4167 37 4169 2648 4168 37 4169 2647 4170 2647 4170 37 4169 36 4171 2647 4170 36 4171 2646 4172 2646 4172 36 4171 35 4173 2646 4172 35 4173 2645 4174 2645 4174 35 4173 34 4175 2645 4174 34 4175 2644 4176 2644 4176 34 4175 33 4177 2644 4176 33 4177 2643 4178 2643 4178 33 4177 32 4179 2643 4178 32 4179 2642 4180 2642 4180 32 4179 31 4181 2642 4180 31 4181 2641 4182 2641 4182 31 4181 30 4183 2641 4182 30 4183 2640 4184 2640 4184 30 4183 29 4185 2640 4184 29 4185 2639 4186 2639 4186 29 4185 28 4187 2639 4186 28 4187 2638 4188 2638 4188 28 4187 27 4189 2638 4188 27 4189 2637 4190 2637 4190 27 4189 26 4191 2637 4190 26 4191 2636 4192 2636 4192 26 4191 25 4193 2636 4192 25 4193 2635 4194 2635 4194 25 4193 24 4195 2635 4194 24 4195 2634 4196 2634 4196 24 4195 23 4197 2634 4196 23 4197 2633 4198 2633 4198 23 4197 22 4199 2633 4198 22 4199 2632 4200 2632 4200 22 4199 21 4201 2632 4200 21 4201 2631 4202 2631 4202 21 4201 20 4203 2631 4202 20 4203 2630 4204 2630 4204 20 4203 19 4205 2630 4204 19 4205 2629 4206 2629 4206 19 4205 18 4207 2629 4206 18 4207 2628 4208 2628 4208 18 4207 17 4209 2628 4208 17 4209 2627 4210 2627 4210 17 4209 16 4211 2627 4210 16 4211 2626 4212 2626 4212 16 4211 15 4213 2626 4212 15 4213 2625 4214 2625 4214 15 4213 14 4215 2625 4214 14 4215 2624 4216 2624 4216 14 4215 13 4217 2624 4216 13 4217 2623 4218 2623 4218 13 4217 12 4219 2623 4218 12 4219 2622 4220 2622 4220 12 4219 11 4221 2622 4220 11 4221 2621 4222 2621 4222 11 4221 10 4223 2621 4222 10 4223 2620 4224 2620 4224 10 4223 9 4225 2620 4224 9 4225 2619 4226 2619 4226 9 4225 8 4227 2619 4226 8 4227 2618 4228 2618 4228 8 4227 7 4229 2618 4228 7 4229 2617 4230 2617 4230 7 4229 6 4231 2617 4230 6 4231 2616 4232 2616 4232 6 4231 5 4233 2616 4232 5 4233 2615 4234 2615 4234 5 4233 4 4235 2615 4234 4 4235 2614 4236 2614 4236 4 4235 3 4237 2614 4236 3 4237 2613 4238 2613 4238 3 4237 2 4239 2613 4238 2 4239 2612 4162 2612 4162 2 4239 1 4163 2651 4240 2571 4241 2650 4242 2650 4242 2571 4241 2570 4243 2650 4242 2570 4243 2690 4244 2690 4244 2570 4243 2610 4245 2690 4244 2610 4245 2689 4246 2689 4246 2610 4245 2609 4247 2689 4246 2609 4247 2688 4248 2688 4248 2609 4247 2608 4249 2688 4248 2608 4249 2687 4250 2687 4250 2608 4249 2607 4251 2687 4250 2607 4251 2686 4252 2686 4252 2607 4251 2606 4253 2686 4252 2606 4253 2685 4254 2685 4254 2606 4253 2605 4255 2685 4254 2605 4255 2684 4256 2684 4256 2605 4255 2604 4257 2684 4256 2604 4257 2683 4258 2683 4258 2604 4257 2603 4259 2683 4258 2603 4259 2682 4260 2682 4260 2603 4259 2602 4261 2682 4260 2602 4261 2681 4262 2681 4262 2602 4261 2601 4263 2681 4262 2601 4263 2680 4264 2680 4264 2601 4263 2600 4265 2680 4264 2600 4265 2679 4266 2679 4266 2600 4265 2599 4267 2679 4266 2599 4267 2678 4268 2678 4268 2599 4267 2598 4269 2678 4268 2598 4269 2677 4270 2677 4270 2598 4269 2597 4271 2677 4270 2597 4271 2676 4272 2676 4272 2597 4271 2596 4273 2676 4272 2596 4273 2675 4274 2675 4274 2596 4273 2595 4275 2675 4274 2595 4275 2674 4276 2674 4276 2595 4275 2594 4277 2674 4276 2594 4277 2673 4278 2673 4278 2594 4277 2593 4279 2673 4278 2593 4279 2672 4280 2672 4280 2593 4279 2592 4281 2672 4280 2592 4281 2671 4282 2671 4282 2592 4281 2591 4283 2671 4282 2591 4283 2670 4284 2670 4284 2591 4283 2590 4285 2670 4284 2590 4285 2669 4286 2669 4286 2590 4285 2589 4287 2669 4286 2589 4287 2668 4288 2668 4288 2589 4287 2588 4289 2668 4288 2588 4289 2667 4290 2667 4290 2588 4289 2587 4291 2667 4290 2587 4291 2666 4292 2666 4292 2587 4291 2586 4293 2666 4292 2586 4293 2665 4294 2665 4294 2586 4293 2585 4295 2665 4294 2585 4295 2664 4296 2664 4296 2585 4295 2584 4297 2664 4296 2584 4297 2663 4298 2663 4298 2584 4297 2583 4299 2663 4298 2583 4299 2662 4300 2662 4300 2583 4299 2582 4301 2662 4300 2582 4301 2661 4302 2661 4302 2582 4301 2581 4303 2661 4302 2581 4303 2660 4304 2660 4304 2581 4303 2580 4305 2660 4304 2580 4305 2659 4306 2659 4306 2580 4305 2579 4307 2659 4306 2579 4307 2658 4308 2658 4308 2579 4307 2578 4309 2658 4308 2578 4309 2657 4310 2657 4310 2578 4309 2577 4311 2657 4310 2577 4311 2656 4312 2656 4312 2577 4311 2576 4313 2656 4312 2576 4313 2655 4314 2655 4314 2576 4313 2575 4315 2655 4314 2575 4315 2654 4316 2654 4316 2575 4315 2574 4317 2654 4316 2574 4317 2653 4318 2653 4318 2574 4317 2573 4319 2653 4318 2573 4319 2652 4320 2652 4320 2573 4319 2572 4321 2652 4320 2572 4321 2651 4240 2651 4240 2572 4321 2571 4241 2649 4322 2651 4323 2611 4324 2611 4324 2651 4323 2650 4325 2611 4324 2650 4325 2690 4326 2651 4323 2649 4322 2652 4327 2652 4327 2649 4322 2648 4328 2652 4327 2648 4328 2653 4329 2653 4329 2648 4328 2647 4330 2653 4329 2647 4330 2654 4331 2654 4331 2647 4330 2646 4332 2654 4331 2646 4332 2655 4333 2655 4333 2646 4332 2645 4334 2655 4333 2645 4334 2656 4335 2656 4335 2645 4334 2644 4336 2656 4335 2644 4336 2657 4337 2657 4337 2644 4336 2643 4338 2657 4337 2643 4338 2658 4339 2658 4339 2643 4338 2642 4340 2658 4339 2642 4340 2659 4341 2659 4341 2642 4340 2641 4342 2659 4341 2641 4342 2660 4343 2660 4343 2641 4342 2640 4344 2660 4343 2640 4344 2661 4345 2661 4345 2640 4344 2639 4346 2661 4345 2639 4346 2662 4347 2662 4347 2639 4346 2638 4348 2662 4347 2638 4348 2663 4349 2663 4349 2638 4348 2637 4350 2663 4349 2637 4350 2664 4351 2664 4351 2637 4350 2636 4352 2664 4351 2636 4352 2665 4353 2665 4353 2636 4352 2635 4354 2665 4353 2635 4354 2666 4355 2666 4355 2635 4354 2634 4356 2666 4355 2634 4356 2667 4357 2667 4357 2634 4356 2633 4358 2667 4357 2633 4358 2668 4359 2668 4359 2633 4358 2632 4360 2668 4359 2632 4360 2669 4361 2669 4361 2632 4360 2631 4362 2669 4361 2631 4362 2670 4363 2670 4363 2631 4362 2671 4364 2671 4364 2631 4362 2630 4365 2671 4364 2630 4365 2672 4366 2672 4366 2630 4365 2629 4367 2672 4366 2629 4367 2673 4368 2673 4368 2629 4367 2628 4369 2673 4368 2628 4369 2674 4370 2674 4370 2628 4369 2627 4371 2674 4370 2627 4371 2675 4372 2675 4372 2627 4371 2626 4373 2675 4372 2626 4373 2676 4374 2676 4374 2626 4373 2625 4375 2676 4374 2625 4375 2677 4376 2677 4376 2625 4375 2624 4377 2677 4376 2624 4377 2678 4378 2678 4378 2624 4377 2623 4379 2678 4378 2623 4379 2679 4380 2679 4380 2623 4379 2622 4381 2679 4380 2622 4381 2680 4382 2680 4382 2622 4381 2621 4383 2680 4382 2621 4383 2681 4384 2681 4384 2621 4383 2620 4385 2681 4384 2620 4385 2682 4386 2682 4386 2620 4385 2619 4387 2682 4386 2619 4387 2683 4388 2683 4388 2619 4387 2618 4389 2683 4388 2618 4389 2684 4390 2684 4390 2618 4389 2617 4391 2684 4390 2617 4391 2685 4392 2685 4392 2617 4391 2616 4393 2685 4392 2616 4393 2686 4394 2686 4394 2616 4393 2615 4395 2686 4394 2615 4395 2687 4396 2687 4396 2615 4395 2614 4397 2687 4396 2614 4397 2688 4398 2688 4398 2614 4397 2613 4399 2688 4398 2613 4399 2689 4400 2689 4400 2613 4399 2612 4401 2689 4400 2612 4401 2690 4326 2690 4326 2612 4401 2611 4324 622 836 653 4402 654 834 654 834 653 4402 652 4403 654 834 652 4403 655 837 655 837 652 4403 651 4404 655 837 651 4404 650 4405 650 4405 649 4406 655 837 655 837 649 4406 648 4407 655 837 648 4407 2765 4408 2765 4408 648 4407 647 4409 2765 4408 647 4409 646 4410 646 4410 645 4411 2765 4408 2765 4408 645 4411 693 849 2765 4408 693 849 2764 4412 2764 4412 693 849 692 855 2764 4412 692 855 2763 4413 2763 4413 692 855 2691 4414 2763 4413 2691 4414 2766 4415 2766 4415 2691 4414 2762 4416 2766 4415 2762 4416 2749 4417 2749 4417 2762 4416 2748 4418 2748 4418 2762 4416 2767 4419 2748 4418 2767 4419 2747 4420 2747 4420 2767 4419 2768 4421 2747 4420 2768 4421 2746 4422 2746 4422 2768 4421 2769 4423 2746 4422 2769 4423 2745 4424 2745 4424 2769 4423 2761 4425 2745 4424 2761 4425 2744 4426 2744 4426 2761 4425 2770 4427 2744 4426 2770 4427 2743 4428 2743 4428 2770 4427 2760 4429 2743 4428 2760 4429 2742 4430 2742 4430 2760 4429 2759 4431 2742 4430 2759 4431 2741 4432 2741 4432 2759 4431 2771 4433 2741 4432 2771 4433 2740 4434 2740 4434 2771 4433 2758 4435 2740 4434 2758 4435 2739 4436 2739 4436 2758 4435 2772 4437 2739 4436 2772 4437 2738 4438 2738 4438 2772 4437 2773 4439 2738 4438 2773 4439 2737 4440 2737 4440 2773 4439 2774 4441 2737 4440 2774 4441 2736 4442 2736 4442 2774 4441 2757 4443 2736 4442 2757 4443 2735 4444 2735 4444 2757 4443 2775 4445 2735 4444 2775 4445 2734 4446 2734 4446 2775 4445 2756 4447 2734 4446 2756 4447 2733 4448 2733 4448 2756 4447 2755 4449 2733 4448 2755 4449 2732 4450 2732 4450 2755 4449 2776 4451 2732 4450 2776 4451 2731 4452 2731 4452 2776 4451 2754 4453 2731 4452 2754 4453 2730 4454 2730 4454 2754 4453 2777 4455 2730 4454 2777 4455 2729 4456 2729 4456 2777 4455 2778 4457 2729 4456 2778 4457 2728 4458 2728 4458 2778 4457 2779 4459 2728 4458 2779 4459 2727 4460 2727 4460 2779 4459 2753 4461 2727 4460 2753 4461 2726 4462 2726 4462 2753 4461 2780 4463 2726 4462 2780 4463 2725 4464 2725 4464 2780 4463 2752 4465 2725 4464 2752 4465 2724 4466 2724 4466 2752 4465 2781 4467 2724 4466 2781 4467 2723 4468 2723 4468 2781 4467 2782 4469 2723 4468 2782 4469 2713 4470 2713 4470 2782 4469 2712 4471 2712 4471 2782 4469 2711 4472 2711 4472 2782 4469 2710 4473 2710 4473 2782 4469 2781 4467 2710 4473 2781 4467 2709 4474 2709 4474 2781 4467 2705 4475 2709 4474 2705 4475 2708 4476 2708 4476 2705 4475 2707 4477 2707 4477 2705 4475 2706 4478 645 4411 644 4479 693 849 693 849 644 4479 643 4480 693 849 643 4480 642 4481 642 4481 641 4482 693 849 693 849 641 4482 640 4483 693 849 640 4483 694 800 694 800 640 4483 639 4484 694 800 639 4484 638 798 2691 4414 2692 4485 2762 4416 2762 4416 2692 4485 2767 4419 2767 4419 2692 4485 2768 4421 2768 4421 2692 4485 2693 4486 2768 4421 2693 4486 2769 4423 2769 4423 2693 4486 2761 4425 2693 4486 2694 4487 2761 4425 2761 4425 2694 4487 2770 4427 2770 4427 2694 4487 2760 4429 2760 4429 2694 4487 2695 4488 2760 4429 2695 4488 2759 4431 2759 4431 2695 4488 2696 4489 2759 4431 2696 4489 2771 4433 2771 4433 2696 4489 2758 4435 2696 4489 2697 4490 2758 4435 2758 4435 2697 4490 2772 4437 2772 4437 2697 4490 2773 4439 2773 4439 2697 4490 2698 4491 2773 4439 2698 4491 2774 4441 2774 4441 2698 4491 2757 4443 2698 4491 2699 4492 2757 4443 2757 4443 2699 4492 2775 4445 2775 4445 2699 4492 2756 4447 2756 4447 2699 4492 2700 4493 2756 4447 2700 4493 2755 4449 2755 4449 2700 4493 2701 4494 2755 4449 2701 4494 2776 4451 2776 4451 2701 4494 2754 4453 2701 4494 2702 4495 2754 4453 2754 4453 2702 4495 2777 4455 2777 4455 2702 4495 2778 4457 2778 4457 2702 4495 2703 4496 2778 4457 2703 4496 2779 4459 2779 4459 2703 4496 2753 4461 2703 4496 2704 4497 2753 4461 2753 4461 2704 4497 2780 4463 2780 4463 2704 4497 2752 4465 2752 4465 2704 4497 2705 4475 2752 4465 2705 4475 2781 4467 2713 4470 2714 4498 2723 4468 2723 4468 2714 4498 2722 4499 2722 4499 2714 4498 2715 4500 2722 4499 2715 4500 2716 4501 2716 4501 2717 4502 2722 4499 2722 4499 2717 4502 2721 4503 2721 4503 2717 4502 2718 4504 2721 4503 2718 4504 2719 4505 2719 4505 2720 4506 2721 4503 2766 4415 2749 4417 2763 4413 2763 4413 2749 4417 2750 4507 2763 4413 2750 4507 2764 4412 2764 4412 2750 4507 2751 4508 2764 4412 2751 4508 2765 4408 2765 4408 2751 4508 655 837 2276 4509 2844 4510 692 4511 692 4511 2844 4510 2837 4512 692 4511 2837 4512 2691 4513 2691 4513 2837 4512 2941 4514 2691 4513 2941 4514 2836 4515 2836 4515 2941 4514 2940 4516 2836 4515 2940 4516 2975 4517 2975 4517 2940 4516 2939 4518 2975 4517 2939 4518 2974 4519 2974 4519 2939 4518 2938 4520 2974 4519 2938 4520 2973 4521 2973 4521 2938 4520 2937 4522 2973 4521 2937 4522 2972 4523 2972 4523 2937 4522 2936 4524 2972 4523 2936 4524 2971 4525 2971 4525 2936 4524 2935 4526 2971 4525 2935 4526 2970 4527 2970 4527 2935 4526 2934 4528 2970 4527 2934 4528 2969 4529 2969 4529 2934 4528 2933 4530 2969 4529 2933 4530 2968 4531 2968 4531 2933 4530 2932 4532 2968 4531 2932 4532 2967 4533 2967 4533 2932 4532 2931 4534 2967 4533 2931 4534 2966 4535 2966 4535 2931 4534 2930 4536 2966 4535 2930 4536 2965 4537 2965 4537 2930 4536 2929 4538 2965 4537 2929 4538 2964 4539 2964 4539 2929 4538 2928 4540 2964 4539 2928 4540 2963 4541 2963 4541 2928 4540 2927 4542 2963 4541 2927 4542 2962 4543 2962 4543 2927 4542 2926 4544 2962 4543 2926 4544 2961 4545 2961 4545 2926 4544 2925 4546 2961 4545 2925 4546 2960 4547 2960 4547 2925 4546 2924 4548 2960 4547 2924 4548 2959 4549 2959 4549 2924 4548 2923 4550 2959 4549 2923 4550 2958 4551 2958 4551 2923 4550 2922 4552 2958 4551 2922 4552 2957 4553 2957 4553 2922 4552 2921 4554 2957 4553 2921 4554 2956 4555 2956 4555 2921 4554 2920 4556 2956 4555 2920 4556 2955 4557 2955 4557 2920 4556 2919 4558 2955 4557 2919 4558 2954 4559 2954 4559 2919 4558 2918 4560 2954 4559 2918 4560 2953 4561 2953 4561 2918 4560 2917 4562 2953 4561 2917 4562 2952 4563 2952 4563 2917 4562 2916 4564 2952 4563 2916 4564 2951 4565 2951 4565 2916 4564 2915 4566 2951 4565 2915 4566 2950 4567 2950 4567 2915 4566 2914 4568 2950 4567 2914 4568 2949 4569 2949 4569 2914 4568 2913 4570 2949 4569 2913 4570 2948 4571 2948 4571 2913 4570 2912 4572 2948 4571 2912 4572 2947 4573 2947 4573 2912 4572 2911 4574 2947 4573 2911 4574 2946 4575 2946 4575 2911 4574 2910 4576 2946 4575 2910 4576 2945 4577 2945 4577 2910 4576 2909 4578 2945 4577 2909 4578 2944 4579 2944 4579 2909 4578 2908 4580 2944 4579 2908 4580 2943 4581 2943 4581 2908 4580 2907 4582 2943 4581 2907 4582 2942 4583 2942 4583 2907 4582 2748 4584 2942 4583 2748 4584 2747 4585 2844 4510 2276 4509 2843 4586 2843 4586 2276 4509 2275 4587 2843 4586 2275 4587 2842 4588 2842 4588 2275 4587 2274 4589 2842 4588 2274 4589 2841 4590 2841 4590 2274 4589 2273 4591 2841 4590 2273 4591 2839 4592 2839 4592 2273 4591 2272 4593 2839 4592 2272 4593 2840 4594 2840 4594 2272 4593 2846 4595 2840 4594 2846 4595 2838 4596 2838 4596 2846 4595 2271 4597 2838 4596 2271 4597 2875 4598 2875 4598 2271 4597 2845 4599 2875 4598 2845 4599 2270 4600 2270 4600 2845 4599 2271 4597 2272 4593 2271 4597 2846 4595 2875 4598 2270 4600 2874 4601 2874 4601 2270 4600 2269 4602 2874 4601 2269 4602 2873 4603 2873 4603 2269 4602 2268 4604 2873 4603 2268 4604 2872 4605 2872 4605 2268 4604 2267 4606 2872 4605 2267 4606 2871 4607 2871 4607 2267 4606 2266 4608 2871 4607 2266 4608 2870 4609 2870 4609 2266 4608 2265 4610 2870 4609 2265 4610 2869 4611 2869 4611 2265 4610 2264 4612 2869 4611 2264 4612 2868 4613 2868 4613 2264 4612 2867 4614 2868 4613 2867 4614 2928 4540 2928 4540 2867 4614 2927 4542 2264 4612 2263 4615 2867 4614 2867 4614 2263 4615 2866 4616 2867 4614 2866 4616 2927 4542 2927 4542 2866 4616 2926 4544 2263 4615 2262 4617 2866 4616 2866 4616 2262 4617 2865 4618 2866 4616 2865 4618 2926 4544 2926 4544 2865 4618 2925 4546 2262 4617 2261 4619 2865 4618 2865 4618 2261 4619 2864 4620 2865 4618 2864 4620 2925 4546 2925 4546 2864 4620 2924 4548 2261 4619 2260 4621 2864 4620 2864 4620 2260 4621 2863 4622 2864 4620 2863 4622 2924 4548 2924 4548 2863 4622 2923 4550 2863 4622 2260 4621 2895 4623 2895 4623 2260 4621 2259 4624 2895 4623 2259 4624 2863 4622 2863 4622 2259 4624 2879 4625 2863 4622 2879 4625 2862 4626 2862 4626 2879 4625 2880 4627 2862 4626 2880 4627 2861 4628 2861 4628 2880 4627 2881 4629 2861 4628 2881 4629 2860 4630 2860 4630 2881 4629 2882 4631 2860 4630 2882 4631 2859 4632 2859 4632 2882 4631 2883 4633 2859 4632 2883 4633 2858 4634 2858 4634 2883 4633 2884 4635 2858 4634 2884 4635 2857 4636 2857 4636 2884 4635 2885 4637 2857 4636 2885 4637 2856 4638 2856 4638 2885 4637 2886 4639 2856 4638 2886 4639 2855 4640 2855 4640 2886 4639 2887 4641 2855 4640 2887 4641 2854 4642 2854 4642 2887 4641 2888 4643 2854 4642 2888 4643 2853 4644 2853 4644 2888 4643 2889 4645 2853 4644 2889 4645 2852 4646 2852 4646 2889 4645 2890 4647 2852 4646 2890 4647 2851 4648 2851 4648 2890 4647 2891 4649 2851 4648 2891 4649 2850 4650 2850 4650 2891 4649 2892 4651 2850 4650 2892 4651 2849 4652 2849 4652 2892 4651 2893 4653 2849 4652 2893 4653 2848 4654 2848 4654 2893 4653 2894 4655 2848 4654 2894 4655 2847 4656 2847 4656 2894 4655 2750 4657 2847 4656 2750 4657 2749 4658 2259 4624 2258 4659 2879 4625 2879 4625 2258 4659 2880 4627 2258 4659 2257 4660 2880 4627 2880 4627 2257 4660 2881 4629 2881 4629 2257 4660 2882 4631 2882 4631 2257 4660 2256 4661 2882 4631 2256 4661 2883 4633 2883 4633 2256 4661 2255 4662 2883 4633 2255 4662 2884 4635 2884 4635 2255 4662 2906 4663 2884 4635 2906 4663 2254 4664 2254 4664 2906 4663 2255 4662 2884 4635 2254 4664 2896 4665 2896 4665 2254 4664 2253 4666 2896 4665 2253 4666 2897 4667 2897 4667 2253 4666 2252 4668 2897 4667 2252 4668 2898 4669 2898 4669 2252 4668 2251 4670 2898 4669 2251 4670 2899 4671 2899 4671 2251 4670 2250 4672 2899 4671 2250 4672 2900 4673 2900 4673 2250 4672 2249 4674 2900 4673 2249 4674 2901 4675 2901 4675 2249 4674 2248 4676 2901 4675 2248 4676 2902 4677 2902 4677 2248 4676 2247 4678 2902 4677 2247 4678 2903 4679 2903 4679 2247 4678 2904 4680 2903 4679 2904 4680 2892 4651 2892 4651 2904 4680 2893 4653 2247 4678 2246 4681 2904 4680 2904 4680 2246 4681 2905 4682 2904 4680 2905 4682 2893 4653 2893 4653 2905 4682 2894 4655 2246 4681 655 4683 2905 4682 2905 4682 655 4683 2751 4684 2905 4682 2751 4684 2894 4655 2894 4655 2751 4684 2750 4657 2847 4656 2749 4658 2907 4582 2907 4582 2749 4658 2748 4584 2942 4583 2747 4585 2976 4685 2976 4685 2747 4585 2746 4686 2976 4685 2746 4686 3011 4687 3011 4687 2746 4686 2745 4688 3011 4687 2745 4688 3045 4689 3045 4689 2745 4688 2744 4690 3045 4689 2744 4690 3080 4691 3080 4691 2744 4690 2743 4692 3080 4691 2743 4692 2832 4693 2832 4693 2743 4692 2742 4694 2832 4693 2742 4694 3215 4695 3215 4695 2742 4694 3148 4696 3215 4695 3148 4696 3149 4697 3149 4697 3148 4696 3217 4698 3149 4697 3217 4698 3218 4699 3218 4699 3217 4698 3253 4700 3218 4699 3253 4700 3254 4701 3254 4701 3253 4700 3288 4702 3254 4701 3288 4702 3289 4703 3289 4703 3288 4702 3324 4704 3289 4703 3324 4704 3325 4705 3325 4705 3324 4704 3359 4706 3325 4705 3359 4706 3360 4707 3360 4707 3359 4706 3395 4708 3360 4707 3395 4708 3396 4709 3396 4709 3395 4708 3431 4710 3396 4709 3431 4710 3432 4711 3432 4711 3431 4710 3467 4712 3432 4711 3467 4712 3468 4713 3468 4713 3467 4712 3501 4714 3468 4713 3501 4714 3502 4715 3502 4715 3501 4714 3585 4716 3502 4715 3585 4716 3584 4717 3584 4717 3585 4716 3538 4718 3584 4717 3538 4718 3539 4719 3539 4719 3538 4718 3608 4720 3539 4719 3608 4720 3609 4721 3609 4721 3608 4720 3643 4722 3609 4721 3643 4722 3644 4723 3644 4723 3643 4722 3679 4724 3644 4723 3679 4724 3680 4725 3680 4725 3679 4724 3714 4726 3680 4725 3714 4726 3715 4727 3715 4727 3714 4726 3750 4728 3715 4727 3750 4728 3751 4729 3751 4729 3750 4728 3785 4730 3751 4729 3785 4730 3786 4731 3786 4731 3785 4730 3821 4732 3786 4731 3821 4732 3822 4733 3822 4733 3821 4732 3856 4734 3822 4733 3856 4734 3857 4735 3857 4735 3856 4734 3892 4736 3857 4735 3892 4736 3893 4737 3893 4737 3892 4736 3927 4738 3893 4737 3927 4738 3928 4739 3928 4739 3927 4738 2806 4740 3928 4739 2806 4740 2807 4741 2742 4694 2741 4742 3148 4696 3148 4696 2741 4742 3216 4743 3148 4696 3216 4743 3217 4698 3217 4698 3216 4743 3252 4744 3217 4698 3252 4744 3253 4700 3253 4700 3252 4744 3287 4745 3253 4700 3287 4745 3288 4702 3288 4702 3287 4745 3323 4746 3288 4702 3323 4746 3324 4704 3324 4704 3323 4746 3358 4747 3324 4704 3358 4747 3359 4706 3359 4706 3358 4747 3394 4748 3359 4706 3394 4748 3395 4708 3395 4708 3394 4748 3430 4749 3395 4708 3430 4749 3431 4710 3431 4710 3430 4749 3466 4750 3431 4710 3466 4750 3467 4712 3467 4712 3466 4750 3500 4751 3467 4712 3500 4751 3501 4714 3501 4714 3500 4751 3586 4752 3501 4714 3586 4752 3585 4716 3585 4716 3586 4752 3537 4753 3585 4716 3537 4753 3538 4718 3538 4718 3537 4753 3607 4754 3538 4718 3607 4754 3608 4720 3608 4720 3607 4754 3642 4755 3608 4720 3642 4755 3643 4722 3643 4722 3642 4755 3678 4756 3643 4722 3678 4756 3679 4724 3679 4724 3678 4756 3713 4757 3679 4724 3713 4757 3714 4726 3714 4726 3713 4757 3749 4758 3714 4726 3749 4758 3750 4728 3750 4728 3749 4758 3784 4759 3750 4728 3784 4759 3785 4730 3785 4730 3784 4759 3820 4760 3785 4730 3820 4760 3821 4732 3821 4732 3820 4760 3855 4761 3821 4732 3855 4761 3856 4734 3856 4734 3855 4761 3891 4762 3856 4734 3891 4762 3892 4736 3892 4736 3891 4762 3926 4763 3892 4736 3926 4763 3927 4738 3927 4738 3926 4763 2805 4764 3927 4738 2805 4764 2806 4740 2741 4742 2740 4765 3216 4743 3216 4743 2740 4765 3251 4766 3216 4743 3251 4766 3252 4744 3252 4744 3251 4766 3286 4767 3252 4744 3286 4767 3287 4745 3287 4745 3286 4767 3322 4768 3287 4745 3322 4768 3323 4746 3323 4746 3322 4768 3357 4769 3323 4746 3357 4769 3358 4747 3358 4747 3357 4769 3393 4770 3358 4747 3393 4770 3394 4748 3394 4748 3393 4770 3429 4771 3394 4748 3429 4771 3430 4749 3430 4749 3429 4771 3465 4772 3430 4749 3465 4772 3466 4750 3466 4750 3465 4772 3499 4773 3466 4750 3499 4773 3500 4751 3500 4751 3499 4773 3587 4774 3500 4751 3587 4774 3586 4752 3586 4752 3587 4774 3536 4775 3586 4752 3536 4775 3537 4753 3537 4753 3536 4775 3606 4776 3537 4753 3606 4776 3607 4754 3607 4754 3606 4776 3641 4777 3607 4754 3641 4777 3642 4755 3642 4755 3641 4777 3677 4778 3642 4755 3677 4778 3678 4756 3678 4756 3677 4778 3712 4779 3678 4756 3712 4779 3713 4757 3713 4757 3712 4779 3748 4780 3713 4757 3748 4780 3749 4758 3749 4758 3748 4780 3783 4781 3749 4758 3783 4781 3784 4759 3784 4759 3783 4781 3819 4782 3784 4759 3819 4782 3820 4760 3820 4760 3819 4782 3854 4783 3820 4760 3854 4783 3855 4761 3855 4761 3854 4783 3890 4784 3855 4761 3890 4784 3891 4762 3891 4762 3890 4784 3925 4785 3891 4762 3925 4785 3926 4763 3926 4763 3925 4785 2803 4786 3926 4763 2803 4786 2804 4787 2740 4765 2739 4788 3251 4766 3251 4766 2739 4788 3285 4789 3251 4766 3285 4789 3286 4767 3286 4767 3285 4789 3321 4790 3286 4767 3321 4790 3322 4768 3322 4768 3321 4790 3356 4791 3322 4768 3356 4791 3357 4769 3357 4769 3356 4791 3392 4792 3357 4769 3392 4792 3393 4770 3393 4770 3392 4792 3428 4793 3393 4770 3428 4793 3429 4771 3429 4771 3428 4793 3464 4794 3429 4771 3464 4794 3465 4772 3465 4772 3464 4794 3498 4795 3465 4772 3498 4795 3499 4773 3499 4773 3498 4795 3588 4796 3499 4773 3588 4796 3587 4774 3587 4774 3588 4796 3535 4797 3587 4774 3535 4797 3536 4775 3536 4775 3535 4797 3605 4798 3536 4775 3605 4798 3606 4776 3606 4776 3605 4798 3640 4799 3606 4776 3640 4799 3641 4777 3641 4777 3640 4799 3676 4800 3641 4777 3676 4800 3677 4778 3677 4778 3676 4800 3711 4801 3677 4778 3711 4801 3712 4779 3712 4779 3711 4801 3747 4802 3712 4779 3747 4802 3748 4780 3748 4780 3747 4802 3782 4803 3748 4780 3782 4803 3783 4781 3783 4781 3782 4803 3818 4804 3783 4781 3818 4804 3819 4782 3819 4782 3818 4804 3853 4805 3819 4782 3853 4805 3854 4783 3854 4783 3853 4805 3889 4806 3854 4783 3889 4806 3890 4784 3890 4784 3889 4806 3924 4807 3890 4784 3924 4807 3925 4785 3925 4785 3924 4807 2802 4808 3925 4785 2802 4808 2803 4786 2739 4788 2738 4809 3285 4789 3285 4789 2738 4809 3320 4810 3285 4789 3320 4810 3321 4790 3321 4790 3320 4810 3355 4811 3321 4790 3355 4811 3356 4791 3356 4791 3355 4811 3391 4812 3356 4791 3391 4812 3392 4792 3392 4792 3391 4812 3427 4813 3392 4792 3427 4813 3428 4793 3428 4793 3427 4813 3463 4814 3428 4793 3463 4814 3464 4794 3464 4794 3463 4814 3497 4815 3464 4794 3497 4815 3498 4795 3498 4795 3497 4815 3589 4816 3498 4795 3589 4816 3588 4796 3588 4796 3589 4816 3534 4817 3588 4796 3534 4817 3535 4797 3535 4797 3534 4817 3604 4818 3535 4797 3604 4818 3605 4798 3605 4798 3604 4818 3639 4819 3605 4798 3639 4819 3640 4799 3640 4799 3639 4819 3675 4820 3640 4799 3675 4820 3676 4800 3676 4800 3675 4820 3710 4821 3676 4800 3710 4821 3711 4801 3711 4801 3710 4821 3746 4822 3711 4801 3746 4822 3747 4802 3747 4802 3746 4822 3781 4823 3747 4802 3781 4823 3782 4803 3782 4803 3781 4823 3817 4824 3782 4803 3817 4824 3818 4804 3818 4804 3817 4824 3852 4825 3818 4804 3852 4825 3853 4805 3853 4805 3852 4825 3888 4826 3853 4805 3888 4826 3889 4806 3889 4806 3888 4826 3923 4827 3889 4806 3923 4827 3924 4807 3924 4807 3923 4827 2801 4828 3924 4807 2801 4828 2802 4808 2738 4809 2737 4829 3320 4810 3320 4810 2737 4829 3354 4830 3320 4810 3354 4830 3355 4811 3355 4811 3354 4830 3390 4831 3355 4811 3390 4831 3391 4812 3391 4812 3390 4831 3426 4832 3391 4812 3426 4832 3427 4813 3427 4813 3426 4832 3462 4833 3427 4813 3462 4833 3463 4814 3463 4814 3462 4833 3496 4834 3463 4814 3496 4834 3497 4815 3497 4815 3496 4834 3590 4835 3497 4815 3590 4835 3589 4816 3589 4816 3590 4835 3533 4836 3589 4816 3533 4836 3534 4817 3534 4817 3533 4836 3603 4837 3534 4817 3603 4837 3604 4818 3604 4818 3603 4837 3638 4838 3604 4818 3638 4838 3639 4819 3639 4819 3638 4838 3674 4839 3639 4819 3674 4839 3675 4820 3675 4820 3674 4839 3709 4840 3675 4820 3709 4840 3710 4821 3710 4821 3709 4840 3745 4841 3710 4821 3745 4841 3746 4822 3746 4822 3745 4841 3780 4842 3746 4822 3780 4842 3781 4823 3781 4823 3780 4842 3816 4843 3781 4823 3816 4843 3817 4824 3817 4824 3816 4843 3851 4844 3817 4824 3851 4844 3852 4825 3852 4825 3851 4844 3887 4845 3852 4825 3887 4845 3888 4826 3888 4826 3887 4845 3922 4846 3888 4826 3922 4846 3923 4827 3923 4827 3922 4846 2800 4847 3923 4827 2800 4847 2801 4828 2737 4829 2736 4848 3354 4830 3354 4830 2736 4848 3389 4849 3354 4830 3389 4849 3390 4831 3390 4831 3389 4849 3425 4850 3390 4831 3425 4850 3426 4832 3426 4832 3425 4850 3461 4851 3426 4832 3461 4851 3462 4833 3462 4833 3461 4851 3495 4852 3462 4833 3495 4852 3496 4834 3496 4834 3495 4852 3591 4853 3496 4834 3591 4853 3590 4835 3590 4835 3591 4853 3532 4854 3590 4835 3532 4854 3533 4836 3533 4836 3532 4854 3602 4855 3533 4836 3602 4855 3603 4837 3603 4837 3602 4855 3637 4856 3603 4837 3637 4856 3638 4838 3638 4838 3637 4856 3673 4857 3638 4838 3673 4857 3674 4839 3674 4839 3673 4857 3708 4858 3674 4839 3708 4858 3709 4840 3709 4840 3708 4858 3744 4859 3709 4840 3744 4859 3745 4841 3745 4841 3744 4859 3779 4860 3745 4841 3779 4860 3780 4842 3780 4842 3779 4860 3815 4861 3780 4842 3815 4861 3816 4843 3816 4843 3815 4861 3850 4862 3816 4843 3850 4862 3851 4844 3851 4844 3850 4862 3886 4863 3851 4844 3886 4863 3887 4845 3887 4845 3886 4863 3921 4864 3887 4845 3921 4864 3922 4846 3922 4846 3921 4864 2799 4865 3922 4846 2799 4865 2800 4847 2736 4848 2735 4866 3389 4849 3389 4849 2735 4866 3424 4867 3389 4849 3424 4867 3425 4850 3425 4850 3424 4867 3460 4868 3425 4850 3460 4868 3461 4851 3461 4851 3460 4868 3494 4869 3461 4851 3494 4869 3495 4852 3495 4852 3494 4869 3592 4870 3495 4852 3592 4870 3591 4853 3591 4853 3592 4870 3531 4871 3591 4853 3531 4871 3532 4854 3532 4854 3531 4871 3601 4872 3532 4854 3601 4872 3602 4855 3602 4855 3601 4872 3636 4873 3602 4855 3636 4873 3637 4856 3637 4856 3636 4873 3672 4874 3637 4856 3672 4874 3673 4857 3673 4857 3672 4874 3707 4875 3673 4857 3707 4875 3708 4858 3708 4858 3707 4875 3743 4876 3708 4858 3743 4876 3744 4859 3744 4859 3743 4876 3778 4877 3744 4859 3778 4877 3779 4860 3779 4860 3778 4877 3814 4878 3779 4860 3814 4878 3815 4861 3815 4861 3814 4878 3849 4879 3815 4861 3849 4879 3850 4862 3850 4862 3849 4879 3885 4880 3850 4862 3885 4880 3886 4863 3886 4863 3885 4880 3920 4881 3886 4863 3920 4881 3921 4864 3921 4864 3920 4881 2798 4882 3921 4864 2798 4882 2799 4865 2735 4866 2734 4883 3424 4867 3424 4867 2734 4883 3459 4884 3424 4867 3459 4884 3460 4868 3460 4868 3459 4884 3493 4885 3460 4868 3493 4885 3494 4869 3494 4869 3493 4885 3593 4886 3494 4869 3593 4886 3592 4870 3592 4870 3593 4886 3530 4887 3592 4870 3530 4887 3531 4871 3531 4871 3530 4887 3600 4888 3531 4871 3600 4888 3601 4872 3601 4872 3600 4888 3635 4889 3601 4872 3635 4889 3636 4873 3636 4873 3635 4889 3671 4890 3636 4873 3671 4890 3672 4874 3672 4874 3671 4890 3706 4891 3672 4874 3706 4891 3707 4875 3707 4875 3706 4891 3742 4892 3707 4875 3742 4892 3743 4876 3743 4876 3742 4892 3777 4893 3743 4876 3777 4893 3778 4877 3778 4877 3777 4893 3813 4894 3778 4877 3813 4894 3814 4878 3814 4878 3813 4894 3848 4895 3814 4878 3848 4895 3849 4879 3849 4879 3848 4895 3884 4896 3849 4879 3884 4896 3885 4880 3885 4880 3884 4896 3919 4897 3885 4880 3919 4897 3920 4881 3920 4881 3919 4897 2797 4898 3920 4881 2797 4898 2798 4882 2734 4883 2733 4899 3459 4884 3459 4884 2733 4899 2826 4900 3459 4884 2826 4900 3493 4885 3493 4885 2826 4900 3594 4901 3493 4885 3594 4901 3593 4886 3593 4886 3594 4901 3529 4902 3593 4886 3529 4902 3530 4887 3530 4887 3529 4902 3599 4903 3530 4887 3599 4903 3600 4888 3600 4888 3599 4903 3634 4904 3600 4888 3634 4904 3635 4889 3635 4889 3634 4904 3670 4905 3635 4889 3670 4905 3671 4890 3671 4890 3670 4905 3705 4906 3671 4890 3705 4906 3706 4891 3706 4891 3705 4906 3741 4907 3706 4891 3741 4907 3742 4892 3742 4892 3741 4907 3776 4908 3742 4892 3776 4908 3777 4893 3777 4893 3776 4908 3812 4909 3777 4893 3812 4909 3813 4894 3813 4894 3812 4909 3847 4910 3813 4894 3847 4910 3848 4895 3848 4895 3847 4910 3883 4911 3848 4895 3883 4911 3884 4896 3884 4896 3883 4911 3918 4912 3884 4896 3918 4912 3919 4897 3919 4897 3918 4912 3949 4913 3919 4897 3949 4913 2797 4898 2797 4898 3949 4913 2796 4914 2796 4914 3949 4913 3948 4915 2796 4914 3948 4915 2795 4916 2795 4916 3948 4915 3947 4917 2795 4916 3947 4917 2794 4918 2794 4918 3947 4917 2793 4919 2793 4919 3947 4917 3946 4920 2793 4919 3946 4920 2792 4921 2792 4921 3946 4920 3945 4922 2792 4921 3945 4922 2791 4923 2791 4923 3945 4922 3944 4924 2791 4923 3944 4924 3954 4925 3954 4925 3944 4924 3943 4926 3954 4925 3943 4926 3953 4927 3953 4927 3943 4926 3942 4928 3953 4927 3942 4928 3952 4929 3952 4929 3942 4928 3941 4930 3952 4929 3941 4930 3951 4931 3951 4931 3941 4930 3940 4932 3951 4931 3940 4932 3950 4933 3950 4933 3940 4932 1024 4934 3950 4933 1024 4934 1023 4935 2733 4899 2732 4936 2826 4900 2826 4900 2732 4936 3595 4937 2826 4900 3595 4937 3594 4901 3594 4901 3595 4937 3528 4938 3594 4901 3528 4938 3529 4902 3529 4902 3528 4938 3598 4939 3529 4902 3598 4939 3599 4903 3599 4903 3598 4939 3633 4940 3599 4903 3633 4940 3634 4904 3634 4904 3633 4940 3669 4941 3634 4904 3669 4941 3670 4905 3670 4905 3669 4941 3704 4942 3670 4905 3704 4942 3705 4906 3705 4906 3704 4942 3740 4943 3705 4906 3740 4943 3741 4907 3741 4907 3740 4943 3775 4944 3741 4907 3775 4944 3776 4908 3776 4908 3775 4944 3811 4945 3776 4908 3811 4945 3812 4909 3812 4909 3811 4945 3846 4946 3812 4909 3846 4946 3847 4910 3847 4910 3846 4946 3882 4947 3847 4910 3882 4947 3883 4911 3883 4911 3882 4947 3917 4948 3883 4911 3917 4948 3918 4912 3918 4912 3917 4948 3948 4915 3918 4912 3948 4915 3949 4913 3595 4937 2732 4936 3527 4949 3527 4949 2732 4936 2731 4950 3527 4949 2731 4950 3596 4951 3596 4951 2731 4950 2730 4952 3596 4951 2730 4952 3630 4953 3630 4953 2730 4952 2729 4954 3630 4953 2729 4954 3665 4955 3665 4955 2729 4954 2728 4956 3665 4955 2728 4956 3699 4957 3699 4957 2728 4956 2727 4958 3699 4957 2727 4958 3734 4959 3734 4959 2727 4958 2726 4960 3734 4959 2726 4960 3768 4961 3768 4961 2726 4960 2725 4962 3768 4961 2725 4962 3803 4963 3803 4963 2725 4962 2724 4964 3803 4963 2724 4964 3837 4965 3837 4965 2724 4964 2723 4966 3837 4965 2723 4966 3872 4967 3872 4967 2723 4966 2722 4968 3872 4967 2722 4968 3906 4969 3906 4969 2722 4968 2721 4970 3906 4969 2721 4970 3936 4971 3936 4971 2721 4970 2720 4972 3936 4971 2720 4972 2783 4973 3936 4971 2783 4973 3937 4974 3937 4974 2783 4973 2784 4975 3937 4974 2784 4975 3938 4976 3938 4976 2784 4975 2785 4977 3938 4976 2785 4977 3939 4978 3939 4978 2785 4977 1024 4934 3939 4978 1024 4934 3940 4932 1023 4935 2786 4979 3950 4933 3950 4933 2786 4979 3951 4931 2786 4979 2787 4980 3951 4931 3951 4931 2787 4980 3952 4929 2787 4980 2788 4981 3952 4929 3952 4929 2788 4981 3953 4927 2788 4981 2789 4982 3953 4927 3953 4927 2789 4982 2790 4983 3953 4927 2790 4983 3954 4925 3954 4925 2790 4983 2791 4923 2804 4787 2805 4764 3926 4763 3928 4739 2807 4741 3929 4984 3929 4984 2807 4741 2808 4985 3929 4984 2808 4985 3930 4986 3930 4986 2808 4985 2809 4987 3930 4986 2809 4987 3931 4988 3931 4988 2809 4987 2810 4989 3931 4988 2810 4989 3932 4990 3932 4990 2810 4989 2811 4991 3932 4990 2811 4991 3933 4992 3933 4992 2811 4991 2812 4993 3933 4992 2812 4993 2813 4994 3933 4992 2813 4994 3934 4995 3934 4995 2813 4994 2814 4996 3934 4995 2814 4996 3935 4997 3935 4997 2814 4996 2815 4998 3935 4997 2815 4998 2820 4999 2820 4999 2815 4998 2816 5000 2820 4999 2816 5000 1076 5001 1076 5001 1075 5002 2820 4999 2820 4999 1075 5002 3902 5003 2820 4999 3902 5003 3901 5004 3901 5004 3902 5003 3866 5005 3901 5004 3866 5005 3865 5006 3865 5006 3866 5005 3831 5007 3865 5006 3831 5007 3830 5008 3830 5008 3831 5007 3795 5009 3830 5008 3795 5009 3794 5010 3794 5010 3795 5009 3760 5011 3794 5010 3760 5011 3759 5012 3759 5012 3760 5011 3724 5013 3759 5012 3724 5013 3723 5014 3723 5014 3724 5013 3689 5015 3723 5014 3689 5015 3688 5016 3688 5016 3689 5015 3653 5017 3688 5016 3653 5017 3652 5018 3652 5018 3653 5017 3618 5019 3652 5018 3618 5019 3617 5020 3617 5020 3618 5019 3548 5021 3617 5020 3548 5021 3547 5022 3547 5022 3548 5021 3575 5023 3547 5022 3575 5023 3576 5024 3576 5024 3575 5023 3511 5025 3576 5024 3511 5025 3510 5026 3510 5026 3511 5025 3477 5027 3510 5026 3477 5027 3476 5028 3476 5028 3477 5027 3441 5029 3476 5028 3441 5029 3440 5030 3440 5030 3441 5029 3405 5031 3440 5030 3405 5031 3404 5032 3404 5032 3405 5031 3369 5033 3404 5032 3369 5033 3368 5034 3368 5034 3369 5033 3334 5035 3368 5034 3334 5035 3333 5036 3333 5036 3334 5035 3298 5037 3333 5036 3298 5037 3297 5038 3297 5038 3298 5037 3263 5039 3297 5038 3263 5039 3262 5040 3262 5040 3263 5039 3227 5041 3262 5040 3227 5041 3226 5042 3226 5042 3227 5041 3158 5043 3226 5042 3158 5043 3157 5044 3157 5044 3158 5043 3206 5045 3157 5044 3206 5045 3207 5046 3207 5046 3206 5045 3121 5047 3207 5046 3121 5047 3120 5048 3120 5048 3121 5047 3087 5049 3120 5048 3087 5049 3086 5050 3086 5050 3087 5049 3051 5051 3086 5050 3051 5051 3050 5052 3050 5052 3051 5051 3016 5053 3050 5052 3016 5053 3015 5054 3015 5054 3016 5053 2980 5055 3015 5054 2980 5055 2979 5056 2979 5056 2980 5055 2945 4577 2979 5056 2945 4577 2944 4579 3902 5003 1075 5002 3903 5057 3903 5057 1075 5002 2817 5058 3903 5057 2817 5058 3904 5059 3904 5059 2817 5058 2818 5060 3904 5059 2818 5060 3905 5061 3905 5061 2818 5060 2819 5062 3905 5061 2819 5062 2821 5063 2821 5063 2819 5062 2706 5064 2821 5063 2706 5064 2705 5065 2704 5066 2822 5067 2705 5065 2705 5065 2822 5067 3871 5068 2705 5065 3871 5068 2821 5063 2821 5063 3871 5068 3870 5069 2821 5063 3870 5069 3905 5061 3905 5061 3870 5069 3869 5070 3905 5061 3869 5070 3904 5059 3904 5059 3869 5070 3868 5071 3904 5059 3868 5071 3903 5057 3903 5057 3868 5071 3867 5072 3903 5057 3867 5072 3902 5003 3902 5003 3867 5072 3866 5005 2703 5073 2823 5074 2704 5066 2704 5066 2823 5074 3802 5075 2704 5066 3802 5075 2822 5067 2822 5067 3802 5075 3801 5076 2822 5067 3801 5076 3836 5077 3836 5077 3801 5076 3800 5078 3836 5077 3800 5078 3835 5079 3835 5079 3800 5078 3799 5080 3835 5079 3799 5080 3834 5081 3834 5081 3799 5080 3798 5082 3834 5081 3798 5082 3833 5083 3833 5083 3798 5082 3797 5084 3833 5083 3797 5084 3832 5085 3832 5085 3797 5084 3796 5086 3832 5085 3796 5086 3831 5007 3831 5007 3796 5086 3795 5009 2702 5087 2824 5088 2703 5073 2703 5073 2824 5088 3733 5089 2703 5073 3733 5089 2823 5074 2823 5074 3733 5089 3732 5090 2823 5074 3732 5090 3767 5091 3767 5091 3732 5090 3731 5092 3767 5091 3731 5092 3766 5093 3766 5093 3731 5092 3730 5094 3766 5093 3730 5094 3765 5095 3765 5095 3730 5094 3729 5096 3765 5095 3729 5096 3764 5097 3764 5097 3729 5096 3728 5098 3764 5097 3728 5098 3763 5099 3763 5099 3728 5098 3727 5100 3763 5099 3727 5100 3762 5101 3762 5101 3727 5100 3726 5102 3762 5101 3726 5102 3761 5103 3761 5103 3726 5102 3725 5104 3761 5103 3725 5104 3760 5011 3760 5011 3725 5104 3724 5013 2701 5105 2825 5106 2702 5087 2702 5087 2825 5106 3664 5107 2702 5087 3664 5107 2824 5088 2824 5088 3664 5107 3663 5108 2824 5088 3663 5108 3698 5109 3698 5109 3663 5108 3662 5110 3698 5109 3662 5110 3697 5111 3697 5111 3662 5110 3661 5112 3697 5111 3661 5112 3696 5113 3696 5113 3661 5112 3660 5114 3696 5113 3660 5114 3695 5115 3695 5115 3660 5114 3659 5116 3695 5115 3659 5116 3694 5117 3694 5117 3659 5116 3658 5118 3694 5117 3658 5118 3693 5119 3693 5119 3658 5118 3657 5120 3693 5119 3657 5120 3692 5121 3692 5121 3657 5120 3656 5122 3692 5121 3656 5122 3691 5123 3691 5123 3656 5122 3655 5124 3691 5123 3655 5124 3690 5125 3690 5125 3655 5124 3654 5126 3690 5125 3654 5126 3689 5015 3689 5015 3654 5126 3653 5017 2700 5127 2827 5128 2701 5105 2701 5105 2827 5128 3561 5129 2701 5105 3561 5129 2825 5106 2825 5106 3561 5129 3560 5130 2825 5106 3560 5130 3629 5131 3629 5131 3560 5130 3559 5132 3629 5131 3559 5132 3628 5133 3628 5133 3559 5132 3558 5134 3628 5133 3558 5134 3627 5135 3627 5135 3558 5134 3557 5136 3627 5135 3557 5136 3626 5137 3626 5137 3557 5136 3556 5138 3626 5137 3556 5138 3625 5139 3625 5139 3556 5138 3555 5140 3625 5139 3555 5140 3624 5141 3624 5141 3555 5140 3554 5142 3624 5141 3554 5142 3623 5143 3623 5143 3554 5142 3553 5144 3623 5143 3553 5144 3622 5145 3622 5145 3553 5144 3552 5146 3622 5145 3552 5146 3621 5147 3621 5147 3552 5146 3551 5148 3621 5147 3551 5148 3620 5149 3620 5149 3551 5148 3550 5150 3620 5149 3550 5150 3619 5151 3619 5151 3550 5150 3549 5152 3619 5151 3549 5152 3618 5019 3618 5019 3549 5152 3548 5021 2699 5153 2828 5154 2700 5127 2700 5127 2828 5154 3526 5155 2700 5127 3526 5155 2827 5128 2827 5128 3526 5155 3525 5156 2827 5128 3525 5156 3562 5157 3562 5157 3525 5156 3524 5158 3562 5157 3524 5158 3563 5159 3563 5159 3524 5158 3523 5160 3563 5159 3523 5160 3564 5161 3564 5161 3523 5160 3522 5162 3564 5161 3522 5162 3565 5163 3565 5163 3522 5162 3521 5164 3565 5163 3521 5164 3566 5165 3566 5165 3521 5164 3520 5166 3566 5165 3520 5166 3567 5167 3567 5167 3520 5166 3519 5168 3567 5167 3519 5168 3568 5169 3568 5169 3519 5168 3518 5170 3568 5169 3518 5170 3569 5171 3569 5171 3518 5170 3517 5172 3569 5171 3517 5172 3570 5173 3570 5173 3517 5172 3516 5174 3570 5173 3516 5174 3571 5175 3571 5175 3516 5174 3515 5176 3571 5175 3515 5176 3572 5177 3572 5177 3515 5176 3514 5178 3572 5177 3514 5178 3573 5179 3573 5179 3514 5178 3513 5180 3573 5179 3513 5180 3574 5181 3574 5181 3513 5180 3512 5182 3574 5181 3512 5182 3575 5023 3575 5023 3512 5182 3511 5025 2698 5183 3423 5184 2699 5153 2699 5153 3423 5184 3458 5185 2699 5153 3458 5185 2828 5154 2828 5154 3458 5185 3457 5186 2828 5154 3457 5186 3492 5187 3492 5187 3457 5186 3456 5188 3492 5187 3456 5188 3491 5189 3491 5189 3456 5188 3455 5190 3491 5189 3455 5190 3490 5191 3490 5191 3455 5190 3454 5192 3490 5191 3454 5192 3489 5193 3489 5193 3454 5192 3453 5194 3489 5193 3453 5194 3488 5195 3488 5195 3453 5194 3452 5196 3488 5195 3452 5196 3487 5197 3487 5197 3452 5196 3451 5198 3487 5197 3451 5198 3486 5199 3486 5199 3451 5198 3450 5200 3486 5199 3450 5200 3485 5201 3485 5201 3450 5200 3449 5202 3485 5201 3449 5202 3484 5203 3484 5203 3449 5202 3448 5204 3484 5203 3448 5204 3483 5205 3483 5205 3448 5204 3447 5206 3483 5205 3447 5206 3482 5207 3482 5207 3447 5206 3446 5208 3482 5207 3446 5208 3481 5209 3481 5209 3446 5208 3445 5210 3481 5209 3445 5210 3480 5211 3480 5211 3445 5210 3444 5212 3480 5211 3444 5212 3479 5213 3479 5213 3444 5212 3443 5214 3479 5213 3443 5214 3478 5215 3478 5215 3443 5214 3442 5216 3478 5215 3442 5216 3477 5027 3477 5027 3442 5216 3441 5029 2697 5217 2829 5218 2698 5183 2698 5183 2829 5218 3388 5219 2698 5183 3388 5219 3423 5184 3423 5184 3388 5219 3387 5220 3423 5184 3387 5220 3422 5221 3422 5221 3387 5220 3386 5222 3422 5221 3386 5222 3421 5223 3421 5223 3386 5222 3385 5224 3421 5223 3385 5224 3420 5225 3420 5225 3385 5224 3384 5226 3420 5225 3384 5226 3419 5227 3419 5227 3384 5226 3383 5228 3419 5227 3383 5228 3418 5229 3418 5229 3383 5228 3382 5230 3418 5229 3382 5230 3417 5231 3417 5231 3382 5230 3381 5232 3417 5231 3381 5232 3416 5233 3416 5233 3381 5232 3380 5234 3416 5233 3380 5234 3415 5235 3415 5235 3380 5234 3379 5236 3415 5235 3379 5236 3414 5237 3414 5237 3379 5236 3378 5238 3414 5237 3378 5238 3413 5239 3413 5239 3378 5238 3377 5240 3413 5239 3377 5240 3412 5241 3412 5241 3377 5240 3376 5242 3412 5241 3376 5242 3411 5243 3411 5243 3376 5242 3375 5244 3411 5243 3375 5244 3410 5245 3410 5245 3375 5244 3374 5246 3410 5245 3374 5246 3409 5247 3409 5247 3374 5246 3373 5248 3409 5247 3373 5248 3408 5249 3408 5249 3373 5248 3372 5250 3408 5249 3372 5250 3407 5251 3407 5251 3372 5250 3371 5252 3407 5251 3371 5252 3406 5253 3406 5253 3371 5252 3370 5254 3406 5253 3370 5254 3405 5031 3405 5031 3370 5254 3369 5033 2696 5255 2830 5256 2697 5217 2697 5217 2830 5256 3319 5257 2697 5217 3319 5257 2829 5218 2829 5218 3319 5257 3318 5258 2829 5218 3318 5258 3353 5259 3353 5259 3318 5258 3317 5260 3353 5259 3317 5260 3352 5261 3352 5261 3317 5260 3316 5262 3352 5261 3316 5262 3351 5263 3351 5263 3316 5262 3315 5264 3351 5263 3315 5264 3350 5265 3350 5265 3315 5264 3314 5266 3350 5265 3314 5266 3349 5267 3349 5267 3314 5266 3313 5268 3349 5267 3313 5268 3348 5269 3348 5269 3313 5268 3312 5270 3348 5269 3312 5270 3347 5271 3347 5271 3312 5270 3311 5272 3347 5271 3311 5272 3346 5273 3346 5273 3311 5272 3310 5274 3346 5273 3310 5274 3345 5275 3345 5275 3310 5274 3309 5276 3345 5275 3309 5276 3344 5277 3344 5277 3309 5276 3308 5278 3344 5277 3308 5278 3343 5279 3343 5279 3308 5278 3307 5280 3343 5279 3307 5280 3342 5281 3342 5281 3307 5280 3306 5282 3342 5281 3306 5282 3341 5283 3341 5283 3306 5282 3305 5284 3341 5283 3305 5284 3340 5285 3340 5285 3305 5284 3304 5286 3340 5285 3304 5286 3339 5287 3339 5287 3304 5286 3303 5288 3339 5287 3303 5288 3338 5289 3338 5289 3303 5288 3302 5290 3338 5289 3302 5290 3337 5291 3337 5291 3302 5290 3301 5292 3337 5291 3301 5292 3336 5293 3336 5293 3301 5292 3300 5294 3336 5293 3300 5294 3335 5295 3335 5295 3300 5294 3299 5296 3335 5295 3299 5296 3334 5035 3334 5035 3299 5296 3298 5037 2695 5297 2831 5298 2696 5255 2696 5255 2831 5298 3250 5299 2696 5255 3250 5299 2830 5256 2830 5256 3250 5299 3249 5300 2830 5256 3249 5300 3284 5301 3284 5301 3249 5300 3248 5302 3284 5301 3248 5302 3283 5303 3283 5303 3248 5302 3247 5304 3283 5303 3247 5304 3282 5305 3282 5305 3247 5304 3246 5306 3282 5305 3246 5306 3281 5307 3281 5307 3246 5306 3245 5308 3281 5307 3245 5308 3280 5309 3280 5309 3245 5308 3244 5310 3280 5309 3244 5310 3279 5311 3279 5311 3244 5310 3243 5312 3279 5311 3243 5312 3278 5313 3278 5313 3243 5312 3242 5314 3278 5313 3242 5314 3277 5315 3277 5315 3242 5314 3241 5316 3277 5315 3241 5316 3276 5317 3276 5317 3241 5316 3240 5318 3276 5317 3240 5318 3275 5319 3275 5319 3240 5318 3239 5320 3275 5319 3239 5320 3274 5321 3274 5321 3239 5320 3238 5322 3274 5321 3238 5322 3273 5323 3273 5323 3238 5322 3237 5324 3273 5323 3237 5324 3272 5325 3272 5325 3237 5324 3236 5326 3272 5325 3236 5326 3271 5327 3271 5327 3236 5326 3235 5328 3271 5327 3235 5328 3270 5329 3270 5329 3235 5328 3234 5330 3270 5329 3234 5330 3269 5331 3269 5331 3234 5330 3233 5332 3269 5331 3233 5332 3268 5333 3268 5333 3233 5332 3232 5334 3268 5333 3232 5334 3267 5335 3267 5335 3232 5334 3231 5336 3267 5335 3231 5336 3266 5337 3266 5337 3231 5336 3230 5338 3266 5337 3230 5338 3265 5339 3265 5339 3230 5338 3229 5340 3265 5339 3229 5340 3264 5341 3264 5341 3229 5340 3228 5342 3264 5341 3228 5342 3263 5039 3263 5039 3228 5342 3227 5041 2831 5298 2695 5297 2833 5343 2833 5343 2695 5297 2694 5344 2833 5343 2694 5344 3147 5345 3147 5345 2694 5344 2834 5346 3147 5345 2834 5346 3113 5347 3113 5347 2834 5346 3078 5348 3113 5347 3078 5348 3077 5349 3077 5349 3078 5348 3043 5350 3077 5349 3043 5350 3042 5351 3042 5351 3043 5350 3007 5352 3042 5351 3007 5352 3006 5353 3006 5353 3007 5352 2972 4523 3006 5353 2972 4523 2971 4525 2694 5344 2693 5354 2834 5346 2834 5346 2693 5354 3079 5355 2834 5346 3079 5355 3078 5348 3078 5348 3079 5355 3044 5356 3078 5348 3044 5356 3043 5350 3043 5350 3044 5356 3008 5357 3043 5350 3008 5357 3007 5352 3007 5352 3008 5357 2973 4521 3007 5352 2973 4521 2972 4523 3079 5355 2693 5354 2835 5358 2835 5358 2693 5354 2692 5359 2835 5358 2692 5359 3010 5360 3010 5360 2692 5359 2836 4515 3010 5360 2836 4515 2975 4517 2692 5359 2691 4513 2836 4515 2841 4590 2839 4592 2876 5361 2876 5361 2839 4592 2840 4594 2876 5361 2840 4594 2938 4520 2938 4520 2840 4594 2937 4522 2842 4588 2841 4590 2877 5362 2877 5362 2841 4590 2876 5361 2877 5362 2876 5361 2939 4518 2939 4518 2876 5361 2938 4520 2837 4512 2844 4510 2843 4586 2843 4586 2842 4588 2878 5363 2878 5363 2842 4588 2877 5362 2878 5363 2877 5362 2940 4516 2940 4516 2877 5362 2939 4518 2907 4582 2908 4580 2847 4656 2847 4656 2908 4580 2848 4654 2908 4580 2909 4578 2848 4654 2848 4654 2909 4578 2849 4652 2909 4578 2910 4576 2849 4652 2849 4652 2910 4576 2850 4650 2910 4576 2911 4574 2850 4650 2850 4650 2911 4574 2851 4648 2911 4574 2912 4572 2851 4648 2851 4648 2912 4572 2852 4646 2912 4572 2913 4570 2852 4646 2852 4646 2913 4570 2853 4644 2913 4570 2914 4568 2853 4644 2853 4644 2914 4568 2854 4642 2914 4568 2915 4566 2854 4642 2854 4642 2915 4566 2855 4640 2915 4566 2916 4564 2855 4640 2855 4640 2916 4564 2856 4638 2916 4564 2917 4562 2856 4638 2856 4638 2917 4562 2857 4636 2917 4562 2918 4560 2857 4636 2857 4636 2918 4560 2858 4634 2918 4560 2919 4558 2858 4634 2858 4634 2919 4558 2859 4632 2919 4558 2920 4556 2859 4632 2859 4632 2920 4556 2860 4630 2920 4556 2921 4554 2860 4630 2860 4630 2921 4554 2861 4628 2923 4550 2863 4622 2862 4626 2921 4554 2922 4552 2861 4628 2861 4628 2922 4552 2862 4626 2922 4552 2923 4550 2862 4626 2928 4540 2929 4538 2868 4613 2868 4613 2929 4538 2869 4611 2929 4538 2930 4536 2869 4611 2869 4611 2930 4536 2870 4609 2930 4536 2931 4534 2870 4609 2870 4609 2931 4534 2871 4607 2931 4534 2932 4532 2871 4607 2871 4607 2932 4532 2872 4605 2932 4532 2933 4530 2872 4605 2872 4605 2933 4530 2873 4603 2933 4530 2934 4528 2873 4603 2873 4603 2934 4528 2874 4601 2934 4528 2935 4526 2874 4601 2874 4601 2935 4526 2875 4598 2937 4522 2840 4594 2838 4596 2935 4526 2936 4524 2875 4598 2875 4598 2936 4524 2838 4596 2936 4524 2937 4522 2838 4596 2941 4514 2837 4512 2878 5363 2878 5363 2837 4512 2843 4586 2941 4514 2878 5363 2940 4516 2884 4635 2896 4665 2885 4637 2885 4637 2896 4665 2897 4667 2885 4637 2897 4667 2886 4639 2886 4639 2897 4667 2898 4669 2886 4639 2898 4669 2887 4641 2887 4641 2898 4669 2899 4671 2887 4641 2899 4671 2888 4643 2888 4643 2899 4671 2900 4673 2888 4643 2900 4673 2889 4645 2889 4645 2900 4673 2901 4675 2889 4645 2901 4675 2890 4647 2890 4647 2901 4675 2902 4677 2890 4647 2902 4677 2891 4649 2891 4649 2902 4677 2903 4679 2891 4649 2903 4679 2892 4651 2943 4581 2942 4583 2977 5364 2977 5364 2942 4583 2976 4685 2977 5364 2976 4685 3012 5365 3012 5365 2976 4685 3011 4687 3012 5365 3011 4687 3046 5366 3046 5366 3011 4687 3045 4689 3046 5366 3045 4689 3081 5367 3081 5367 3045 4689 3080 4691 3081 5367 3080 4691 3114 5368 3114 5368 3080 4691 2832 4693 3114 5368 2832 4693 3214 5369 3214 5369 2832 4693 3215 4695 3214 5369 3215 4695 3149 4697 2944 4579 2943 4581 2978 5370 2978 5370 2943 4581 2977 5364 2978 5370 2977 5364 3013 5371 3013 5371 2977 5364 3012 5365 3013 5371 3012 5365 3047 5372 3047 5372 3012 5365 3046 5366 3047 5372 3046 5366 3082 5373 3082 5373 3046 5366 3081 5367 3082 5373 3081 5367 3115 5374 3115 5374 3081 5367 3114 5368 3115 5374 3114 5368 3213 5375 3213 5375 3114 5368 3214 5369 3213 5375 3214 5369 3150 5376 3150 5376 3214 5369 3149 4697 3150 5376 3149 4697 3218 4699 2945 4577 2980 5055 2946 4575 2946 4575 2980 5055 2981 5377 2946 4575 2981 5377 2947 4573 2947 4573 2981 5377 2982 5378 2947 4573 2982 5378 2948 4571 2948 4571 2982 5378 2983 5379 2948 4571 2983 5379 2949 4569 2949 4569 2983 5379 2984 5380 2949 4569 2984 5380 2950 4567 2950 4567 2984 5380 2985 5381 2950 4567 2985 5381 2951 4565 2951 4565 2985 5381 2986 5382 2951 4565 2986 5382 2952 4563 2952 4563 2986 5382 2987 5383 2952 4563 2987 5383 2953 4561 2953 4561 2987 5383 2988 5384 2953 4561 2988 5384 2954 4559 2954 4559 2988 5384 2989 5385 2954 4559 2989 5385 2955 4557 2955 4557 2989 5385 2990 5386 2955 4557 2990 5386 2956 4555 2956 4555 2990 5386 2991 5387 2956 4555 2991 5387 2957 4553 2957 4553 2991 5387 2992 5388 2957 4553 2992 5388 2958 4551 2958 4551 2992 5388 2993 5389 2958 4551 2993 5389 2959 4549 2959 4549 2993 5389 2994 5390 2959 4549 2994 5390 2960 4547 2960 4547 2994 5390 2995 5391 2960 4547 2995 5391 2961 4545 2961 4545 2995 5391 2996 5392 2961 4545 2996 5392 2962 4543 2962 4543 2996 5392 2997 5393 2962 4543 2997 5393 2963 4541 2963 4541 2997 5393 2998 5394 2963 4541 2998 5394 2964 4539 2964 4539 2998 5394 2999 5395 2964 4539 2999 5395 2965 4537 2965 4537 2999 5395 3000 5396 2965 4537 3000 5396 2966 4535 2966 4535 3000 5396 3001 5397 2966 4535 3001 5397 2967 4533 2967 4533 3001 5397 3002 5398 2967 4533 3002 5398 2968 4531 2968 4531 3002 5398 3003 5399 2968 4531 3003 5399 2969 4529 2969 4529 3003 5399 3004 5400 2969 4529 3004 5400 2970 4527 2970 4527 3004 5400 3005 5401 2970 4527 3005 5401 2971 4525 2971 4525 3005 5401 3006 5353 2973 4521 3008 5357 2974 4519 2974 4519 3008 5357 3009 5402 2974 4519 3009 5402 2975 4517 2975 4517 3009 5402 3010 5360 2944 4579 2978 5370 2979 5056 2979 5056 2978 5370 3014 5403 2979 5056 3014 5403 3015 5054 3015 5054 3014 5403 3049 5404 3015 5054 3049 5404 3050 5052 3050 5052 3049 5404 3085 5405 3050 5052 3085 5405 3086 5050 3086 5050 3085 5405 3119 5406 3086 5050 3119 5406 3120 5048 3120 5048 3119 5406 3208 5407 3120 5048 3208 5407 3207 5046 3207 5046 3208 5407 3156 5408 3207 5046 3156 5408 3157 5044 3157 5044 3156 5408 3225 5409 3157 5044 3225 5409 3226 5042 3226 5042 3225 5409 3261 5410 3226 5042 3261 5410 3262 5040 3262 5040 3261 5410 3296 5411 3262 5040 3296 5411 3297 5038 3297 5038 3296 5411 3332 5412 3297 5038 3332 5412 3333 5036 3333 5036 3332 5412 3367 5413 3333 5036 3367 5413 3368 5034 3368 5034 3367 5413 3403 5414 3368 5034 3403 5414 3404 5032 3404 5032 3403 5414 3439 5415 3404 5032 3439 5415 3440 5030 3440 5030 3439 5415 3475 5416 3440 5030 3475 5416 3476 5028 3476 5028 3475 5416 3509 5417 3476 5028 3509 5417 3510 5026 3510 5026 3509 5417 3577 5418 3510 5026 3577 5418 3576 5024 3576 5024 3577 5418 3546 5419 3576 5024 3546 5419 3547 5022 3547 5022 3546 5419 3616 5420 3547 5022 3616 5420 3617 5020 3617 5020 3616 5420 3651 5421 3617 5020 3651 5421 3652 5018 3652 5018 3651 5421 3687 5422 3652 5018 3687 5422 3688 5016 3688 5016 3687 5422 3722 5423 3688 5016 3722 5423 3723 5014 3723 5014 3722 5423 3758 5424 3723 5014 3758 5424 3759 5012 3759 5012 3758 5424 3793 5425 3759 5012 3793 5425 3794 5010 3794 5010 3793 5425 3829 5426 3794 5010 3829 5426 3830 5008 3830 5008 3829 5426 3864 5427 3830 5008 3864 5427 3865 5006 3865 5006 3864 5427 3900 5428 3865 5006 3900 5428 3901 5004 3901 5004 3900 5428 3935 4997 3901 5004 3935 4997 2820 4999 3014 5403 2978 5370 3013 5371 2980 5055 3016 5053 2981 5377 2981 5377 3016 5053 3017 5429 2981 5377 3017 5429 2982 5378 2982 5378 3017 5429 3018 5430 2982 5378 3018 5430 2983 5379 2983 5379 3018 5430 3019 5431 2983 5379 3019 5431 2984 5380 2984 5380 3019 5431 3020 5432 2984 5380 3020 5432 2985 5381 2985 5381 3020 5432 3021 5433 2985 5381 3021 5433 2986 5382 2986 5382 3021 5433 3022 5434 2986 5382 3022 5434 2987 5383 2987 5383 3022 5434 3023 5435 2987 5383 3023 5435 2988 5384 2988 5384 3023 5435 3024 5436 2988 5384 3024 5436 2989 5385 2989 5385 3024 5436 3025 5437 2989 5385 3025 5437 2990 5386 2990 5386 3025 5437 3026 5438 2990 5386 3026 5438 2991 5387 2991 5387 3026 5438 3027 5439 2991 5387 3027 5439 2992 5388 2992 5388 3027 5439 3028 5440 2992 5388 3028 5440 2993 5389 2993 5389 3028 5440 3029 5441 2993 5389 3029 5441 2994 5390 2994 5390 3029 5441 3030 5442 2994 5390 3030 5442 2995 5391 2995 5391 3030 5442 3031 5443 2995 5391 3031 5443 2996 5392 2996 5392 3031 5443 3032 5444 2996 5392 3032 5444 2997 5393 2997 5393 3032 5444 3033 5445 2997 5393 3033 5445 2998 5394 2998 5394 3033 5445 3034 5446 2998 5394 3034 5446 2999 5395 2999 5395 3034 5446 3035 5447 2999 5395 3035 5447 3000 5396 3000 5396 3035 5447 3036 5448 3000 5396 3036 5448 3001 5397 3001 5397 3036 5448 3037 5449 3001 5397 3037 5449 3002 5398 3002 5398 3037 5449 3038 5450 3002 5398 3038 5450 3003 5399 3003 5399 3038 5450 3039 5451 3003 5399 3039 5451 3004 5400 3004 5400 3039 5451 3040 5452 3004 5400 3040 5452 3005 5401 3005 5401 3040 5452 3041 5453 3005 5401 3041 5453 3006 5353 3006 5353 3041 5453 3042 5351 2835 5358 3010 5360 3009 5402 2835 5358 3009 5402 3044 5356 3044 5356 3009 5402 3008 5357 3014 5403 3013 5371 3048 5454 3048 5454 3013 5371 3047 5372 3048 5454 3047 5372 3083 5455 3083 5455 3047 5372 3082 5373 3083 5455 3082 5373 3116 5456 3116 5456 3082 5373 3115 5374 3116 5456 3115 5374 3212 5457 3212 5457 3115 5374 3213 5375 3212 5457 3213 5375 3151 5458 3151 5458 3213 5375 3150 5376 3151 5458 3150 5376 3219 5459 3219 5459 3150 5376 3218 4699 3219 5459 3218 4699 3254 4701 3016 5053 3051 5051 3017 5429 3017 5429 3051 5051 3052 5460 3017 5429 3052 5460 3018 5430 3018 5430 3052 5460 3053 5461 3018 5430 3053 5461 3019 5431 3019 5431 3053 5461 3054 5462 3019 5431 3054 5462 3020 5432 3020 5432 3054 5462 3055 5463 3020 5432 3055 5463 3021 5433 3021 5433 3055 5463 3056 5464 3021 5433 3056 5464 3022 5434 3022 5434 3056 5464 3057 5465 3022 5434 3057 5465 3023 5435 3023 5435 3057 5465 3058 5466 3023 5435 3058 5466 3024 5436 3024 5436 3058 5466 3059 5467 3024 5436 3059 5467 3025 5437 3025 5437 3059 5467 3060 5468 3025 5437 3060 5468 3026 5438 3026 5438 3060 5468 3061 5469 3026 5438 3061 5469 3027 5439 3027 5439 3061 5469 3062 5470 3027 5439 3062 5470 3028 5440 3028 5440 3062 5470 3063 5471 3028 5440 3063 5471 3029 5441 3029 5441 3063 5471 3064 5472 3029 5441 3064 5472 3030 5442 3030 5442 3064 5472 3065 5473 3030 5442 3065 5473 3031 5443 3031 5443 3065 5473 3066 5474 3031 5443 3066 5474 3032 5444 3032 5444 3066 5474 3067 5475 3032 5444 3067 5475 3033 5445 3033 5445 3067 5475 3068 5476 3033 5445 3068 5476 3034 5446 3034 5446 3068 5476 3069 5477 3034 5446 3069 5477 3035 5447 3035 5447 3069 5477 3070 5478 3035 5447 3070 5478 3036 5448 3036 5448 3070 5478 3071 5479 3036 5448 3071 5479 3037 5449 3037 5449 3071 5479 3072 5480 3037 5449 3072 5480 3038 5450 3038 5450 3072 5480 3073 5481 3038 5450 3073 5481 3039 5451 3039 5451 3073 5481 3074 5482 3039 5451 3074 5482 3040 5452 3040 5452 3074 5482 3075 5483 3040 5452 3075 5483 3041 5453 3041 5453 3075 5483 3076 5484 3041 5453 3076 5484 3042 5351 3042 5351 3076 5484 3077 5349 3079 5355 2835 5358 3044 5356 3014 5403 3048 5454 3049 5404 3049 5404 3048 5454 3084 5485 3049 5404 3084 5485 3085 5405 3085 5405 3084 5485 3118 5486 3085 5405 3118 5486 3119 5406 3119 5406 3118 5486 3209 5487 3119 5406 3209 5487 3208 5407 3208 5407 3209 5487 3155 5488 3208 5407 3155 5488 3156 5408 3156 5408 3155 5488 3224 5489 3156 5408 3224 5489 3225 5409 3225 5409 3224 5489 3260 5490 3225 5409 3260 5490 3261 5410 3261 5410 3260 5490 3295 5491 3261 5410 3295 5491 3296 5411 3296 5411 3295 5491 3331 5492 3296 5411 3331 5492 3332 5412 3332 5412 3331 5492 3366 5493 3332 5412 3366 5493 3367 5413 3367 5413 3366 5493 3402 5494 3367 5413 3402 5494 3403 5414 3403 5414 3402 5494 3438 5495 3403 5414 3438 5495 3439 5415 3439 5415 3438 5495 3474 5496 3439 5415 3474 5496 3475 5416 3475 5416 3474 5496 3508 5497 3475 5416 3508 5497 3509 5417 3509 5417 3508 5497 3578 5498 3509 5417 3578 5498 3577 5418 3577 5418 3578 5498 3545 5499 3577 5418 3545 5499 3546 5419 3546 5419 3545 5499 3615 5500 3546 5419 3615 5500 3616 5420 3616 5420 3615 5500 3650 5501 3616 5420 3650 5501 3651 5421 3651 5421 3650 5501 3686 5502 3651 5421 3686 5502 3687 5422 3687 5422 3686 5502 3721 5503 3687 5422 3721 5503 3722 5423 3722 5423 3721 5503 3757 5504 3722 5423 3757 5504 3758 5424 3758 5424 3757 5504 3792 5505 3758 5424 3792 5505 3793 5425 3793 5425 3792 5505 3828 5506 3793 5425 3828 5506 3829 5426 3829 5426 3828 5506 3863 5507 3829 5426 3863 5507 3864 5427 3864 5427 3863 5507 3899 5508 3864 5427 3899 5508 3900 5428 3900 5428 3899 5508 3934 4995 3900 5428 3934 4995 3935 4997 3084 5485 3048 5454 3083 5455 3051 5051 3087 5049 3052 5460 3052 5460 3087 5049 3088 5509 3052 5460 3088 5509 3053 5461 3053 5461 3088 5509 3089 5510 3053 5461 3089 5510 3054 5462 3054 5462 3089 5510 3090 5511 3054 5462 3090 5511 3055 5463 3055 5463 3090 5511 3091 5512 3055 5463 3091 5512 3056 5464 3056 5464 3091 5512 3092 5513 3056 5464 3092 5513 3057 5465 3057 5465 3092 5513 3093 5514 3057 5465 3093 5514 3058 5466 3058 5466 3093 5514 3094 5515 3058 5466 3094 5515 3059 5467 3059 5467 3094 5515 3095 5516 3059 5467 3095 5516 3060 5468 3060 5468 3095 5516 3096 5517 3060 5468 3096 5517 3061 5469 3061 5469 3096 5517 3097 5518 3061 5469 3097 5518 3062 5470 3062 5470 3097 5518 3098 5519 3062 5470 3098 5519 3063 5471 3063 5471 3098 5519 3099 5520 3063 5471 3099 5520 3064 5472 3064 5472 3099 5520 3100 5521 3064 5472 3100 5521 3065 5473 3065 5473 3100 5521 3101 5522 3065 5473 3101 5522 3066 5474 3066 5474 3101 5522 3102 5523 3066 5474 3102 5523 3067 5475 3067 5475 3102 5523 3103 5524 3067 5475 3103 5524 3068 5476 3068 5476 3103 5524 3104 5525 3068 5476 3104 5525 3069 5477 3069 5477 3104 5525 3105 5526 3069 5477 3105 5526 3070 5478 3070 5478 3105 5526 3106 5527 3070 5478 3106 5527 3071 5479 3071 5479 3106 5527 3107 5528 3071 5479 3107 5528 3072 5480 3072 5480 3107 5528 3108 5529 3072 5480 3108 5529 3073 5481 3073 5481 3108 5529 3109 5530 3073 5481 3109 5530 3074 5482 3074 5482 3109 5530 3110 5531 3074 5482 3110 5531 3075 5483 3075 5483 3110 5531 3111 5532 3075 5483 3111 5532 3076 5484 3076 5484 3111 5532 3112 5533 3076 5484 3112 5533 3077 5349 3077 5349 3112 5533 3113 5347 3084 5485 3083 5455 3117 5534 3117 5534 3083 5455 3116 5456 3117 5534 3116 5456 3211 5535 3211 5535 3116 5456 3212 5457 3211 5535 3212 5457 3152 5536 3152 5536 3212 5457 3151 5458 3152 5536 3151 5458 3220 5537 3220 5537 3151 5458 3219 5459 3220 5537 3219 5459 3255 5538 3255 5538 3219 5459 3254 4701 3255 5538 3254 4701 3289 4703 3087 5049 3121 5047 3088 5509 3088 5509 3121 5047 3122 5539 3088 5509 3122 5539 3089 5510 3089 5510 3122 5539 3123 5540 3089 5510 3123 5540 3090 5511 3090 5511 3123 5540 3124 5541 3090 5511 3124 5541 3091 5512 3091 5512 3124 5541 3125 5542 3091 5512 3125 5542 3092 5513 3092 5513 3125 5542 3126 5543 3092 5513 3126 5543 3093 5514 3093 5514 3126 5543 3127 5544 3093 5514 3127 5544 3094 5515 3094 5515 3127 5544 3128 5545 3094 5515 3128 5545 3095 5516 3095 5516 3128 5545 3129 5546 3095 5516 3129 5546 3096 5517 3096 5517 3129 5546 3130 5547 3096 5517 3130 5547 3097 5518 3097 5518 3130 5547 3131 5548 3097 5518 3131 5548 3098 5519 3098 5519 3131 5548 3132 5549 3098 5519 3132 5549 3099 5520 3099 5520 3132 5549 3133 5550 3099 5520 3133 5550 3100 5521 3100 5521 3133 5550 3134 5551 3100 5521 3134 5551 3101 5522 3101 5522 3134 5551 3135 5552 3101 5522 3135 5552 3102 5523 3102 5523 3135 5552 3136 5553 3102 5523 3136 5553 3103 5524 3103 5524 3136 5553 3137 5554 3103 5524 3137 5554 3104 5525 3104 5525 3137 5554 3138 5555 3104 5525 3138 5555 3105 5526 3105 5526 3138 5555 3139 5556 3105 5526 3139 5556 3106 5527 3106 5527 3139 5556 3140 5557 3106 5527 3140 5557 3107 5528 3107 5528 3140 5557 3141 5558 3107 5528 3141 5558 3108 5529 3108 5529 3141 5558 3142 5559 3108 5529 3142 5559 3109 5530 3109 5530 3142 5559 3143 5560 3109 5530 3143 5560 3110 5531 3110 5531 3143 5560 3144 5561 3110 5531 3144 5561 3111 5532 3111 5532 3144 5561 3145 5562 3111 5532 3145 5562 3112 5533 3112 5533 3145 5562 3146 5563 3112 5533 3146 5563 3113 5347 3113 5347 3146 5563 3147 5345 3084 5485 3117 5534 3118 5486 3118 5486 3117 5534 3210 5564 3118 5486 3210 5564 3209 5487 3209 5487 3210 5564 3154 5565 3209 5487 3154 5565 3155 5488 3155 5488 3154 5565 3223 5566 3155 5488 3223 5566 3224 5489 3224 5489 3223 5566 3259 5567 3224 5489 3259 5567 3260 5490 3260 5490 3259 5567 3294 5568 3260 5490 3294 5568 3295 5491 3295 5491 3294 5568 3330 5569 3295 5491 3330 5569 3331 5492 3331 5492 3330 5569 3365 5570 3331 5492 3365 5570 3366 5493 3366 5493 3365 5570 3401 5571 3366 5493 3401 5571 3402 5494 3402 5494 3401 5571 3437 5572 3402 5494 3437 5572 3438 5495 3438 5495 3437 5572 3473 5573 3438 5495 3473 5573 3474 5496 3474 5496 3473 5573 3507 5574 3474 5496 3507 5574 3508 5497 3508 5497 3507 5574 3579 5575 3508 5497 3579 5575 3578 5498 3578 5498 3579 5575 3544 5576 3578 5498 3544 5576 3545 5499 3545 5499 3544 5576 3614 5577 3545 5499 3614 5577 3615 5500 3615 5500 3614 5577 3649 5578 3615 5500 3649 5578 3650 5501 3650 5501 3649 5578 3685 5579 3650 5501 3685 5579 3686 5502 3686 5502 3685 5579 3720 5580 3686 5502 3720 5580 3721 5503 3721 5503 3720 5580 3756 5581 3721 5503 3756 5581 3757 5504 3757 5504 3756 5581 3791 5582 3757 5504 3791 5582 3792 5505 3792 5505 3791 5582 3827 5583 3792 5505 3827 5583 3828 5506 3828 5506 3827 5583 3862 5584 3828 5506 3862 5584 3863 5507 3863 5507 3862 5584 3898 5585 3863 5507 3898 5585 3899 5508 3899 5508 3898 5585 3933 4992 3899 5508 3933 4992 3934 4995 3210 5564 3117 5534 3211 5535 3121 5047 3206 5045 3122 5539 3122 5539 3206 5045 3205 5586 3122 5539 3205 5586 3123 5540 3123 5540 3205 5586 3204 5587 3123 5540 3204 5587 3124 5541 3124 5541 3204 5587 3203 5588 3124 5541 3203 5588 3125 5542 3125 5542 3203 5588 3202 5589 3125 5542 3202 5589 3126 5543 3126 5543 3202 5589 3201 5590 3126 5543 3201 5590 3127 5544 3127 5544 3201 5590 3200 5591 3127 5544 3200 5591 3128 5545 3128 5545 3200 5591 3199 5592 3128 5545 3199 5592 3129 5546 3129 5546 3199 5592 3198 5593 3129 5546 3198 5593 3130 5547 3130 5547 3198 5593 3197 5594 3130 5547 3197 5594 3131 5548 3131 5548 3197 5594 3196 5595 3131 5548 3196 5595 3132 5549 3132 5549 3196 5595 3195 5596 3132 5549 3195 5596 3133 5550 3133 5550 3195 5596 3194 5597 3133 5550 3194 5597 3134 5551 3134 5551 3194 5597 3193 5598 3134 5551 3193 5598 3135 5552 3135 5552 3193 5598 3192 5599 3135 5552 3192 5599 3136 5553 3136 5553 3192 5599 3191 5600 3136 5553 3191 5600 3137 5554 3137 5554 3191 5600 3190 5601 3137 5554 3190 5601 3138 5555 3138 5555 3190 5601 3189 5602 3138 5555 3189 5602 3139 5556 3139 5556 3189 5602 3188 5603 3139 5556 3188 5603 3140 5557 3140 5557 3188 5603 3187 5604 3140 5557 3187 5604 3141 5558 3141 5558 3187 5604 3186 5605 3141 5558 3186 5605 3142 5559 3142 5559 3186 5605 3185 5606 3142 5559 3185 5606 3143 5560 3143 5560 3185 5606 3184 5607 3143 5560 3184 5607 3144 5561 3144 5561 3184 5607 3183 5608 3144 5561 3183 5608 3145 5562 3145 5562 3183 5608 3182 5609 3145 5562 3182 5609 3146 5563 3146 5563 3182 5609 2833 5343 3146 5563 2833 5343 3147 5345 3210 5564 3211 5535 3153 5610 3153 5610 3211 5535 3152 5536 3153 5610 3152 5536 3221 5611 3221 5611 3152 5536 3220 5537 3221 5611 3220 5537 3256 5612 3256 5612 3220 5537 3255 5538 3256 5612 3255 5538 3290 5613 3290 5613 3255 5538 3289 4703 3290 5613 3289 4703 3325 4705 3210 5564 3153 5610 3154 5565 3154 5565 3153 5610 3222 5614 3154 5565 3222 5614 3223 5566 3223 5566 3222 5614 3258 5615 3223 5566 3258 5615 3259 5567 3259 5567 3258 5615 3293 5616 3259 5567 3293 5616 3294 5568 3294 5568 3293 5616 3329 5617 3294 5568 3329 5617 3330 5569 3330 5569 3329 5617 3364 5618 3330 5569 3364 5618 3365 5570 3365 5570 3364 5618 3400 5619 3365 5570 3400 5619 3401 5571 3401 5571 3400 5619 3436 5620 3401 5571 3436 5620 3437 5572 3437 5572 3436 5620 3472 5621 3437 5572 3472 5621 3473 5573 3473 5573 3472 5621 3506 5622 3473 5573 3506 5622 3507 5574 3507 5574 3506 5622 3580 5623 3507 5574 3580 5623 3579 5575 3579 5575 3580 5623 3543 5624 3579 5575 3543 5624 3544 5576 3544 5576 3543 5624 3613 5625 3544 5576 3613 5625 3614 5577 3614 5577 3613 5625 3648 5626 3614 5577 3648 5626 3649 5578 3649 5578 3648 5626 3684 5627 3649 5578 3684 5627 3685 5579 3685 5579 3684 5627 3719 5628 3685 5579 3719 5628 3720 5580 3720 5580 3719 5628 3755 5629 3720 5580 3755 5629 3756 5581 3756 5581 3755 5629 3790 5630 3756 5581 3790 5630 3791 5582 3791 5582 3790 5630 3826 5631 3791 5582 3826 5631 3827 5583 3827 5583 3826 5631 3861 5632 3827 5583 3861 5632 3862 5584 3862 5584 3861 5632 3897 5633 3862 5584 3897 5633 3898 5585 3898 5585 3897 5633 3932 4990 3898 5585 3932 4990 3933 4992 3222 5614 3153 5610 3221 5611 3205 5586 3206 5045 3158 5043 3204 5587 3205 5586 3159 5634 3159 5634 3205 5586 3158 5043 3159 5634 3158 5043 3227 5041 3203 5588 3204 5587 3160 5635 3160 5635 3204 5587 3159 5634 3160 5635 3159 5634 3228 5342 3228 5342 3159 5634 3227 5041 3202 5589 3203 5588 3161 5636 3161 5636 3203 5588 3160 5635 3161 5636 3160 5635 3229 5340 3229 5340 3160 5635 3228 5342 3201 5590 3202 5589 3162 5637 3162 5637 3202 5589 3161 5636 3162 5637 3161 5636 3230 5338 3230 5338 3161 5636 3229 5340 3200 5591 3201 5590 3163 5638 3163 5638 3201 5590 3162 5637 3163 5638 3162 5637 3231 5336 3231 5336 3162 5637 3230 5338 3199 5592 3200 5591 3164 5639 3164 5639 3200 5591 3163 5638 3164 5639 3163 5638 3232 5334 3232 5334 3163 5638 3231 5336 3198 5593 3199 5592 3165 5640 3165 5640 3199 5592 3164 5639 3165 5640 3164 5639 3233 5332 3233 5332 3164 5639 3232 5334 3197 5594 3198 5593 3166 5641 3166 5641 3198 5593 3165 5640 3166 5641 3165 5640 3234 5330 3234 5330 3165 5640 3233 5332 3196 5595 3197 5594 3167 5642 3167 5642 3197 5594 3166 5641 3167 5642 3166 5641 3235 5328 3235 5328 3166 5641 3234 5330 3195 5596 3196 5595 3168 5643 3168 5643 3196 5595 3167 5642 3168 5643 3167 5642 3236 5326 3236 5326 3167 5642 3235 5328 3194 5597 3195 5596 3169 5644 3169 5644 3195 5596 3168 5643 3169 5644 3168 5643 3237 5324 3237 5324 3168 5643 3236 5326 3193 5598 3194 5597 3170 5645 3170 5645 3194 5597 3169 5644 3170 5645 3169 5644 3238 5322 3238 5322 3169 5644 3237 5324 3192 5599 3193 5598 3171 5646 3171 5646 3193 5598 3170 5645 3171 5646 3170 5645 3239 5320 3239 5320 3170 5645 3238 5322 3191 5600 3192 5599 3172 5647 3172 5647 3192 5599 3171 5646 3172 5647 3171 5646 3240 5318 3240 5318 3171 5646 3239 5320 3190 5601 3191 5600 3173 5648 3173 5648 3191 5600 3172 5647 3173 5648 3172 5647 3241 5316 3241 5316 3172 5647 3240 5318 3189 5602 3190 5601 3174 5649 3174 5649 3190 5601 3173 5648 3174 5649 3173 5648 3242 5314 3242 5314 3173 5648 3241 5316 3188 5603 3189 5602 3175 5650 3175 5650 3189 5602 3174 5649 3175 5650 3174 5649 3243 5312 3243 5312 3174 5649 3242 5314 3187 5604 3188 5603 3176 5651 3176 5651 3188 5603 3175 5650 3176 5651 3175 5650 3244 5310 3244 5310 3175 5650 3243 5312 3186 5605 3187 5604 3177 5652 3177 5652 3187 5604 3176 5651 3177 5652 3176 5651 3245 5308 3245 5308 3176 5651 3244 5310 3185 5606 3186 5605 3178 5653 3178 5653 3186 5605 3177 5652 3178 5653 3177 5652 3246 5306 3246 5306 3177 5652 3245 5308 3184 5607 3185 5606 3179 5654 3179 5654 3185 5606 3178 5653 3179 5654 3178 5653 3247 5304 3247 5304 3178 5653 3246 5306 3183 5608 3184 5607 3180 5655 3180 5655 3184 5607 3179 5654 3180 5655 3179 5654 3248 5302 3248 5302 3179 5654 3247 5304 3182 5609 3183 5608 3181 5656 3181 5656 3183 5608 3180 5655 3181 5656 3180 5655 3249 5300 3249 5300 3180 5655 3248 5302 2833 5343 3182 5609 2831 5298 2831 5298 3182 5609 3181 5656 2831 5298 3181 5656 3250 5299 3250 5299 3181 5656 3249 5300 3222 5614 3221 5611 3257 5657 3257 5657 3221 5611 3256 5612 3257 5657 3256 5612 3291 5658 3291 5658 3256 5612 3290 5613 3291 5658 3290 5613 3326 5659 3326 5659 3290 5613 3325 4705 3326 5659 3325 4705 3360 4707 3222 5614 3257 5657 3258 5615 3258 5615 3257 5657 3292 5660 3258 5615 3292 5660 3293 5616 3293 5616 3292 5660 3328 5661 3293 5616 3328 5661 3329 5617 3329 5617 3328 5661 3363 5662 3329 5617 3363 5662 3364 5618 3364 5618 3363 5662 3399 5663 3364 5618 3399 5663 3400 5619 3400 5619 3399 5663 3435 5664 3400 5619 3435 5664 3436 5620 3436 5620 3435 5664 3471 5665 3436 5620 3471 5665 3472 5621 3472 5621 3471 5665 3505 5666 3472 5621 3505 5666 3506 5622 3506 5622 3505 5666 3581 5667 3506 5622 3581 5667 3580 5623 3580 5623 3581 5667 3542 5668 3580 5623 3542 5668 3543 5624 3543 5624 3542 5668 3612 5669 3543 5624 3612 5669 3613 5625 3613 5625 3612 5669 3647 5670 3613 5625 3647 5670 3648 5626 3648 5626 3647 5670 3683 5671 3648 5626 3683 5671 3684 5627 3684 5627 3683 5671 3718 5672 3684 5627 3718 5672 3719 5628 3719 5628 3718 5672 3754 5673 3719 5628 3754 5673 3755 5629 3755 5629 3754 5673 3789 5674 3755 5629 3789 5674 3790 5630 3790 5630 3789 5674 3825 5675 3790 5630 3825 5675 3826 5631 3826 5631 3825 5675 3860 5676 3826 5631 3860 5676 3861 5632 3861 5632 3860 5676 3896 5677 3861 5632 3896 5677 3897 5633 3897 5633 3896 5677 3931 4988 3897 5633 3931 4988 3932 4990 3292 5660 3257 5657 3291 5658 3263 5039 3298 5037 3264 5341 3264 5341 3298 5037 3299 5296 3264 5341 3299 5296 3265 5339 3265 5339 3299 5296 3300 5294 3265 5339 3300 5294 3266 5337 3266 5337 3300 5294 3301 5292 3266 5337 3301 5292 3267 5335 3267 5335 3301 5292 3302 5290 3267 5335 3302 5290 3268 5333 3268 5333 3302 5290 3303 5288 3268 5333 3303 5288 3269 5331 3269 5331 3303 5288 3304 5286 3269 5331 3304 5286 3270 5329 3270 5329 3304 5286 3305 5284 3270 5329 3305 5284 3271 5327 3271 5327 3305 5284 3306 5282 3271 5327 3306 5282 3272 5325 3272 5325 3306 5282 3307 5280 3272 5325 3307 5280 3273 5323 3273 5323 3307 5280 3308 5278 3273 5323 3308 5278 3274 5321 3274 5321 3308 5278 3309 5276 3274 5321 3309 5276 3275 5319 3275 5319 3309 5276 3310 5274 3275 5319 3310 5274 3276 5317 3276 5317 3310 5274 3311 5272 3276 5317 3311 5272 3277 5315 3277 5315 3311 5272 3312 5270 3277 5315 3312 5270 3278 5313 3278 5313 3312 5270 3313 5268 3278 5313 3313 5268 3279 5311 3279 5311 3313 5268 3314 5266 3279 5311 3314 5266 3280 5309 3280 5309 3314 5266 3315 5264 3280 5309 3315 5264 3281 5307 3281 5307 3315 5264 3316 5262 3281 5307 3316 5262 3282 5305 3282 5305 3316 5262 3317 5260 3282 5305 3317 5260 3283 5303 3283 5303 3317 5260 3318 5258 3283 5303 3318 5258 3284 5301 3284 5301 3318 5258 3319 5257 3284 5301 3319 5257 2830 5256 3292 5660 3291 5658 3327 5678 3327 5678 3291 5658 3326 5659 3327 5678 3326 5659 3361 5679 3361 5679 3326 5659 3360 4707 3361 5679 3360 4707 3396 4709 3292 5660 3327 5678 3328 5661 3328 5661 3327 5678 3362 5680 3328 5661 3362 5680 3363 5662 3363 5662 3362 5680 3398 5681 3363 5662 3398 5681 3399 5663 3399 5663 3398 5681 3434 5682 3399 5663 3434 5682 3435 5664 3435 5664 3434 5682 3470 5683 3435 5664 3470 5683 3471 5665 3471 5665 3470 5683 3504 5684 3471 5665 3504 5684 3505 5666 3505 5666 3504 5684 3582 5685 3505 5666 3582 5685 3581 5667 3581 5667 3582 5685 3541 5686 3581 5667 3541 5686 3542 5668 3542 5668 3541 5686 3611 5687 3542 5668 3611 5687 3612 5669 3612 5669 3611 5687 3646 5688 3612 5669 3646 5688 3647 5670 3647 5670 3646 5688 3682 5689 3647 5670 3682 5689 3683 5671 3683 5671 3682 5689 3717 5690 3683 5671 3717 5690 3718 5672 3718 5672 3717 5690 3753 5691 3718 5672 3753 5691 3754 5673 3754 5673 3753 5691 3788 5692 3754 5673 3788 5692 3789 5674 3789 5674 3788 5692 3824 5693 3789 5674 3824 5693 3825 5675 3825 5675 3824 5693 3859 5694 3825 5675 3859 5694 3860 5676 3860 5676 3859 5694 3895 5695 3860 5676 3895 5695 3896 5677 3896 5677 3895 5695 3930 4986 3896 5677 3930 4986 3931 4988 3362 5680 3327 5678 3361 5679 3334 5035 3369 5033 3335 5295 3335 5295 3369 5033 3370 5254 3335 5295 3370 5254 3336 5293 3336 5293 3370 5254 3371 5252 3336 5293 3371 5252 3337 5291 3337 5291 3371 5252 3372 5250 3337 5291 3372 5250 3338 5289 3338 5289 3372 5250 3373 5248 3338 5289 3373 5248 3339 5287 3339 5287 3373 5248 3374 5246 3339 5287 3374 5246 3340 5285 3340 5285 3374 5246 3375 5244 3340 5285 3375 5244 3341 5283 3341 5283 3375 5244 3376 5242 3341 5283 3376 5242 3342 5281 3342 5281 3376 5242 3377 5240 3342 5281 3377 5240 3343 5279 3343 5279 3377 5240 3378 5238 3343 5279 3378 5238 3344 5277 3344 5277 3378 5238 3379 5236 3344 5277 3379 5236 3345 5275 3345 5275 3379 5236 3380 5234 3345 5275 3380 5234 3346 5273 3346 5273 3380 5234 3381 5232 3346 5273 3381 5232 3347 5271 3347 5271 3381 5232 3382 5230 3347 5271 3382 5230 3348 5269 3348 5269 3382 5230 3383 5228 3348 5269 3383 5228 3349 5267 3349 5267 3383 5228 3384 5226 3349 5267 3384 5226 3350 5265 3350 5265 3384 5226 3385 5224 3350 5265 3385 5224 3351 5263 3351 5263 3385 5224 3386 5222 3351 5263 3386 5222 3352 5261 3352 5261 3386 5222 3387 5220 3352 5261 3387 5220 3353 5259 3353 5259 3387 5220 3388 5219 3353 5259 3388 5219 2829 5218 3362 5680 3361 5679 3397 5696 3397 5696 3361 5679 3396 4709 3397 5696 3396 4709 3432 4711 3362 5680 3397 5696 3398 5681 3398 5681 3397 5696 3433 5697 3398 5681 3433 5697 3434 5682 3434 5682 3433 5697 3469 5698 3434 5682 3469 5698 3470 5683 3470 5683 3469 5698 3503 5699 3470 5683 3503 5699 3504 5684 3504 5684 3503 5699 3583 5700 3504 5684 3583 5700 3582 5685 3582 5685 3583 5700 3540 5701 3582 5685 3540 5701 3541 5686 3541 5686 3540 5701 3610 5702 3541 5686 3610 5702 3611 5687 3611 5687 3610 5702 3645 5703 3611 5687 3645 5703 3646 5688 3646 5688 3645 5703 3681 5704 3646 5688 3681 5704 3682 5689 3682 5689 3681 5704 3716 5705 3682 5689 3716 5705 3717 5690 3717 5690 3716 5705 3752 5706 3717 5690 3752 5706 3753 5691 3753 5691 3752 5706 3787 5707 3753 5691 3787 5707 3788 5692 3788 5692 3787 5707 3823 5708 3788 5692 3823 5708 3824 5693 3824 5693 3823 5708 3858 5709 3824 5693 3858 5709 3859 5694 3859 5694 3858 5709 3894 5710 3859 5694 3894 5710 3895 5695 3895 5695 3894 5710 3929 4984 3895 5695 3929 4984 3930 4986 3433 5697 3397 5696 3432 4711 3405 5031 3441 5029 3406 5253 3406 5253 3441 5029 3442 5216 3406 5253 3442 5216 3407 5251 3407 5251 3442 5216 3443 5214 3407 5251 3443 5214 3408 5249 3408 5249 3443 5214 3444 5212 3408 5249 3444 5212 3409 5247 3409 5247 3444 5212 3445 5210 3409 5247 3445 5210 3410 5245 3410 5245 3445 5210 3446 5208 3410 5245 3446 5208 3411 5243 3411 5243 3446 5208 3447 5206 3411 5243 3447 5206 3412 5241 3412 5241 3447 5206 3448 5204 3412 5241 3448 5204 3413 5239 3413 5239 3448 5204 3449 5202 3413 5239 3449 5202 3414 5237 3414 5237 3449 5202 3450 5200 3414 5237 3450 5200 3415 5235 3415 5235 3450 5200 3451 5198 3415 5235 3451 5198 3416 5233 3416 5233 3451 5198 3452 5196 3416 5233 3452 5196 3417 5231 3417 5231 3452 5196 3453 5194 3417 5231 3453 5194 3418 5229 3418 5229 3453 5194 3454 5192 3418 5229 3454 5192 3419 5227 3419 5227 3454 5192 3455 5190 3419 5227 3455 5190 3420 5225 3420 5225 3455 5190 3456 5188 3420 5225 3456 5188 3421 5223 3421 5223 3456 5188 3457 5186 3421 5223 3457 5186 3422 5221 3422 5221 3457 5186 3458 5185 3422 5221 3458 5185 3423 5184 3469 5698 3433 5697 3468 4713 3468 4713 3433 5697 3432 4711 3503 5699 3469 5698 3502 4715 3502 4715 3469 5698 3468 4713 3477 5027 3511 5025 3478 5215 3478 5215 3511 5025 3512 5182 3478 5215 3512 5182 3479 5213 3479 5213 3512 5182 3513 5180 3479 5213 3513 5180 3480 5211 3480 5211 3513 5180 3514 5178 3480 5211 3514 5178 3481 5209 3481 5209 3514 5178 3515 5176 3481 5209 3515 5176 3482 5207 3482 5207 3515 5176 3516 5174 3482 5207 3516 5174 3483 5205 3483 5205 3516 5174 3517 5172 3483 5205 3517 5172 3484 5203 3484 5203 3517 5172 3518 5170 3484 5203 3518 5170 3485 5201 3485 5201 3518 5170 3519 5168 3485 5201 3519 5168 3486 5199 3486 5199 3519 5168 3520 5166 3486 5199 3520 5166 3487 5197 3487 5197 3520 5166 3521 5164 3487 5197 3521 5164 3488 5195 3488 5195 3521 5164 3522 5162 3488 5195 3522 5162 3489 5193 3489 5193 3522 5162 3523 5160 3489 5193 3523 5160 3490 5191 3490 5191 3523 5160 3524 5158 3490 5191 3524 5158 3491 5189 3491 5189 3524 5158 3525 5156 3491 5189 3525 5156 3492 5187 3492 5187 3525 5156 3526 5155 3492 5187 3526 5155 2828 5154 3583 5700 3503 5699 3584 4717 3584 4717 3503 5699 3502 4715 3595 4937 3527 4949 3528 4938 3528 4938 3527 4949 3597 5711 3528 4938 3597 5711 3598 4939 3598 4939 3597 5711 3632 5712 3598 4939 3632 5712 3633 4940 3633 4940 3632 5712 3668 5713 3633 4940 3668 5713 3669 4941 3669 4941 3668 5713 3703 5714 3669 4941 3703 5714 3704 4942 3704 4942 3703 5714 3739 5715 3704 4942 3739 5715 3740 4943 3740 4943 3739 5715 3774 5716 3740 4943 3774 5716 3775 4944 3775 4944 3774 5716 3810 5717 3775 4944 3810 5717 3811 4945 3811 4945 3810 5717 3845 5718 3811 4945 3845 5718 3846 4946 3846 4946 3845 5718 3881 5719 3846 4946 3881 5719 3882 4947 3882 4947 3881 5719 3916 5720 3882 4947 3916 5720 3917 4948 3917 4948 3916 5720 3947 4917 3917 4948 3947 4917 3948 4915 3583 5700 3584 4717 3539 4719 3583 5700 3539 4719 3540 5701 3540 5701 3539 4719 3609 4721 3540 5701 3609 4721 3610 5702 3610 5702 3609 4721 3644 4723 3610 5702 3644 4723 3645 5703 3645 5703 3644 4723 3680 4725 3645 5703 3680 4725 3681 5704 3681 5704 3680 4725 3715 4727 3681 5704 3715 4727 3716 5705 3716 5705 3715 4727 3751 4729 3716 5705 3751 4729 3752 5706 3752 5706 3751 4729 3786 4731 3752 5706 3786 4731 3787 5707 3787 5707 3786 4731 3822 4733 3787 5707 3822 4733 3823 5708 3823 5708 3822 4733 3857 4735 3823 5708 3857 4735 3858 5709 3858 5709 3857 4735 3893 4737 3858 5709 3893 4737 3894 5710 3894 5710 3893 4737 3928 4739 3894 5710 3928 4739 3929 4984 3574 5181 3575 5023 3548 5021 3573 5179 3574 5181 3549 5152 3549 5152 3574 5181 3548 5021 3572 5177 3573 5179 3550 5150 3550 5150 3573 5179 3549 5152 3571 5175 3572 5177 3551 5148 3551 5148 3572 5177 3550 5150 3570 5173 3571 5175 3552 5146 3552 5146 3571 5175 3551 5148 3569 5171 3570 5173 3553 5144 3553 5144 3570 5173 3552 5146 3568 5169 3569 5171 3554 5142 3554 5142 3569 5171 3553 5144 3567 5167 3568 5169 3555 5140 3555 5140 3568 5169 3554 5142 3566 5165 3567 5167 3556 5138 3556 5138 3567 5167 3555 5140 3565 5163 3566 5165 3557 5136 3557 5136 3566 5165 3556 5138 3564 5161 3565 5163 3558 5134 3558 5134 3565 5163 3557 5136 3563 5159 3564 5161 3559 5132 3559 5132 3564 5161 3558 5134 3562 5157 3563 5159 3560 5130 3560 5130 3563 5159 3559 5132 2827 5128 3562 5157 3561 5129 3561 5129 3562 5157 3560 5130 3527 4949 3596 4951 3597 5711 3597 5711 3596 4951 3631 5721 3597 5711 3631 5721 3632 5712 3632 5712 3631 5721 3667 5722 3632 5712 3667 5722 3668 5713 3668 5713 3667 5722 3702 5723 3668 5713 3702 5723 3703 5714 3703 5714 3702 5723 3738 5724 3703 5714 3738 5724 3739 5715 3739 5715 3738 5724 3773 5725 3739 5715 3773 5725 3774 5716 3774 5716 3773 5725 3809 5726 3774 5716 3809 5726 3810 5717 3810 5717 3809 5726 3844 5727 3810 5717 3844 5727 3845 5718 3845 5718 3844 5727 3880 5728 3845 5718 3880 5728 3881 5719 3881 5719 3880 5728 3915 5729 3881 5719 3915 5729 3916 5720 3916 5720 3915 5729 3946 4920 3916 5720 3946 4920 3947 4917 3618 5019 3653 5017 3619 5151 3619 5151 3653 5017 3654 5126 3619 5151 3654 5126 3620 5149 3620 5149 3654 5126 3655 5124 3620 5149 3655 5124 3621 5147 3621 5147 3655 5124 3656 5122 3621 5147 3656 5122 3622 5145 3622 5145 3656 5122 3657 5120 3622 5145 3657 5120 3623 5143 3623 5143 3657 5120 3658 5118 3623 5143 3658 5118 3624 5141 3624 5141 3658 5118 3659 5116 3624 5141 3659 5116 3625 5139 3625 5139 3659 5116 3660 5114 3625 5139 3660 5114 3626 5137 3626 5137 3660 5114 3661 5112 3626 5137 3661 5112 3627 5135 3627 5135 3661 5112 3662 5110 3627 5135 3662 5110 3628 5133 3628 5133 3662 5110 3663 5108 3628 5133 3663 5108 3629 5131 3629 5131 3663 5108 3664 5107 3629 5131 3664 5107 2825 5106 3596 4951 3630 4953 3631 5721 3631 5721 3630 4953 3666 5730 3631 5721 3666 5730 3667 5722 3667 5722 3666 5730 3701 5731 3667 5722 3701 5731 3702 5723 3702 5723 3701 5731 3737 5732 3702 5723 3737 5732 3738 5724 3738 5724 3737 5732 3772 5733 3738 5724 3772 5733 3773 5725 3773 5725 3772 5733 3808 5734 3773 5725 3808 5734 3809 5726 3809 5726 3808 5734 3843 5735 3809 5726 3843 5735 3844 5727 3844 5727 3843 5735 3879 5736 3844 5727 3879 5736 3880 5728 3880 5728 3879 5736 3914 5737 3880 5728 3914 5737 3915 5729 3915 5729 3914 5737 3945 4922 3915 5729 3945 4922 3946 4920 3630 4953 3665 4955 3666 5730 3666 5730 3665 4955 3700 5738 3666 5730 3700 5738 3701 5731 3701 5731 3700 5738 3736 5739 3701 5731 3736 5739 3737 5732 3737 5732 3736 5739 3771 5740 3737 5732 3771 5740 3772 5733 3772 5733 3771 5740 3807 5741 3772 5733 3807 5741 3808 5734 3808 5734 3807 5741 3842 5742 3808 5734 3842 5742 3843 5735 3843 5735 3842 5742 3878 5743 3843 5735 3878 5743 3879 5736 3879 5736 3878 5743 3913 5744 3879 5736 3913 5744 3914 5737 3914 5737 3913 5744 3944 4924 3914 5737 3944 4924 3945 4922 3689 5015 3724 5013 3690 5125 3690 5125 3724 5013 3725 5104 3690 5125 3725 5104 3691 5123 3691 5123 3725 5104 3726 5102 3691 5123 3726 5102 3692 5121 3692 5121 3726 5102 3727 5100 3692 5121 3727 5100 3693 5119 3693 5119 3727 5100 3728 5098 3693 5119 3728 5098 3694 5117 3694 5117 3728 5098 3729 5096 3694 5117 3729 5096 3695 5115 3695 5115 3729 5096 3730 5094 3695 5115 3730 5094 3696 5113 3696 5113 3730 5094 3731 5092 3696 5113 3731 5092 3697 5111 3697 5111 3731 5092 3732 5090 3697 5111 3732 5090 3698 5109 3698 5109 3732 5090 3733 5089 3698 5109 3733 5089 2824 5088 3665 4955 3699 4957 3700 5738 3700 5738 3699 4957 3735 5745 3700 5738 3735 5745 3736 5739 3736 5739 3735 5745 3770 5746 3736 5739 3770 5746 3771 5740 3771 5740 3770 5746 3806 5747 3771 5740 3806 5747 3807 5741 3807 5741 3806 5747 3841 5748 3807 5741 3841 5748 3842 5742 3842 5742 3841 5748 3877 5749 3842 5742 3877 5749 3878 5743 3878 5743 3877 5749 3912 5750 3878 5743 3912 5750 3913 5744 3913 5744 3912 5750 3943 4926 3913 5744 3943 4926 3944 4924 3699 4957 3734 4959 3735 5745 3735 5745 3734 4959 3769 5751 3735 5745 3769 5751 3770 5746 3770 5746 3769 5751 3805 5752 3770 5746 3805 5752 3806 5747 3806 5747 3805 5752 3840 5753 3806 5747 3840 5753 3841 5748 3841 5748 3840 5753 3876 5754 3841 5748 3876 5754 3877 5749 3877 5749 3876 5754 3911 5755 3877 5749 3911 5755 3912 5750 3912 5750 3911 5755 3942 4928 3912 5750 3942 4928 3943 4926 3760 5011 3795 5009 3761 5103 3761 5103 3795 5009 3796 5086 3761 5103 3796 5086 3762 5101 3762 5101 3796 5086 3797 5084 3762 5101 3797 5084 3763 5099 3763 5099 3797 5084 3798 5082 3763 5099 3798 5082 3764 5097 3764 5097 3798 5082 3799 5080 3764 5097 3799 5080 3765 5095 3765 5095 3799 5080 3800 5078 3765 5095 3800 5078 3766 5093 3766 5093 3800 5078 3801 5076 3766 5093 3801 5076 3767 5091 3767 5091 3801 5076 3802 5075 3767 5091 3802 5075 2823 5074 3734 4959 3768 4961 3769 5751 3769 5751 3768 4961 3804 5756 3769 5751 3804 5756 3805 5752 3805 5752 3804 5756 3839 5757 3805 5752 3839 5757 3840 5753 3840 5753 3839 5757 3875 5758 3840 5753 3875 5758 3876 5754 3876 5754 3875 5758 3910 5759 3876 5754 3910 5759 3911 5755 3911 5755 3910 5759 3941 4930 3911 5755 3941 4930 3942 4928 3768 4961 3803 4963 3804 5756 3804 5756 3803 4963 3838 5760 3804 5756 3838 5760 3839 5757 3839 5757 3838 5760 3874 5761 3839 5757 3874 5761 3875 5758 3875 5758 3874 5761 3909 5762 3875 5758 3909 5762 3910 5759 3910 5759 3909 5762 3940 4932 3910 5759 3940 4932 3941 4930 3831 5007 3866 5005 3832 5085 3832 5085 3866 5005 3867 5072 3832 5085 3867 5072 3833 5083 3833 5083 3867 5072 3868 5071 3833 5083 3868 5071 3834 5081 3834 5081 3868 5071 3869 5070 3834 5081 3869 5070 3835 5079 3835 5079 3869 5070 3870 5069 3835 5079 3870 5069 3836 5077 3836 5077 3870 5069 3871 5068 3836 5077 3871 5068 2822 5067 3803 4963 3837 4965 3838 5760 3838 5760 3837 4965 3873 5763 3838 5760 3873 5763 3874 5761 3874 5761 3873 5763 3908 5764 3874 5761 3908 5764 3909 5762 3909 5762 3908 5764 3939 4978 3909 5762 3939 4978 3940 4932 3837 4965 3872 4967 3873 5763 3873 5763 3872 4967 3907 5765 3873 5763 3907 5765 3908 5764 3908 5764 3907 5765 3938 4976 3908 5764 3938 4976 3939 4978 3872 4967 3906 4969 3907 5765 3907 5765 3906 4969 3937 4974 3907 5765 3937 4974 3938 4976 3936 4971 3937 4974 3906 4969 758 5766 2711 4472 727 5767 727 5767 2711 4472 2710 4473 727 5767 2710 4473 2709 4474 757 5768 2713 4470 758 5766 758 5766 2713 4470 2712 4471 758 5766 2712 4471 2711 4472 757 5768 756 5769 2713 4470 2713 4470 756 5769 755 5770 2713 4470 755 5770 754 5771 754 5771 753 5772 2713 4470 2713 4470 753 5772 752 5773 2713 4470 752 5773 2714 4498 2714 4498 752 5773 2715 4500 2715 4500 752 5773 2716 4501 2716 4501 752 5773 2717 4502 2717 4502 752 5773 2718 4504 2718 4504 752 5773 2719 4505 2719 4505 752 5773 2720 4506 2720 4506 752 5773 4002 5774 4002 5774 752 5773 4001 5775 4001 5775 752 5773 4000 5776 4000 5776 752 5773 3999 5777 3999 5777 752 5773 3998 5778 3998 5778 752 5773 751 5779 3998 5778 751 5779 3997 5780 3997 5780 751 5779 3996 5781 3996 5781 751 5779 750 5782 3996 5781 750 5782 3995 5783 3995 5783 750 5782 3994 5784 3994 5784 750 5782 749 5785 3994 5784 749 5785 3993 5786 3993 5786 749 5785 3992 5787 3992 5787 749 5785 748 5788 3992 5787 748 5788 3991 5789 3991 5789 748 5788 3990 5790 3990 5790 748 5788 747 5791 3990 5790 747 5791 3989 5792 3989 5792 747 5791 3988 5793 3988 5793 747 5791 746 5794 3988 5793 746 5794 3987 5795 3987 5795 746 5794 3986 5796 3986 5796 746 5794 745 5797 3986 5796 745 5797 3985 5798 3985 5798 745 5797 3984 5799 3984 5799 745 5797 744 5800 3984 5799 744 5800 3983 5801 3983 5801 744 5800 743 5802 3983 5801 743 5802 3982 5803 3982 5803 743 5802 3981 5804 3981 5804 743 5802 742 5805 3981 5804 742 5805 3980 5806 3980 5806 742 5805 3979 5807 3979 5807 742 5805 741 5808 3979 5807 741 5808 3978 5809 3978 5809 741 5808 3977 5810 3977 5810 741 5808 740 5811 3977 5810 740 5811 3976 5812 3976 5812 740 5811 3975 5813 3975 5813 740 5811 739 5814 3975 5813 739 5814 3974 5815 3974 5815 739 5814 3973 5816 3973 5816 739 5814 738 5817 3973 5816 738 5817 3972 5818 3972 5818 738 5817 3971 5819 3971 5819 738 5817 737 5820 3971 5819 737 5820 3970 5821 3970 5821 737 5820 3969 5822 3969 5822 737 5820 736 5823 3969 5822 736 5823 3968 5824 3968 5824 736 5823 3967 5825 3967 5825 736 5823 735 5826 3967 5825 735 5826 3966 5827 3966 5827 735 5826 3965 5828 3965 5828 735 5826 734 5829 3965 5828 734 5829 3964 5830 3964 5830 734 5829 3963 5831 3963 5831 734 5829 733 5832 3963 5831 733 5832 3962 5833 3962 5833 733 5832 3961 5834 3961 5834 733 5832 732 5835 3961 5834 732 5835 3960 5836 3960 5836 732 5835 3959 5837 3959 5837 732 5835 731 5838 3959 5837 731 5838 3958 5839 3958 5839 731 5838 3957 5840 3957 5840 731 5838 730 5841 3957 5840 730 5841 3956 5842 3956 5842 730 5841 3955 5843 3955 5843 730 5841 729 5844 3955 5843 729 5844 2706 4478 2706 4478 729 5844 2707 4477 2707 4477 729 5844 728 5845 2707 4477 728 5845 2708 4476 2708 4476 728 5845 2709 4474 2709 4474 728 5845 727 5767 1024 5846 2785 5847 1025 5848 1025 5848 2785 5847 2784 5849 1025 5848 2784 5849 2783 5850 2783 5850 2720 5851 1025 5848 1025 5848 2720 5851 4002 5852 1025 5848 4002 5852 1026 5853 1026 5853 4002 5852 4001 5854 1026 5853 4001 5854 1027 5855 1027 5855 4001 5854 4000 5856 1027 5855 4000 5856 1028 5857 1028 5857 4000 5856 3999 5858 1028 5857 3999 5858 1029 5859 1029 5859 3999 5858 3998 5860 1029 5859 3998 5860 1030 5861 1030 5861 3998 5860 3997 5862 1030 5861 3997 5862 1031 5863 1031 5863 3997 5862 3996 5864 1031 5863 3996 5864 1032 5865 1032 5865 3996 5864 3995 5866 1032 5865 3995 5866 1033 5867 1033 5867 3995 5866 3994 5868 1033 5867 3994 5868 1034 5869 1034 5869 3994 5868 3993 5870 1034 5869 3993 5870 1035 5871 1035 5871 3993 5870 3992 5872 1035 5871 3992 5872 1036 5873 1036 5873 3992 5872 3991 5874 1036 5873 3991 5874 1037 5875 1037 5875 3991 5874 3990 5876 1037 5875 3990 5876 1038 5877 1038 5877 3990 5876 3989 5878 1038 5877 3989 5878 1039 5879 1039 5879 3989 5878 3988 5880 1039 5879 3988 5880 1040 5881 1040 5881 3988 5880 3987 5882 1040 5881 3987 5882 1041 5883 1041 5883 3987 5882 3986 5884 1041 5883 3986 5884 1042 5885 1042 5885 3986 5884 3985 5886 1042 5885 3985 5886 1043 5887 1043 5887 3985 5886 1044 5888 1044 5888 3985 5886 3984 5889 1044 5888 3984 5889 1045 5890 1045 5890 3984 5889 3983 5891 1045 5890 3983 5891 1046 5892 1046 5892 3983 5891 3982 5893 1046 5892 3982 5893 1047 5894 1047 5894 3982 5893 3981 5895 1047 5894 3981 5895 1048 5896 1048 5896 3981 5895 3980 5897 1048 5896 3980 5897 1049 5898 1049 5898 3980 5897 3979 5899 1049 5898 3979 5899 1050 5900 1050 5900 3979 5899 3978 5901 1050 5900 3978 5901 1051 5902 1051 5902 3978 5901 3977 5903 1051 5902 3977 5903 1052 5904 1052 5904 3977 5903 3976 5905 1052 5904 3976 5905 1053 5906 1053 5906 3976 5905 3975 5907 1053 5906 3975 5907 1054 5908 1054 5908 3975 5907 3974 5909 1054 5908 3974 5909 1055 5910 1055 5910 3974 5909 3973 5911 1055 5910 3973 5911 1056 5912 1056 5912 3973 5911 3972 5913 1056 5912 3972 5913 1057 5914 1057 5914 3972 5913 3971 5915 1057 5914 3971 5915 1058 5916 1058 5916 3971 5915 3970 5917 1058 5916 3970 5917 1059 5918 1059 5918 3970 5917 3969 5919 1059 5918 3969 5919 1060 5920 1060 5920 3969 5919 3968 5921 1060 5920 3968 5921 1061 5922 1061 5922 3968 5921 3967 5923 1061 5922 3967 5923 1062 5924 1062 5924 3967 5923 3966 5925 1062 5924 3966 5925 1063 5926 1063 5926 3966 5925 3965 5927 1063 5926 3965 5927 1064 5928 1064 5928 3965 5927 3964 5929 1064 5928 3964 5929 1065 5930 1065 5930 3964 5929 3963 5931 1065 5930 3963 5931 1066 5932 1066 5932 3963 5931 3962 5933 1066 5932 3962 5933 1067 5934 1067 5934 3962 5933 3961 5935 1067 5934 3961 5935 1068 5936 1068 5936 3961 5935 3960 5937 1068 5936 3960 5937 1069 5938 1069 5938 3960 5937 3959 5939 1069 5938 3959 5939 1070 5940 1070 5940 3959 5939 3958 5941 1070 5940 3958 5941 1071 5942 1071 5942 3958 5941 3957 5943 1071 5942 3957 5943 1072 5944 1072 5944 3957 5943 3956 5945 1072 5944 3956 5945 1073 5946 1073 5946 3956 5945 3955 5947 1073 5946 3955 5947 1074 5948 1074 5948 3955 5947 2706 5949 1074 5948 2706 5949 2819 5950 2819 5950 2818 5951 1074 5948 1074 5948 2818 5951 2817 5952 1074 5948 2817 5952 1075 5953 4004 5954 291 5955 4003 5956 4003 5956 291 5955 290 5957 4003 5956 290 5957 4045 5958 4045 5958 290 5957 332 5959 4045 5958 332 5959 4044 5960 4044 5960 332 5959 331 5961 4044 5960 331 5961 4043 5962 4043 5962 331 5961 330 5963 4043 5962 330 5963 4042 5964 4042 5964 330 5963 329 5965 4042 5964 329 5965 4041 5966 4041 5966 329 5965 328 5967 4041 5966 328 5967 4040 5968 4040 5968 328 5967 327 5969 4040 5968 327 5969 4039 5970 4039 5970 327 5969 326 5971 4039 5970 326 5971 4038 5972 4038 5972 326 5971 325 5973 4038 5972 325 5973 4037 5974 4037 5974 325 5973 324 5975 4037 5974 324 5975 4036 5976 4036 5976 324 5975 323 5977 4036 5976 323 5977 4035 5978 4035 5978 323 5977 322 5979 4035 5978 322 5979 4034 5980 4034 5980 322 5979 321 5981 4034 5980 321 5981 4033 5982 4033 5982 321 5981 320 5983 4033 5982 320 5983 4032 5984 4032 5984 320 5983 319 5985 4032 5984 319 5985 4031 5986 4031 5986 319 5985 318 5987 4031 5986 318 5987 4030 5988 4030 5988 318 5987 317 5989 4030 5988 317 5989 4029 5990 4029 5990 317 5989 316 5991 4029 5990 316 5991 4028 5992 4028 5992 316 5991 315 5993 4028 5992 315 5993 4027 5994 4027 5994 315 5993 314 5995 4027 5994 314 5995 4026 5996 4026 5996 314 5995 313 5997 4026 5996 313 5997 4025 5998 4025 5998 313 5997 312 5999 4025 5998 312 5999 4024 6000 4024 6000 312 5999 311 6001 4024 6000 311 6001 4023 6002 4023 6002 311 6001 310 6003 4023 6002 310 6003 4022 6004 4022 6004 310 6003 309 6005 4022 6004 309 6005 4021 6006 4021 6006 309 6005 308 6007 4021 6006 308 6007 4020 6008 4020 6008 308 6007 307 6009 4020 6008 307 6009 4019 6010 4019 6010 307 6009 306 6011 4019 6010 306 6011 4018 6012 4018 6012 306 6011 305 6013 4018 6012 305 6013 4017 6014 4017 6014 305 6013 304 6015 4017 6014 304 6015 4016 6016 4016 6016 304 6015 303 6017 4016 6016 303 6017 4015 6018 4015 6018 303 6017 302 6019 4015 6018 302 6019 4014 6020 4014 6020 302 6019 301 6021 4014 6020 301 6021 4013 6022 4013 6022 301 6021 300 6023 4013 6022 300 6023 4012 6024 4012 6024 300 6023 299 6025 4012 6024 299 6025 4011 6026 4011 6026 299 6025 298 6027 4011 6026 298 6027 4010 6028 4010 6028 298 6027 297 6029 4010 6028 297 6029 4009 6030 4009 6030 297 6029 296 6031 4009 6030 296 6031 4008 6032 4008 6032 296 6031 295 6033 4008 6032 295 6033 4007 6034 4007 6034 295 6033 294 6035 4007 6034 294 6035 4006 6036 4006 6036 294 6035 293 6037 4006 6036 293 6037 4005 6038 4005 6038 293 6037 292 6039 4005 6038 292 6039 4004 5954 4004 5954 292 6039 291 5955 4047 6040 4135 6041 4046 6042 4046 6042 4135 6041 4091 6043 4046 6042 4091 6043 4090 6044 4090 6044 4091 6043 4092 6045 4090 6044 4092 6045 4089 6046 4089 6046 4092 6045 4093 6047 4089 6046 4093 6047 4088 6048 4088 6048 4093 6047 4094 6049 4088 6048 4094 6049 4087 6050 4087 6050 4094 6049 4095 6051 4087 6050 4095 6051 4086 6052 4086 6052 4095 6051 4096 6053 4086 6052 4096 6053 4085 6054 4085 6054 4096 6053 4097 6055 4085 6054 4097 6055 4084 6056 4084 6056 4097 6055 4098 6057 4084 6056 4098 6057 4083 6058 4083 6058 4098 6057 4099 6059 4083 6058 4099 6059 4082 6060 4082 6060 4099 6059 4100 6061 4082 6060 4100 6061 4081 6062 4081 6062 4100 6061 4101 6063 4081 6062 4101 6063 4080 6064 4080 6064 4101 6063 4102 6065 4080 6064 4102 6065 4079 6066 4079 6066 4102 6065 4103 6067 4079 6066 4103 6067 4078 6068 4078 6068 4103 6067 4104 6069 4078 6068 4104 6069 4077 6070 4077 6070 4104 6069 4105 6071 4077 6070 4105 6071 4076 6072 4076 6072 4105 6071 4106 6073 4076 6072 4106 6073 4075 6074 4075 6074 4106 6073 4107 6075 4075 6074 4107 6075 4074 6076 4074 6076 4107 6075 4108 6077 4074 6076 4108 6077 4073 6078 4073 6078 4108 6077 4109 6079 4073 6078 4109 6079 4072 6080 4072 6080 4109 6079 4110 6081 4072 6080 4110 6081 4071 6082 4071 6082 4110 6081 4111 6083 4071 6082 4111 6083 4070 6084 4070 6084 4111 6083 4112 6085 4070 6084 4112 6085 4069 6086 4069 6086 4112 6085 4113 6087 4069 6086 4113 6087 4068 6088 4068 6088 4113 6087 4114 6089 4068 6088 4114 6089 4067 6090 4067 6090 4114 6089 4115 6091 4067 6090 4115 6091 4066 6092 4066 6092 4115 6091 4116 6093 4066 6092 4116 6093 4065 6094 4065 6094 4116 6093 4117 6095 4065 6094 4117 6095 4064 6096 4064 6096 4117 6095 4118 6097 4064 6096 4118 6097 4063 6098 4063 6098 4118 6097 4119 6099 4063 6098 4119 6099 4062 6100 4062 6100 4119 6099 4120 6101 4062 6100 4120 6101 4061 6102 4061 6102 4120 6101 4121 6103 4061 6102 4121 6103 4060 6104 4060 6104 4121 6103 4122 6105 4060 6104 4122 6105 4059 6106 4059 6106 4122 6105 4123 6107 4059 6106 4123 6107 4058 6108 4058 6108 4123 6107 4124 6109 4058 6108 4124 6109 4057 6110 4057 6110 4124 6109 4125 6111 4057 6110 4125 6111 4056 6112 4056 6112 4125 6111 4126 6113 4056 6112 4126 6113 4055 6114 4055 6114 4126 6113 4127 6115 4055 6114 4127 6115 4054 6116 4054 6116 4127 6115 4128 6117 4054 6116 4128 6117 4053 6118 4053 6118 4128 6117 4129 6119 4053 6118 4129 6119 4052 6120 4052 6120 4129 6119 4130 6121 4052 6120 4130 6121 4051 6122 4051 6122 4130 6121 4131 6123 4051 6122 4131 6123 4050 6124 4050 6124 4131 6123 4132 6125 4050 6124 4132 6125 4049 6126 4049 6126 4132 6125 4133 6127 4049 6126 4133 6127 4048 6128 4048 6128 4133 6127 4134 6129 4048 6128 4134 6129 4047 6040 4047 6040 4134 6129 4135 6041 4045 6130 4047 6131 4003 6132 4003 6132 4047 6131 4046 6133 4003 6132 4046 6133 4090 6134 4047 6131 4045 6130 4048 6135 4048 6135 4045 6130 4044 6136 4048 6135 4044 6136 4049 6137 4049 6137 4044 6136 4043 6138 4049 6137 4043 6138 4050 6139 4050 6139 4043 6138 4042 6140 4050 6139 4042 6140 4051 6141 4051 6141 4042 6140 4041 6142 4051 6141 4041 6142 4052 6143 4052 6143 4041 6142 4040 6144 4052 6143 4040 6144 4053 6145 4053 6145 4040 6144 4039 6146 4053 6145 4039 6146 4054 6147 4054 6147 4039 6146 4038 6148 4054 6147 4038 6148 4055 6149 4055 6149 4038 6148 4037 6150 4055 6149 4037 6150 4056 6151 4056 6151 4037 6150 4036 6152 4056 6151 4036 6152 4057 6153 4057 6153 4036 6152 4035 6154 4057 6153 4035 6154 4058 6155 4058 6155 4035 6154 4034 6156 4058 6155 4034 6156 4059 6157 4059 6157 4034 6156 4033 6158 4059 6157 4033 6158 4060 6159 4060 6159 4033 6158 4032 6160 4060 6159 4032 6160 4061 6161 4061 6161 4032 6160 4031 6162 4061 6161 4031 6162 4062 6163 4062 6163 4031 6162 4030 6164 4062 6163 4030 6164 4063 6165 4063 6165 4030 6164 4029 6166 4063 6165 4029 6166 4064 6167 4064 6167 4029 6166 4028 6168 4064 6167 4028 6168 4065 6169 4065 6169 4028 6168 4027 6170 4065 6169 4027 6170 4066 6171 4066 6171 4027 6170 4026 6172 4066 6171 4026 6172 4067 6173 4067 6173 4026 6172 4025 6174 4067 6173 4025 6174 4068 6175 4068 6175 4025 6174 4069 6176 4069 6176 4025 6174 4024 6177 4069 6176 4024 6177 4070 6178 4070 6178 4024 6177 4023 6179 4070 6178 4023 6179 4071 6180 4071 6180 4023 6179 4022 6181 4071 6180 4022 6181 4072 6182 4072 6182 4022 6181 4021 6183 4072 6182 4021 6183 4073 6184 4073 6184 4021 6183 4020 6185 4073 6184 4020 6185 4074 6186 4074 6186 4020 6185 4019 6187 4074 6186 4019 6187 4075 6188 4075 6188 4019 6187 4018 6189 4075 6188 4018 6189 4076 6190 4076 6190 4018 6189 4017 6191 4076 6190 4017 6191 4077 6192 4077 6192 4017 6191 4016 6193 4077 6192 4016 6193 4078 6194 4078 6194 4016 6193 4015 6195 4078 6194 4015 6195 4079 6196 4079 6196 4015 6195 4014 6197 4079 6196 4014 6197 4080 6198 4080 6198 4014 6197 4013 6199 4080 6198 4013 6199 4081 6200 4081 6200 4013 6199 4012 6201 4081 6200 4012 6201 4082 6202 4082 6202 4012 6201 4011 6203 4082 6202 4011 6203 4083 6204 4083 6204 4011 6203 4010 6205 4083 6204 4010 6205 4084 6206 4084 6206 4010 6205 4009 6207 4084 6206 4009 6207 4085 6208 4085 6208 4009 6207 4008 6209 4085 6208 4008 6209 4086 6210 4086 6210 4008 6209 4007 6211 4086 6210 4007 6211 4087 6212 4087 6212 4007 6211 4006 6213 4087 6212 4006 6213 4088 6214 4088 6214 4006 6213 4005 6215 4088 6214 4005 6215 4089 6216 4089 6216 4005 6215 4004 6217 4089 6216 4004 6217 4090 6134 4090 6134 4004 6217 4003 6132 4190 6218 4136 6219 4091 6220 4091 6220 4136 6219 4137 6221 4091 6220 4137 6221 4092 6222 4092 6222 4137 6221 4138 6223 4092 6222 4138 6223 4093 6224 4093 6224 4138 6223 4139 6225 4093 6224 4139 6225 4094 6226 4094 6226 4139 6225 4140 6227 4094 6226 4140 6227 4095 6228 4095 6228 4140 6227 4141 6229 4095 6228 4141 6229 4142 6230 4095 6228 4142 6230 4096 6231 4096 6231 4142 6230 4143 6232 4096 6231 4143 6232 4097 6233 4097 6233 4143 6232 4144 6234 4097 6233 4144 6234 4098 6235 4098 6235 4144 6234 4145 6236 4098 6235 4145 6236 4099 6237 4099 6237 4145 6236 4146 6238 4099 6237 4146 6238 4100 6239 4100 6239 4146 6238 4147 6240 4100 6239 4147 6240 4148 6241 4100 6239 4148 6241 4101 6242 4101 6242 4148 6241 4149 6243 4101 6242 4149 6243 4102 6244 4102 6244 4149 6243 4150 6245 4102 6244 4150 6245 4103 6246 4103 6246 4150 6245 4151 6247 4103 6246 4151 6247 4104 6248 4104 6248 4151 6247 4152 6249 4104 6248 4152 6249 4105 6250 4105 6250 4152 6249 4153 6251 4105 6250 4153 6251 4154 6252 4105 6250 4154 6252 4106 6253 4106 6253 4154 6252 4155 6254 4106 6253 4155 6254 4107 6255 4107 6255 4155 6254 4156 6256 4107 6255 4156 6256 4108 6257 4108 6257 4156 6256 4157 6258 4108 6257 4157 6258 4109 6259 4109 6259 4157 6258 4158 6260 4109 6259 4158 6260 4159 6261 4109 6259 4159 6261 4110 6262 4110 6262 4159 6261 4160 6263 4110 6262 4160 6263 4111 6264 4111 6264 4160 6263 4161 6265 4111 6264 4161 6265 4112 6266 4112 6266 4161 6265 4162 6267 4112 6266 4162 6267 4113 6268 4113 6268 4162 6267 4163 6269 4113 6268 4163 6269 4114 6270 4114 6270 4163 6269 4164 6271 4114 6270 4164 6271 4165 6272 4114 6270 4165 6272 4115 6273 4115 6273 4165 6272 4166 6274 4115 6273 4166 6274 4116 6275 4116 6275 4166 6274 4167 6276 4116 6275 4167 6276 4117 6277 4117 6277 4167 6276 4168 6278 4117 6277 4168 6278 4118 6279 4118 6279 4168 6278 4169 6280 4118 6279 4169 6280 4170 6281 4118 6279 4170 6281 4119 6282 4119 6282 4170 6281 4171 6283 4119 6282 4171 6283 4120 6284 4120 6284 4171 6283 4172 6285 4120 6284 4172 6285 4121 6286 4121 6286 4172 6285 4173 6287 4121 6286 4173 6287 4122 6288 4122 6288 4173 6287 4174 6289 4122 6288 4174 6289 4175 6290 4122 6288 4175 6290 4123 6291 4123 6291 4175 6290 4176 6292 4123 6291 4176 6292 4124 6293 4124 6293 4176 6292 4177 6294 4124 6293 4177 6294 4125 6295 4125 6295 4177 6294 4178 6296 4125 6295 4178 6296 4126 6297 4126 6297 4178 6296 4179 6298 4126 6297 4179 6298 4127 6299 4127 6299 4179 6298 4180 6300 4127 6299 4180 6300 4181 6301 4127 6299 4181 6301 4128 6302 4128 6302 4181 6301 4182 6303 4128 6302 4182 6303 4129 6304 4129 6304 4182 6303 4183 6305 4129 6304 4183 6305 4130 6306 4130 6306 4183 6305 4184 6307 4130 6306 4184 6307 4131 6308 4131 6308 4184 6307 4185 6309 4131 6308 4185 6309 4132 6310 4132 6310 4185 6309 4186 6311 4132 6310 4186 6311 4187 6312 4132 6310 4187 6312 4133 6313 4133 6313 4187 6312 4188 6314 4133 6313 4188 6314 4134 6315 4134 6315 4188 6314 4189 6316 4134 6315 4189 6316 4135 6317 4135 6317 4189 6316 4190 6218 4135 6317 4190 6218 4091 6220 1077 6318 1076 6319 4159 6320 4159 6320 1076 6319 2816 6321 4159 6320 2816 6321 2815 6322 4159 6320 2815 6322 4160 6323 4160 6323 2815 6322 2814 6324 4160 6323 2814 6324 2813 6325 4160 6323 2813 6325 4161 6326 4161 6326 2813 6325 2812 6327 4161 6326 2812 6327 2811 6328 2811 6328 2810 6329 4161 6326 4161 6326 2810 6329 4162 6330 4162 6330 2810 6329 2809 6331 4162 6330 2809 6331 2808 6332 4162 6330 2808 6332 4163 6333 4163 6333 2808 6332 2807 6334 4163 6333 2807 6334 2806 6335 4163 6333 2806 6335 4164 6336 4164 6336 2806 6335 2805 6337 4164 6336 2805 6337 2804 6338 4164 6336 2804 6338 4165 6339 4165 6339 2804 6338 2803 6340 4165 6339 2803 6340 2802 6341 4165 6339 2802 6341 4166 6342 4166 6342 2802 6341 2801 6343 4166 6342 2801 6343 2800 6344 4166 6342 2800 6344 4167 6345 4167 6345 2800 6344 2799 6346 4167 6345 2799 6346 4168 6347 4168 6347 2799 6346 2798 6348 4168 6347 2798 6348 2797 6349 4168 6347 2797 6349 4169 6350 4169 6350 2797 6349 2796 6351 4169 6350 2796 6351 2795 6352 4169 6350 2795 6352 4170 6353 4170 6353 2795 6352 2794 6354 4170 6353 2794 6354 2793 6355 2793 6355 2792 6356 4170 6353 4170 6353 2792 6356 4171 6357 4171 6357 2792 6356 2791 6358 4171 6357 2791 6358 2790 6359 4171 6357 2790 6359 4172 6360 4172 6360 2790 6359 2789 6361 4172 6360 2789 6361 2788 6362 4172 6360 2788 6362 4173 6363 4173 6363 2788 6362 2787 6364 4173 6363 2787 6364 2786 6365 2786 6365 1023 6366 4173 6363 4173 6363 1023 6366 4174 6367 4174 6367 1023 6366 1116 6368 4174 6367 1116 6368 4175 6369 4175 6369 1116 6368 1115 6370 4175 6369 1115 6370 4176 6371 4176 6371 1115 6370 1114 6372 4176 6371 1114 6372 4177 6373 4177 6373 1114 6372 1113 6374 4177 6373 1113 6374 4178 6375 4178 6375 1113 6374 1112 6376 4178 6375 1112 6376 4179 6377 4179 6377 1112 6376 1111 6378 4179 6377 1111 6378 4180 6379 4180 6379 1111 6378 1110 6380 4180 6379 1110 6380 4181 6381 4181 6381 1110 6380 1109 6382 4181 6381 1109 6382 4182 6383 4182 6383 1109 6382 1108 6384 4182 6383 1108 6384 4183 6385 4183 6385 1108 6384 1107 6386 4183 6385 1107 6386 4184 6387 4184 6387 1107 6386 1106 6388 4184 6387 1106 6388 4185 6389 4185 6389 1106 6388 1105 6390 4185 6389 1105 6390 4186 6391 4186 6391 1105 6390 1104 6392 4186 6391 1104 6392 4187 6393 4187 6393 1104 6392 1103 6394 4187 6393 1103 6394 4188 6395 4188 6395 1103 6394 1102 6396 4188 6395 1102 6396 4189 6397 4189 6397 1102 6396 1101 6398 4189 6397 1101 6398 4190 6399 4190 6399 1101 6398 1100 6400 4190 6399 1100 6400 4136 6401 4136 6401 1100 6400 1099 6402 4136 6401 1099 6402 4137 6403 4137 6403 1099 6402 1098 6404 4137 6403 1098 6404 4138 6405 4138 6405 1098 6404 1097 6406 4138 6405 1097 6406 4139 6407 4139 6407 1097 6406 1096 6408 4139 6407 1096 6408 4140 6409 4140 6409 1096 6408 1095 6410 4140 6409 1095 6410 4141 6411 4141 6411 1095 6410 1094 6412 4141 6411 1094 6412 4142 6413 4142 6413 1094 6412 1093 6414 4142 6413 1093 6414 4143 6415 4143 6415 1093 6414 1092 6416 4143 6415 1092 6416 4144 6417 4144 6417 1092 6416 1091 6418 4144 6417 1091 6418 4145 6419 4145 6419 1091 6418 1090 6420 4145 6419 1090 6420 4146 6421 4146 6421 1090 6420 1089 6422 4146 6421 1089 6422 4147 6423 4147 6423 1089 6422 1088 6424 4147 6423 1088 6424 4148 6425 4148 6425 1088 6424 1087 6426 4148 6425 1087 6426 4149 6427 4149 6427 1087 6426 1086 6428 4149 6427 1086 6428 4150 6429 4150 6429 1086 6428 1085 6430 4150 6429 1085 6430 4151 6431 4151 6431 1085 6430 1084 6432 4151 6431 1084 6432 4152 6433 4152 6433 1084 6432 1083 6434 4152 6433 1083 6434 4153 6435 4153 6435 1083 6434 1082 6436 4153 6435 1082 6436 4154 6437 4154 6437 1082 6436 1081 6438 4154 6437 1081 6438 4155 6439 4155 6439 1081 6438 1080 6440 4155 6439 1080 6440 4156 6441 4156 6441 1080 6440 1079 6442 4156 6441 1079 6442 4157 6443 4157 6443 1079 6442 1078 6444 4157 6443 1078 6444 4158 6445 4158 6445 1078 6444 1077 6318 4158 6445 1077 6318 4159 6320 2172 6446 2162 6447 2149 6448 2149 6448 2162 6447 2161 6449 2149 6448 2161 6449 2150 6450 2150 6450 2161 6449 2160 6451 2150 6450 2160 6451 2151 6452 2151 6452 2160 6451 2159 6453 2151 6452 2159 6453 2152 6454 2152 6454 2159 6453 2158 6455 2152 6454 2158 6455 2153 6456 2153 6456 2158 6455 2157 6457 2153 6456 2157 6457 2154 6458 2154 6458 2157 6457 2156 6459 2154 6458 2156 6459 2155 6460 2162 6447 2172 6446 2163 6461 2163 6461 2172 6446 2171 6462 2163 6461 2171 6462 2164 6463 2164 6463 2171 6462 2170 6464 2164 6463 2170 6464 2165 6465 2165 6465 2170 6464 2169 6466 2165 6465 2169 6466 2166 6467 2166 6467 2169 6466 2168 6468 2166 6467 2168 6468 2167 6469</p>
        </triangles>
      </mesh>
    </geometry>
  </library_geometries>
  <library_visual_scenes>
    <visual_scene id="Scene" name="Scene">
      <node id="JAW_2-node" name="JAW_2" type="NODE">
        <instance_geometry url="#JAW_2-mesh">
          <bind_material>
            <technique_common>
              <instance_material symbol="ABS__White_" target="#ABS__White_"/>
            </technique_common>
          </bind_material>
        </instance_geometry>
      </node>
    </visual_scene>
  </library_visual_scenes>
  <scene>
    <instance_visual_scene url="#Scene"/>
  </scene>
</COLLADA>
