<?xml version="1.0" encoding="utf-8"?>
<COLLADA xmlns="http://www.collada.org/2005/11/COLLADASchema" version="1.4.1">
  <asset>
    <contributor>
      <authoring_tool>Fusion URDF/XACRO Exporter</authoring_tool>
    </contributor>
    <created>2026-07-28T12:55:13Z</created>
    <modified>2026-07-28T12:55:13Z</modified>
    <unit name="meter" meter="1.0"/>
    <up_axis>Z_UP</up_axis>
  </asset>
  <library_effects>
    <effect id="ABS__White_-effect">
      <profile_COMMON>
        <technique sid="common">
          <lambert>
            <emission><color>0 0 0 1</color></emission>
            <ambient><color>0.0000 0.0000 0.0000 1</color></ambient>
            <diffuse><color>0.9647 0.9647 0.9529 1</color></diffuse>
            <reflective><color>0 0 0 1</color></reflective>
            <transparent opaque="A_ONE"><color>1 1 1 1</color></transparent>
            <transparency><float>1</float></transparency>
          </lambert>
        </technique>
      </profile_COMMON>
    </effect>
  </library_effects>
  <library_materials>
    <material id="ABS__White_" name="ABS_(White)">
      <instance_effect url="#ABS__White_-effect"/>
    </material>
  </library_materials>
  <library_geometries>
    <geometry id="JAW_5-mesh" name="JAW_5">
      <mesh>
        <source id="JAW_5-mesh-positions">
          <float_array id="JAW_5-mesh-positions-array" count="12603">0.062000 -0.010000 0.600000 0.062000 -0.009893 0.601456 0.062000 -0.009576 0.602881 0.062000 -0.009054 0.604245 0.062000 -0.008340 0.605518 0.062000 -0.007448 0.606673 0.062000 -0.006397 0.607686 0.062000 -0.005209 0.608536 0.062000 -0.003911 0.609203 0.062000 -0.002529 0.609675 0.062000 -0.001094 0.609940 0.062000 0.000365 0.609993 0.062000 0.001816 0.609834 0.062000 0.003229 0.609464 0.062000 0.004572 0.608893 0.062000 0.005819 0.608133 0.062000 0.006941 0.607199 0.062000 0.007915 0.606112 0.062000 0.008720 0.604894 0.062000 0.009340 0.603572 0.062000 0.009761 0.602174 0.062000 0.009973 0.600730 0.062000 0.009973 0.599270 0.062000 0.009761 0.597826 0.062000 0.009340 0.596428 0.062000 0.008720 0.595106 0.062000 0.007915 0.593888 0.062000 0.006941 0.592801 0.062000 0.005819 0.591867 0.062000 0.004572 0.591107 0.062000 0.003229 0.590536 0.062000 0.001816 0.590166 0.062000 0.000365 0.590007 0.062000 -0.001094 0.590060 0.062000 -0.002529 0.590325 0.062000 -0.003911 0.590797 0.062000 -0.005209 0.591464 0.062000 -0.006397 0.592314 0.062000 -0.007448 0.593327 0.062000 -0.008340 0.594482 0.062000 -0.009054 0.595755 0.062000 -0.009576 0.597119 0.062000 -0.009893 0.598544 0.052000 -0.010000 0.600000 0.052000 -0.009893 0.598544 0.052000 -0.009576 0.597119 0.052000 -0.009054 0.595755 0.052000 -0.008340 0.594482 0.052000 -0.007448 0.593327 0.052000 -0.006397 0.592314 0.052000 -0.005209 0.591464 0.052000 -0.003911 0.590797 0.052000 -0.002529 0.590325 0.052000 -0.001094 0.590060 0.052000 0.000365 0.590007 0.052000 0.001816 0.590166 0.052000 0.003229 0.590536 0.052000 0.004572 0.591107 0.052000 0.005819 0.591867 0.052000 0.006941 0.592801 0.052000 0.007915 0.593888 0.052000 0.008720 0.595106 0.052000 0.009340 0.596428 0.052000 0.009761 0.597826 0.052000 0.009973 0.599270 0.052000 0.009973 0.600730 0.052000 0.009761 0.602174 0.052000 0.009340 0.603572 0.052000 0.008720 0.604894 0.052000 0.007915 0.606112 0.052000 0.006941 0.607199 0.052000 0.005819 0.608133 0.052000 0.004572 0.608893 0.052000 0.003229 0.609464 0.052000 0.001816 0.609834 0.052000 0.000365 0.609993 0.052000 -0.001094 0.609940 0.052000 -0.002529 0.609675 0.052000 -0.003911 0.609203 0.052000 -0.005209 0.608536 0.052000 -0.006397 0.607686 0.052000 -0.007448 0.606673 0.052000 -0.008340 0.605518 0.052000 -0.009054 0.604245 0.052000 -0.009576 0.602881 0.052000 -0.009893 0.601456 -0.052000 -0.022000 0.600000 -0.051893 -0.022000 0.601456 -0.051576 -0.022000 0.602881 -0.051054 -0.022000 0.604245 -0.050340 -0.022000 0.605518 -0.049448 -0.022000 0.606673 -0.048397 -0.022000 0.607686 -0.047209 -0.022000 0.608536 -0.045911 -0.022000 0.609203 -0.044529 -0.022000 0.609675 -0.043094 -0.022000 0.609940 -0.041635 -0.022000 0.609993 -0.040184 -0.022000 0.609834 -0.038771 -0.022000 0.609464 -0.037428 -0.022000 0.608893 -0.036181 -0.022000 0.608133 -0.035059 -0.022000 0.607199 -0.034085 -0.022000 0.606112 -0.033280 -0.022000 0.604894 -0.032660 -0.022000 0.603572 -0.032239 -0.022000 0.602174 -0.032027 -0.022000 0.600730 -0.032027 -0.022000 0.599270 -0.032239 -0.022000 0.597826 -0.032660 -0.022000 0.596428 -0.033280 -0.022000 0.595106 -0.034085 -0.022000 0.593888 -0.035059 -0.022000 0.592801 -0.036181 -0.022000 0.591867 -0.037428 -0.022000 0.591107 -0.038771 -0.022000 0.590536 -0.040184 -0.022000 0.590166 -0.041635 -0.022000 0.590007 -0.043094 -0.022000 0.590060 -0.044529 -0.022000 0.590325 -0.045911 -0.022000 0.590797 -0.047209 -0.022000 0.591464 -0.048397 -0.022000 0.592314 -0.049448 -0.022000 0.593327 -0.050340 -0.022000 0.594482 -0.051054 -0.022000 0.595755 -0.051576 -0.022000 0.597119 -0.051893 -0.022000 0.598544 -0.052000 -0.012000 0.600000 -0.051893 -0.012000 0.598544 -0.051576 -0.012000 0.597119 -0.051054 -0.012000 0.595755 -0.050340 -0.012000 0.594482 -0.049448 -0.012000 0.593327 -0.048397 -0.012000 0.592314 -0.047209 -0.012000 0.591464 -0.045911 -0.012000 0.590797 -0.044529 -0.012000 0.590325 -0.043094 -0.012000 0.590060 -0.041635 -0.012000 0.590007 -0.040184 -0.012000 0.590166 -0.038771 -0.012000 0.590536 -0.037428 -0.012000 0.591107 -0.036181 -0.012000 0.591867 -0.035059 -0.012000 0.592801 -0.034085 -0.012000 0.593888 -0.033280 -0.012000 0.595106 -0.032660 -0.012000 0.596428 -0.032239 -0.012000 0.597826 -0.032027 -0.012000 0.599270 -0.032027 -0.012000 0.600730 -0.032239 -0.012000 0.602174 -0.032660 -0.012000 0.603572 -0.033280 -0.012000 0.604894 -0.034085 -0.012000 0.606112 -0.035059 -0.012000 0.607199 -0.036181 -0.012000 0.608133 -0.037428 -0.012000 0.608893 -0.038771 -0.012000 0.609464 -0.040184 -0.012000 0.609834 -0.041635 -0.012000 0.609993 -0.043094 -0.012000 0.609940 -0.044529 -0.012000 0.609675 -0.045911 -0.012000 0.609203 -0.047209 -0.012000 0.608536 -0.048397 -0.012000 0.607686 -0.049448 -0.012000 0.606673 -0.050340 -0.012000 0.605518 -0.051054 -0.012000 0.604245 -0.051576 -0.012000 0.602881 -0.051893 -0.012000 0.601456 -0.042000 -0.012000 0.580000 -0.044023 -0.012000 0.580103 -0.046026 -0.012000 0.580409 -0.047987 -0.012000 0.580917 -0.049887 -0.012000 0.581621 -0.051706 -0.012000 0.582513 -0.053425 -0.012000 0.583585 -0.055027 -0.012000 0.584825 -0.056496 -0.012000 0.586221 -0.057816 -0.012000 0.587758 -0.058973 -0.012000 0.589421 -0.059956 -0.012000 0.591192 -0.060755 -0.012000 0.593054 -0.061362 -0.012000 0.594987 -0.061769 -0.012000 0.596971 -0.061974 -0.012000 0.598987 -0.061974 -0.012000 0.601013 -0.061769 -0.012000 0.603029 -0.061362 -0.012000 0.605013 -0.060755 -0.012000 0.606946 -0.059956 -0.012000 0.608808 -0.058973 -0.012000 0.610579 -0.057816 -0.012000 0.612242 -0.056496 -0.012000 0.613779 -0.055027 -0.012000 0.615175 -0.053425 -0.012000 0.616415 -0.051706 -0.012000 0.617487 -0.049887 -0.012000 0.618379 -0.047987 -0.012000 0.619083 -0.046026 -0.012000 0.619591 -0.044023 -0.012000 0.619897 -0.042000 -0.012000 0.620000 -0.042000 0.012000 0.620000 -0.044023 0.012000 0.619897 -0.046026 0.012000 0.619591 -0.047987 0.012000 0.619083 -0.049887 0.012000 0.618379 -0.051706 0.012000 0.617487 -0.053425 0.012000 0.616415 -0.055027 0.012000 0.615175 -0.056496 0.012000 0.613779 -0.057816 0.012000 0.612242 -0.058973 0.012000 0.610579 -0.059956 0.012000 0.608808 -0.060755 0.012000 0.606946 -0.061362 0.012000 0.605013 -0.061769 0.012000 0.603029 -0.061974 0.012000 0.601013 -0.061974 0.012000 0.598987 -0.061769 0.012000 0.596971 -0.061362 0.012000 0.594987 -0.060755 0.012000 0.593054 -0.059956 0.012000 0.591192 -0.058973 0.012000 0.589421 -0.057816 0.012000 0.587758 -0.056496 0.012000 0.586221 -0.055027 0.012000 0.584825 -0.053425 0.012000 0.583585 -0.051706 0.012000 0.582513 -0.049887 0.012000 0.581621 -0.047987 0.012000 0.580917 -0.046026 0.012000 0.580409 -0.044023 0.012000 0.580103 -0.042000 0.012000 0.580000 0.000000 0.012000 0.580000 0.000000 -0.012000 0.580000 0.000000 0.012000 0.620000 0.000000 -0.012000 0.620000 0.050000 0.034184 0.585841 0.050000 0.034082 0.585462 0.050000 0.034082 0.585071 0.050000 0.034184 0.584693 0.050000 0.034379 0.584354 0.050000 0.034656 0.584077 0.050000 0.034995 0.583881 0.050000 0.035374 0.583780 0.050000 0.035765 0.583780 0.050000 0.036143 0.583881 0.050000 0.036483 0.584077 0.050000 0.036759 0.584354 0.050000 0.036955 0.584693 0.050000 0.037057 0.585071 0.050000 0.037057 0.585462 0.050000 0.036955 0.585841 0.050000 0.036759 0.586180 0.050000 0.036483 0.586457 0.050000 0.036143 0.586653 0.050000 0.035765 0.586754 0.050000 0.035374 0.586754 0.050000 0.034995 0.586653 0.050000 0.034656 0.586457 0.050000 0.034379 0.586180 0.049000 0.034184 0.585841 0.049000 0.034379 0.586180 0.049000 0.034656 0.586457 0.049000 0.034995 0.586653 0.049000 0.035374 0.586754 0.049000 0.035765 0.586754 0.049000 0.036143 0.586653 0.049000 0.036483 0.586457 0.049000 0.036759 0.586180 0.049000 0.036955 0.585841 0.049000 0.037057 0.585462 0.049000 0.037057 0.585071 0.049000 0.036955 0.584693 0.049000 0.036759 0.584354 0.049000 0.036483 0.584077 0.049000 0.036143 0.583881 0.049000 0.035765 0.583780 0.049000 0.035374 0.583780 0.049000 0.034995 0.583881 0.049000 0.034656 0.584077 0.049000 0.034379 0.584354 0.049000 0.034184 0.584693 0.049000 0.034082 0.585071 0.049000 0.034082 0.585462 0.050000 0.033491 0.586128 0.050000 0.033784 0.586636 0.050000 0.034200 0.587052 0.050000 0.034708 0.587345 0.050000 0.035276 0.587497 0.050000 0.035863 0.587497 0.050000 0.036430 0.587345 0.050000 0.036939 0.587052 0.050000 0.037354 0.586636 0.050000 0.037648 0.586128 0.050000 0.037800 0.585560 0.050000 0.037800 0.584973 0.050000 0.037648 0.584406 0.050000 0.037354 0.583897 0.050000 0.036939 0.583482 0.050000 0.036430 0.583188 0.050000 0.035863 0.583036 0.050000 0.035276 0.583036 0.050000 0.034708 0.583188 0.050000 0.034200 0.583482 0.050000 0.033784 0.583897 0.050000 0.033491 0.584406 0.050000 0.033339 0.584973 0.050000 0.033339 0.585560 0.049000 0.033491 0.586128 0.049000 0.033339 0.585560 0.049000 0.033339 0.584973 0.049000 0.033491 0.584406 0.049000 0.033784 0.583897 0.049000 0.034200 0.583482 0.049000 0.034708 0.583188 0.049000 0.035276 0.583036 0.049000 0.035863 0.583036 0.049000 0.036430 0.583188 0.049000 0.036939 0.583482 0.049000 0.037354 0.583897 0.049000 0.037648 0.584406 0.049000 0.037800 0.584973 0.049000 0.037800 0.585560 0.049000 0.037648 0.586128 0.049000 0.037354 0.586636 0.049000 0.036939 0.587052 0.049000 0.036430 0.587345 0.049000 0.035863 0.587497 0.049000 0.035276 0.587497 0.049000 0.034708 0.587345 0.049000 0.034200 0.587052 0.049000 0.033784 0.586636 0.049000 0.025633 0.574367 0.049000 0.026099 0.574725 0.049000 0.026641 0.574950 0.049000 0.027224 0.575026 0.049000 0.027806 0.574950 0.049000 0.028349 0.574725 0.049000 0.028815 0.574367 0.049000 0.029172 0.573901 0.049000 0.029397 0.573359 0.049000 0.029474 0.572776 0.049000 0.029397 0.572194 0.049000 0.029172 0.571651 0.049000 0.028815 0.571185 0.049000 0.028349 0.570828 0.049000 0.027806 0.570603 0.049000 0.027224 0.570526 0.049000 0.026641 0.570603 0.049000 0.026099 0.570828 0.049000 0.025633 0.571185 0.049000 0.025275 0.571651 0.049000 0.025050 0.572194 0.049000 0.024974 0.572776 0.049000 0.025050 0.573359 0.049000 0.025275 0.573901 0.049000 -0.000000 0.563750 0.049000 0.000582 0.563673 0.049000 0.001125 0.563449 0.049000 0.001591 0.563091 0.049000 0.001949 0.562625 0.049000 0.002173 0.562082 0.049000 0.002250 0.561500 0.049000 0.002173 0.560918 0.049000 0.001949 0.560375 0.049000 0.001591 0.559909 0.049000 0.001125 0.559551 0.049000 0.000582 0.559327 0.049000 -0.000000 0.559250 0.049000 -0.000582 0.559327 0.049000 -0.001125 0.559551 0.049000 -0.001591 0.559909 0.049000 -0.001949 0.560375 0.049000 -0.002173 0.560918 0.049000 -0.002250 0.561500 0.049000 -0.002173 0.562082 0.049000 -0.001949 0.562625 0.049000 -0.001591 0.563091 0.049000 -0.001125 0.563449 0.049000 -0.000582 0.563673 0.049000 -0.025633 0.574367 0.049000 -0.025275 0.573901 0.049000 -0.025050 0.573359 0.049000 -0.024974 0.572776 0.049000 -0.025050 0.572194 0.049000 -0.025275 0.571651 0.049000 -0.025633 0.571185 0.049000 -0.026099 0.570828 0.049000 -0.026641 0.570603 0.049000 -0.027224 0.570526 0.049000 -0.027806 0.570603 0.049000 -0.028349 0.570828 0.049000 -0.028815 0.571185 0.049000 -0.029172 0.571651 0.049000 -0.029397 0.572194 0.049000 -0.029474 0.572776 0.049000 -0.029397 0.573359 0.049000 -0.029172 0.573901 0.049000 -0.028815 0.574367 0.049000 -0.028349 0.574725 0.049000 -0.027806 0.574950 0.049000 -0.027224 0.575026 0.049000 -0.026641 0.574950 0.049000 -0.026099 0.574725 0.049000 -0.036250 0.600000 0.049000 -0.036327 0.599418 0.049000 -0.036551 0.598875 0.049000 -0.036909 0.598409 0.049000 -0.037375 0.598051 0.049000 -0.037918 0.597827 0.049000 -0.038500 0.597750 0.049000 -0.039082 0.597827 0.049000 -0.039625 0.598051 0.049000 -0.040091 0.598409 0.049000 -0.040449 0.598875 0.049000 -0.040673 0.599418 0.049000 -0.040750 0.600000 0.049000 -0.040673 0.600582 0.049000 -0.040449 0.601125 0.049000 -0.040091 0.601591 0.049000 -0.039625 0.601949 0.049000 -0.039082 0.602173 0.049000 -0.038500 0.602250 0.049000 -0.037918 0.602173 0.049000 -0.037375 0.601949 0.049000 -0.036909 0.601591 0.049000 -0.036551 0.601125 0.049000 -0.036327 0.600582 0.049000 -0.025633 0.625633 0.049000 -0.026099 0.625275 0.049000 -0.026641 0.625050 0.049000 -0.027224 0.624974 0.049000 -0.027806 0.625050 0.049000 -0.028349 0.625275 0.049000 -0.028815 0.625633 0.049000 -0.029172 0.626099 0.049000 -0.029397 0.626641 0.049000 -0.029474 0.627224 0.049000 -0.029397 0.627806 0.049000 -0.029172 0.628349 0.049000 -0.028815 0.628815 0.049000 -0.028349 0.629172 0.049000 -0.027806 0.629397 0.049000 -0.027224 0.629474 0.049000 -0.026641 0.629397 0.049000 -0.026099 0.629172 0.049000 -0.025633 0.628815 0.049000 -0.025275 0.628349 0.049000 -0.025050 0.627806 0.049000 -0.024974 0.627224 0.049000 -0.025050 0.626641 0.049000 -0.025275 0.626099 0.049000 0.000000 0.636250 0.049000 -0.000582 0.636327 0.049000 -0.001125 0.636551 0.049000 -0.001591 0.636909 0.049000 -0.001949 0.637375 0.049000 -0.002173 0.637918 0.049000 -0.002250 0.638500 0.049000 -0.002173 0.639082 0.049000 -0.001949 0.639625 0.049000 -0.001591 0.640091 0.049000 -0.001125 0.640449 0.049000 -0.000582 0.640673 0.049000 0.000000 0.640750 0.049000 0.000582 0.640673 0.049000 0.001125 0.640449 0.049000 0.001591 0.640091 0.049000 0.001949 0.639625 0.049000 0.002173 0.639082 0.049000 0.002250 0.638500 0.049000 0.002173 0.637918 0.049000 0.001949 0.637375 0.049000 0.001591 0.636909 0.049000 0.001125 0.636551 0.049000 0.000582 0.636327 0.049000 0.025633 0.625633 0.049000 0.025275 0.626099 0.049000 0.025050 0.626641 0.049000 0.024974 0.627224 0.049000 0.025050 0.627806 0.049000 0.025275 0.628349 0.049000 0.025633 0.628815 0.049000 0.026099 0.629172 0.049000 0.026641 0.629397 0.049000 0.027224 0.629474 0.049000 0.027806 0.629397 0.049000 0.028349 0.629172 0.049000 0.028815 0.628815 0.049000 0.029172 0.628349 0.049000 0.029397 0.627806 0.049000 0.029474 0.627224 0.049000 0.029397 0.626641 0.049000 0.029172 0.626099 0.049000 0.028815 0.625633 0.049000 0.028349 0.625275 0.049000 0.027806 0.625050 0.049000 0.027224 0.624974 0.049000 0.026641 0.625050 0.049000 0.026099 0.625275 0.049000 0.036250 0.600000 0.049000 0.036327 0.600582 0.049000 0.036551 0.601125 0.049000 0.036909 0.601591 0.049000 0.037375 0.601949 0.049000 0.037918 0.602173 0.049000 0.038500 0.602250 0.049000 0.039082 0.602173 0.049000 0.039625 0.601949 0.049000 0.040091 0.601591 0.049000 0.040449 0.601125 0.049000 0.040673 0.600582 0.049000 0.040750 0.600000 0.049000 0.040673 0.599418 0.049000 0.040449 0.598875 0.049000 0.040091 0.598409 0.049000 0.039625 0.598051 0.049000 0.039082 0.597827 0.049000 0.038500 0.597750 0.049000 0.037918 0.597827 0.049000 0.037375 0.598051 0.049000 0.036909 0.598409 0.049000 0.036551 0.598875 0.049000 0.036327 0.599418 0.049000 -0.035000 0.600000 0.049000 -0.034892 0.602746 0.049000 -0.034569 0.605475 0.049000 -0.034033 0.608171 0.049000 -0.033287 0.610816 0.049000 -0.032336 0.613394 0.049000 -0.031185 0.615890 0.049000 -0.029842 0.618287 0.049000 -0.028316 0.620572 0.049000 -0.026614 0.622731 0.049000 -0.024749 0.624749 0.049000 -0.022731 0.626614 0.049000 -0.020572 0.628316 0.049000 -0.018287 0.629842 0.049000 -0.015890 0.631185 0.049000 -0.013394 0.632336 0.049000 -0.010816 0.633287 0.049000 -0.008171 0.634033 0.049000 -0.005475 0.634569 0.049000 -0.002746 0.634892 0.049000 0.000000 0.635000 0.049000 0.002746 0.634892 0.049000 0.005475 0.634569 0.049000 0.008171 0.634033 0.049000 0.010816 0.633287 0.049000 0.013394 0.632336 0.049000 0.015890 0.631185 0.049000 0.018287 0.629842 0.049000 0.020572 0.628316 0.049000 0.022731 0.626614 0.049000 0.024749 0.624749 0.049000 0.026614 0.622731 0.049000 0.028316 0.620572 0.049000 0.029842 0.618287 0.049000 0.031185 0.615890 0.049000 0.032336 0.613394 0.049000 0.033287 0.610816 0.049000 0.034033 0.608171 0.049000 0.034569 0.605475 0.049000 0.034892 0.602746 0.049000 0.035000 0.600000 0.049000 0.034892 0.597254 0.049000 0.034569 0.594525 0.049000 0.034033 0.591829 0.049000 0.033287 0.589184 0.049000 0.032336 0.586606 0.049000 0.031185 0.584110 0.049000 0.029842 0.581713 0.049000 0.028316 0.579428 0.049000 0.026614 0.577269 0.049000 0.024749 0.575251 0.049000 0.022731 0.573386 0.049000 0.020572 0.571684 0.049000 0.018287 0.570158 0.049000 0.015890 0.568815 0.049000 0.013394 0.567664 0.049000 0.010816 0.566713 0.049000 0.008171 0.565967 0.049000 0.005475 0.565431 0.049000 0.002746 0.565108 0.049000 0.000000 0.565000 0.049000 -0.002746 0.565108 0.049000 -0.005475 0.565431 0.049000 -0.008171 0.565967 0.049000 -0.010816 0.566713 0.049000 -0.013394 0.567664 0.049000 -0.015890 0.568815 0.049000 -0.018287 0.570158 0.049000 -0.020572 0.571684 0.049000 -0.022731 0.573386 0.049000 -0.024749 0.575251 0.049000 -0.026614 0.577269 0.049000 -0.028316 0.579428 0.049000 -0.029842 0.581713 0.049000 -0.031185 0.584110 0.049000 -0.032336 0.586606 0.049000 -0.033287 0.589184 0.049000 -0.034033 0.591829 0.049000 -0.034569 0.594525 0.049000 -0.034892 0.597254 0.049000 -0.042000 0.600000 0.049000 -0.041891 0.596969 0.049000 -0.041563 0.593955 0.049000 -0.041018 0.590971 0.049000 -0.040260 0.588035 0.049000 -0.039291 0.585161 0.049000 -0.038118 0.582365 0.049000 -0.036746 0.579660 0.049000 -0.035183 0.577062 0.049000 -0.033436 0.574583 0.049000 -0.031515 0.572236 0.049000 -0.029429 0.570035 0.049000 -0.027190 0.567989 0.049000 -0.024810 0.566111 0.049000 -0.022299 0.564409 0.049000 -0.019673 0.562892 0.049000 -0.016944 0.561570 0.049000 -0.014127 0.560447 0.049000 -0.011236 0.559531 0.049000 -0.008287 0.558826 0.049000 -0.005294 0.558335 0.049000 -0.002274 0.558062 0.049000 0.000758 0.558007 0.049000 0.003786 0.558171 0.049000 0.006795 0.558553 0.049000 0.009768 0.559152 0.049000 0.012690 0.559963 0.049000 0.015546 0.560983 0.049000 0.018321 0.562206 0.049000 0.021000 0.563627 0.049000 0.023570 0.565237 0.049000 0.026017 0.567028 0.049000 0.028328 0.568992 0.049000 0.030492 0.571117 0.049000 0.032496 0.573392 0.049000 0.034332 0.575806 0.049000 0.035988 0.578347 0.049000 0.037457 0.581000 0.049000 0.038730 0.583752 0.049000 0.039801 0.586589 0.049000 0.040665 0.589496 0.049000 0.041317 0.592458 0.049000 0.041754 0.595459 0.049000 0.041973 0.598484 0.049000 0.041973 0.601516 0.049000 0.041754 0.604541 0.049000 0.041317 0.607542 0.049000 0.040665 0.610504 0.049000 0.039801 0.613411 0.049000 0.038730 0.616248 0.049000 0.037457 0.619000 0.049000 0.035988 0.621653 0.049000 0.034332 0.624194 0.049000 0.032496 0.626608 0.049000 0.030492 0.628883 0.049000 0.028328 0.631008 0.049000 0.026017 0.632972 0.049000 0.023570 0.634763 0.049000 0.021000 0.636373 0.049000 0.018321 0.637794 0.049000 0.015546 0.639017 0.049000 0.012690 0.640037 0.049000 0.009768 0.640848 0.049000 0.006795 0.641447 0.049000 0.003786 0.641829 0.049000 0.000758 0.641993 0.049000 -0.002274 0.641938 0.049000 -0.005294 0.641665 0.049000 -0.008287 0.641174 0.049000 -0.011236 0.640469 0.049000 -0.014127 0.639553 0.049000 -0.016944 0.638430 0.049000 -0.019673 0.637108 0.049000 -0.022299 0.635591 0.049000 -0.024810 0.633889 0.049000 -0.027190 0.632011 0.049000 -0.029429 0.629965 0.049000 -0.031515 0.627764 0.049000 -0.033436 0.625417 0.049000 -0.035183 0.622938 0.049000 -0.036746 0.620340 0.049000 -0.038118 0.617635 0.049000 -0.039291 0.614839 0.049000 -0.040260 0.611965 0.049000 -0.041018 0.609029 0.049000 -0.041563 0.606045 0.049000 -0.041891 0.603031 0.049000 0.033491 0.613872 0.049000 0.033339 0.614440 0.049000 0.033339 0.615027 0.049000 0.033491 0.615594 0.049000 0.033784 0.616103 0.049000 0.034200 0.616518 0.049000 0.034708 0.616812 0.049000 0.035276 0.616964 0.049000 0.035863 0.616964 0.049000 0.036430 0.616812 0.049000 0.036939 0.616518 0.049000 0.037354 0.616103 0.049000 0.037648 0.615594 0.049000 0.037800 0.615027 0.049000 0.037800 0.614440 0.049000 0.037648 0.613872 0.049000 0.037354 0.613364 0.049000 0.036939 0.612948 0.049000 0.036430 0.612655 0.049000 0.035863 0.612503 0.049000 0.035276 0.612503 0.049000 0.034708 0.612655 0.049000 0.034200 0.612948 0.049000 0.033784 0.613364 0.049000 0.013872 0.633491 0.049000 0.013364 0.633784 0.049000 0.012948 0.634200 0.049000 0.012655 0.634708 0.049000 0.012503 0.635276 0.049000 0.012503 0.635863 0.049000 0.012655 0.636430 0.049000 0.012948 0.636939 0.049000 0.013364 0.637354 0.049000 0.013872 0.637648 0.049000 0.014440 0.637800 0.049000 0.015027 0.637800 0.049000 0.015594 0.637648 0.049000 0.016103 0.637354 0.049000 0.016518 0.636939 0.049000 0.016812 0.636430 0.049000 0.016964 0.635863 0.049000 0.016964 0.635276 0.049000 0.016812 0.634708 0.049000 0.016518 0.634200 0.049000 0.016103 0.633784 0.049000 0.015594 0.633491 0.049000 0.015027 0.633339 0.049000 0.014440 0.633339 0.049000 -0.013872 0.633491 0.049000 -0.014440 0.633339 0.049000 -0.015027 0.633339 0.049000 -0.015594 0.633491 0.049000 -0.016103 0.633784 0.049000 -0.016518 0.634200 0.049000 -0.016812 0.634708 0.049000 -0.016964 0.635276 0.049000 -0.016964 0.635863 0.049000 -0.016812 0.636430 0.049000 -0.016518 0.636939 0.049000 -0.016103 0.637354 0.049000 -0.015594 0.637648 0.049000 -0.015027 0.637800 0.049000 -0.014440 0.637800 0.049000 -0.013872 0.637648 0.049000 -0.013364 0.637354 0.049000 -0.012948 0.636939 0.049000 -0.012655 0.636430 0.049000 -0.012503 0.635863 0.049000 -0.012503 0.635276 0.049000 -0.012655 0.634708 0.049000 -0.012948 0.634200 0.049000 -0.013364 0.633784 0.049000 -0.033491 0.613872 0.049000 -0.033784 0.613364 0.049000 -0.034200 0.612948 0.049000 -0.034708 0.612655 0.049000 -0.035276 0.612503 0.049000 -0.035863 0.612503 0.049000 -0.036430 0.612655 0.049000 -0.036939 0.612948 0.049000 -0.037354 0.613364 0.049000 -0.037648 0.613872 0.049000 -0.037800 0.614440 0.049000 -0.037800 0.615027 0.049000 -0.037648 0.615594 0.049000 -0.037354 0.616103 0.049000 -0.036939 0.616518 0.049000 -0.036430 0.616812 0.049000 -0.035863 0.616964 0.049000 -0.035276 0.616964 0.049000 -0.034708 0.616812 0.049000 -0.034200 0.616518 0.049000 -0.033784 0.616103 0.049000 -0.033491 0.615594 0.049000 -0.033339 0.615027 0.049000 -0.033339 0.614440 0.049000 -0.033491 0.586128 0.049000 -0.033339 0.585560 0.049000 -0.033339 0.584973 0.049000 -0.033491 0.584406 0.049000 -0.033784 0.583897 0.049000 -0.034200 0.583482 0.049000 -0.034708 0.583188 0.049000 -0.035276 0.583036 0.049000 -0.035863 0.583036 0.049000 -0.036430 0.583188 0.049000 -0.036939 0.583482 0.049000 -0.037354 0.583897 0.049000 -0.037648 0.584406 0.049000 -0.037800 0.584973 0.049000 -0.037800 0.585560 0.049000 -0.037648 0.586128 0.049000 -0.037354 0.586636 0.049000 -0.036939 0.587052 0.049000 -0.036430 0.587345 0.049000 -0.035863 0.587497 0.049000 -0.035276 0.587497 0.049000 -0.034708 0.587345 0.049000 -0.034200 0.587052 0.049000 -0.033784 0.586636 0.049000 -0.013872 0.566509 0.049000 -0.013364 0.566216 0.049000 -0.012948 0.565800 0.049000 -0.012655 0.565292 0.049000 -0.012503 0.564724 0.049000 -0.012503 0.564137 0.049000 -0.012655 0.563570 0.049000 -0.012948 0.563061 0.049000 -0.013364 0.562646 0.049000 -0.013872 0.562352 0.049000 -0.014440 0.562200 0.049000 -0.015027 0.562200 0.049000 -0.015594 0.562352 0.049000 -0.016103 0.562646 0.049000 -0.016518 0.563061 0.049000 -0.016812 0.563570 0.049000 -0.016964 0.564137 0.049000 -0.016964 0.564724 0.049000 -0.016812 0.565292 0.049000 -0.016518 0.565800 0.049000 -0.016103 0.566216 0.049000 -0.015594 0.566509 0.049000 -0.015027 0.566661 0.049000 -0.014440 0.566661 0.049000 0.013872 0.566509 0.049000 0.014440 0.566661 0.049000 0.015027 0.566661 0.049000 0.015594 0.566509 0.049000 0.016103 0.566216 0.049000 0.016518 0.565800 0.049000 0.016812 0.565292 0.049000 0.016964 0.564724 0.049000 0.016964 0.564137 0.049000 0.016812 0.563570 0.049000 0.016518 0.563061 0.049000 0.016103 0.562646 0.049000 0.015594 0.562352 0.049000 0.015027 0.562200 0.049000 0.014440 0.562200 0.049000 0.013872 0.562352 0.049000 0.013364 0.562646 0.049000 0.012948 0.563061 0.049000 0.012655 0.563570 0.049000 0.012503 0.564137 0.049000 0.012503 0.564724 0.049000 0.012655 0.565292 0.049000 0.012948 0.565800 0.049000 0.013364 0.566216 0.050000 0.026163 0.573837 0.050000 0.025925 0.573526 0.050000 0.025775 0.573165 0.050000 0.025724 0.572776 0.050000 0.025775 0.572388 0.050000 0.025925 0.572026 0.050000 0.026163 0.571716 0.050000 0.026474 0.571477 0.050000 0.026835 0.571327 0.050000 0.027224 0.571276 0.050000 0.027612 0.571327 0.050000 0.027974 0.571477 0.050000 0.028284 0.571716 0.050000 0.028523 0.572026 0.050000 0.028673 0.572388 0.050000 0.028724 0.572776 0.050000 0.028673 0.573165 0.050000 0.028523 0.573526 0.050000 0.028284 0.573837 0.050000 0.027974 0.574075 0.050000 0.027612 0.574225 0.050000 0.027224 0.574276 0.050000 0.026835 0.574225 0.050000 0.026474 0.574075 0.049000 0.026163 0.573837 0.049000 0.026474 0.574075 0.049000 0.026835 0.574225 0.049000 0.027224 0.574276 0.049000 0.027612 0.574225 0.049000 0.027974 0.574075 0.049000 0.028284 0.573837 0.049000 0.028523 0.573526 0.049000 0.028673 0.573165 0.049000 0.028724 0.572776 0.049000 0.028673 0.572388 0.049000 0.028523 0.572026 0.049000 0.028284 0.571716 0.049000 0.027974 0.571477 0.049000 0.027612 0.571327 0.049000 0.027224 0.571276 0.049000 0.026835 0.571327 0.049000 0.026474 0.571477 0.049000 0.026163 0.571716 0.049000 0.025925 0.572026 0.049000 0.025775 0.572388 0.049000 0.025724 0.572776 0.049000 0.025775 0.573165 0.049000 0.025925 0.573526 0.050000 0.025633 0.574367 0.050000 0.026099 0.574725 0.050000 0.026641 0.574950 0.050000 0.027224 0.575026 0.050000 0.027806 0.574950 0.050000 0.028349 0.574725 0.050000 0.028815 0.574367 0.050000 0.029172 0.573901 0.050000 0.029397 0.573359 0.050000 0.029474 0.572776 0.050000 0.029397 0.572194 0.050000 0.029172 0.571651 0.050000 0.028815 0.571185 0.050000 0.028349 0.570828 0.050000 0.027806 0.570603 0.050000 0.027224 0.570526 0.050000 0.026641 0.570603 0.050000 0.026099 0.570828 0.050000 0.025633 0.571185 0.050000 0.025275 0.571651 0.050000 0.025050 0.572194 0.050000 0.024974 0.572776 0.050000 0.025050 0.573359 0.050000 0.025275 0.573901 0.050000 0.014159 0.565816 0.050000 0.013820 0.565621 0.050000 0.013543 0.565344 0.050000 0.013347 0.565005 0.050000 0.013246 0.564626 0.050000 0.013246 0.564235 0.050000 0.013347 0.563857 0.050000 0.013543 0.563518 0.050000 0.013820 0.563241 0.050000 0.014159 0.563045 0.050000 0.014538 0.562943 0.050000 0.014929 0.562943 0.050000 0.015307 0.563045 0.050000 0.015646 0.563241 0.050000 0.015923 0.563518 0.050000 0.016119 0.563857 0.050000 0.016220 0.564235 0.050000 0.016220 0.564626 0.050000 0.016119 0.565005 0.050000 0.015923 0.565344 0.050000 0.015646 0.565621 0.050000 0.015307 0.565816 0.050000 0.014929 0.565918 0.050000 0.014538 0.565918 0.049000 0.014159 0.565816 0.049000 0.014538 0.565918 0.049000 0.014929 0.565918 0.049000 0.015307 0.565816 0.049000 0.015646 0.565621 0.049000 0.015923 0.565344 0.049000 0.016119 0.565005 0.049000 0.016220 0.564626 0.049000 0.016220 0.564235 0.049000 0.016119 0.563857 0.049000 0.015923 0.563518 0.049000 0.015646 0.563241 0.049000 0.015307 0.563045 0.049000 0.014929 0.562943 0.049000 0.014538 0.562943 0.049000 0.014159 0.563045 0.049000 0.013820 0.563241 0.049000 0.013543 0.563518 0.049000 0.013347 0.563857 0.049000 0.013246 0.564235 0.049000 0.013246 0.564626 0.049000 0.013347 0.565005 0.049000 0.013543 0.565344 0.049000 0.013820 0.565621 0.050000 0.013872 0.566509 0.050000 0.014440 0.566661 0.050000 0.015027 0.566661 0.050000 0.015594 0.566509 0.050000 0.016103 0.566216 0.050000 0.016518 0.565800 0.050000 0.016812 0.565292 0.050000 0.016964 0.564724 0.050000 0.016964 0.564137 0.050000 0.016812 0.563570 0.050000 0.016518 0.563061 0.050000 0.016103 0.562646 0.050000 0.015594 0.562352 0.050000 0.015027 0.562200 0.050000 0.014440 0.562200 0.050000 0.013872 0.562352 0.050000 0.013364 0.562646 0.050000 0.012948 0.563061 0.050000 0.012655 0.563570 0.050000 0.012503 0.564137 0.050000 0.012503 0.564724 0.050000 0.012655 0.565292 0.050000 0.012948 0.565800 0.050000 0.013364 0.566216 0.050000 -0.000000 0.563000 0.050000 -0.000388 0.562949 0.050000 -0.000750 0.562799 0.050000 -0.001061 0.562561 0.050000 -0.001299 0.562250 0.050000 -0.001449 0.561888 0.050000 -0.001500 0.561500 0.050000 -0.001449 0.561112 0.050000 -0.001299 0.560750 0.050000 -0.001061 0.560439 0.050000 -0.000750 0.560201 0.050000 -0.000388 0.560051 0.050000 -0.000000 0.560000 0.050000 0.000388 0.560051 0.050000 0.000750 0.560201 0.050000 0.001061 0.560439 0.050000 0.001299 0.560750 0.050000 0.001449 0.561112 0.050000 0.001500 0.561500 0.050000 0.001449 0.561888 0.050000 0.001299 0.562250 0.050000 0.001061 0.562561 0.050000 0.000750 0.562799 0.050000 0.000388 0.562949 0.049000 -0.000000 0.563000 0.049000 0.000388 0.562949 0.049000 0.000750 0.562799 0.049000 0.001061 0.562561 0.049000 0.001299 0.562250 0.049000 0.001449 0.561888 0.049000 0.001500 0.561500 0.049000 0.001449 0.561112 0.049000 0.001299 0.560750 0.049000 0.001061 0.560439 0.049000 0.000750 0.560201 0.049000 0.000388 0.560051 0.049000 -0.000000 0.560000 0.049000 -0.000388 0.560051 0.049000 -0.000750 0.560201 0.049000 -0.001061 0.560439 0.049000 -0.001299 0.560750 0.049000 -0.001449 0.561112 0.049000 -0.001500 0.561500 0.049000 -0.001449 0.561888 0.049000 -0.001299 0.562250 0.049000 -0.001061 0.562561 0.049000 -0.000750 0.562799 0.049000 -0.000388 0.562949 0.050000 -0.000000 0.563750 0.050000 0.000582 0.563673 0.050000 0.001125 0.563449 0.050000 0.001591 0.563091 0.050000 0.001949 0.562625 0.050000 0.002173 0.562082 0.050000 0.002250 0.561500 0.050000 0.002173 0.560918 0.050000 0.001949 0.560375 0.050000 0.001591 0.559909 0.050000 0.001125 0.559551 0.050000 0.000582 0.559327 0.050000 -0.000000 0.559250 0.050000 -0.000582 0.559327 0.050000 -0.001125 0.559551 0.050000 -0.001591 0.559909 0.050000 -0.001949 0.560375 0.050000 -0.002173 0.560918 0.050000 -0.002250 0.561500 0.050000 -0.002173 0.562082 0.050000 -0.001949 0.562625 0.050000 -0.001591 0.563091 0.050000 -0.001125 0.563449 0.050000 -0.000582 0.563673 0.050000 -0.014159 0.565816 0.050000 -0.014538 0.565918 0.050000 -0.014929 0.565918 0.050000 -0.015307 0.565816 0.050000 -0.015646 0.565621 0.050000 -0.015923 0.565344 0.050000 -0.016119 0.565005 0.050000 -0.016220 0.564626 0.050000 -0.016220 0.564235 0.050000 -0.016119 0.563857 0.050000 -0.015923 0.563518 0.050000 -0.015646 0.563241 0.050000 -0.015307 0.563045 0.050000 -0.014929 0.562943 0.050000 -0.014538 0.562943 0.050000 -0.014159 0.563045 0.050000 -0.013820 0.563241 0.050000 -0.013543 0.563518 0.050000 -0.013347 0.563857 0.050000 -0.013246 0.564235 0.050000 -0.013246 0.564626 0.050000 -0.013347 0.565005 0.050000 -0.013543 0.565344 0.050000 -0.013820 0.565621 0.049000 -0.014159 0.565816 0.049000 -0.013820 0.565621 0.049000 -0.013543 0.565344 0.049000 -0.013347 0.565005 0.049000 -0.013246 0.564626 0.049000 -0.013246 0.564235 0.049000 -0.013347 0.563857 0.049000 -0.013543 0.563518 0.049000 -0.013820 0.563241 0.049000 -0.014159 0.563045 0.049000 -0.014538 0.562943 0.049000 -0.014929 0.562943 0.049000 -0.015307 0.563045 0.049000 -0.015646 0.563241 0.049000 -0.015923 0.563518 0.049000 -0.016119 0.563857 0.049000 -0.016220 0.564235 0.049000 -0.016220 0.564626 0.049000 -0.016119 0.565005 0.049000 -0.015923 0.565344 0.049000 -0.015646 0.565621 0.049000 -0.015307 0.565816 0.049000 -0.014929 0.565918 0.049000 -0.014538 0.565918 0.050000 -0.013872 0.566509 0.050000 -0.013364 0.566216 0.050000 -0.012948 0.565800 0.050000 -0.012655 0.565292 0.050000 -0.012503 0.564724 0.050000 -0.012503 0.564137 0.050000 -0.012655 0.563570 0.050000 -0.012948 0.563061 0.050000 -0.013364 0.562646 0.050000 -0.013872 0.562352 0.050000 -0.014440 0.562200 0.050000 -0.015027 0.562200 0.050000 -0.015594 0.562352 0.050000 -0.016103 0.562646 0.050000 -0.016518 0.563061 0.050000 -0.016812 0.563570 0.050000 -0.016964 0.564137 0.050000 -0.016964 0.564724 0.050000 -0.016812 0.565292 0.050000 -0.016518 0.565800 0.050000 -0.016103 0.566216 0.050000 -0.015594 0.566509 0.050000 -0.015027 0.566661 0.050000 -0.014440 0.566661 0.050000 -0.026163 0.573837 0.050000 -0.026474 0.574075 0.050000 -0.026835 0.574225 0.050000 -0.027224 0.574276 0.050000 -0.027612 0.574225 0.050000 -0.027974 0.574075 0.050000 -0.028284 0.573837 0.050000 -0.028523 0.573526 0.050000 -0.028673 0.573165 0.050000 -0.028724 0.572776 0.050000 -0.028673 0.572388 0.050000 -0.028523 0.572026 0.050000 -0.028284 0.571716 0.050000 -0.027974 0.571477 0.050000 -0.027612 0.571327 0.050000 -0.027224 0.571276 0.050000 -0.026835 0.571327 0.050000 -0.026474 0.571477 0.050000 -0.026163 0.571716 0.050000 -0.025925 0.572026 0.050000 -0.025775 0.572388 0.050000 -0.025724 0.572776 0.050000 -0.025775 0.573165 0.050000 -0.025925 0.573526 0.049000 -0.026163 0.573837 0.049000 -0.025925 0.573526 0.049000 -0.025775 0.573165 0.049000 -0.025724 0.572776 0.049000 -0.025775 0.572388 0.049000 -0.025925 0.572026 0.049000 -0.026163 0.571716 0.049000 -0.026474 0.571477 0.049000 -0.026835 0.571327 0.049000 -0.027224 0.571276 0.049000 -0.027612 0.571327 0.049000 -0.027974 0.571477 0.049000 -0.028284 0.571716 0.049000 -0.028523 0.572026 0.049000 -0.028673 0.572388 0.049000 -0.028724 0.572776 0.049000 -0.028673 0.573165 0.049000 -0.028523 0.573526 0.049000 -0.028284 0.573837 0.049000 -0.027974 0.574075 0.049000 -0.027612 0.574225 0.049000 -0.027224 0.574276 0.049000 -0.026835 0.574225 0.049000 -0.026474 0.574075 0.050000 -0.025633 0.574367 0.050000 -0.025275 0.573901 0.050000 -0.025050 0.573359 0.050000 -0.024974 0.572776 0.050000 -0.025050 0.572194 0.050000 -0.025275 0.571651 0.050000 -0.025633 0.571185 0.050000 -0.026099 0.570828 0.050000 -0.026641 0.570603 0.050000 -0.027224 0.570526 0.050000 -0.027806 0.570603 0.050000 -0.028349 0.570828 0.050000 -0.028815 0.571185 0.050000 -0.029172 0.571651 0.050000 -0.029397 0.572194 0.050000 -0.029474 0.572776 0.050000 -0.029397 0.573359 0.050000 -0.029172 0.573901 0.050000 -0.028815 0.574367 0.050000 -0.028349 0.574725 0.050000 -0.027806 0.574950 0.050000 -0.027224 0.575026 0.050000 -0.026641 0.574950 0.050000 -0.026099 0.574725 0.050000 -0.034184 0.585841 0.050000 -0.034379 0.586180 0.050000 -0.034656 0.586457 0.050000 -0.034995 0.586653 0.050000 -0.035374 0.586754 0.050000 -0.035765 0.586754 0.050000 -0.036143 0.586653 0.050000 -0.036483 0.586457 0.050000 -0.036759 0.586180 0.050000 -0.036955 0.585841 0.050000 -0.037057 0.585462 0.050000 -0.037057 0.585071 0.050000 -0.036955 0.584693 0.050000 -0.036759 0.584354 0.050000 -0.036483 0.584077 0.050000 -0.036143 0.583881 0.050000 -0.035765 0.583780 0.050000 -0.035374 0.583780 0.050000 -0.034995 0.583881 0.050000 -0.034656 0.584077 0.050000 -0.034379 0.584354 0.050000 -0.034184 0.584693 0.050000 -0.034082 0.585071 0.050000 -0.034082 0.585462 0.049000 -0.034184 0.585841 0.049000 -0.034082 0.585462 0.049000 -0.034082 0.585071 0.049000 -0.034184 0.584693 0.049000 -0.034379 0.584354 0.049000 -0.034656 0.584077 0.049000 -0.034995 0.583881 0.049000 -0.035374 0.583780 0.049000 -0.035765 0.583780 0.049000 -0.036143 0.583881 0.049000 -0.036483 0.584077 0.049000 -0.036759 0.584354 0.049000 -0.036955 0.584693 0.049000 -0.037057 0.585071 0.049000 -0.037057 0.585462 0.049000 -0.036955 0.585841 0.049000 -0.036759 0.586180 0.049000 -0.036483 0.586457 0.049000 -0.036143 0.586653 0.049000 -0.035765 0.586754 0.049000 -0.035374 0.586754 0.049000 -0.034995 0.586653 0.049000 -0.034656 0.586457 0.049000 -0.034379 0.586180 0.050000 -0.033491 0.586128 0.050000 -0.033339 0.585560 0.050000 -0.033339 0.584973 0.050000 -0.033491 0.584406 0.050000 -0.033784 0.583897 0.050000 -0.034200 0.583482 0.050000 -0.034708 0.583188 0.050000 -0.035276 0.583036 0.050000 -0.035863 0.583036 0.050000 -0.036430 0.583188 0.050000 -0.036939 0.583482 0.050000 -0.037354 0.583897 0.050000 -0.037648 0.584406 0.050000 -0.037800 0.584973 0.050000 -0.037800 0.585560 0.050000 -0.037648 0.586128 0.050000 -0.037354 0.586636 0.050000 -0.036939 0.587052 0.050000 -0.036430 0.587345 0.050000 -0.035863 0.587497 0.050000 -0.035276 0.587497 0.050000 -0.034708 0.587345 0.050000 -0.034200 0.587052 0.050000 -0.033784 0.586636 0.050000 -0.037000 0.600000 0.050000 -0.037051 0.600388 0.050000 -0.037201 0.600750 0.050000 -0.037439 0.601061 0.050000 -0.037750 0.601299 0.050000 -0.038112 0.601449 0.050000 -0.038500 0.601500 0.050000 -0.038888 0.601449 0.050000 -0.039250 0.601299 0.050000 -0.039561 0.601061 0.050000 -0.039799 0.600750 0.050000 -0.039949 0.600388 0.050000 -0.040000 0.600000 0.050000 -0.039949 0.599612 0.050000 -0.039799 0.599250 0.050000 -0.039561 0.598939 0.050000 -0.039250 0.598701 0.050000 -0.038888 0.598551 0.050000 -0.038500 0.598500 0.050000 -0.038112 0.598551 0.050000 -0.037750 0.598701 0.050000 -0.037439 0.598939 0.050000 -0.037201 0.599250 0.050000 -0.037051 0.599612 0.049000 -0.037000 0.600000 0.049000 -0.037051 0.599612 0.049000 -0.037201 0.599250 0.049000 -0.037439 0.598939 0.049000 -0.037750 0.598701 0.049000 -0.038112 0.598551 0.049000 -0.038500 0.598500 0.049000 -0.038888 0.598551 0.049000 -0.039250 0.598701 0.049000 -0.039561 0.598939 0.049000 -0.039799 0.599250 0.049000 -0.039949 0.599612 0.049000 -0.040000 0.600000 0.049000 -0.039949 0.600388 0.049000 -0.039799 0.600750 0.049000 -0.039561 0.601061 0.049000 -0.039250 0.601299 0.049000 -0.038888 0.601449 0.049000 -0.038500 0.601500 0.049000 -0.038112 0.601449 0.049000 -0.037750 0.601299 0.049000 -0.037439 0.601061 0.049000 -0.037201 0.600750 0.049000 -0.037051 0.600388 0.050000 -0.036250 0.600000 0.050000 -0.036327 0.599418 0.050000 -0.036551 0.598875 0.050000 -0.036909 0.598409 0.050000 -0.037375 0.598051 0.050000 -0.037918 0.597827 0.050000 -0.038500 0.597750 0.050000 -0.039082 0.597827 0.050000 -0.039625 0.598051 0.050000 -0.040091 0.598409 0.050000 -0.040449 0.598875 0.050000 -0.040673 0.599418 0.050000 -0.040750 0.600000 0.050000 -0.040673 0.600582 0.050000 -0.040449 0.601125 0.050000 -0.040091 0.601591 0.050000 -0.039625 0.601949 0.050000 -0.039082 0.602173 0.050000 -0.038500 0.602250 0.050000 -0.037918 0.602173 0.050000 -0.037375 0.601949 0.050000 -0.036909 0.601591 0.050000 -0.036551 0.601125 0.050000 -0.036327 0.600582 0.050000 -0.034184 0.614159 0.050000 -0.034082 0.614538 0.050000 -0.034082 0.614929 0.050000 -0.034184 0.615307 0.050000 -0.034379 0.615646 0.050000 -0.034656 0.615923 0.050000 -0.034995 0.616119 0.050000 -0.035374 0.616220 0.050000 -0.035765 0.616220 0.050000 -0.036143 0.616119 0.050000 -0.036483 0.615923 0.050000 -0.036759 0.615646 0.050000 -0.036955 0.615307 0.050000 -0.037057 0.614929 0.050000 -0.037057 0.614538 0.050000 -0.036955 0.614159 0.050000 -0.036759 0.613820 0.050000 -0.036483 0.613543 0.050000 -0.036143 0.613347 0.050000 -0.035765 0.613246 0.050000 -0.035374 0.613246 0.050000 -0.034995 0.613347 0.050000 -0.034656 0.613543 0.050000 -0.034379 0.613820 0.049000 -0.034184 0.614159 0.049000 -0.034379 0.613820 0.049000 -0.034656 0.613543 0.049000 -0.034995 0.613347 0.049000 -0.035374 0.613246 0.049000 -0.035765 0.613246 0.049000 -0.036143 0.613347 0.049000 -0.036483 0.613543 0.049000 -0.036759 0.613820 0.049000 -0.036955 0.614159 0.049000 -0.037057 0.614538 0.049000 -0.037057 0.614929 0.049000 -0.036955 0.615307 0.049000 -0.036759 0.615646 0.049000 -0.036483 0.615923 0.049000 -0.036143 0.616119 0.049000 -0.035765 0.616220 0.049000 -0.035374 0.616220 0.049000 -0.034995 0.616119 0.049000 -0.034656 0.615923 0.049000 -0.034379 0.615646 0.049000 -0.034184 0.615307 0.049000 -0.034082 0.614929 0.049000 -0.034082 0.614538 0.050000 -0.033491 0.613872 0.050000 -0.033784 0.613364 0.050000 -0.034200 0.612948 0.050000 -0.034708 0.612655 0.050000 -0.035276 0.612503 0.050000 -0.035863 0.612503 0.050000 -0.036430 0.612655 0.050000 -0.036939 0.612948 0.050000 -0.037354 0.613364 0.050000 -0.037648 0.613872 0.050000 -0.037800 0.614440 0.050000 -0.037800 0.615027 0.050000 -0.037648 0.615594 0.050000 -0.037354 0.616103 0.050000 -0.036939 0.616518 0.050000 -0.036430 0.616812 0.050000 -0.035863 0.616964 0.050000 -0.035276 0.616964 0.050000 -0.034708 0.616812 0.050000 -0.034200 0.616518 0.050000 -0.033784 0.616103 0.050000 -0.033491 0.615594 0.050000 -0.033339 0.615027 0.050000 -0.033339 0.614440 0.050000 -0.026163 0.626163 0.050000 -0.025925 0.626474 0.050000 -0.025775 0.626835 0.050000 -0.025724 0.627224 0.050000 -0.025775 0.627612 0.050000 -0.025925 0.627974 0.050000 -0.026163 0.628284 0.050000 -0.026474 0.628523 0.050000 -0.026835 0.628672 0.050000 -0.027224 0.628724 0.050000 -0.027612 0.628672 0.050000 -0.027974 0.628523 0.050000 -0.028284 0.628284 0.050000 -0.028523 0.627974 0.050000 -0.028673 0.627612 0.050000 -0.028724 0.627224 0.050000 -0.028673 0.626835 0.050000 -0.028523 0.626474 0.050000 -0.028284 0.626163 0.050000 -0.027974 0.625925 0.050000 -0.027612 0.625775 0.050000 -0.027224 0.625724 0.050000 -0.026835 0.625775 0.050000 -0.026474 0.625925 0.049000 -0.026163 0.626163 0.049000 -0.026474 0.625925 0.049000 -0.026835 0.625775 0.049000 -0.027224 0.625724 0.049000 -0.027612 0.625775 0.049000 -0.027974 0.625925 0.049000 -0.028284 0.626163 0.049000 -0.028523 0.626474 0.049000 -0.028673 0.626835 0.049000 -0.028724 0.627224 0.049000 -0.028673 0.627612 0.049000 -0.028523 0.627974 0.049000 -0.028284 0.628284 0.049000 -0.027974 0.628523 0.049000 -0.027612 0.628672 0.049000 -0.027224 0.628724 0.049000 -0.026835 0.628672 0.049000 -0.026474 0.628523 0.049000 -0.026163 0.628284 0.049000 -0.025925 0.627974 0.049000 -0.025775 0.627612 0.049000 -0.025724 0.627224 0.049000 -0.025775 0.626835 0.049000 -0.025925 0.626474 0.050000 -0.025633 0.625633 0.050000 -0.026099 0.625275 0.050000 -0.026641 0.625050 0.050000 -0.027224 0.624974 0.050000 -0.027806 0.625050 0.050000 -0.028349 0.625275 0.050000 -0.028815 0.625633 0.050000 -0.029172 0.626099 0.050000 -0.029397 0.626641 0.050000 -0.029474 0.627224 0.050000 -0.029397 0.627806 0.050000 -0.029172 0.628349 0.050000 -0.028815 0.628815 0.050000 -0.028349 0.629172 0.050000 -0.027806 0.629397 0.050000 -0.027224 0.629474 0.050000 -0.026641 0.629397 0.050000 -0.026099 0.629172 0.050000 -0.025633 0.628815 0.050000 -0.025275 0.628349 0.050000 -0.025050 0.627806 0.050000 -0.024974 0.627224 0.050000 -0.025050 0.626641 0.050000 -0.025275 0.626099 0.050000 -0.014159 0.634184 0.050000 -0.013820 0.634379 0.050000 -0.013543 0.634656 0.050000 -0.013347 0.634995 0.050000 -0.013246 0.635374 0.050000 -0.013246 0.635765 0.050000 -0.013347 0.636143 0.050000 -0.013543 0.636482 0.050000 -0.013820 0.636759 0.050000 -0.014159 0.636955 0.050000 -0.014538 0.637057 0.050000 -0.014929 0.637057 0.050000 -0.015307 0.636955 0.050000 -0.015646 0.636759 0.050000 -0.015923 0.636482 0.050000 -0.016119 0.636143 0.050000 -0.016220 0.635765 0.050000 -0.016220 0.635374 0.050000 -0.016119 0.634995 0.050000 -0.015923 0.634656 0.050000 -0.015646 0.634379 0.050000 -0.015307 0.634184 0.050000 -0.014929 0.634082 0.050000 -0.014538 0.634082 0.049000 -0.014159 0.634184 0.049000 -0.014538 0.634082 0.049000 -0.014929 0.634082 0.049000 -0.015307 0.634184 0.049000 -0.015646 0.634379 0.049000 -0.015923 0.634656 0.049000 -0.016119 0.634995 0.049000 -0.016220 0.635374 0.049000 -0.016220 0.635765 0.049000 -0.016119 0.636143 0.049000 -0.015923 0.636482 0.049000 -0.015646 0.636759 0.049000 -0.015307 0.636955 0.049000 -0.014929 0.637057 0.049000 -0.014538 0.637057 0.049000 -0.014159 0.636955 0.049000 -0.013820 0.636759 0.049000 -0.013543 0.636482 0.049000 -0.013347 0.636143 0.049000 -0.013246 0.635765 0.049000 -0.013246 0.635374 0.049000 -0.013347 0.634995 0.049000 -0.013543 0.634656 0.049000 -0.013820 0.634379 0.050000 -0.013872 0.633491 0.050000 -0.014440 0.633339 0.050000 -0.015027 0.633339 0.050000 -0.015594 0.633491 0.050000 -0.016103 0.633784 0.050000 -0.016518 0.634200 0.050000 -0.016812 0.634708 0.050000 -0.016964 0.635276 0.050000 -0.016964 0.635863 0.050000 -0.016812 0.636430 0.050000 -0.016518 0.636939 0.050000 -0.016103 0.637354 0.050000 -0.015594 0.637648 0.050000 -0.015027 0.637800 0.050000 -0.014440 0.637800 0.050000 -0.013872 0.637648 0.050000 -0.013364 0.637354 0.050000 -0.012948 0.636939 0.050000 -0.012655 0.636430 0.050000 -0.012503 0.635863 0.050000 -0.012503 0.635276 0.050000 -0.012655 0.634708 0.050000 -0.012948 0.634200 0.050000 -0.013364 0.633784 0.050000 0.000000 0.637000 0.050000 0.000388 0.637051 0.050000 0.000750 0.637201 0.050000 0.001061 0.637439 0.050000 0.001299 0.637750 0.050000 0.001449 0.638112 0.050000 0.001500 0.638500 0.050000 0.001449 0.638888 0.050000 0.001299 0.639250 0.050000 0.001061 0.639561 0.050000 0.000750 0.639799 0.050000 0.000388 0.639949 0.050000 0.000000 0.640000 0.050000 -0.000388 0.639949 0.050000 -0.000750 0.639799 0.050000 -0.001061 0.639561 0.050000 -0.001299 0.639250 0.050000 -0.001449 0.638888 0.050000 -0.001500 0.638500 0.050000 -0.001449 0.638112 0.050000 -0.001299 0.637750 0.050000 -0.001061 0.637439 0.050000 -0.000750 0.637201 0.050000 -0.000388 0.637051 0.049000 0.000000 0.637000 0.049000 -0.000388 0.637051 0.049000 -0.000750 0.637201 0.049000 -0.001061 0.637439 0.049000 -0.001299 0.637750 0.049000 -0.001449 0.638112 0.049000 -0.001500 0.638500 0.049000 -0.001449 0.638888 0.049000 -0.001299 0.639250 0.049000 -0.001061 0.639561 0.049000 -0.000750 0.639799 0.049000 -0.000388 0.639949 0.049000 0.000000 0.640000 0.049000 0.000388 0.639949 0.049000 0.000750 0.639799 0.049000 0.001061 0.639561 0.049000 0.001299 0.639250 0.049000 0.001449 0.638888 0.049000 0.001500 0.638500 0.049000 0.001449 0.638112 0.049000 0.001299 0.637750 0.049000 0.001061 0.637439 0.049000 0.000750 0.637201 0.049000 0.000388 0.637051 0.050000 0.000000 0.636250 0.050000 -0.000582 0.636327 0.050000 -0.001125 0.636551 0.050000 -0.001591 0.636909 0.050000 -0.001949 0.637375 0.050000 -0.002173 0.637918 0.050000 -0.002250 0.638500 0.050000 -0.002173 0.639082 0.050000 -0.001949 0.639625 0.050000 -0.001591 0.640091 0.050000 -0.001125 0.640449 0.050000 -0.000582 0.640673 0.050000 0.000000 0.640750 0.050000 0.000582 0.640673 0.050000 0.001125 0.640449 0.050000 0.001591 0.640091 0.050000 0.001949 0.639625 0.050000 0.002173 0.639082 0.050000 0.002250 0.638500 0.050000 0.002173 0.637918 0.050000 0.001949 0.637375 0.050000 0.001591 0.636909 0.050000 0.001125 0.636551 0.050000 0.000582 0.636327 0.050000 0.014159 0.634184 0.050000 0.014538 0.634082 0.050000 0.014929 0.634082 0.050000 0.015307 0.634184 0.050000 0.015646 0.634379 0.050000 0.015923 0.634656 0.050000 0.016119 0.634995 0.050000 0.016220 0.635374 0.050000 0.016220 0.635765 0.050000 0.016119 0.636143 0.050000 0.015923 0.636482 0.050000 0.015646 0.636759 0.050000 0.015307 0.636955 0.050000 0.014929 0.637057 0.050000 0.014538 0.637057 0.050000 0.014159 0.636955 0.050000 0.013820 0.636759 0.050000 0.013543 0.636482 0.050000 0.013347 0.636143 0.050000 0.013246 0.635765 0.050000 0.013246 0.635374 0.050000 0.013347 0.634995 0.050000 0.013543 0.634656 0.050000 0.013820 0.634379 0.049000 0.014159 0.634184 0.049000 0.013820 0.634379 0.049000 0.013543 0.634656 0.049000 0.013347 0.634995 0.049000 0.013246 0.635374 0.049000 0.013246 0.635765 0.049000 0.013347 0.636143 0.049000 0.013543 0.636482 0.049000 0.013820 0.636759 0.049000 0.014159 0.636955 0.049000 0.014538 0.637057 0.049000 0.014929 0.637057 0.049000 0.015307 0.636955 0.049000 0.015646 0.636759 0.049000 0.015923 0.636482 0.049000 0.016119 0.636143 0.049000 0.016220 0.635765 0.049000 0.016220 0.635374 0.049000 0.016119 0.634995 0.049000 0.015923 0.634656 0.049000 0.015646 0.634379 0.049000 0.015307 0.634184 0.049000 0.014929 0.634082 0.049000 0.014538 0.634082 0.050000 0.013872 0.633491 0.050000 0.013364 0.633784 0.050000 0.012948 0.634200 0.050000 0.012655 0.634708 0.050000 0.012503 0.635276 0.050000 0.012503 0.635863 0.050000 0.012655 0.636430 0.050000 0.012948 0.636939 0.050000 0.013364 0.637354 0.050000 0.013872 0.637648 0.050000 0.014440 0.637800 0.050000 0.015027 0.637800 0.050000 0.015594 0.637648 0.050000 0.016103 0.637354 0.050000 0.016518 0.636939 0.050000 0.016812 0.636430 0.050000 0.016964 0.635863 0.050000 0.016964 0.635276 0.050000 0.016812 0.634708 0.050000 0.016518 0.634200 0.050000 0.016103 0.633784 0.050000 0.015594 0.633491 0.050000 0.015027 0.633339 0.050000 0.014440 0.633339 0.050000 0.026163 0.626163 0.050000 0.026474 0.625925 0.050000 0.026835 0.625775 0.050000 0.027224 0.625724 0.050000 0.027612 0.625775 0.050000 0.027974 0.625925 0.050000 0.028284 0.626163 0.050000 0.028523 0.626474 0.050000 0.028673 0.626835 0.050000 0.028724 0.627224 0.050000 0.028673 0.627612 0.050000 0.028523 0.627974 0.050000 0.028284 0.628284 0.050000 0.027974 0.628523 0.050000 0.027612 0.628672 0.050000 0.027224 0.628724 0.050000 0.026835 0.628672 0.050000 0.026474 0.628523 0.050000 0.026163 0.628284 0.050000 0.025925 0.627974 0.050000 0.025775 0.627612 0.050000 0.025724 0.627224 0.050000 0.025775 0.626835 0.050000 0.025925 0.626474 0.049000 0.026163 0.626163 0.049000 0.025925 0.626474 0.049000 0.025775 0.626835 0.049000 0.025724 0.627224 0.049000 0.025775 0.627612 0.049000 0.025925 0.627974 0.049000 0.026163 0.628284 0.049000 0.026474 0.628523 0.049000 0.026835 0.628672 0.049000 0.027224 0.628724 0.049000 0.027612 0.628672 0.049000 0.027974 0.628523 0.049000 0.028284 0.628284 0.049000 0.028523 0.627974 0.049000 0.028673 0.627612 0.049000 0.028724 0.627224 0.049000 0.028673 0.626835 0.049000 0.028523 0.626474 0.049000 0.028284 0.626163 0.049000 0.027974 0.625925 0.049000 0.027612 0.625775 0.049000 0.027224 0.625724 0.049000 0.026835 0.625775 0.049000 0.026474 0.625925 0.050000 0.025633 0.625633 0.050000 0.025275 0.626099 0.050000 0.025050 0.626641 0.050000 0.024974 0.627224 0.050000 0.025050 0.627806 0.050000 0.025275 0.628349 0.050000 0.025633 0.628815 0.050000 0.026099 0.629172 0.050000 0.026641 0.629397 0.050000 0.027224 0.629474 0.050000 0.027806 0.629397 0.050000 0.028349 0.629172 0.050000 0.028815 0.628815 0.050000 0.029172 0.628349 0.050000 0.029397 0.627806 0.050000 0.029474 0.627224 0.050000 0.029397 0.626641 0.050000 0.029172 0.626099 0.050000 0.028815 0.625633 0.050000 0.028349 0.625275 0.050000 0.027806 0.625050 0.050000 0.027224 0.624974 0.050000 0.026641 0.625050 0.050000 0.026099 0.625275 0.050000 0.034184 0.614159 0.050000 0.034379 0.613820 0.050000 0.034656 0.613543 0.050000 0.034995 0.613347 0.050000 0.035374 0.613246 0.050000 0.035765 0.613246 0.050000 0.036143 0.613347 0.050000 0.036483 0.613543 0.050000 0.036759 0.613820 0.050000 0.036955 0.614159 0.050000 0.037057 0.614538 0.050000 0.037057 0.614929 0.050000 0.036955 0.615307 0.050000 0.036759 0.615646 0.050000 0.036483 0.615923 0.050000 0.036143 0.616119 0.050000 0.035765 0.616220 0.050000 0.035374 0.616220 0.050000 0.034995 0.616119 0.050000 0.034656 0.615923 0.050000 0.034379 0.615646 0.050000 0.034184 0.615307 0.050000 0.034082 0.614929 0.050000 0.034082 0.614538 0.049000 0.034184 0.614159 0.049000 0.034082 0.614538 0.049000 0.034082 0.614929 0.049000 0.034184 0.615307 0.049000 0.034379 0.615646 0.049000 0.034656 0.615923 0.049000 0.034995 0.616119 0.049000 0.035374 0.616220 0.049000 0.035765 0.616220 0.049000 0.036143 0.616119 0.049000 0.036483 0.615923 0.049000 0.036759 0.615646 0.049000 0.036955 0.615307 0.049000 0.037057 0.614929 0.049000 0.037057 0.614538 0.049000 0.036955 0.614159 0.049000 0.036759 0.613820 0.049000 0.036483 0.613543 0.049000 0.036143 0.613347 0.049000 0.035765 0.613246 0.049000 0.035374 0.613246 0.049000 0.034995 0.613347 0.049000 0.034656 0.613543 0.049000 0.034379 0.613820 0.050000 0.033491 0.613872 0.050000 0.033339 0.614440 0.050000 0.033339 0.615027 0.050000 0.033491 0.615594 0.050000 0.033784 0.616103 0.050000 0.034200 0.616518 0.050000 0.034708 0.616812 0.050000 0.035276 0.616964 0.050000 0.035863 0.616964 0.050000 0.036430 0.616812 0.050000 0.036939 0.616518 0.050000 0.037354 0.616103 0.050000 0.037648 0.615594 0.050000 0.037800 0.615027 0.050000 0.037800 0.614440 0.050000 0.037648 0.613872 0.050000 0.037354 0.613364 0.050000 0.036939 0.612948 0.050000 0.036430 0.612655 0.050000 0.035863 0.612503 0.050000 0.035276 0.612503 0.050000 0.034708 0.612655 0.050000 0.034200 0.612948 0.050000 0.033784 0.613364 0.050000 0.037000 0.600000 0.050000 0.037051 0.599612 0.050000 0.037201 0.599250 0.050000 0.037439 0.598939 0.050000 0.037750 0.598701 0.050000 0.038112 0.598551 0.050000 0.038500 0.598500 0.050000 0.038888 0.598551 0.050000 0.039250 0.598701 0.050000 0.039561 0.598939 0.050000 0.039799 0.599250 0.050000 0.039949 0.599612 0.050000 0.040000 0.600000 0.050000 0.039949 0.600388 0.050000 0.039799 0.600750 0.050000 0.039561 0.601061 0.050000 0.039250 0.601299 0.050000 0.038888 0.601449 0.050000 0.038500 0.601500 0.050000 0.038112 0.601449 0.050000 0.037750 0.601299 0.050000 0.037439 0.601061 0.050000 0.037201 0.600750 0.050000 0.037051 0.600388 0.049000 0.037000 0.600000 0.049000 0.037051 0.600388 0.049000 0.037201 0.600750 0.049000 0.037439 0.601061 0.049000 0.037750 0.601299 0.049000 0.038112 0.601449 0.049000 0.038500 0.601500 0.049000 0.038888 0.601449 0.049000 0.039250 0.601299 0.049000 0.039561 0.601061 0.049000 0.039799 0.600750 0.049000 0.039949 0.600388 0.049000 0.040000 0.600000 0.049000 0.039949 0.599612 0.049000 0.039799 0.599250 0.049000 0.039561 0.598939 0.049000 0.039250 0.598701 0.049000 0.038888 0.598551 0.049000 0.038500 0.598500 0.049000 0.038112 0.598551 0.049000 0.037750 0.598701 0.049000 0.037439 0.598939 0.049000 0.037201 0.599250 0.049000 0.037051 0.599612 0.050000 0.036250 0.600000 0.050000 0.036327 0.600582 0.050000 0.036551 0.601125 0.050000 0.036909 0.601591 0.050000 0.037375 0.601949 0.050000 0.037918 0.602173 0.050000 0.038500 0.602250 0.050000 0.039082 0.602173 0.050000 0.039625 0.601949 0.050000 0.040091 0.601591 0.050000 0.040449 0.601125 0.050000 0.040673 0.600582 0.050000 0.040750 0.600000 0.050000 0.040673 0.599418 0.050000 0.040449 0.598875 0.050000 0.040091 0.598409 0.050000 0.039625 0.598051 0.050000 0.039082 0.597827 0.050000 0.038500 0.597750 0.050000 0.037918 0.597827 0.050000 0.037375 0.598051 0.050000 0.036909 0.598409 0.050000 0.036551 0.598875 0.050000 0.036327 0.599418 0.052000 -0.035000 0.600000 0.052000 -0.034892 0.602746 0.052000 -0.034569 0.605475 0.052000 -0.034033 0.608171 0.052000 -0.033287 0.610816 0.052000 -0.032336 0.613394 0.052000 -0.031185 0.615890 0.052000 -0.029842 0.618287 0.052000 -0.028316 0.620572 0.052000 -0.026614 0.622731 0.052000 -0.024749 0.624749 0.052000 -0.022731 0.626614 0.052000 -0.020572 0.628316 0.052000 -0.018287 0.629842 0.052000 -0.015890 0.631185 0.052000 -0.013394 0.632336 0.052000 -0.010816 0.633287 0.052000 -0.008171 0.634033 0.052000 -0.005475 0.634569 0.052000 -0.002746 0.634892 0.052000 0.000000 0.635000 0.052000 0.002746 0.634892 0.052000 0.005475 0.634569 0.052000 0.008171 0.634033 0.052000 0.010816 0.633287 0.052000 0.013394 0.632336 0.052000 0.015890 0.631185 0.052000 0.018287 0.629842 0.052000 0.020572 0.628316 0.052000 0.022731 0.626614 0.052000 0.024749 0.624749 0.052000 0.026614 0.622731 0.052000 0.028316 0.620572 0.052000 0.029842 0.618287 0.052000 0.031185 0.615890 0.052000 0.032336 0.613394 0.052000 0.033287 0.610816 0.052000 0.034033 0.608171 0.052000 0.034569 0.605475 0.052000 0.034892 0.602746 0.052000 0.035000 0.600000 0.052000 0.034892 0.597254 0.052000 0.034569 0.594525 0.052000 0.034033 0.591829 0.052000 0.033287 0.589184 0.052000 0.032336 0.586606 0.052000 0.031185 0.584110 0.052000 0.029842 0.581713 0.052000 0.028316 0.579428 0.052000 0.026614 0.577269 0.052000 0.024749 0.575251 0.052000 0.022731 0.573386 0.052000 0.020572 0.571684 0.052000 0.018287 0.570158 0.052000 0.015890 0.568815 0.052000 0.013394 0.567664 0.052000 0.010816 0.566713 0.052000 0.008171 0.565967 0.052000 0.005475 0.565431 0.052000 0.002746 0.565108 0.052000 0.000000 0.565000 0.052000 -0.002746 0.565108 0.052000 -0.005475 0.565431 0.052000 -0.008171 0.565967 0.052000 -0.010816 0.566713 0.052000 -0.013394 0.567664 0.052000 -0.015890 0.568815 0.052000 -0.018287 0.570158 0.052000 -0.020572 0.571684 0.052000 -0.022731 0.573386 0.052000 -0.024749 0.575251 0.052000 -0.026614 0.577269 0.052000 -0.028316 0.579428 0.052000 -0.029842 0.581713 0.052000 -0.031185 0.584110 0.052000 -0.032336 0.586606 0.052000 -0.033287 0.589184 0.052000 -0.034033 0.591829 0.052000 -0.034569 0.594525 0.052000 -0.034892 0.597254 0.042000 -0.042000 0.600000 0.042000 -0.041891 0.603031 0.042000 -0.041563 0.606045 0.042000 -0.041018 0.609029 0.042000 -0.040260 0.611965 0.042000 -0.039291 0.614839 0.042000 -0.038118 0.617635 0.042000 -0.036746 0.620340 0.042000 -0.035183 0.622938 0.042000 -0.033436 0.625417 0.042000 -0.031515 0.627764 0.042000 -0.029429 0.629965 0.042000 -0.027190 0.632011 0.042000 -0.024810 0.633889 0.042000 -0.022299 0.635591 0.042000 -0.019673 0.637108 0.042000 -0.016944 0.638430 0.042000 -0.014127 0.639553 0.042000 -0.011236 0.640469 0.042000 -0.008287 0.641174 0.042000 -0.005294 0.641665 0.042000 -0.002274 0.641938 0.042000 0.000758 0.641993 0.042000 0.003786 0.641829 0.042000 0.006795 0.641447 0.042000 0.009768 0.640848 0.042000 0.012690 0.640037 0.042000 0.015546 0.639017 0.042000 0.018321 0.637794 0.042000 0.021000 0.636373 0.042000 0.023570 0.634763 0.042000 0.026017 0.632972 0.042000 0.028328 0.631008 0.042000 0.030492 0.628883 0.042000 0.032496 0.626608 0.042000 0.034332 0.624194 0.042000 0.035988 0.621653 0.042000 0.037457 0.619000 0.042000 0.038730 0.616248 0.042000 0.039801 0.613411 0.042000 0.040665 0.610504 0.042000 0.041317 0.607542 0.042000 0.041754 0.604541 0.042000 0.041973 0.601516 0.042000 0.041973 0.598484 0.042000 0.041754 0.595459 0.042000 0.041317 0.592458 0.042000 0.040665 0.589496 0.042000 0.039801 0.586589 0.042000 0.038730 0.583752 0.042000 0.037457 0.581000 0.042000 0.035988 0.578347 0.042000 0.034332 0.575806 0.042000 0.032496 0.573392 0.042000 0.030492 0.571117 0.042000 0.028328 0.568992 0.042000 0.026017 0.567028 0.042000 0.023570 0.565237 0.042000 0.021000 0.563627 0.042000 0.018321 0.562206 0.042000 0.015546 0.560983 0.042000 0.012690 0.559963 0.042000 0.009768 0.559152 0.042000 0.006795 0.558553 0.042000 0.003786 0.558171 0.042000 0.000758 0.558007 0.042000 -0.002274 0.558062 0.042000 -0.005294 0.558335 0.042000 -0.008287 0.558826 0.042000 -0.011236 0.559531 0.042000 -0.014127 0.560447 0.042000 -0.016944 0.561570 0.042000 -0.019673 0.562892 0.042000 -0.022299 0.564409 0.042000 -0.024810 0.566111 0.042000 -0.027190 0.567989 0.042000 -0.029429 0.570035 0.042000 -0.031515 0.572236 0.042000 -0.033436 0.574583 0.042000 -0.035183 0.577062 0.042000 -0.036746 0.579660 0.042000 -0.038118 0.582365 0.042000 -0.039291 0.585161 0.042000 -0.040260 0.588035 0.042000 -0.041018 0.590971 0.042000 -0.041563 0.593955 0.042000 -0.041891 0.596969 0.042000 -0.041250 0.600000 0.042000 -0.041142 0.597023 0.042000 -0.040820 0.594063 0.042000 -0.040286 0.591132 0.042000 -0.039541 0.588249 0.042000 -0.038590 0.585426 0.042000 -0.037437 0.582680 0.042000 -0.036090 0.580023 0.042000 -0.034555 0.577471 0.042000 -0.032839 0.575037 0.042000 -0.030952 0.572732 0.042000 -0.028904 0.570570 0.042000 -0.026705 0.568561 0.042000 -0.024366 0.566716 0.042000 -0.021901 0.565044 0.042000 -0.019322 0.563555 0.042000 -0.016642 0.562256 0.042000 -0.013875 0.561153 0.042000 -0.011036 0.560254 0.042000 -0.008139 0.559561 0.042000 -0.005200 0.559079 0.042000 -0.002233 0.558810 0.042000 0.000745 0.558757 0.042000 0.003719 0.558918 0.042000 0.006674 0.559293 0.042000 0.009593 0.559881 0.042000 0.012463 0.560678 0.042000 0.015268 0.561680 0.042000 0.017993 0.562881 0.042000 0.020625 0.564276 0.042000 0.023149 0.565858 0.042000 0.025552 0.567617 0.042000 0.027822 0.569545 0.042000 0.029947 0.571632 0.042000 0.031916 0.573867 0.042000 0.033719 0.576238 0.042000 0.035345 0.578733 0.042000 0.036788 0.581339 0.042000 0.038038 0.584042 0.042000 0.039091 0.586829 0.042000 0.039939 0.589684 0.042000 0.040579 0.592593 0.042000 0.041008 0.595540 0.042000 0.041223 0.598511 0.042000 0.041223 0.601489 0.042000 0.041008 0.604460 0.042000 0.040579 0.607407 0.042000 0.039939 0.610316 0.042000 0.039091 0.613171 0.042000 0.038038 0.615958 0.042000 0.036788 0.618661 0.042000 0.035345 0.621267 0.042000 0.033719 0.623762 0.042000 0.031916 0.626133 0.042000 0.029947 0.628368 0.042000 0.027822 0.630455 0.042000 0.025552 0.632383 0.042000 0.023149 0.634142 0.042000 0.020625 0.635724 0.042000 0.017993 0.637119 0.042000 0.015268 0.638320 0.042000 0.012463 0.639322 0.042000 0.009593 0.640119 0.042000 0.006674 0.640707 0.042000 0.003719 0.641082 0.042000 0.000745 0.641243 0.042000 -0.002233 0.641189 0.042000 -0.005200 0.640921 0.042000 -0.008139 0.640439 0.042000 -0.011036 0.639746 0.042000 -0.013875 0.638847 0.042000 -0.016642 0.637744 0.042000 -0.019322 0.636445 0.042000 -0.021901 0.634956 0.042000 -0.024366 0.633284 0.042000 -0.026705 0.631439 0.042000 -0.028904 0.629430 0.042000 -0.030952 0.627268 0.042000 -0.032839 0.624963 0.042000 -0.034555 0.622529 0.042000 -0.036090 0.619977 0.042000 -0.037437 0.617320 0.042000 -0.038590 0.614574 0.042000 -0.039541 0.611751 0.042000 -0.040286 0.608868 0.042000 -0.040820 0.605938 0.042000 -0.041142 0.602977 0.041000 -0.041250 0.600000 0.041000 -0.041142 0.597023 0.041000 -0.040820 0.594063 0.041000 -0.040286 0.591132 0.041000 -0.039541 0.588249 0.041000 -0.038590 0.585426 0.041000 -0.037437 0.582680 0.041000 -0.036090 0.580023 0.041000 -0.034555 0.577471 0.041000 -0.032839 0.575037 0.041000 -0.030952 0.572732 0.041000 -0.028904 0.570570 0.041000 -0.026705 0.568561 0.041000 -0.024366 0.566716 0.041000 -0.021901 0.565044 0.041000 -0.019322 0.563555 0.041000 -0.016642 0.562256 0.041000 -0.013875 0.561153 0.041000 -0.011036 0.560254 0.041000 -0.008139 0.559561 0.041000 -0.005200 0.559079 0.041000 -0.002233 0.558810 0.041000 0.000745 0.558757 0.041000 0.003719 0.558918 0.041000 0.006674 0.559293 0.041000 0.009593 0.559881 0.041000 0.012463 0.560678 0.041000 0.015268 0.561680 0.041000 0.017993 0.562881 0.041000 0.020625 0.564276 0.041000 0.023149 0.565858 0.041000 0.025552 0.567617 0.041000 0.027822 0.569545 0.041000 0.029947 0.571632 0.041000 0.031916 0.573867 0.041000 0.033719 0.576238 0.041000 0.035345 0.578733 0.041000 0.036788 0.581339 0.041000 0.038038 0.584042 0.041000 0.039091 0.586829 0.041000 0.039939 0.589684 0.041000 0.040579 0.592593 0.041000 0.041008 0.595540 0.041000 0.041223 0.598511 0.041000 0.041223 0.601489 0.041000 0.041008 0.604460 0.041000 0.040579 0.607407 0.041000 0.039939 0.610316 0.041000 0.039091 0.613171 0.041000 0.038038 0.615958 0.041000 0.036788 0.618661 0.041000 0.035345 0.621267 0.041000 0.033719 0.623762 0.041000 0.031916 0.626133 0.041000 0.029947 0.628368 0.041000 0.027822 0.630455 0.041000 0.025552 0.632383 0.041000 0.023149 0.634142 0.041000 0.020625 0.635724 0.041000 0.017993 0.637119 0.041000 0.015268 0.638320 0.041000 0.012463 0.639322 0.041000 0.009593 0.640119 0.041000 0.006674 0.640707 0.041000 0.003719 0.641082 0.041000 0.000745 0.641243 0.041000 -0.002233 0.641189 0.041000 -0.005200 0.640921 0.041000 -0.008139 0.640439 0.041000 -0.011036 0.639746 0.041000 -0.013875 0.638847 0.041000 -0.016642 0.637744 0.041000 -0.019322 0.636445 0.041000 -0.021901 0.634956 0.041000 -0.024366 0.633284 0.041000 -0.026705 0.631439 0.041000 -0.028904 0.629430 0.041000 -0.030952 0.627268 0.041000 -0.032839 0.624963 0.041000 -0.034555 0.622529 0.041000 -0.036090 0.619977 0.041000 -0.037437 0.617320 0.041000 -0.038590 0.614574 0.041000 -0.039541 0.611751 0.041000 -0.040286 0.608868 0.041000 -0.040820 0.605938 0.041000 -0.041142 0.602977 0.021000 -0.040000 0.600000 0.021000 -0.039891 0.602954 0.021000 -0.039564 0.605892 0.021000 -0.039020 0.608798 0.021000 -0.038264 0.611656 0.021000 -0.037299 0.614450 0.021000 -0.036130 0.617165 0.021000 -0.034764 0.619786 0.021000 -0.033207 0.622300 0.021000 -0.031470 0.624691 0.021000 -0.029560 0.626948 0.021000 -0.027489 0.629057 0.021000 -0.025268 0.631008 0.021000 -0.022909 0.632790 0.021000 -0.020425 0.634392 0.021000 -0.017830 0.635807 0.021000 -0.015136 0.637026 0.021000 -0.012361 0.638042 0.021000 -0.009517 0.638851 0.021000 -0.006622 0.639448 0.021000 -0.003691 0.639829 0.021000 -0.000739 0.639993 0.021000 0.002216 0.639939 0.021000 0.005160 0.639666 0.021000 0.008075 0.639176 0.021000 0.010947 0.638473 0.021000 0.013758 0.637560 0.021000 0.016494 0.636441 0.021000 0.019140 0.635123 0.021000 0.021682 0.633614 0.021000 0.024105 0.631921 0.021000 0.026397 0.630053 0.021000 0.028544 0.628022 0.021000 0.030536 0.625837 0.021000 0.032361 0.623511 0.021000 0.034009 0.621057 0.021000 0.035471 0.618488 0.021000 0.036739 0.615818 0.021000 0.037807 0.613062 0.021000 0.038669 0.610234 0.021000 0.039319 0.607350 0.021000 0.039754 0.604426 0.021000 0.039973 0.601478 0.021000 0.039973 0.598522 0.021000 0.039754 0.595574 0.021000 0.039319 0.592650 0.021000 0.038669 0.589766 0.021000 0.037807 0.586938 0.021000 0.036739 0.584182 0.021000 0.035471 0.581512 0.021000 0.034009 0.578943 0.021000 0.032361 0.576489 0.021000 0.030536 0.574163 0.021000 0.028544 0.571978 0.021000 0.026397 0.569947 0.021000 0.024105 0.568079 0.021000 0.021682 0.566386 0.021000 0.019140 0.564877 0.021000 0.016494 0.563559 0.021000 0.013758 0.562440 0.021000 0.010947 0.561527 0.021000 0.008075 0.560824 0.021000 0.005160 0.560334 0.021000 0.002216 0.560061 0.021000 -0.000739 0.560007 0.021000 -0.003691 0.560171 0.021000 -0.006622 0.560552 0.021000 -0.009517 0.561149 0.021000 -0.012361 0.561958 0.021000 -0.015136 0.562974 0.021000 -0.017830 0.564193 0.021000 -0.020425 0.565608 0.021000 -0.022909 0.567210 0.021000 -0.025268 0.568992 0.021000 -0.027489 0.570943 0.021000 -0.029560 0.573052 0.021000 -0.031470 0.575309 0.021000 -0.033207 0.577700 0.021000 -0.034764 0.580214 0.021000 -0.036130 0.582835 0.021000 -0.037299 0.585550 0.021000 -0.038264 0.588344 0.021000 -0.039020 0.591202 0.021000 -0.039564 0.594108 0.021000 -0.039891 0.597046 0.021000 -0.039500 0.600000 0.021000 -0.039392 0.597083 0.021000 -0.039069 0.594182 0.021000 -0.038533 0.591312 0.021000 -0.037786 0.588490 0.021000 -0.036833 0.585731 0.021000 -0.035678 0.583050 0.021000 -0.034329 0.580461 0.021000 -0.032792 0.577979 0.021000 -0.031076 0.575618 0.021000 -0.029191 0.573389 0.021000 -0.027146 0.571306 0.021000 -0.024953 0.569379 0.021000 -0.022623 0.567620 0.021000 -0.020170 0.566038 0.021000 -0.017607 0.564641 0.021000 -0.014947 0.563437 0.021000 -0.012206 0.562433 0.021000 -0.009398 0.561634 0.021000 -0.006539 0.561045 0.021000 -0.003645 0.560669 0.021000 -0.000730 0.560507 0.021000 0.002189 0.560561 0.021000 0.005095 0.560830 0.021000 0.007974 0.561313 0.021000 0.010810 0.562008 0.021000 0.013586 0.562910 0.021000 0.016288 0.564015 0.021000 0.018901 0.565316 0.021000 0.021411 0.566806 0.021000 0.023804 0.568478 0.021000 0.026067 0.570322 0.021000 0.028188 0.572329 0.021000 0.030154 0.574486 0.021000 0.031956 0.576782 0.021000 0.033584 0.579206 0.021000 0.035028 0.581743 0.021000 0.036280 0.584380 0.021000 0.037335 0.587102 0.021000 0.038185 0.589894 0.021000 0.038827 0.592742 0.021000 0.039257 0.595629 0.021000 0.039473 0.598540 0.021000 0.039473 0.601460 0.021000 0.039257 0.604371 0.021000 0.038827 0.607258 0.021000 0.038185 0.610106 0.021000 0.037335 0.612898 0.021000 0.036280 0.615620 0.021000 0.035028 0.618257 0.021000 0.033584 0.620794 0.021000 0.031956 0.623218 0.021000 0.030154 0.625514 0.021000 0.028188 0.627671 0.021000 0.026067 0.629678 0.021000 0.023804 0.631522 0.021000 0.021411 0.633194 0.021000 0.018901 0.634684 0.021000 0.016288 0.635985 0.021000 0.013586 0.637090 0.021000 0.010810 0.637992 0.021000 0.007974 0.638687 0.021000 0.005095 0.639170 0.021000 0.002189 0.639439 0.021000 -0.000730 0.639493 0.021000 -0.003645 0.639331 0.021000 -0.006539 0.638955 0.021000 -0.009398 0.638366 0.021000 -0.012206 0.637567 0.021000 -0.014947 0.636563 0.021000 -0.017607 0.635359 0.021000 -0.020170 0.633962 0.021000 -0.022623 0.632380 0.021000 -0.024953 0.630621 0.021000 -0.027146 0.628694 0.021000 -0.029191 0.626611 0.021000 -0.031076 0.624382 0.021000 -0.032792 0.622021 0.021000 -0.034329 0.619539 0.021000 -0.035678 0.616950 0.021000 -0.036833 0.614269 0.021000 -0.037786 0.611510 0.021000 -0.038533 0.608688 0.021000 -0.039069 0.605818 0.021000 -0.039392 0.602917 0.041000 -0.042000 0.600000 0.041000 -0.041891 0.596969 0.041000 -0.041563 0.593955 0.041000 -0.041018 0.590971 0.041000 -0.040260 0.588035 0.041000 -0.039291 0.585161 0.041000 -0.038118 0.582365 0.041000 -0.036746 0.579660 0.041000 -0.035183 0.577062 0.041000 -0.033436 0.574583 0.041000 -0.031515 0.572236 0.041000 -0.029429 0.570035 0.041000 -0.027190 0.567989 0.041000 -0.024810 0.566111 0.041000 -0.022299 0.564409 0.041000 -0.019673 0.562892 0.041000 -0.016944 0.561570 0.041000 -0.014127 0.560447 0.041000 -0.011236 0.559531 0.041000 -0.008287 0.558826 0.041000 -0.005294 0.558335 0.041000 -0.002274 0.558062 0.041000 0.000758 0.558007 0.041000 0.003786 0.558171 0.041000 0.006795 0.558553 0.041000 0.009768 0.559152 0.041000 0.012690 0.559963 0.041000 0.015546 0.560983 0.041000 0.018321 0.562206 0.041000 0.021000 0.563627 0.041000 0.023570 0.565237 0.041000 0.026017 0.567028 0.041000 0.028328 0.568992 0.041000 0.030492 0.571117 0.041000 0.032496 0.573392 0.041000 0.034332 0.575806 0.041000 0.035988 0.578347 0.041000 0.037457 0.581000 0.041000 0.038730 0.583752 0.041000 0.039801 0.586589 0.041000 0.040665 0.589496 0.041000 0.041317 0.592458 0.041000 0.041754 0.595459 0.041000 0.041973 0.598484 0.041000 0.041973 0.601516 0.041000 0.041754 0.604541 0.041000 0.041317 0.607542 0.041000 0.040665 0.610504 0.041000 0.039801 0.613411 0.041000 0.038730 0.616248 0.041000 0.037457 0.619000 0.041000 0.035988 0.621653 0.041000 0.034332 0.624194 0.041000 0.032496 0.626608 0.041000 0.030492 0.628883 0.041000 0.028328 0.631008 0.041000 0.026017 0.632972 0.041000 0.023570 0.634763 0.041000 0.021000 0.636373 0.041000 0.018321 0.637794 0.041000 0.015546 0.639017 0.041000 0.012690 0.640037 0.041000 0.009768 0.640848 0.041000 0.006795 0.641447 0.041000 0.003786 0.641829 0.041000 0.000758 0.641993 0.041000 -0.002274 0.641938 0.041000 -0.005294 0.641665 0.041000 -0.008287 0.641174 0.041000 -0.011236 0.640469 0.041000 -0.014127 0.639553 0.041000 -0.016944 0.638430 0.041000 -0.019673 0.637108 0.041000 -0.022299 0.635591 0.041000 -0.024810 0.633889 0.041000 -0.027190 0.632011 0.041000 -0.029429 0.629965 0.041000 -0.031515 0.627764 0.041000 -0.033436 0.625417 0.041000 -0.035183 0.622938 0.041000 -0.036746 0.620340 0.041000 -0.038118 0.617635 0.041000 -0.039291 0.614839 0.041000 -0.040260 0.611965 0.041000 -0.041018 0.609029 0.041000 -0.041563 0.606045 0.041000 -0.041891 0.603031 0.038481 0.000000 0.557642 0.035944 0.000000 0.557459 0.033400 0.000000 0.557450 0.030862 0.000000 0.557616 0.028340 0.000000 0.557956 0.025849 0.000000 0.558468 0.023398 -0.000000 0.559151 0.023398 0.022085 0.634365 0.023398 0.022085 0.565635 0.038481 -0.042250 0.603022 0.035944 -0.042433 0.603035 0.033400 -0.042442 0.603035 0.030862 -0.042276 0.603024 0.028340 -0.041937 0.602999 0.025849 -0.041426 0.602963 0.023398 -0.040745 0.602914 0.023398 -0.040849 0.600000 0.025849 -0.041532 0.600000 0.028340 -0.042044 0.600000 0.030862 -0.042384 0.600000 0.033400 -0.042550 0.600000 0.035944 -0.042541 0.600000 0.038481 -0.042358 0.600000 0.038481 -0.041926 0.606028 0.035944 -0.042108 0.606054 0.033400 -0.042117 0.606056 0.030862 -0.041953 0.606032 0.028340 -0.041616 0.605984 0.025849 -0.041109 0.605911 0.023398 -0.040433 0.605813 0.038481 -0.041390 0.609004 0.035944 -0.041569 0.609043 0.033400 -0.041578 0.609045 0.030862 -0.041415 0.609009 0.028340 -0.041083 0.608937 0.025849 -0.040583 0.608828 0.023398 -0.039916 0.608683 0.038481 -0.040642 0.611934 0.035944 -0.040818 0.611985 0.033400 -0.040826 0.611988 0.030862 -0.040667 0.611941 0.028340 -0.040341 0.611845 0.025849 -0.039849 0.611701 0.023398 -0.039195 0.611509 0.038481 -0.039687 0.614802 0.035944 -0.039859 0.614867 0.033400 -0.039867 0.614870 0.030862 -0.039712 0.614812 0.028340 -0.039393 0.614693 0.025849 -0.038913 0.614514 0.023398 -0.038274 0.614275 0.038481 -0.038530 0.617596 0.035944 -0.038697 0.617672 0.033400 -0.038705 0.617676 0.030862 -0.038554 0.617607 0.028340 -0.038245 0.617466 0.025849 -0.037779 0.617253 0.023398 -0.037158 0.616969 0.038481 -0.037176 0.620300 0.035944 -0.037338 0.620388 0.033400 -0.037345 0.620392 0.030862 -0.037200 0.620313 0.028340 -0.036901 0.620150 0.025849 -0.036451 0.619904 0.023398 -0.035853 0.619577 0.038481 -0.035633 0.622900 0.035944 -0.035788 0.623000 0.033400 -0.035795 0.623004 0.030862 -0.035656 0.622915 0.028340 -0.035370 0.622731 0.025849 -0.034939 0.622454 0.023398 -0.034365 0.622085 0.038481 -0.033909 0.625384 0.035944 -0.034056 0.625494 0.033400 -0.034063 0.625499 0.030862 -0.033930 0.625400 0.028340 -0.033658 0.625196 0.025849 -0.033248 0.624889 0.023398 -0.032701 0.624480 0.038481 -0.032012 0.627738 0.035944 -0.032151 0.627859 0.033400 -0.032157 0.627864 0.030862 -0.032032 0.627756 0.028340 -0.031775 0.627533 0.025849 -0.031388 0.627197 0.023398 -0.030872 0.626751 0.038481 -0.029951 0.629951 0.035944 -0.030081 0.630081 0.033400 -0.030087 0.630087 0.030862 -0.029970 0.629970 0.028340 -0.029730 0.629730 0.025849 -0.029367 0.629367 0.023398 -0.028885 0.628885 0.038481 -0.027738 0.632012 0.035944 -0.027859 0.632150 0.033400 -0.027864 0.632157 0.030862 -0.027756 0.632032 0.028340 -0.027533 0.631775 0.025849 -0.027197 0.631388 0.023398 -0.026751 0.630872 0.038481 -0.025384 0.633909 0.035944 -0.025494 0.634056 0.033400 -0.025499 0.634063 0.030862 -0.025400 0.633930 0.028340 -0.025196 0.633658 0.025849 -0.024889 0.633248 0.023398 -0.024480 0.632701 0.038481 -0.022900 0.635633 0.035944 -0.023000 0.635788 0.033400 -0.023004 0.635795 0.030862 -0.022915 0.635656 0.028340 -0.022731 0.635370 0.025849 -0.022454 0.634939 0.023398 -0.022085 0.634365 0.038481 -0.020300 0.637176 0.035944 -0.020388 0.637338 0.033400 -0.020392 0.637345 0.030862 -0.020313 0.637200 0.028340 -0.020150 0.636901 0.025849 -0.019904 0.636451 0.023398 -0.019577 0.635853 0.038481 -0.017596 0.638530 0.035944 -0.017672 0.638697 0.033400 -0.017676 0.638705 0.030862 -0.017607 0.638554 0.028340 -0.017466 0.638245 0.025849 -0.017253 0.637779 0.023398 -0.016969 0.637158 0.038481 -0.014802 0.639687 0.035944 -0.014867 0.639859 0.033400 -0.014870 0.639867 0.030862 -0.014812 0.639712 0.028340 -0.014693 0.639393 0.025849 -0.014514 0.638913 0.023398 -0.014275 0.638274 0.038481 -0.011933 0.640642 0.035944 -0.011985 0.640818 0.033400 -0.011988 0.640826 0.030862 -0.011941 0.640667 0.028340 -0.011845 0.640341 0.025849 -0.011701 0.639849 0.023398 -0.011509 0.639195 0.038481 -0.009004 0.641390 0.035944 -0.009043 0.641569 0.033400 -0.009045 0.641578 0.030862 -0.009009 0.641415 0.028340 -0.008937 0.641083 0.025849 -0.008828 0.640583 0.023398 -0.008683 0.639916 0.038481 -0.006028 0.641926 0.035944 -0.006054 0.642108 0.033400 -0.006056 0.642117 0.030862 -0.006032 0.641953 0.028340 -0.005984 0.641616 0.025849 -0.005911 0.641109 0.023398 -0.005813 0.640433 0.038481 -0.003022 0.642250 0.035944 -0.003035 0.642433 0.033400 -0.003035 0.642442 0.030862 -0.003024 0.642276 0.028340 -0.002999 0.641937 0.025849 -0.002963 0.641426 0.023398 -0.002914 0.640745 0.038481 0.000000 0.642358 0.035944 0.000000 0.642541 0.033400 0.000000 0.642550 0.030862 0.000000 0.642384 0.028340 0.000000 0.642044 0.025849 0.000000 0.641532 0.023398 0.000000 0.640849 0.038481 0.003022 0.642250 0.035944 0.003035 0.642433 0.033400 0.003035 0.642442 0.030862 0.003024 0.642276 0.028340 0.002999 0.641937 0.025849 0.002963 0.641426 0.023398 0.002914 0.640745 0.038481 0.006028 0.641926 0.035944 0.006054 0.642108 0.033400 0.006056 0.642117 0.030862 0.006032 0.641953 0.028340 0.005984 0.641616 0.025849 0.005911 0.641109 0.023398 0.005813 0.640433 0.038481 0.009004 0.641390 0.035944 0.009043 0.641569 0.033400 0.009045 0.641578 0.030862 0.009009 0.641415 0.028340 0.008937 0.641083 0.025849 0.008828 0.640583 0.023398 0.008683 0.639916 0.038481 0.011933 0.640642 0.035944 0.011985 0.640818 0.033400 0.011988 0.640826 0.030862 0.011941 0.640667 0.028340 0.011845 0.640341 0.025849 0.011701 0.639849 0.023398 0.011509 0.639195 0.038481 0.014802 0.639687 0.035944 0.014867 0.639859 0.033400 0.014870 0.639867 0.030862 0.014812 0.639712 0.028340 0.014693 0.639393 0.025849 0.014514 0.638913 0.023398 0.014275 0.638274 0.038481 0.017596 0.638530 0.035944 0.017672 0.638697 0.033400 0.017676 0.638705 0.030862 0.017607 0.638554 0.028340 0.017466 0.638245 0.025849 0.017253 0.637779 0.023398 0.016969 0.637158 0.038481 0.020300 0.637176 0.035944 0.020388 0.637338 0.033400 0.020392 0.637345 0.030862 0.020313 0.637200 0.028340 0.020150 0.636901 0.025849 0.019904 0.636451 0.023398 0.019577 0.635853 0.038481 0.022900 0.635633 0.035944 0.023000 0.635788 0.033400 0.023004 0.635795 0.030862 0.022915 0.635656 0.028340 0.022731 0.635370 0.025849 0.022454 0.634939 0.038481 0.025384 0.633909 0.035944 0.025494 0.634056 0.033400 0.025499 0.634063 0.030862 0.025400 0.633930 0.028340 0.025196 0.633658 0.025849 0.024889 0.633248 0.023398 0.024480 0.632701 0.038481 0.027738 0.632012 0.035944 0.027859 0.632150 0.033400 0.027864 0.632157 0.030862 0.027756 0.632032 0.028340 0.027533 0.631775 0.025849 0.027197 0.631388 0.023398 0.026751 0.630872 0.038481 0.029951 0.629951 0.035944 0.030081 0.630081 0.033400 0.030087 0.630087 0.030862 0.029970 0.629970 0.028340 0.029730 0.629730 0.025849 0.029367 0.629367 0.023398 0.028885 0.628885 0.038481 0.032012 0.627738 0.035944 0.032151 0.627859 0.033400 0.032157 0.627864 0.030862 0.032032 0.627756 0.028340 0.031775 0.627533 0.025849 0.031388 0.627197 0.023398 0.030872 0.626751 0.038481 0.033909 0.625384 0.035944 0.034056 0.625494 0.033400 0.034063 0.625499 0.030862 0.033930 0.625400 0.028340 0.033658 0.625196 0.025849 0.033248 0.624889 0.023398 0.032701 0.624480 0.038481 0.035633 0.622900 0.035944 0.035788 0.623000 0.033400 0.035795 0.623004 0.030862 0.035656 0.622915 0.028340 0.035370 0.622731 0.025849 0.034939 0.622454 0.023398 0.034365 0.622085 0.038481 0.037176 0.620300 0.035944 0.037338 0.620388 0.033400 0.037345 0.620392 0.030862 0.037200 0.620313 0.028340 0.036901 0.620150 0.025849 0.036451 0.619904 0.023398 0.035853 0.619577 0.038481 0.038530 0.617596 0.035944 0.038697 0.617672 0.033400 0.038705 0.617676 0.030862 0.038554 0.617607 0.028340 0.038245 0.617466 0.025849 0.037779 0.617253 0.023398 0.037158 0.616969 0.038481 0.039687 0.614802 0.035944 0.039859 0.614867 0.033400 0.039867 0.614870 0.030862 0.039712 0.614812 0.028340 0.039393 0.614693 0.025849 0.038913 0.614514 0.023398 0.038274 0.614275 0.038481 0.040642 0.611934 0.035944 0.040818 0.611985 0.033400 0.040826 0.611988 0.030862 0.040667 0.611941 0.028340 0.040341 0.611845 0.025849 0.039849 0.611701 0.023398 0.039195 0.611509 0.038481 0.041390 0.609004 0.035944 0.041569 0.609043 0.033400 0.041578 0.609045 0.030862 0.041415 0.609009 0.028340 0.041083 0.608937 0.025849 0.040583 0.608828 0.023398 0.039916 0.608683 0.038481 0.041926 0.606028 0.035944 0.042108 0.606054 0.033400 0.042117 0.606056 0.030862 0.041953 0.606032 0.028340 0.041616 0.605984 0.025849 0.041109 0.605911 0.023398 0.040433 0.605813 0.038481 0.042250 0.603022 0.035944 0.042433 0.603035 0.033400 0.042442 0.603035 0.030862 0.042276 0.603024 0.028340 0.041937 0.602999 0.025849 0.041426 0.602963 0.023398 0.040745 0.602914 0.038481 0.042358 0.600000 0.035944 0.042541 0.600000 0.033400 0.042550 0.600000 0.030862 0.042384 0.600000 0.028340 0.042044 0.600000 0.025849 0.041532 0.600000 0.023398 0.040849 0.600000 0.038481 0.042250 0.596978 0.035944 0.042433 0.596965 0.033400 0.042442 0.596965 0.030862 0.042276 0.596976 0.028340 0.041937 0.597001 0.025849 0.041426 0.597037 0.023398 0.040745 0.597086 0.038481 0.041926 0.593972 0.035944 0.042108 0.593946 0.033400 0.042117 0.593944 0.030862 0.041953 0.593968 0.028340 0.041616 0.594016 0.025849 0.041109 0.594089 0.023398 0.040433 0.594187 0.038481 0.041390 0.590996 0.035944 0.041569 0.590957 0.033400 0.041578 0.590955 0.030862 0.041415 0.590991 0.028340 0.041083 0.591063 0.025849 0.040583 0.591172 0.023398 0.039916 0.591317 0.038481 0.040642 0.588066 0.035944 0.040818 0.588015 0.033400 0.040826 0.588012 0.030862 0.040667 0.588059 0.028340 0.040341 0.588155 0.025849 0.039849 0.588299 0.023398 0.039195 0.588491 0.038481 0.039687 0.585198 0.035944 0.039859 0.585133 0.033400 0.039867 0.585130 0.030862 0.039712 0.585188 0.028340 0.039393 0.585307 0.025849 0.038913 0.585486 0.023398 0.038274 0.585725 0.038481 0.038530 0.582404 0.035944 0.038697 0.582328 0.033400 0.038705 0.582324 0.030862 0.038554 0.582393 0.028340 0.038245 0.582534 0.025849 0.037779 0.582747 0.023398 0.037158 0.583031 0.038481 0.037176 0.579700 0.035944 0.037338 0.579612 0.033400 0.037345 0.579608 0.030862 0.037200 0.579687 0.028340 0.036901 0.579850 0.025849 0.036451 0.580096 0.023398 0.035853 0.580423 0.038481 0.035633 0.577100 0.035944 0.035788 0.577000 0.033400 0.035795 0.576996 0.030862 0.035656 0.577085 0.028340 0.035370 0.577269 0.025849 0.034939 0.577546 0.023398 0.034365 0.577915 0.038481 0.033909 0.574616 0.035944 0.034056 0.574506 0.033400 0.034063 0.574501 0.030862 0.033930 0.574600 0.028340 0.033658 0.574804 0.025849 0.033248 0.575111 0.023398 0.032701 0.575520 0.038481 0.032012 0.572262 0.035944 0.032151 0.572141 0.033400 0.032157 0.572136 0.030862 0.032032 0.572244 0.028340 0.031775 0.572467 0.025849 0.031388 0.572803 0.023398 0.030872 0.573249 0.038481 0.029951 0.570049 0.035944 0.030081 0.569919 0.033400 0.030087 0.569913 0.030862 0.029970 0.570030 0.028340 0.029730 0.570270 0.025849 0.029367 0.570633 0.023398 0.028885 0.571115 0.038481 0.027738 0.567988 0.035944 0.027859 0.567850 0.033400 0.027864 0.567843 0.030862 0.027756 0.567968 0.028340 0.027533 0.568225 0.025849 0.027197 0.568612 0.023398 0.026751 0.569128 0.038481 0.025384 0.566091 0.035944 0.025494 0.565944 0.033400 0.025499 0.565937 0.030862 0.025400 0.566070 0.028340 0.025196 0.566342 0.025849 0.024889 0.566752 0.023398 0.024480 0.567299 0.038481 0.022900 0.564367 0.035944 0.023000 0.564212 0.033400 0.023004 0.564205 0.030862 0.022915 0.564344 0.028340 0.022731 0.564630 0.025849 0.022454 0.565061 0.038481 0.020300 0.562824 0.035944 0.020388 0.562662 0.033400 0.020392 0.562655 0.030862 0.020313 0.562800 0.028340 0.020150 0.563099 0.025849 0.019904 0.563549 0.023398 0.019577 0.564147 0.038481 0.017596 0.561470 0.035944 0.017672 0.561303 0.033400 0.017676 0.561295 0.030862 0.017607 0.561446 0.028340 0.017466 0.561755 0.025849 0.017253 0.562221 0.023398 0.016969 0.562842 0.038481 0.014802 0.560313 0.035944 0.014867 0.560141 0.033400 0.014870 0.560133 0.030862 0.014812 0.560288 0.028340 0.014693 0.560607 0.025849 0.014514 0.561087 0.023398 0.014275 0.561726 0.038481 0.011933 0.559358 0.035944 0.011985 0.559182 0.033400 0.011988 0.559174 0.030862 0.011941 0.559333 0.028340 0.011845 0.559659 0.025849 0.011701 0.560151 0.023398 0.011509 0.560805 0.038481 0.009004 0.558610 0.035944 0.009043 0.558431 0.033400 0.009045 0.558422 0.030862 0.009009 0.558585 0.028340 0.008937 0.558917 0.025849 0.008828 0.559417 0.023398 0.008683 0.560084 0.038481 0.006028 0.558074 0.035944 0.006054 0.557892 0.033400 0.006056 0.557883 0.030862 0.006032 0.558047 0.028340 0.005984 0.558384 0.025849 0.005911 0.558891 0.023398 0.005813 0.559567 0.038481 0.003022 0.557750 0.035944 0.003035 0.557567 0.033400 0.003035 0.557558 0.030862 0.003024 0.557724 0.028340 0.002999 0.558063 0.025849 0.002963 0.558574 0.023398 0.002914 0.559255 0.038481 -0.003022 0.557750 0.035944 -0.003035 0.557567 0.033400 -0.003035 0.557558 0.030862 -0.003024 0.557724 0.028340 -0.002999 0.558063 0.025849 -0.002963 0.558574 0.023398 -0.002914 0.559255 0.038481 -0.006028 0.558074 0.035944 -0.006054 0.557892 0.033400 -0.006056 0.557883 0.030862 -0.006032 0.558047 0.028340 -0.005984 0.558384 0.025849 -0.005911 0.558891 0.023398 -0.005813 0.559567 0.038481 -0.009004 0.558610 0.035944 -0.009043 0.558431 0.033400 -0.009045 0.558422 0.030862 -0.009009 0.558585 0.028340 -0.008937 0.558917 0.025849 -0.008828 0.559417 0.023398 -0.008683 0.560084 0.038481 -0.011933 0.559358 0.035944 -0.011985 0.559182 0.033400 -0.011988 0.559174 0.030862 -0.011941 0.559333 0.028340 -0.011845 0.559659 0.025849 -0.011701 0.560151 0.023398 -0.011509 0.560805 0.038481 -0.014802 0.560313 0.035944 -0.014867 0.560141 0.033400 -0.014870 0.560133 0.030862 -0.014812 0.560288 0.028340 -0.014693 0.560607 0.025849 -0.014514 0.561087 0.023398 -0.014275 0.561726 0.038481 -0.017596 0.561470 0.035944 -0.017672 0.561303 0.033400 -0.017676 0.561295 0.030862 -0.017607 0.561446 0.028340 -0.017466 0.561755 0.025849 -0.017253 0.562221 0.023398 -0.016969 0.562842 0.038481 -0.020300 0.562824 0.035944 -0.020388 0.562662 0.033400 -0.020392 0.562655 0.030862 -0.020313 0.562800 0.028340 -0.020150 0.563099 0.025849 -0.019904 0.563549 0.023398 -0.019577 0.564147 0.038481 -0.022900 0.564367 0.035944 -0.023000 0.564212 0.033400 -0.023004 0.564205 0.030862 -0.022915 0.564344 0.028340 -0.022731 0.564630 0.025849 -0.022454 0.565061 0.023398 -0.022085 0.565635 0.038481 -0.025384 0.566091 0.035944 -0.025494 0.565944 0.033400 -0.025499 0.565937 0.030862 -0.025400 0.566070 0.028340 -0.025196 0.566342 0.025849 -0.024889 0.566752 0.023398 -0.024480 0.567299 0.038481 -0.027738 0.567988 0.035944 -0.027859 0.567850 0.033400 -0.027864 0.567843 0.030862 -0.027756 0.567968 0.028340 -0.027533 0.568225 0.025849 -0.027197 0.568612 0.023398 -0.026751 0.569128 0.038481 -0.029951 0.570049 0.035944 -0.030081 0.569919 0.033400 -0.030087 0.569913 0.030862 -0.029970 0.570030 0.028340 -0.029730 0.570270 0.025849 -0.029367 0.570633 0.023398 -0.028885 0.571115 0.038481 -0.032012 0.572262 0.035944 -0.032151 0.572141 0.033400 -0.032157 0.572136 0.030862 -0.032032 0.572244 0.028340 -0.031775 0.572467 0.025849 -0.031388 0.572803 0.023398 -0.030872 0.573249 0.038481 -0.033909 0.574616 0.035944 -0.034056 0.574506 0.033400 -0.034063 0.574501 0.030862 -0.033930 0.574600 0.028340 -0.033658 0.574804 0.025849 -0.033248 0.575111 0.023398 -0.032701 0.575520 0.038481 -0.035633 0.577100 0.035944 -0.035788 0.577000 0.033400 -0.035795 0.576996 0.030862 -0.035656 0.577085 0.028340 -0.035370 0.577269 0.025849 -0.034939 0.577546 0.023398 -0.034365 0.577915 0.038481 -0.037176 0.579700 0.035944 -0.037338 0.579612 0.033400 -0.037345 0.579608 0.030862 -0.037200 0.579687 0.028340 -0.036901 0.579850 0.025849 -0.036451 0.580096 0.023398 -0.035853 0.580423 0.038481 -0.038530 0.582404 0.035944 -0.038697 0.582328 0.033400 -0.038705 0.582324 0.030862 -0.038554 0.582393 0.028340 -0.038245 0.582534 0.025849 -0.037779 0.582747 0.023398 -0.037158 0.583031 0.038481 -0.039687 0.585198 0.035944 -0.039859 0.585133 0.033400 -0.039867 0.585130 0.030862 -0.039712 0.585188 0.028340 -0.039393 0.585307 0.025849 -0.038913 0.585486 0.023398 -0.038274 0.585725 0.038481 -0.040642 0.588066 0.035944 -0.040818 0.588015 0.033400 -0.040826 0.588012 0.030862 -0.040667 0.588059 0.028340 -0.040341 0.588155 0.025849 -0.039849 0.588299 0.023398 -0.039195 0.588491 0.038481 -0.041390 0.590996 0.035944 -0.041569 0.590957 0.033400 -0.041578 0.590955 0.030862 -0.041415 0.590991 0.028340 -0.041083 0.591063 0.025849 -0.040583 0.591172 0.023398 -0.039916 0.591317 0.038481 -0.041926 0.593972 0.035944 -0.042108 0.593946 0.033400 -0.042117 0.593944 0.030862 -0.041953 0.593968 0.028340 -0.041616 0.594016 0.025849 -0.041109 0.594089 0.023398 -0.040433 0.594187 0.038481 -0.042250 0.596978 0.035944 -0.042433 0.596965 0.033400 -0.042442 0.596965 0.030862 -0.042276 0.596976 0.028340 -0.041937 0.597001 0.025849 -0.041426 0.597037 0.023398 -0.040745 0.597086 0.020000 -0.039500 0.600000 0.020000 -0.039392 0.597083 0.020000 -0.039069 0.594182 0.020000 -0.038533 0.591312 0.020000 -0.037786 0.588490 0.020000 -0.036833 0.585731 0.020000 -0.035678 0.583050 0.020000 -0.034329 0.580461 0.020000 -0.032792 0.577979 0.020000 -0.031076 0.575618 0.020000 -0.029191 0.573389 0.020000 -0.027146 0.571306 0.020000 -0.024953 0.569379 0.020000 -0.022623 0.567620 0.020000 -0.020170 0.566038 0.020000 -0.017607 0.564641 0.020000 -0.014947 0.563437 0.020000 -0.012206 0.562433 0.020000 -0.009398 0.561634 0.020000 -0.006539 0.561045 0.020000 -0.003645 0.560669 0.020000 -0.000730 0.560507 0.020000 0.002189 0.560561 0.020000 0.005095 0.560830 0.020000 0.007974 0.561313 0.020000 0.010810 0.562008 0.020000 0.013586 0.562910 0.020000 0.016288 0.564015 0.020000 0.018901 0.565316 0.020000 0.021411 0.566806 0.020000 0.023804 0.568478 0.020000 0.026067 0.570322 0.020000 0.028188 0.572329 0.020000 0.030154 0.574486 0.020000 0.031956 0.576782 0.020000 0.033584 0.579206 0.020000 0.035028 0.581743 0.020000 0.036280 0.584380 0.020000 0.037335 0.587102 0.020000 0.038185 0.589894 0.020000 0.038827 0.592742 0.020000 0.039257 0.595629 0.020000 0.039473 0.598540 0.020000 0.039473 0.601460 0.020000 0.039257 0.604371 0.020000 0.038827 0.607258 0.020000 0.038185 0.610106 0.020000 0.037335 0.612898 0.020000 0.036280 0.615620 0.020000 0.035028 0.618257 0.020000 0.033584 0.620794 0.020000 0.031956 0.623218 0.020000 0.030154 0.625514 0.020000 0.028188 0.627671 0.020000 0.026067 0.629678 0.020000 0.023804 0.631522 0.020000 0.021411 0.633194 0.020000 0.018901 0.634684 0.020000 0.016288 0.635985 0.020000 0.013586 0.637090 0.020000 0.010810 0.637992 0.020000 0.007974 0.638687 0.020000 0.005095 0.639170 0.020000 0.002189 0.639439 0.020000 -0.000730 0.639493 0.020000 -0.003645 0.639331 0.020000 -0.006539 0.638955 0.020000 -0.009398 0.638366 0.020000 -0.012206 0.637567 0.020000 -0.014947 0.636563 0.020000 -0.017607 0.635359 0.020000 -0.020170 0.633962 0.020000 -0.022623 0.632380 0.020000 -0.024953 0.630621 0.020000 -0.027146 0.628694 0.020000 -0.029191 0.626611 0.020000 -0.031076 0.624382 0.020000 -0.032792 0.622021 0.020000 -0.034329 0.619539 0.020000 -0.035678 0.616950 0.020000 -0.036833 0.614269 0.020000 -0.037786 0.611510 0.020000 -0.038533 0.608688 0.020000 -0.039069 0.605818 0.020000 -0.039392 0.602917 0.020000 -0.042000 0.600000 0.020000 -0.041891 0.596969 0.020000 -0.041563 0.593955 0.020000 -0.041018 0.590971 0.020000 -0.040260 0.588035 0.020000 -0.039291 0.585161 0.020000 -0.038118 0.582365 0.020000 -0.036746 0.579660 0.020000 -0.035183 0.577062 0.020000 -0.033436 0.574583 0.020000 -0.031515 0.572236 0.020000 -0.029429 0.570035 0.020000 -0.027190 0.567989 0.020000 -0.024810 0.566111 0.020000 -0.022299 0.564409 0.020000 -0.019673 0.562892 0.020000 -0.016944 0.561570 0.020000 -0.014127 0.560447 0.020000 -0.011236 0.559531 0.020000 -0.008287 0.558826 0.020000 -0.005294 0.558335 0.020000 -0.002274 0.558062 0.020000 0.000758 0.558007 0.020000 0.003786 0.558171 0.020000 0.006795 0.558553 0.020000 0.009768 0.559152 0.020000 0.012690 0.559963 0.020000 0.015546 0.560983 0.020000 0.018321 0.562206 0.020000 0.021000 0.563627 0.020000 0.023570 0.565237 0.020000 0.026017 0.567028 0.020000 0.028328 0.568992 0.020000 0.030492 0.571117 0.020000 0.032496 0.573392 0.020000 0.034332 0.575806 0.020000 0.035988 0.578347 0.020000 0.037457 0.581000 0.020000 0.038730 0.583752 0.020000 0.039801 0.586589 0.020000 0.040665 0.589496 0.020000 0.041317 0.592458 0.020000 0.041754 0.595459 0.020000 0.041973 0.598484 0.020000 0.041973 0.601516 0.020000 0.041754 0.604541 0.020000 0.041317 0.607542 0.020000 0.040665 0.610504 0.020000 0.039801 0.613411 0.020000 0.038730 0.616248 0.020000 0.037457 0.619000 0.020000 0.035988 0.621653 0.020000 0.034332 0.624194 0.020000 0.032496 0.626608 0.020000 0.030492 0.628883 0.020000 0.028328 0.631008 0.020000 0.026017 0.632972 0.020000 0.023570 0.634763 0.020000 0.021000 0.636373 0.020000 0.018321 0.637794 0.020000 0.015546 0.639017 0.020000 0.012690 0.640037 0.020000 0.009768 0.640848 0.020000 0.006795 0.641447 0.020000 0.003786 0.641829 0.020000 0.000758 0.641993 0.020000 -0.002274 0.641938 0.020000 -0.005294 0.641665 0.020000 -0.008287 0.641174 0.020000 -0.011236 0.640469 0.020000 -0.014127 0.639553 0.020000 -0.016944 0.638430 0.020000 -0.019673 0.637108 0.020000 -0.022299 0.635591 0.020000 -0.024810 0.633889 0.020000 -0.027190 0.632011 0.020000 -0.029429 0.629965 0.020000 -0.031515 0.627764 0.020000 -0.033436 0.625417 0.020000 -0.035183 0.622938 0.020000 -0.036746 0.620340 0.020000 -0.038118 0.617635 0.020000 -0.039291 0.614839 0.020000 -0.040260 0.611965 0.020000 -0.041018 0.609029 0.020000 -0.041563 0.606045 0.020000 -0.041891 0.603031 -0.000000 -0.035000 0.600000 -0.000000 -0.034892 0.597254 -0.000000 -0.034569 0.594525 -0.000000 -0.034033 0.591829 -0.000000 -0.033287 0.589184 -0.000000 -0.032336 0.586606 -0.000000 -0.031185 0.584110 -0.000000 -0.029842 0.581713 -0.000000 -0.028316 0.579428 -0.000000 -0.026614 0.577269 -0.000000 -0.024749 0.575251 -0.000000 -0.022731 0.573386 -0.000000 -0.020572 0.571684 -0.000000 -0.018287 0.570158 -0.000000 -0.015890 0.568815 -0.000000 -0.013394 0.567664 -0.000000 -0.010816 0.566713 -0.000000 -0.008171 0.565967 -0.000000 -0.005475 0.565431 -0.000000 -0.002746 0.565108 -0.000000 0.000000 0.565000 -0.000000 0.002746 0.565108 -0.000000 0.005475 0.565431 -0.000000 0.008171 0.565967 -0.000000 0.010816 0.566713 -0.000000 0.013394 0.567664 -0.000000 0.015890 0.568815 -0.000000 0.018287 0.570158 -0.000000 0.020572 0.571684 -0.000000 0.022731 0.573386 -0.000000 0.024749 0.575251 -0.000000 0.026614 0.577269 -0.000000 0.028316 0.579428 -0.000000 0.029842 0.581713 -0.000000 0.031185 0.584110 -0.000000 0.032336 0.586606 -0.000000 0.033287 0.589184 -0.000000 0.034033 0.591829 -0.000000 0.034569 0.594525 -0.000000 0.034892 0.597254 -0.000000 0.035000 0.600000 -0.000000 0.034892 0.602746 -0.000000 0.034569 0.605475 -0.000000 0.034033 0.608171 -0.000000 0.033287 0.610816 -0.000000 0.032336 0.613394 -0.000000 0.031185 0.615890 -0.000000 0.029842 0.618287 -0.000000 0.028316 0.620572 -0.000000 0.026614 0.622731 -0.000000 0.024749 0.624749 -0.000000 0.022731 0.626614 -0.000000 0.020572 0.628316 -0.000000 0.018287 0.629842 -0.000000 0.015890 0.631185 -0.000000 0.013394 0.632336 -0.000000 0.010816 0.633287 -0.000000 0.008171 0.634033 -0.000000 0.005475 0.634569 -0.000000 0.002746 0.634892 -0.000000 0.000000 0.635000 -0.000000 -0.002746 0.634892 -0.000000 -0.005475 0.634569 -0.000000 -0.008171 0.634033 -0.000000 -0.010816 0.633287 -0.000000 -0.013394 0.632336 -0.000000 -0.015890 0.631185 -0.000000 -0.018287 0.629842 -0.000000 -0.020572 0.628316 -0.000000 -0.022731 0.626614 -0.000000 -0.024749 0.624749 -0.000000 -0.026614 0.622731 -0.000000 -0.028316 0.620572 -0.000000 -0.029842 0.618287 -0.000000 -0.031185 0.615890 -0.000000 -0.032336 0.613394 -0.000000 -0.033287 0.610816 -0.000000 -0.034033 0.608171 -0.000000 -0.034569 0.605475 -0.000000 -0.034892 0.602746 0.017816 0.000000 0.557875 0.015630 0.000000 0.557941 0.013457 0.000000 0.558199 0.011316 0.000000 0.558645 0.009222 0.000000 0.559276 0.007191 0.000000 0.560089 0.005238 0.000000 0.561075 0.003380 0.000000 0.562229 0.001629 0.000000 0.563540 0.017816 -0.042018 0.603005 0.015630 -0.041952 0.603000 0.013457 -0.041695 0.602982 0.011316 -0.041250 0.602950 0.009222 -0.040620 0.602905 0.007191 -0.039810 0.602847 0.005238 -0.038826 0.602777 0.003380 -0.037675 0.602695 0.001629 -0.036367 0.602601 0.001629 -0.036460 0.600000 0.003380 -0.037771 0.600000 0.005238 -0.038925 0.600000 0.007191 -0.039911 0.600000 0.009222 -0.040724 0.600000 0.011316 -0.041355 0.600000 0.013457 -0.041801 0.600000 0.015630 -0.042059 0.600000 0.017816 -0.042125 0.600000 0.017816 -0.041696 0.605995 0.015630 -0.041631 0.605986 0.013457 -0.041376 0.605949 0.011316 -0.040934 0.605885 0.009222 -0.040309 0.605796 0.007191 -0.039505 0.605680 0.005238 -0.038529 0.605540 0.003380 -0.037387 0.605375 0.001629 -0.036089 0.605189 0.017816 -0.041162 0.608954 0.015630 -0.041098 0.608940 0.013457 -0.040846 0.608886 0.011316 -0.040410 0.608791 0.009222 -0.039793 0.608656 0.007191 -0.038999 0.608484 0.005238 -0.038035 0.608274 0.003380 -0.036908 0.608029 0.001629 -0.035626 0.607750 0.017816 -0.040419 0.611868 0.015630 -0.040355 0.611849 0.013457 -0.040108 0.611777 0.011316 -0.039680 0.611651 0.009222 -0.039074 0.611473 0.007191 -0.038295 0.611244 0.005238 -0.037348 0.610966 0.003380 -0.036241 0.610641 0.001629 -0.034983 0.610272 0.017816 -0.039469 0.614721 0.015630 -0.039407 0.614698 0.013457 -0.039166 0.614608 0.011316 -0.038748 0.614452 0.009222 -0.038156 0.614231 0.007191 -0.037395 0.613948 0.005238 -0.036471 0.613603 0.003380 -0.035390 0.613200 0.001629 -0.034161 0.612741 0.017816 -0.038318 0.617499 0.015630 -0.038258 0.617472 0.013457 -0.038024 0.617365 0.011316 -0.037618 0.617180 0.009222 -0.037044 0.616917 0.007191 -0.036305 0.616580 0.005238 -0.035407 0.616170 0.003380 -0.034358 0.615691 0.001629 -0.033165 0.615146 0.017816 -0.036972 0.620188 0.015630 -0.036914 0.620157 0.013457 -0.036688 0.620033 0.011316 -0.036297 0.619820 0.009222 -0.035742 0.619517 0.007191 -0.035029 0.619128 0.005238 -0.034163 0.618655 0.003380 -0.033151 0.618102 0.001629 -0.032000 0.617473 0.017816 -0.035438 0.622775 0.015630 -0.035382 0.622739 0.013457 -0.035166 0.622600 0.011316 -0.034790 0.622358 0.009222 -0.034259 0.622017 0.007191 -0.033576 0.621578 0.005238 -0.032746 0.621044 0.003380 -0.031775 0.620421 0.001629 -0.030672 0.619712 0.017816 -0.033723 0.625245 0.015630 -0.033670 0.625205 0.013457 -0.033464 0.625051 0.011316 -0.033107 0.624783 0.009222 -0.032601 0.624405 0.007191 -0.031951 0.623918 0.005238 -0.031161 0.623327 0.003380 -0.030237 0.622635 0.001629 -0.029187 0.621849 0.017816 -0.031836 0.627586 0.015630 -0.031786 0.627543 0.013457 -0.031591 0.627374 0.011316 -0.031254 0.627082 0.009222 -0.030777 0.626668 0.007191 -0.030163 0.626136 0.005238 -0.029417 0.625490 0.003380 -0.028546 0.624735 0.001629 -0.027554 0.623876 0.017816 -0.029787 0.629787 0.015630 -0.029740 0.629740 0.013457 -0.029558 0.629558 0.011316 -0.029243 0.629243 0.009222 -0.028796 0.628796 0.007191 -0.028222 0.628222 0.005238 -0.027524 0.627524 0.003380 -0.026708 0.626708 0.001629 -0.025781 0.625781 0.017816 -0.027586 0.631836 0.015630 -0.027543 0.631786 0.013457 -0.027374 0.631591 0.011316 -0.027082 0.631254 0.009222 -0.026668 0.630777 0.007191 -0.026136 0.630163 0.005238 -0.025490 0.629417 0.003380 -0.024735 0.628546 0.001629 -0.023876 0.627554 0.017816 -0.025245 0.633723 0.015630 -0.025205 0.633670 0.013457 -0.025051 0.633464 0.011316 -0.024783 0.633107 0.009222 -0.024405 0.632601 0.007191 -0.023918 0.631951 0.005238 -0.023327 0.631161 0.003380 -0.022635 0.630237 0.001629 -0.021849 0.629187 0.017816 -0.022775 0.635438 0.015630 -0.022739 0.635382 0.013457 -0.022600 0.635166 0.011316 -0.022358 0.634790 0.009222 -0.022017 0.634259 0.007191 -0.021578 0.633576 0.005238 -0.021044 0.632746 0.003380 -0.020421 0.631775 0.001629 -0.019712 0.630672 0.017816 -0.020188 0.636972 0.015630 -0.020157 0.636914 0.013457 -0.020033 0.636688 0.011316 -0.019820 0.636297 0.009222 -0.019517 0.635742 0.007191 -0.019128 0.635029 0.005238 -0.018655 0.634163 0.003380 -0.018102 0.633151 0.001629 -0.017473 0.632000 0.017816 -0.017499 0.638318 0.015630 -0.017472 0.638258 0.013457 -0.017365 0.638024 0.011316 -0.017180 0.637618 0.009222 -0.016917 0.637044 0.007191 -0.016580 0.636305 0.005238 -0.016170 0.635407 0.003380 -0.015691 0.634358 0.001629 -0.015146 0.633165 0.017816 -0.014721 0.639469 0.015630 -0.014698 0.639407 0.013457 -0.014608 0.639166 0.011316 -0.014452 0.638748 0.009222 -0.014231 0.638156 0.007191 -0.013948 0.637395 0.005238 -0.013603 0.636471 0.003380 -0.013200 0.635390 0.001629 -0.012741 0.634161 0.017816 -0.011868 0.640419 0.015630 -0.011849 0.640355 0.013457 -0.011777 0.640108 0.011316 -0.011651 0.639680 0.009222 -0.011473 0.639074 0.007191 -0.011244 0.638295 0.005238 -0.010966 0.637348 0.003380 -0.010641 0.636241 0.001629 -0.010272 0.634983 0.017816 -0.008954 0.641162 0.015630 -0.008940 0.641098 0.013457 -0.008886 0.640846 0.011316 -0.008791 0.640410 0.009222 -0.008656 0.639793 0.007191 -0.008484 0.638999 0.005238 -0.008274 0.638035 0.003380 -0.008029 0.636908 0.001629 -0.007750 0.635626 0.017816 -0.005995 0.641696 0.015630 -0.005986 0.641631 0.013457 -0.005949 0.641376 0.011316 -0.005885 0.640934 0.009222 -0.005796 0.640309 0.007191 -0.005680 0.639505 0.005238 -0.005540 0.638529 0.003380 -0.005375 0.637387 0.001629 -0.005189 0.636089 0.017816 -0.003005 0.642018 0.015630 -0.003000 0.641952 0.013457 -0.002982 0.641695 0.011316 -0.002950 0.641250 0.009222 -0.002905 0.640620 0.007191 -0.002847 0.639810 0.005238 -0.002777 0.638826 0.003380 -0.002695 0.637675 0.001629 -0.002601 0.636367 0.017816 0.000000 0.642125 0.015630 0.000000 0.642059 0.013457 0.000000 0.641801 0.011316 0.000000 0.641355 0.009222 0.000000 0.640724 0.007191 0.000000 0.639911 0.005238 0.000000 0.638925 0.003380 0.000000 0.637771 0.001629 0.000000 0.636460 0.017816 0.003005 0.642018 0.015630 0.003000 0.641952 0.013457 0.002982 0.641695 0.011316 0.002950 0.641250 0.009222 0.002905 0.640620 0.007191 0.002847 0.639810 0.005238 0.002777 0.638826 0.003380 0.002695 0.637675 0.001629 0.002601 0.636367 0.017816 0.005995 0.641696 0.015630 0.005986 0.641631 0.013457 0.005949 0.641376 0.011316 0.005885 0.640934 0.009222 0.005796 0.640309 0.007191 0.005680 0.639505 0.005238 0.005540 0.638529 0.003380 0.005375 0.637387 0.001629 0.005189 0.636089 0.017816 0.008954 0.641162 0.015630 0.008940 0.641098 0.013457 0.008886 0.640846 0.011316 0.008791 0.640410 0.009222 0.008656 0.639793 0.007191 0.008484 0.638999 0.005238 0.008274 0.638035 0.003380 0.008029 0.636908 0.001629 0.007750 0.635626 0.017816 0.011868 0.640419 0.015630 0.011849 0.640355 0.013457 0.011777 0.640108 0.011316 0.011651 0.639680 0.009222 0.011473 0.639074 0.007191 0.011244 0.638295 0.005238 0.010966 0.637348 0.003380 0.010641 0.636241 0.001629 0.010272 0.634983 0.017816 0.014721 0.639469 0.015630 0.014698 0.639407 0.013457 0.014608 0.639166 0.011316 0.014452 0.638748 0.009222 0.014231 0.638156 0.007191 0.013948 0.637395 0.005238 0.013603 0.636471 0.003380 0.013200 0.635390 0.001629 0.012741 0.634161 0.017816 0.017499 0.638318 0.015630 0.017472 0.638258 0.013457 0.017365 0.638024 0.011316 0.017180 0.637618 0.009222 0.016917 0.637044 0.007191 0.016580 0.636305 0.005238 0.016170 0.635407 0.003380 0.015691 0.634358 0.001629 0.015146 0.633165 0.017816 0.020188 0.636972 0.015630 0.020157 0.636914 0.013457 0.020033 0.636688 0.011316 0.019820 0.636297 0.009222 0.019517 0.635742 0.007191 0.019128 0.635029 0.005238 0.018655 0.634163 0.003380 0.018102 0.633151 0.001629 0.017473 0.632000 0.017816 0.022775 0.635438 0.015630 0.022739 0.635382 0.013457 0.022600 0.635166 0.011316 0.022358 0.634790 0.009222 0.022017 0.634259 0.007191 0.021578 0.633576 0.005238 0.021044 0.632746 0.003380 0.020421 0.631775 0.001629 0.019712 0.630672 0.017816 0.025245 0.633723 0.015630 0.025205 0.633670 0.013457 0.025051 0.633464 0.011316 0.024783 0.633107 0.009222 0.024405 0.632601 0.007191 0.023918 0.631951 0.005238 0.023327 0.631161 0.003380 0.022635 0.630237 0.001629 0.021849 0.629187 0.017816 0.027586 0.631836 0.015630 0.027543 0.631786 0.013457 0.027374 0.631591 0.011316 0.027082 0.631254 0.009222 0.026668 0.630777 0.007191 0.026136 0.630163 0.005238 0.025490 0.629417 0.003380 0.024735 0.628546 0.001629 0.023876 0.627554 0.017816 0.029787 0.629787 0.015630 0.029740 0.629740 0.013457 0.029558 0.629558 0.011316 0.029243 0.629243 0.009222 0.028796 0.628796 0.007191 0.028222 0.628222 0.005238 0.027524 0.627524 0.003380 0.026708 0.626708 0.001629 0.025781 0.625781 0.017816 0.031836 0.627586 0.015630 0.031786 0.627543 0.013457 0.031591 0.627374 0.011316 0.031254 0.627082 0.009222 0.030777 0.626668 0.007191 0.030163 0.626136 0.005238 0.029417 0.625490 0.003380 0.028546 0.624735 0.001629 0.027554 0.623876 0.017816 0.033723 0.625245 0.015630 0.033670 0.625205 0.013457 0.033464 0.625051 0.011316 0.033107 0.624783 0.009222 0.032601 0.624405 0.007191 0.031951 0.623918 0.005238 0.031161 0.623327 0.003380 0.030237 0.622635 0.001629 0.029187 0.621849 0.017816 0.035438 0.622775 0.015630 0.035382 0.622739 0.013457 0.035166 0.622600 0.011316 0.034790 0.622358 0.009222 0.034259 0.622017 0.007191 0.033576 0.621578 0.005238 0.032746 0.621044 0.003380 0.031775 0.620421 0.001629 0.030672 0.619712 0.017816 0.036972 0.620188 0.015630 0.036914 0.620157 0.013457 0.036688 0.620033 0.011316 0.036297 0.619820 0.009222 0.035742 0.619517 0.007191 0.035029 0.619128 0.005238 0.034163 0.618655 0.003380 0.033151 0.618102 0.001629 0.032000 0.617473 0.017816 0.038318 0.617499 0.015630 0.038258 0.617472 0.013457 0.038024 0.617365 0.011316 0.037618 0.617180 0.009222 0.037044 0.616917 0.007191 0.036305 0.616580 0.005238 0.035407 0.616170 0.003380 0.034358 0.615691 0.001629 0.033165 0.615146 0.017816 0.039469 0.614721 0.015630 0.039407 0.614698 0.013457 0.039166 0.614608 0.011316 0.038748 0.614452 0.009222 0.038156 0.614231 0.007191 0.037395 0.613948 0.005238 0.036471 0.613603 0.003380 0.035390 0.613200 0.001629 0.034161 0.612741 0.017816 0.040419 0.611868 0.015630 0.040355 0.611849 0.013457 0.040108 0.611777 0.011316 0.039680 0.611651 0.009222 0.039074 0.611473 0.007191 0.038295 0.611244 0.005238 0.037348 0.610966 0.003380 0.036241 0.610641 0.001629 0.034983 0.610272 0.017816 0.041162 0.608954 0.015630 0.041098 0.608940 0.013457 0.040846 0.608886 0.011316 0.040410 0.608791 0.009222 0.039793 0.608656 0.007191 0.038999 0.608484 0.005238 0.038035 0.608274 0.003380 0.036908 0.608029 0.001629 0.035626 0.607750 0.017816 0.041696 0.605995 0.015630 0.041631 0.605986 0.013457 0.041376 0.605949 0.011316 0.040934 0.605885 0.009222 0.040309 0.605796 0.007191 0.039505 0.605680 0.005238 0.038529 0.605540 0.003380 0.037387 0.605375 0.001629 0.036089 0.605189 0.017816 0.042018 0.603005 0.015630 0.041952 0.603000 0.013457 0.041695 0.602982 0.011316 0.041250 0.602950 0.009222 0.040620 0.602905 0.007191 0.039810 0.602847 0.005238 0.038826 0.602777 0.003380 0.037675 0.602695 0.001629 0.036367 0.602601 0.017816 0.042125 0.600000 0.015630 0.042059 0.600000 0.013457 0.041801 0.600000 0.011316 0.041355 0.600000 0.009222 0.040724 0.600000 0.007191 0.039911 0.600000 0.005238 0.038925 0.600000 0.003380 0.037771 0.600000 0.001629 0.036460 0.600000 0.017816 0.042018 0.596995 0.015630 0.041952 0.597000 0.013457 0.041695 0.597018 0.011316 0.041250 0.597050 0.009222 0.040620 0.597095 0.007191 0.039810 0.597153 0.005238 0.038826 0.597223 0.003380 0.037675 0.597305 0.001629 0.036367 0.597399 0.017816 0.041696 0.594005 0.015630 0.041631 0.594014 0.013457 0.041376 0.594051 0.011316 0.040934 0.594115 0.009222 0.040309 0.594204 0.007191 0.039505 0.594320 0.005238 0.038529 0.594460 0.003380 0.037387 0.594625 0.001629 0.036089 0.594811 0.017816 0.041162 0.591046 0.015630 0.041098 0.591060 0.013457 0.040846 0.591114 0.011316 0.040410 0.591209 0.009222 0.039793 0.591344 0.007191 0.038999 0.591516 0.005238 0.038035 0.591726 0.003380 0.036908 0.591971 0.001629 0.035626 0.592250 0.017816 0.040419 0.588132 0.015630 0.040355 0.588151 0.013457 0.040108 0.588223 0.011316 0.039680 0.588349 0.009222 0.039074 0.588527 0.007191 0.038295 0.588756 0.005238 0.037348 0.589034 0.003380 0.036241 0.589359 0.001629 0.034983 0.589728 0.017816 0.039469 0.585279 0.015630 0.039407 0.585302 0.013457 0.039166 0.585392 0.011316 0.038748 0.585548 0.009222 0.038156 0.585769 0.007191 0.037395 0.586052 0.005238 0.036471 0.586397 0.003380 0.035390 0.586800 0.001629 0.034161 0.587259 0.017816 0.038318 0.582501 0.015630 0.038258 0.582528 0.013457 0.038024 0.582635 0.011316 0.037618 0.582820 0.009222 0.037044 0.583083 0.007191 0.036305 0.583420 0.005238 0.035407 0.583830 0.003380 0.034358 0.584309 0.001629 0.033165 0.584854 0.017816 0.036972 0.579812 0.015630 0.036914 0.579843 0.013457 0.036688 0.579967 0.011316 0.036297 0.580180 0.009222 0.035742 0.580483 0.007191 0.035029 0.580872 0.005238 0.034163 0.581345 0.003380 0.033151 0.581898 0.001629 0.032000 0.582527 0.017816 0.035438 0.577225 0.015630 0.035382 0.577261 0.013457 0.035166 0.577400 0.011316 0.034790 0.577642 0.009222 0.034259 0.577983 0.007191 0.033576 0.578422 0.005238 0.032746 0.578956 0.003380 0.031775 0.579579 0.001629 0.030672 0.580288 0.017816 0.033723 0.574755 0.015630 0.033670 0.574795 0.013457 0.033464 0.574949 0.011316 0.033107 0.575217 0.009222 0.032601 0.575595 0.007191 0.031951 0.576082 0.005238 0.031161 0.576673 0.003380 0.030237 0.577365 0.001629 0.029187 0.578151 0.017816 0.031836 0.572414 0.015630 0.031786 0.572457 0.013457 0.031591 0.572626 0.011316 0.031254 0.572918 0.009222 0.030777 0.573332 0.007191 0.030163 0.573864 0.005238 0.029417 0.574510 0.003380 0.028546 0.575265 0.001629 0.027554 0.576124 0.017816 0.029787 0.570213 0.015630 0.029740 0.570260 0.013457 0.029558 0.570442 0.011316 0.029243 0.570757 0.009222 0.028796 0.571204 0.007191 0.028222 0.571778 0.005238 0.027524 0.572476 0.003380 0.026708 0.573292 0.001629 0.025781 0.574219 0.017816 0.027586 0.568164 0.015630 0.027543 0.568214 0.013457 0.027374 0.568409 0.011316 0.027082 0.568746 0.009222 0.026668 0.569223 0.007191 0.026136 0.569837 0.005238 0.025490 0.570583 0.003380 0.024735 0.571454 0.001629 0.023876 0.572446 0.017816 0.025245 0.566277 0.015630 0.025205 0.566330 0.013457 0.025051 0.566536 0.011316 0.024783 0.566893 0.009222 0.024405 0.567399 0.007191 0.023918 0.568049 0.005238 0.023327 0.568839 0.003380 0.022635 0.569763 0.001629 0.021849 0.570813 0.017816 0.022775 0.564562 0.015630 0.022739 0.564618 0.013457 0.022600 0.564834 0.011316 0.022358 0.565210 0.009222 0.022017 0.565741 0.007191 0.021578 0.566424 0.005238 0.021044 0.567254 0.003380 0.020421 0.568225 0.001629 0.019712 0.569328 0.017816 0.020188 0.563028 0.015630 0.020157 0.563086 0.013457 0.020033 0.563312 0.011316 0.019820 0.563703 0.009222 0.019517 0.564258 0.007191 0.019128 0.564971 0.005238 0.018655 0.565837 0.003380 0.018102 0.566849 0.001629 0.017473 0.568000 0.017816 0.017499 0.561682 0.015630 0.017472 0.561742 0.013457 0.017365 0.561976 0.011316 0.017180 0.562382 0.009222 0.016917 0.562956 0.007191 0.016580 0.563695 0.005238 0.016170 0.564593 0.003380 0.015691 0.565642 0.001629 0.015146 0.566835 0.017816 0.014721 0.560531 0.015630 0.014698 0.560593 0.013457 0.014608 0.560834 0.011316 0.014452 0.561252 0.009222 0.014231 0.561844 0.007191 0.013948 0.562605 0.005238 0.013603 0.563529 0.003380 0.013200 0.564610 0.001629 0.012741 0.565839 0.017816 0.011868 0.559581 0.015630 0.011849 0.559645 0.013457 0.011777 0.559892 0.011316 0.011651 0.560320 0.009222 0.011473 0.560926 0.007191 0.011244 0.561705 0.005238 0.010966 0.562652 0.003380 0.010641 0.563759 0.001629 0.010272 0.565017 0.017816 0.008954 0.558838 0.015630 0.008940 0.558902 0.013457 0.008886 0.559154 0.011316 0.008791 0.559590 0.009222 0.008656 0.560207 0.007191 0.008484 0.561001 0.005238 0.008274 0.561965 0.003380 0.008029 0.563092 0.001629 0.007750 0.564374 0.017816 0.005995 0.558304 0.015630 0.005986 0.558369 0.013457 0.005949 0.558624 0.011316 0.005885 0.559066 0.009222 0.005796 0.559691 0.007191 0.005680 0.560495 0.005238 0.005540 0.561471 0.003380 0.005375 0.562613 0.001629 0.005189 0.563911 0.017816 0.003005 0.557982 0.015630 0.003000 0.558048 0.013457 0.002982 0.558305 0.011316 0.002950 0.558750 0.009222 0.002905 0.559380 0.007191 0.002847 0.560190 0.005238 0.002777 0.561174 0.003380 0.002695 0.562325 0.001629 0.002601 0.563633 0.017816 -0.003005 0.557982 0.015630 -0.003000 0.558048 0.013457 -0.002982 0.558305 0.011316 -0.002950 0.558750 0.009222 -0.002905 0.559380 0.007191 -0.002847 0.560190 0.005238 -0.002777 0.561174 0.003380 -0.002695 0.562325 0.001629 -0.002601 0.563633 0.017816 -0.005995 0.558304 0.015630 -0.005986 0.558369 0.013457 -0.005949 0.558624 0.011316 -0.005885 0.559066 0.009222 -0.005796 0.559691 0.007191 -0.005680 0.560495 0.005238 -0.005540 0.561471 0.003380 -0.005375 0.562613 0.001629 -0.005189 0.563911 0.017816 -0.008954 0.558838 0.015630 -0.008940 0.558902 0.013457 -0.008886 0.559154 0.011316 -0.008791 0.559590 0.009222 -0.008656 0.560207 0.007191 -0.008484 0.561001 0.005238 -0.008274 0.561965 0.003380 -0.008029 0.563092 0.001629 -0.007750 0.564374 0.017816 -0.011868 0.559581 0.015630 -0.011849 0.559645 0.013457 -0.011777 0.559892 0.011316 -0.011651 0.560320 0.009222 -0.011473 0.560926 0.007191 -0.011244 0.561705 0.005238 -0.010966 0.562652 0.003380 -0.010641 0.563759 0.001629 -0.010272 0.565017 0.017816 -0.014721 0.560531 0.015630 -0.014698 0.560593 0.013457 -0.014608 0.560834 0.011316 -0.014452 0.561252 0.009222 -0.014231 0.561844 0.007191 -0.013948 0.562605 0.005238 -0.013603 0.563529 0.003380 -0.013200 0.564610 0.001629 -0.012741 0.565839 0.017816 -0.017499 0.561682 0.015630 -0.017472 0.561742 0.013457 -0.017365 0.561976 0.011316 -0.017180 0.562382 0.009222 -0.016917 0.562956 0.007191 -0.016580 0.563695 0.005238 -0.016170 0.564593 0.003380 -0.015691 0.565642 0.001629 -0.015146 0.566835 0.017816 -0.020188 0.563028 0.015630 -0.020157 0.563086 0.013457 -0.020033 0.563312 0.011316 -0.019820 0.563703 0.009222 -0.019517 0.564258 0.007191 -0.019128 0.564971 0.005238 -0.018655 0.565837 0.003380 -0.018102 0.566849 0.001629 -0.017473 0.568000 0.017816 -0.022775 0.564562 0.015630 -0.022739 0.564618 0.013457 -0.022600 0.564834 0.011316 -0.022358 0.565210 0.009222 -0.022017 0.565741 0.007191 -0.021578 0.566424 0.005238 -0.021044 0.567254 0.003380 -0.020421 0.568225 0.001629 -0.019712 0.569328 0.017816 -0.025245 0.566277 0.015630 -0.025205 0.566330 0.013457 -0.025051 0.566536 0.011316 -0.024783 0.566893 0.009222 -0.024405 0.567399 0.007191 -0.023918 0.568049 0.005238 -0.023327 0.568839 0.003380 -0.022635 0.569763 0.001629 -0.021849 0.570813 0.017816 -0.027586 0.568164 0.015630 -0.027543 0.568214 0.013457 -0.027374 0.568409 0.011316 -0.027082 0.568746 0.009222 -0.026668 0.569223 0.007191 -0.026136 0.569837 0.005238 -0.025490 0.570583 0.003380 -0.024735 0.571454 0.001629 -0.023876 0.572446 0.017816 -0.029787 0.570213 0.015630 -0.029740 0.570260 0.013457 -0.029558 0.570442 0.011316 -0.029243 0.570757 0.009222 -0.028796 0.571204 0.007191 -0.028222 0.571778 0.005238 -0.027524 0.572476 0.003380 -0.026708 0.573292 0.001629 -0.025781 0.574219 0.017816 -0.031836 0.572414 0.015630 -0.031786 0.572457 0.013457 -0.031591 0.572626 0.011316 -0.031254 0.572918 0.009222 -0.030777 0.573332 0.007191 -0.030163 0.573864 0.005238 -0.029417 0.574510 0.003380 -0.028546 0.575265 0.001629 -0.027554 0.576124 0.017816 -0.033723 0.574755 0.015630 -0.033670 0.574795 0.013457 -0.033464 0.574949 0.011316 -0.033107 0.575217 0.009222 -0.032601 0.575595 0.007191 -0.031951 0.576082 0.005238 -0.031161 0.576673 0.003380 -0.030237 0.577365 0.001629 -0.029187 0.578151 0.017816 -0.035438 0.577225 0.015630 -0.035382 0.577261 0.013457 -0.035166 0.577400 0.011316 -0.034790 0.577642 0.009222 -0.034259 0.577983 0.007191 -0.033576 0.578422 0.005238 -0.032746 0.578956 0.003380 -0.031775 0.579579 0.001629 -0.030672 0.580288 0.017816 -0.036972 0.579812 0.015630 -0.036914 0.579843 0.013457 -0.036688 0.579967 0.011316 -0.036297 0.580180 0.009222 -0.035742 0.580483 0.007191 -0.035029 0.580872 0.005238 -0.034163 0.581345 0.003380 -0.033151 0.581898 0.001629 -0.032000 0.582527 0.017816 -0.038318 0.582501 0.015630 -0.038258 0.582528 0.013457 -0.038024 0.582635 0.011316 -0.037618 0.582820 0.009222 -0.037044 0.583083 0.007191 -0.036305 0.583420 0.005238 -0.035407 0.583830 0.003380 -0.034358 0.584309 0.001629 -0.033165 0.584854 0.017816 -0.039469 0.585279 0.015630 -0.039407 0.585302 0.013457 -0.039166 0.585392 0.011316 -0.038748 0.585548 0.009222 -0.038156 0.585769 0.007191 -0.037395 0.586052 0.005238 -0.036471 0.586397 0.003380 -0.035390 0.586800 0.001629 -0.034161 0.587259 0.017816 -0.040419 0.588132 0.015630 -0.040355 0.588151 0.013457 -0.040108 0.588223 0.011316 -0.039680 0.588349 0.009222 -0.039074 0.588527 0.007191 -0.038295 0.588756 0.005238 -0.037348 0.589034 0.003380 -0.036241 0.589359 0.001629 -0.034983 0.589728 0.017816 -0.041162 0.591046 0.015630 -0.041098 0.591060 0.013457 -0.040846 0.591114 0.011316 -0.040410 0.591209 0.009222 -0.039793 0.591344 0.007191 -0.038999 0.591516 0.005238 -0.038035 0.591726 0.003380 -0.036908 0.591971 0.001629 -0.035626 0.592250 0.017816 -0.041696 0.594005 0.015630 -0.041631 0.594014 0.013457 -0.041376 0.594051 0.011316 -0.040934 0.594115 0.009222 -0.040309 0.594204 0.007191 -0.039505 0.594320 0.005238 -0.038529 0.594460 0.003380 -0.037387 0.594625 0.001629 -0.036089 0.594811 0.017816 -0.042018 0.596995 0.015630 -0.041952 0.597000 0.013457 -0.041695 0.597018 0.011316 -0.041250 0.597050 0.009222 -0.040620 0.597095 0.007191 -0.039810 0.597153 0.005238 -0.038826 0.597223 0.003380 -0.037675 0.597305 0.001629 -0.036367 0.597399</float_array>
          <technique_common>
            <accessor source="#JAW_5-mesh-positions-array" count="4201" stride="3">
              <param name="X" type="float"/>
              <param name="Y" type="float"/>
              <param name="Z" type="float"/>
            </accessor>
          </technique_common>
        </source>
        <source id="JAW_5-mesh-normals">
          <float_array id="JAW_5-mesh-normals-array" count="20994">-0.000000 -0.989343 0.145601 -0.000000 -0.989343 0.145601 -0.000000 -1.000000 0.000000 -0.000000 -1.000000 0.000000 0.000000 -0.989343 -0.145601 0.000000 -0.989343 -0.145601 0.000000 -0.957601 -0.288099 0.000000 -0.957601 -0.288099 0.000000 -0.905448 -0.424457 0.000000 -0.905448 -0.424457 0.000000 -0.833998 -0.551768 0.000000 -0.833998 -0.551768 0.000000 -0.744772 -0.667319 0.000000 -0.744772 -0.667319 0.000000 -0.639673 -0.768647 0.000000 -0.639673 -0.768647 0.000000 -0.520940 -0.853593 0.000000 -0.520940 -0.853593 0.000000 -0.391105 -0.920346 0.000000 -0.391105 -0.920346 0.000000 -0.252933 -0.967484 0.000000 -0.252933 -0.967484 0.000000 -0.109371 -0.994001 0.000000 -0.109371 -0.994001 -0.000000 0.036522 -0.999333 -0.000000 0.036522 -0.999333 -0.000000 0.181637 -0.983366 -0.000000 0.181637 -0.983366 -0.000000 0.322880 -0.946440 -0.000000 0.322880 -0.946440 -0.000000 0.457242 -0.889342 -0.000000 0.457242 -0.889342 -0.000000 0.581859 -0.813290 -0.000000 0.581859 -0.813290 -0.000000 0.694074 -0.719903 -0.000000 0.694074 -0.719903 -0.000000 0.791496 -0.611174 -0.000000 0.791496 -0.611174 -0.000000 0.872049 -0.489418 -0.000000 0.872049 -0.489418 -0.000000 0.934016 -0.357231 -0.000000 0.934016 -0.357231 -0.000000 0.976076 -0.217430 -0.000000 0.976076 -0.217430 -0.000000 0.997332 -0.072995 -0.000000 0.997332 -0.072995 -0.000000 0.997332 0.072995 -0.000000 0.997332 0.072995 -0.000000 0.976076 0.217430 -0.000000 0.976076 0.217430 -0.000000 0.934016 0.357231 -0.000000 0.934016 0.357231 -0.000000 0.872049 0.489418 -0.000000 0.872049 0.489418 -0.000000 0.791496 0.611174 -0.000000 0.791496 0.611174 -0.000000 0.694074 0.719903 -0.000000 0.694074 0.719903 -0.000000 0.581859 0.813290 -0.000000 0.581859 0.813290 -0.000000 0.457242 0.889342 -0.000000 0.457242 0.889342 -0.000000 0.322880 0.946440 -0.000000 0.322880 0.946440 -0.000000 0.181637 0.983366 -0.000000 0.181637 0.983366 -0.000000 0.036522 0.999333 -0.000000 0.036522 0.999333 -0.000000 -0.109371 0.994001 -0.000000 -0.109371 0.994001 -0.000000 -0.252933 0.967484 -0.000000 -0.252933 0.967484 -0.000000 -0.391105 0.920346 -0.000000 -0.391105 0.920346 -0.000000 -0.520940 0.853593 -0.000000 -0.520940 0.853593 -0.000000 -0.639673 0.768647 -0.000000 -0.639673 0.768647 -0.000000 -0.744772 0.667319 -0.000000 -0.744772 0.667319 -0.000000 -0.833998 0.551768 -0.000000 -0.833998 0.551768 -0.000000 -0.905448 0.424457 -0.000000 -0.905448 0.424457 -0.000000 -0.957601 0.288099 -0.000000 -0.957601 0.288099 1.000000 0.000000 0.000000 1.000000 0.000000 0.000000 1.000000 0.000000 0.000000 1.000000 0.000000 0.000000 1.000000 0.000000 0.000000 1.000000 0.000000 0.000000 1.000000 0.000000 0.000000 1.000000 0.000000 0.000000 1.000000 0.000000 0.000000 1.000000 0.000000 0.000000 1.000000 0.000000 0.000000 1.000000 0.000000 0.000000 1.000000 0.000000 0.000000 1.000000 0.000000 0.000000 1.000000 0.000000 0.000000 1.000000 0.000000 0.000000 1.000000 0.000000 0.000000 1.000000 0.000000 0.000000 1.000000 0.000000 0.000000 1.000000 0.000000 0.000000 1.000000 0.000000 0.000000 1.000000 0.000000 0.000000 1.000000 0.000000 0.000000 1.000000 0.000000 0.000000 1.000000 0.000000 0.000000 1.000000 0.000000 0.000000 1.000000 0.000000 0.000000 1.000000 0.000000 0.000000 1.000000 0.000000 0.000000 1.000000 0.000000 0.000000 1.000000 0.000000 0.000000 1.000000 0.000000 0.000000 1.000000 0.000000 0.000000 1.000000 0.000000 0.000000 1.000000 0.000000 0.000000 1.000000 0.000000 0.000000 1.000000 0.000000 0.000000 1.000000 0.000000 0.000000 1.000000 0.000000 0.000000 1.000000 0.000000 0.000000 1.000000 0.000000 0.000000 1.000000 0.000000 0.000000 1.000000 0.000000 0.000000 -0.989343 -0.000000 0.145601 -0.989343 -0.000000 0.145601 -1.000000 -0.000000 0.000000 -1.000000 -0.000000 0.000000 -0.989343 -0.000000 -0.145601 -0.989343 -0.000000 -0.145601 -0.957601 -0.000000 -0.288099 -0.957601 -0.000000 -0.288099 -0.905448 -0.000000 -0.424457 -0.905448 -0.000000 -0.424457 -0.833998 -0.000000 -0.551768 -0.833998 -0.000000 -0.551768 -0.744772 -0.000000 -0.667319 -0.744772 -0.000000 -0.667319 -0.639673 -0.000000 -0.768647 -0.639673 -0.000000 -0.768647 -0.520940 -0.000000 -0.853593 -0.520940 -0.000000 -0.853593 -0.391105 -0.000000 -0.920346 -0.391105 -0.000000 -0.920346 -0.252933 -0.000000 -0.967484 -0.252933 -0.000000 -0.967484 -0.109371 -0.000000 -0.994001 -0.109371 -0.000000 -0.994001 0.036522 -0.000000 -0.999333 0.036522 -0.000000 -0.999333 0.181637 -0.000000 -0.983366 0.181637 -0.000000 -0.983366 0.322880 -0.000000 -0.946440 0.322880 -0.000000 -0.946440 0.457242 -0.000000 -0.889342 0.457242 -0.000000 -0.889342 0.581859 -0.000000 -0.813290 0.581859 -0.000000 -0.813290 0.694074 -0.000000 -0.719903 0.694074 -0.000000 -0.719903 0.791496 -0.000000 -0.611174 0.791496 -0.000000 -0.611174 0.872049 -0.000000 -0.489418 0.872049 -0.000000 -0.489418 0.934016 -0.000000 -0.357231 0.934016 -0.000000 -0.357231 0.976076 -0.000000 -0.217430 0.976076 -0.000000 -0.217430 0.997332 -0.000000 -0.072995 0.997332 -0.000000 -0.072995 0.997332 0.000000 0.072995 0.997332 0.000000 0.072995 0.976076 0.000000 0.217430 0.976076 0.000000 0.217430 0.934016 0.000000 0.357231 0.934016 0.000000 0.357231 0.872049 0.000000 0.489418 0.872049 0.000000 0.489418 0.791496 0.000000 0.611174 0.791496 0.000000 0.611174 0.694074 0.000000 0.719903 0.694074 0.000000 0.719903 0.581859 0.000000 0.813290 0.581859 0.000000 0.813290 0.457242 0.000000 0.889342 0.457242 0.000000 0.889342 0.322880 0.000000 0.946440 0.322880 0.000000 0.946440 0.181637 0.000000 0.983366 0.181637 0.000000 0.983366 0.036522 0.000000 0.999333 0.036522 0.000000 0.999333 -0.109371 -0.000000 0.994001 -0.109371 -0.000000 0.994001 -0.252933 -0.000000 0.967484 -0.252933 -0.000000 0.967484 -0.391105 -0.000000 0.920346 -0.391105 -0.000000 0.920346 -0.520940 -0.000000 0.853593 -0.520940 -0.000000 0.853593 -0.639673 -0.000000 0.768647 -0.639673 -0.000000 0.768647 -0.744772 -0.000000 0.667319 -0.744772 -0.000000 0.667319 -0.833998 -0.000000 0.551768 -0.833998 -0.000000 0.551768 -0.905448 -0.000000 0.424457 -0.905448 -0.000000 0.424457 -0.957601 -0.000000 0.288099 -0.957601 -0.000000 0.288099 0.000000 -1.000000 0.000000 0.000000 -1.000000 0.000000 0.000000 -1.000000 0.000000 0.000000 -1.000000 0.000000 0.000000 -1.000000 0.000000 0.000000 -1.000000 0.000000 0.000000 -1.000000 0.000000 0.000000 -1.000000 0.000000 0.000000 -1.000000 0.000000 0.000000 -1.000000 0.000000 0.000000 -1.000000 0.000000 0.000000 -1.000000 0.000000 0.000000 -1.000000 0.000000 0.000000 -1.000000 0.000000 0.000000 -1.000000 0.000000 0.000000 -1.000000 0.000000 0.000000 -1.000000 0.000000 0.000000 -1.000000 0.000000 0.000000 -1.000000 0.000000 0.000000 -1.000000 0.000000 0.000000 -1.000000 0.000000 0.000000 -1.000000 0.000000 0.000000 -1.000000 0.000000 0.000000 -1.000000 0.000000 0.000000 -1.000000 0.000000 0.000000 -1.000000 0.000000 0.000000 -1.000000 0.000000 0.000000 -1.000000 0.000000 0.000000 -1.000000 0.000000 0.000000 -1.000000 0.000000 0.000000 -1.000000 0.000000 0.000000 -1.000000 0.000000 0.000000 -1.000000 0.000000 0.000000 -1.000000 0.000000 0.000000 -1.000000 0.000000 0.000000 -1.000000 0.000000 0.000000 -1.000000 0.000000 0.000000 -1.000000 0.000000 0.000000 -1.000000 0.000000 0.000000 -1.000000 0.000000 0.000000 -1.000000 0.000000 0.000000 -1.000000 0.000000 0.000000 -1.000000 0.000000 0.000000 -0.000000 -1.000000 0.000000 -0.000000 -1.000000 -0.101168 0.000000 -0.994869 -0.101168 0.000000 -0.994869 -0.201299 0.000000 -0.979530 -0.201299 0.000000 -0.979530 -0.299363 0.000000 -0.954139 -0.299363 0.000000 -0.954139 -0.394356 0.000000 -0.918958 -0.394356 0.000000 -0.918958 -0.485302 0.000000 -0.874347 -0.485302 0.000000 -0.874347 -0.571268 0.000000 -0.820763 -0.571268 0.000000 -0.820763 -0.651372 0.000000 -0.758758 -0.651372 0.000000 -0.758758 -0.724793 0.000000 -0.688967 -0.724793 0.000000 -0.688967 -0.790776 0.000000 -0.612106 -0.790776 0.000000 -0.612106 -0.848644 0.000000 -0.528964 -0.848644 0.000000 -0.528964 -0.897805 0.000000 -0.440394 -0.897805 0.000000 -0.440394 -0.937752 0.000000 -0.347305 -0.937752 0.000000 -0.347305 -0.968077 0.000000 -0.250653 -0.968077 0.000000 -0.250653 -0.988468 0.000000 -0.151428 -0.988468 0.000000 -0.151428 -0.998717 0.000000 -0.050649 -0.998717 0.000000 -0.050649 -0.998717 -0.000000 0.050649 -0.998717 -0.000000 0.050649 -0.988468 -0.000000 0.151428 -0.988468 -0.000000 0.151428 -0.968077 -0.000000 0.250653 -0.968077 -0.000000 0.250653 -0.937752 -0.000000 0.347305 -0.937752 -0.000000 0.347305 -0.897805 -0.000000 0.440394 -0.897805 -0.000000 0.440394 -0.848644 -0.000000 0.528964 -0.848644 -0.000000 0.528964 -0.790776 -0.000000 0.612106 -0.790776 -0.000000 0.612106 -0.724793 -0.000000 0.688967 -0.724793 -0.000000 0.688967 -0.651372 -0.000000 0.758758 -0.651372 -0.000000 0.758758 -0.571268 -0.000000 0.820763 -0.571268 -0.000000 0.820763 -0.485302 -0.000000 0.874347 -0.485302 -0.000000 0.874347 -0.394356 -0.000000 0.918958 -0.394356 -0.000000 0.918958 -0.299363 -0.000000 0.954139 -0.299363 -0.000000 0.954139 -0.201299 -0.000000 0.979530 -0.201299 -0.000000 0.979530 -0.101168 -0.000000 0.994869 -0.101168 -0.000000 0.994869 -0.000000 -0.000000 1.000000 -0.000000 -0.000000 1.000000 -0.000000 -0.000000 -1.000000 -0.000000 -0.000000 -1.000000 0.000000 1.000000 0.000000 0.000000 1.000000 0.000000 0.000000 1.000000 0.000000 0.000000 1.000000 0.000000 0.000000 1.000000 0.000000 0.000000 1.000000 0.000000 0.000000 1.000000 0.000000 0.000000 1.000000 0.000000 0.000000 1.000000 0.000000 0.000000 1.000000 0.000000 0.000000 1.000000 0.000000 0.000000 1.000000 0.000000 0.000000 1.000000 0.000000 0.000000 1.000000 0.000000 0.000000 1.000000 0.000000 0.000000 1.000000 0.000000 0.000000 1.000000 0.000000 0.000000 1.000000 0.000000 0.000000 1.000000 0.000000 0.000000 1.000000 0.000000 0.000000 1.000000 0.000000 0.000000 1.000000 0.000000 0.000000 1.000000 0.000000 0.000000 1.000000 0.000000 0.000000 1.000000 0.000000 0.000000 1.000000 0.000000 0.000000 1.000000 0.000000 0.000000 1.000000 0.000000 0.000000 1.000000 0.000000 0.000000 1.000000 0.000000 0.000000 1.000000 0.000000 0.000000 1.000000 0.000000 0.000000 1.000000 0.000000 0.000000 1.000000 0.000000 0.000000 0.000000 1.000000 0.000000 0.000000 1.000000 0.000000 -1.000000 0.000000 0.000000 -1.000000 0.000000 0.000000 -1.000000 0.000000 0.000000 -1.000000 0.000000 0.000000 -1.000000 0.000000 0.000000 -1.000000 0.000000 0.000000 -1.000000 0.000000 0.000000 -1.000000 0.000000 0.000000 -1.000000 0.000000 0.000000 -1.000000 0.000000 0.000000 -1.000000 0.000000 0.000000 -1.000000 0.000000 0.000000 -1.000000 0.000000 0.000000 -1.000000 0.000000 0.000000 -1.000000 0.000000 0.000000 -1.000000 0.000000 0.000000 -1.000000 0.000000 0.000000 -1.000000 0.000000 0.000000 -1.000000 0.000000 0.000000 -1.000000 0.000000 0.000000 -1.000000 0.000000 0.000000 -1.000000 0.000000 0.000000 -1.000000 0.000000 0.000000 -1.000000 0.000000 0.000000 -1.000000 0.000000 0.000000 -1.000000 0.000000 0.000000 -1.000000 0.000000 0.000000 -1.000000 0.000000 0.000000 -1.000000 0.000000 0.000000 -1.000000 0.000000 0.000000 -1.000000 0.000000 0.000000 -1.000000 0.000000 0.000000 -1.000000 0.000000 0.000000 -1.000000 0.000000 0.000000 -1.000000 0.000000 0.000000 -1.000000 0.000000 0.000000 -1.000000 0.000000 0.000000 -1.000000 0.000000 0.000000 -1.000000 0.000000 0.000000 -1.000000 0.000000 0.000000 -1.000000 0.000000 0.000000 -1.000000 0.000000 0.000000 -1.000000 0.000000 0.000000 -1.000000 0.000000 0.000000 -1.000000 0.000000 0.000000 -1.000000 0.000000 0.000000 -1.000000 0.000000 0.000000 -1.000000 0.000000 0.000000 -1.000000 0.000000 0.000000 -1.000000 0.000000 0.000000 -1.000000 0.000000 0.000000 -1.000000 0.000000 0.000000 -1.000000 0.000000 0.000000 -1.000000 0.000000 0.000000 -1.000000 0.000000 0.000000 -1.000000 0.000000 0.000000 -1.000000 0.000000 0.000000 -1.000000 0.000000 0.000000 -1.000000 0.000000 0.000000 -1.000000 0.000000 0.000000 -1.000000 0.000000 0.000000 -1.000000 0.000000 0.000000 -1.000000 0.000000 0.000000 -1.000000 0.000000 0.000000 -1.000000 0.000000 0.000000 -1.000000 0.000000 0.000000 -1.000000 0.000000 0.000000 -1.000000 0.000000 0.000000 -1.000000 0.000000 0.000000 -1.000000 0.000000 0.000000 -1.000000 0.000000 0.000000 -1.000000 0.000000 0.000000 -1.000000 0.000000 0.000000 -1.000000 0.000000 0.000000 -1.000000 0.000000 0.000000 -1.000000 0.000000 0.000000 -1.000000 0.000000 0.000000 0.991445 -0.130526 0.000000 0.991445 -0.130526 0.000000 0.923880 -0.382683 0.000000 0.923880 -0.382683 0.000000 0.793353 -0.608761 0.000000 0.793353 -0.608761 0.000000 0.608761 -0.793353 0.000000 0.608761 -0.793353 0.000000 0.382683 -0.923880 0.000000 0.382683 -0.923880 0.000000 0.130526 -0.991445 0.000000 0.130526 -0.991445 0.000000 -0.130526 -0.991445 0.000000 -0.130526 -0.991445 0.000000 -0.382683 -0.923880 0.000000 -0.382683 -0.923880 0.000000 -0.608761 -0.793353 0.000000 -0.608761 -0.793353 0.000000 -0.793353 -0.608761 0.000000 -0.793353 -0.608761 0.000000 -0.923880 -0.382683 0.000000 -0.923880 -0.382683 0.000000 -0.991445 -0.130526 0.000000 -0.991445 -0.130526 0.000000 -0.991445 0.130526 0.000000 -0.991445 0.130526 0.000000 -0.923880 0.382683 0.000000 -0.923880 0.382683 0.000000 -0.793353 0.608761 0.000000 -0.793353 0.608761 0.000000 -0.608761 0.793353 0.000000 -0.608761 0.793353 0.000000 -0.382683 0.923880 0.000000 -0.382683 0.923880 0.000000 -0.130526 0.991445 0.000000 -0.130526 0.991445 -0.000000 0.130526 0.991445 -0.000000 0.130526 0.991445 -0.000000 0.382683 0.923880 -0.000000 0.382683 0.923880 -0.000000 0.608761 0.793353 -0.000000 0.608761 0.793353 -0.000000 0.793353 0.608761 -0.000000 0.793353 0.608761 -0.000000 0.923880 0.382683 -0.000000 0.923880 0.382683 -0.000000 0.991445 0.130526 -0.000000 0.991445 0.130526 -0.000000 -0.793353 0.608761 -0.000000 -0.793353 0.608761 -0.000000 -0.923880 0.382683 -0.000000 -0.923880 0.382683 -0.000000 -0.991445 0.130526 -0.000000 -0.991445 0.130526 0.000000 -0.991445 -0.130526 0.000000 -0.991445 -0.130526 0.000000 -0.923880 -0.382683 0.000000 -0.923880 -0.382683 0.000000 -0.793353 -0.608761 0.000000 -0.793353 -0.608761 0.000000 -0.608761 -0.793353 0.000000 -0.608761 -0.793353 0.000000 -0.382683 -0.923880 0.000000 -0.382683 -0.923880 0.000000 -0.130526 -0.991445 0.000000 -0.130526 -0.991445 -0.000000 0.130526 -0.991445 -0.000000 0.130526 -0.991445 -0.000000 0.382683 -0.923880 -0.000000 0.382683 -0.923880 -0.000000 0.608761 -0.793353 -0.000000 0.608761 -0.793353 -0.000000 0.793353 -0.608761 -0.000000 0.793353 -0.608761 -0.000000 0.923880 -0.382683 -0.000000 0.923880 -0.382683 -0.000000 0.991445 -0.130526 -0.000000 0.991445 -0.130526 -0.000000 0.991445 0.130526 -0.000000 0.991445 0.130526 -0.000000 0.923880 0.382683 -0.000000 0.923880 0.382683 -0.000000 0.793353 0.608761 -0.000000 0.793353 0.608761 -0.000000 0.608761 0.793353 -0.000000 0.608761 0.793353 -0.000000 0.382683 0.923880 -0.000000 0.382683 0.923880 -0.000000 0.130526 0.991445 -0.000000 0.130526 0.991445 -0.000000 -0.130526 0.991445 -0.000000 -0.130526 0.991445 -0.000000 -0.382683 0.923880 -0.000000 -0.382683 0.923880 -0.000000 -0.608761 0.793353 -0.000000 -0.608761 0.793353 1.000000 0.000000 0.000000 1.000000 0.000000 0.000000 1.000000 0.000000 0.000000 1.000000 0.000000 0.000000 1.000000 0.000000 0.000000 1.000000 0.000000 0.000000 1.000000 0.000000 0.000000 1.000000 0.000000 0.000000 1.000000 0.000000 0.000000 1.000000 0.000000 0.000000 1.000000 0.000000 0.000000 1.000000 0.000000 0.000000 1.000000 0.000000 0.000000 1.000000 0.000000 0.000000 1.000000 0.000000 0.000000 1.000000 0.000000 0.000000 1.000000 0.000000 0.000000 1.000000 0.000000 0.000000 1.000000 0.000000 0.000000 1.000000 0.000000 0.000000 1.000000 0.000000 0.000000 1.000000 0.000000 0.000000 1.000000 0.000000 0.000000 1.000000 0.000000 0.000000 1.000000 0.000000 0.000000 1.000000 0.000000 0.000000 1.000000 0.000000 0.000000 1.000000 0.000000 0.000000 1.000000 0.000000 0.000000 1.000000 0.000000 0.000000 1.000000 0.000000 0.000000 1.000000 0.000000 0.000000 1.000000 0.000000 0.000000 1.000000 0.000000 0.000000 1.000000 0.000000 0.000000 1.000000 0.000000 0.000000 1.000000 0.000000 0.000000 1.000000 0.000000 0.000000 1.000000 0.000000 0.000000 1.000000 0.000000 0.000000 1.000000 0.000000 0.000000 1.000000 0.000000 0.000000 1.000000 0.000000 0.000000 1.000000 0.000000 0.000000 1.000000 0.000000 0.000000 1.000000 0.000000 0.000000 1.000000 0.000000 0.000000 1.000000 0.000000 0.000000 1.000000 0.000000 0.000000 1.000000 0.000000 0.000000 1.000000 0.000000 0.000000 1.000000 0.000000 0.000000 1.000000 0.000000 0.000000 1.000000 0.000000 0.000000 1.000000 0.000000 0.000000 1.000000 0.000000 0.000000 1.000000 0.000000 0.000000 1.000000 0.000000 0.000000 1.000000 0.000000 0.000000 1.000000 0.000000 0.000000 1.000000 0.000000 0.000000 1.000000 0.000000 0.000000 1.000000 0.000000 0.000000 1.000000 0.000000 0.000000 1.000000 0.000000 0.000000 1.000000 0.000000 0.000000 1.000000 0.000000 0.000000 1.000000 0.000000 0.000000 1.000000 0.000000 0.000000 1.000000 0.000000 0.000000 1.000000 0.000000 0.000000 1.000000 0.000000 0.000000 1.000000 0.000000 0.000000 1.000000 0.000000 0.000000 1.000000 0.000000 0.000000 1.000000 0.000000 0.000000 1.000000 0.000000 0.000000 1.000000 0.000000 0.000000 1.000000 0.000000 0.000000 1.000000 0.000000 0.000000 1.000000 0.000000 0.000000 1.000000 0.000000 0.000000 1.000000 0.000000 0.000000 1.000000 0.000000 0.000000 1.000000 0.000000 0.000000 1.000000 0.000000 0.000000 1.000000 0.000000 0.000000 1.000000 0.000000 0.000000 1.000000 0.000000 0.000000 1.000000 0.000000 0.000000 1.000000 0.000000 0.000000 1.000000 0.000000 0.000000 1.000000 0.000000 0.000000 1.000000 0.000000 0.000000 1.000000 0.000000 0.000000 1.000000 0.000000 0.000000 1.000000 0.000000 0.000000 1.000000 0.000000 0.000000 1.000000 0.000000 0.000000 1.000000 0.000000 0.000000 1.000000 0.000000 0.000000 1.000000 0.000000 0.000000 1.000000 0.000000 0.000000 1.000000 0.000000 0.000000 1.000000 0.000000 0.000000 1.000000 0.000000 0.000000 1.000000 0.000000 0.000000 1.000000 0.000000 0.000000 1.000000 0.000000 0.000000 1.000000 0.000000 0.000000 1.000000 0.000000 0.000000 1.000000 0.000000 0.000000 1.000000 0.000000 0.000000 1.000000 0.000000 0.000000 1.000000 0.000000 0.000000 1.000000 0.000000 0.000000 1.000000 0.000000 0.000000 1.000000 0.000000 0.000000 1.000000 0.000000 0.000000 1.000000 0.000000 0.000000 1.000000 0.000000 0.000000 1.000000 0.000000 0.000000 1.000000 0.000000 0.000000 1.000000 0.000000 0.000000 1.000000 0.000000 0.000000 1.000000 0.000000 0.000000 1.000000 0.000000 0.000000 1.000000 0.000000 0.000000 1.000000 0.000000 0.000000 1.000000 0.000000 0.000000 1.000000 0.000000 0.000000 1.000000 0.000000 0.000000 1.000000 0.000000 0.000000 1.000000 0.000000 0.000000 1.000000 0.000000 0.000000 1.000000 0.000000 0.000000 1.000000 0.000000 0.000000 1.000000 0.000000 0.000000 1.000000 0.000000 0.000000 1.000000 0.000000 0.000000 1.000000 0.000000 0.000000 1.000000 0.000000 0.000000 1.000000 0.000000 0.000000 1.000000 0.000000 0.000000 1.000000 0.000000 0.000000 1.000000 0.000000 0.000000 1.000000 0.000000 0.000000 1.000000 0.000000 0.000000 1.000000 0.000000 0.000000 1.000000 0.000000 0.000000 1.000000 0.000000 0.000000 1.000000 0.000000 0.000000 1.000000 0.000000 0.000000 1.000000 0.000000 0.000000 1.000000 0.000000 0.000000 1.000000 0.000000 0.000000 1.000000 0.000000 0.000000 1.000000 0.000000 0.000000 1.000000 0.000000 0.000000 1.000000 0.000000 0.000000 1.000000 0.000000 0.000000 1.000000 0.000000 0.000000 1.000000 0.000000 0.000000 1.000000 0.000000 0.000000 1.000000 0.000000 0.000000 1.000000 0.000000 0.000000 1.000000 0.000000 0.000000 1.000000 0.000000 0.000000 1.000000 0.000000 0.000000 1.000000 0.000000 0.000000 1.000000 0.000000 0.000000 1.000000 0.000000 0.000000 1.000000 0.000000 0.000000 1.000000 0.000000 0.000000 1.000000 0.000000 0.000000 1.000000 0.000000 0.000000 1.000000 0.000000 0.000000 1.000000 0.000000 0.000000 1.000000 0.000000 0.000000 1.000000 0.000000 0.000000 1.000000 0.000000 0.000000 1.000000 0.000000 0.000000 1.000000 0.000000 0.000000 1.000000 0.000000 0.000000 1.000000 0.000000 0.000000 1.000000 0.000000 0.000000 1.000000 0.000000 0.000000 1.000000 0.000000 0.000000 1.000000 0.000000 0.000000 1.000000 0.000000 0.000000 1.000000 0.000000 0.000000 1.000000 0.000000 0.000000 1.000000 0.000000 0.000000 1.000000 0.000000 0.000000 1.000000 0.000000 0.000000 1.000000 0.000000 0.000000 1.000000 0.000000 0.000000 1.000000 0.000000 0.000000 1.000000 0.000000 0.000000 1.000000 0.000000 0.000000 1.000000 0.000000 0.000000 1.000000 0.000000 0.000000 1.000000 0.000000 0.000000 1.000000 0.000000 0.000000 1.000000 0.000000 0.000000 1.000000 0.000000 0.000000 1.000000 0.000000 0.000000 1.000000 0.000000 0.000000 1.000000 0.000000 0.000000 1.000000 0.000000 0.000000 1.000000 0.000000 0.000000 1.000000 0.000000 0.000000 1.000000 0.000000 0.000000 1.000000 0.000000 0.000000 1.000000 0.000000 0.000000 1.000000 0.000000 0.000000 1.000000 0.000000 0.000000 1.000000 0.000000 0.000000 1.000000 0.000000 0.000000 1.000000 0.000000 0.000000 1.000000 0.000000 0.000000 1.000000 0.000000 0.000000 1.000000 0.000000 0.000000 1.000000 0.000000 0.000000 1.000000 0.000000 0.000000 1.000000 0.000000 0.000000 1.000000 0.000000 0.000000 1.000000 0.000000 0.000000 1.000000 0.000000 0.000000 1.000000 0.000000 0.000000 1.000000 0.000000 0.000000 1.000000 0.000000 0.000000 1.000000 0.000000 0.000000 1.000000 0.000000 0.000000 1.000000 0.000000 0.000000 1.000000 0.000000 0.000000 1.000000 0.000000 0.000000 1.000000 0.000000 0.000000 1.000000 0.000000 0.000000 1.000000 0.000000 0.000000 1.000000 0.000000 0.000000 1.000000 0.000000 0.000000 1.000000 0.000000 0.000000 1.000000 0.000000 0.000000 1.000000 0.000000 0.000000 1.000000 0.000000 0.000000 1.000000 0.000000 0.000000 1.000000 0.000000 0.000000 1.000000 0.000000 0.000000 1.000000 0.000000 0.000000 1.000000 0.000000 0.000000 1.000000 0.000000 0.000000 1.000000 0.000000 0.000000 1.000000 0.000000 0.000000 1.000000 0.000000 0.000000 1.000000 0.000000 0.000000 1.000000 0.000000 0.000000 1.000000 0.000000 0.000000 1.000000 0.000000 0.000000 1.000000 0.000000 0.000000 1.000000 0.000000 0.000000 1.000000 0.000000 0.000000 1.000000 0.000000 0.000000 1.000000 0.000000 0.000000 1.000000 0.000000 0.000000 1.000000 0.000000 0.000000 1.000000 0.000000 0.000000 1.000000 0.000000 0.000000 1.000000 0.000000 0.000000 1.000000 0.000000 0.000000 1.000000 0.000000 0.000000 1.000000 0.000000 0.000000 1.000000 0.000000 0.000000 1.000000 0.000000 0.000000 1.000000 0.000000 0.000000 1.000000 0.000000 0.000000 1.000000 0.000000 0.000000 1.000000 0.000000 0.000000 1.000000 0.000000 0.000000 1.000000 0.000000 0.000000 1.000000 0.000000 0.000000 1.000000 0.000000 0.000000 1.000000 0.000000 0.000000 1.000000 0.000000 0.000000 1.000000 0.000000 0.000000 1.000000 0.000000 0.000000 1.000000 0.000000 0.000000 1.000000 0.000000 0.000000 1.000000 0.000000 0.000000 1.000000 0.000000 0.000000 1.000000 0.000000 0.000000 1.000000 0.000000 0.000000 1.000000 0.000000 0.000000 1.000000 0.000000 0.000000 1.000000 0.000000 0.000000 1.000000 0.000000 0.000000 1.000000 0.000000 0.000000 1.000000 0.000000 0.000000 1.000000 0.000000 0.000000 1.000000 0.000000 0.000000 1.000000 0.000000 0.000000 1.000000 0.000000 0.000000 1.000000 0.000000 0.000000 1.000000 0.000000 0.000000 1.000000 0.000000 0.000000 1.000000 0.000000 0.000000 1.000000 0.000000 0.000000 1.000000 0.000000 0.000000 1.000000 0.000000 0.000000 1.000000 0.000000 0.000000 1.000000 0.000000 0.000000 1.000000 0.000000 0.000000 1.000000 0.000000 0.000000 1.000000 0.000000 0.000000 1.000000 0.000000 0.000000 1.000000 0.000000 0.000000 1.000000 0.000000 0.000000 1.000000 0.000000 0.000000 1.000000 0.000000 0.000000 1.000000 0.000000 0.000000 1.000000 0.000000 0.000000 1.000000 0.000000 0.000000 1.000000 0.000000 0.000000 1.000000 0.000000 0.000000 1.000000 0.000000 0.000000 1.000000 0.000000 0.000000 1.000000 0.000000 0.000000 1.000000 0.000000 0.000000 1.000000 0.000000 0.000000 1.000000 0.000000 0.000000 1.000000 0.000000 0.000000 1.000000 0.000000 0.000000 1.000000 0.000000 0.000000 1.000000 0.000000 0.000000 1.000000 0.000000 0.000000 1.000000 0.000000 0.000000 1.000000 0.000000 0.000000 1.000000 0.000000 0.000000 1.000000 0.000000 0.000000 1.000000 0.000000 0.000000 1.000000 0.000000 0.000000 1.000000 0.000000 0.000000 1.000000 0.000000 0.000000 1.000000 0.000000 0.000000 1.000000 0.000000 0.000000 1.000000 0.000000 0.000000 1.000000 0.000000 0.000000 1.000000 0.000000 0.000000 1.000000 0.000000 0.000000 1.000000 0.000000 0.000000 1.000000 0.000000 0.000000 1.000000 0.000000 0.000000 1.000000 0.000000 0.000000 1.000000 0.000000 0.000000 1.000000 0.000000 0.000000 1.000000 0.000000 0.000000 1.000000 0.000000 0.000000 1.000000 0.000000 0.000000 1.000000 0.000000 0.000000 1.000000 0.000000 0.000000 1.000000 0.000000 0.000000 1.000000 0.000000 0.000000 1.000000 0.000000 0.000000 1.000000 0.000000 0.000000 1.000000 0.000000 0.000000 1.000000 0.000000 0.000000 1.000000 0.000000 0.000000 1.000000 0.000000 0.000000 1.000000 0.000000 0.000000 1.000000 0.000000 0.000000 1.000000 0.000000 0.000000 1.000000 0.000000 0.000000 1.000000 0.000000 0.000000 1.000000 0.000000 0.000000 1.000000 0.000000 0.000000 1.000000 0.000000 0.000000 1.000000 0.000000 0.000000 1.000000 0.000000 0.000000 1.000000 0.000000 0.000000 1.000000 0.000000 0.000000 1.000000 0.000000 0.000000 1.000000 0.000000 0.000000 1.000000 0.000000 0.000000 1.000000 0.000000 0.000000 1.000000 0.000000 0.000000 1.000000 0.000000 0.000000 1.000000 0.000000 0.000000 1.000000 0.000000 0.000000 1.000000 0.000000 0.000000 1.000000 0.000000 0.000000 1.000000 0.000000 0.000000 1.000000 0.000000 0.000000 1.000000 0.000000 0.000000 1.000000 0.000000 0.000000 1.000000 0.000000 0.000000 1.000000 0.000000 0.000000 1.000000 0.000000 0.000000 1.000000 0.000000 0.000000 1.000000 0.000000 0.000000 1.000000 0.000000 0.000000 1.000000 0.000000 0.000000 1.000000 0.000000 0.000000 1.000000 0.000000 0.000000 1.000000 0.000000 0.000000 1.000000 0.000000 0.000000 1.000000 0.000000 0.000000 1.000000 0.000000 0.000000 1.000000 0.000000 0.000000 1.000000 0.000000 0.000000 1.000000 0.000000 0.000000 1.000000 0.000000 0.000000 1.000000 0.000000 0.000000 1.000000 0.000000 0.000000 1.000000 0.000000 0.000000 1.000000 0.000000 0.000000 1.000000 0.000000 0.000000 1.000000 0.000000 0.000000 1.000000 0.000000 0.000000 1.000000 0.000000 0.000000 1.000000 0.000000 0.000000 1.000000 0.000000 0.000000 1.000000 0.000000 0.000000 1.000000 0.000000 0.000000 1.000000 0.000000 0.000000 1.000000 0.000000 0.000000 1.000000 0.000000 0.000000 1.000000 0.000000 0.000000 1.000000 0.000000 0.000000 1.000000 0.000000 0.000000 1.000000 0.000000 0.000000 1.000000 0.000000 0.000000 1.000000 0.000000 0.000000 1.000000 0.000000 0.000000 1.000000 0.000000 0.000000 1.000000 0.000000 0.000000 1.000000 0.000000 0.000000 1.000000 0.000000 0.000000 1.000000 0.000000 0.000000 1.000000 0.000000 0.000000 1.000000 0.000000 0.000000 1.000000 0.000000 0.000000 1.000000 0.000000 0.000000 1.000000 0.000000 0.000000 1.000000 0.000000 0.000000 1.000000 0.000000 0.000000 1.000000 0.000000 0.000000 1.000000 0.000000 0.000000 1.000000 0.000000 0.000000 1.000000 0.000000 0.000000 1.000000 0.000000 0.000000 1.000000 0.000000 0.000000 1.000000 0.000000 0.000000 1.000000 0.000000 0.000000 1.000000 0.000000 0.000000 1.000000 0.000000 0.000000 1.000000 0.000000 0.000000 1.000000 0.000000 0.000000 1.000000 0.000000 0.000000 1.000000 0.000000 0.000000 1.000000 0.000000 0.000000 1.000000 0.000000 0.000000 1.000000 0.000000 0.000000 1.000000 0.000000 0.000000 1.000000 0.000000 0.000000 1.000000 0.000000 0.000000 1.000000 0.000000 0.000000 1.000000 0.000000 0.000000 1.000000 0.000000 0.000000 1.000000 0.000000 0.000000 1.000000 0.000000 0.000000 1.000000 0.000000 0.000000 1.000000 0.000000 0.000000 1.000000 0.000000 0.000000 1.000000 0.000000 0.000000 1.000000 0.000000 0.000000 1.000000 0.000000 0.000000 1.000000 0.000000 0.000000 1.000000 0.000000 0.000000 1.000000 0.000000 0.000000 1.000000 0.000000 0.000000 1.000000 0.000000 0.000000 1.000000 0.000000 0.000000 1.000000 0.000000 0.000000 1.000000 0.000000 0.000000 1.000000 0.000000 0.000000 1.000000 0.000000 0.000000 1.000000 0.000000 0.000000 1.000000 0.000000 0.000000 1.000000 0.000000 0.000000 1.000000 0.000000 0.000000 1.000000 0.000000 0.000000 1.000000 0.000000 0.000000 1.000000 0.000000 0.000000 1.000000 0.000000 0.000000 1.000000 0.000000 0.000000 1.000000 0.000000 0.000000 1.000000 0.000000 0.000000 1.000000 0.000000 0.000000 1.000000 0.000000 0.000000 1.000000 0.000000 0.000000 1.000000 0.000000 0.000000 1.000000 0.000000 0.000000 1.000000 0.000000 0.000000 1.000000 0.000000 0.000000 1.000000 0.000000 0.000000 1.000000 0.000000 0.000000 1.000000 0.000000 0.000000 1.000000 0.000000 0.000000 1.000000 0.000000 0.000000 1.000000 0.000000 0.000000 1.000000 0.000000 0.000000 1.000000 0.000000 0.000000 1.000000 0.000000 0.000000 1.000000 0.000000 0.000000 1.000000 0.000000 0.000000 1.000000 0.000000 0.000000 1.000000 0.000000 0.000000 1.000000 0.000000 0.000000 1.000000 0.000000 0.000000 1.000000 0.000000 0.000000 1.000000 0.000000 0.000000 1.000000 0.000000 0.000000 1.000000 0.000000 0.000000 1.000000 0.000000 0.000000 1.000000 0.000000 0.000000 1.000000 0.000000 0.000000 1.000000 0.000000 0.000000 1.000000 0.000000 0.000000 1.000000 0.000000 0.000000 1.000000 0.000000 0.000000 1.000000 0.000000 0.000000 1.000000 0.000000 0.000000 1.000000 0.000000 0.000000 1.000000 0.000000 0.000000 1.000000 0.000000 0.000000 1.000000 0.000000 0.000000 1.000000 0.000000 0.000000 1.000000 0.000000 0.000000 1.000000 0.000000 0.000000 1.000000 0.000000 0.000000 1.000000 0.000000 0.000000 1.000000 0.000000 0.000000 1.000000 0.000000 0.000000 1.000000 0.000000 0.000000 1.000000 0.000000 0.000000 1.000000 0.000000 0.000000 1.000000 0.000000 0.000000 1.000000 0.000000 0.000000 1.000000 0.000000 0.000000 1.000000 0.000000 0.000000 1.000000 0.000000 0.000000 1.000000 0.000000 0.000000 1.000000 0.000000 0.000000 1.000000 0.000000 0.000000 1.000000 0.000000 0.000000 1.000000 0.000000 0.000000 1.000000 0.000000 0.000000 1.000000 0.000000 0.000000 1.000000 0.000000 0.000000 1.000000 0.000000 0.000000 1.000000 0.000000 0.000000 1.000000 0.000000 0.000000 1.000000 0.000000 0.000000 1.000000 0.000000 0.000000 1.000000 0.000000 0.000000 1.000000 0.000000 0.000000 1.000000 0.000000 0.000000 1.000000 0.000000 0.000000 1.000000 0.000000 0.000000 1.000000 0.000000 0.000000 1.000000 0.000000 0.000000 1.000000 0.000000 0.000000 1.000000 0.000000 0.000000 1.000000 0.000000 0.000000 1.000000 0.000000 0.000000 1.000000 0.000000 0.000000 1.000000 0.000000 0.000000 1.000000 0.000000 0.000000 1.000000 0.000000 0.000000 1.000000 0.000000 0.000000 1.000000 0.000000 0.000000 1.000000 0.000000 0.000000 1.000000 0.000000 0.000000 1.000000 0.000000 0.000000 1.000000 0.000000 0.000000 1.000000 0.000000 0.000000 1.000000 0.000000 0.000000 1.000000 0.000000 0.000000 1.000000 0.000000 0.000000 1.000000 0.000000 0.000000 1.000000 0.000000 0.000000 1.000000 0.000000 0.000000 1.000000 0.000000 0.000000 1.000000 0.000000 0.000000 1.000000 0.000000 0.000000 1.000000 0.000000 0.000000 1.000000 0.000000 0.000000 1.000000 0.000000 0.000000 1.000000 0.000000 0.000000 0.000000 0.866025 -0.500000 0.000000 0.866025 -0.500000 0.000000 0.707107 -0.707107 0.000000 0.707107 -0.707107 0.000000 0.500000 -0.866025 0.000000 0.500000 -0.866025 0.000000 0.258819 -0.965926 0.000000 0.258819 -0.965926 0.000000 0.000000 -1.000000 0.000000 0.000000 -1.000000 0.000000 -0.258819 -0.965926 0.000000 -0.258819 -0.965926 0.000000 -0.500000 -0.866025 0.000000 -0.500000 -0.866025 0.000000 -0.707107 -0.707107 0.000000 -0.707107 -0.707107 0.000000 -0.866025 -0.500000 0.000000 -0.866025 -0.500000 0.000000 -0.965926 -0.258819 0.000000 -0.965926 -0.258819 0.000000 -1.000000 0.000000 0.000000 -1.000000 0.000000 0.000000 -0.965926 0.258819 0.000000 -0.965926 0.258819 0.000000 -0.866025 0.500000 0.000000 -0.866025 0.500000 0.000000 -0.707107 0.707107 0.000000 -0.707107 0.707107 0.000000 -0.500000 0.866025 0.000000 -0.500000 0.866025 0.000000 -0.258819 0.965926 0.000000 -0.258819 0.965926 0.000000 0.000000 1.000000 0.000000 0.000000 1.000000 -0.000000 0.258819 0.965926 -0.000000 0.258819 0.965926 -0.000000 0.500000 0.866025 -0.000000 0.500000 0.866025 -0.000000 0.707107 0.707107 -0.000000 0.707107 0.707107 -0.000000 0.866025 0.500000 -0.000000 0.866025 0.500000 -0.000000 0.965926 0.258819 -0.000000 0.965926 0.258819 0.000000 1.000000 -0.000000 0.000000 1.000000 -0.000000 0.000000 0.965926 -0.258819 0.000000 0.965926 -0.258819 -0.000000 -0.500000 0.866025 -0.000000 -0.500000 0.866025 -0.000000 -0.707107 0.707107 -0.000000 -0.707107 0.707107 -0.000000 -0.866025 0.500000 -0.000000 -0.866025 0.500000 -0.000000 -0.965926 0.258819 -0.000000 -0.965926 0.258819 -0.000000 -1.000000 0.000000 -0.000000 -1.000000 0.000000 0.000000 -0.965926 -0.258819 0.000000 -0.965926 -0.258819 0.000000 -0.866025 -0.500000 0.000000 -0.866025 -0.500000 0.000000 -0.707107 -0.707107 0.000000 -0.707107 -0.707107 0.000000 -0.500000 -0.866025 0.000000 -0.500000 -0.866025 0.000000 -0.258819 -0.965926 0.000000 -0.258819 -0.965926 -0.000000 0.000000 -1.000000 -0.000000 0.000000 -1.000000 -0.000000 0.258819 -0.965926 -0.000000 0.258819 -0.965926 -0.000000 0.500000 -0.866025 -0.000000 0.500000 -0.866025 -0.000000 0.707107 -0.707107 -0.000000 0.707107 -0.707107 -0.000000 0.866025 -0.500000 -0.000000 0.866025 -0.500000 -0.000000 0.965926 -0.258819 -0.000000 0.965926 -0.258819 -0.000000 1.000000 -0.000000 -0.000000 1.000000 -0.000000 -0.000000 0.965926 0.258819 -0.000000 0.965926 0.258819 -0.000000 0.866025 0.500000 -0.000000 0.866025 0.500000 -0.000000 0.707107 0.707107 -0.000000 0.707107 0.707107 -0.000000 0.500000 0.866025 -0.000000 0.500000 0.866025 -0.000000 0.258819 0.965926 -0.000000 0.258819 0.965926 -0.000000 -0.000000 1.000000 -0.000000 -0.000000 1.000000 -0.000000 -0.258819 0.965926 -0.000000 -0.258819 0.965926 1.000000 0.000000 0.000000 1.000000 0.000000 0.000000 1.000000 0.000000 0.000000 1.000000 0.000000 0.000000 1.000000 0.000000 0.000000 1.000000 0.000000 0.000000 1.000000 0.000000 0.000000 1.000000 0.000000 0.000000 1.000000 0.000000 0.000000 1.000000 0.000000 0.000000 1.000000 0.000000 0.000000 1.000000 0.000000 0.000000 1.000000 0.000000 0.000000 1.000000 0.000000 0.000000 1.000000 0.000000 0.000000 1.000000 0.000000 0.000000 1.000000 0.000000 0.000000 1.000000 0.000000 0.000000 1.000000 0.000000 0.000000 1.000000 0.000000 0.000000 1.000000 0.000000 0.000000 1.000000 0.000000 0.000000 1.000000 0.000000 0.000000 1.000000 0.000000 0.000000 1.000000 0.000000 0.000000 1.000000 0.000000 0.000000 1.000000 0.000000 0.000000 1.000000 0.000000 0.000000 1.000000 0.000000 0.000000 1.000000 0.000000 0.000000 1.000000 0.000000 0.000000 1.000000 0.000000 0.000000 1.000000 0.000000 0.000000 1.000000 0.000000 0.000000 1.000000 0.000000 0.000000 1.000000 0.000000 0.000000 1.000000 0.000000 0.000000 1.000000 0.000000 0.000000 1.000000 0.000000 0.000000 1.000000 0.000000 0.000000 1.000000 0.000000 0.000000 1.000000 0.000000 0.000000 1.000000 0.000000 0.000000 1.000000 0.000000 0.000000 1.000000 0.000000 0.000000 1.000000 0.000000 0.000000 1.000000 0.000000 0.000000 1.000000 0.000000 0.000000 1.000000 0.000000 0.000000 1.000000 0.000000 0.000000 1.000000 0.000000 0.000000 1.000000 0.000000 0.000000 1.000000 0.000000 0.000000 1.000000 0.000000 0.000000 1.000000 0.000000 0.000000 1.000000 0.000000 0.000000 1.000000 0.000000 0.000000 1.000000 0.000000 0.000000 1.000000 0.000000 0.000000 1.000000 0.000000 0.000000 1.000000 0.000000 0.000000 1.000000 0.000000 0.000000 1.000000 0.000000 0.000000 1.000000 0.000000 0.000000 1.000000 0.000000 0.000000 1.000000 0.000000 0.000000 1.000000 0.000000 0.000000 1.000000 0.000000 0.000000 1.000000 0.000000 0.000000 1.000000 0.000000 0.000000 1.000000 0.000000 0.000000 1.000000 0.000000 0.000000 0.000000 0.608761 -0.793353 0.000000 0.608761 -0.793353 0.000000 0.382683 -0.923880 0.000000 0.382683 -0.923880 0.000000 0.130526 -0.991445 0.000000 0.130526 -0.991445 0.000000 -0.130526 -0.991445 0.000000 -0.130526 -0.991445 0.000000 -0.382683 -0.923880 0.000000 -0.382683 -0.923880 0.000000 -0.608761 -0.793353 0.000000 -0.608761 -0.793353 0.000000 -0.793353 -0.608761 0.000000 -0.793353 -0.608761 0.000000 -0.923880 -0.382683 0.000000 -0.923880 -0.382683 0.000000 -0.991445 -0.130526 0.000000 -0.991445 -0.130526 0.000000 -0.991445 0.130526 0.000000 -0.991445 0.130526 0.000000 -0.923880 0.382683 0.000000 -0.923880 0.382683 0.000000 -0.793353 0.608761 0.000000 -0.793353 0.608761 0.000000 -0.608761 0.793353 0.000000 -0.608761 0.793353 0.000000 -0.382683 0.923880 0.000000 -0.382683 0.923880 0.000000 -0.130526 0.991445 0.000000 -0.130526 0.991445 -0.000000 0.130526 0.991445 -0.000000 0.130526 0.991445 -0.000000 0.382683 0.923880 -0.000000 0.382683 0.923880 -0.000000 0.608761 0.793353 -0.000000 0.608761 0.793353 -0.000000 0.793353 0.608761 -0.000000 0.793353 0.608761 -0.000000 0.923880 0.382683 -0.000000 0.923880 0.382683 -0.000000 0.991445 0.130526 -0.000000 0.991445 0.130526 0.000000 0.991445 -0.130526 0.000000 0.991445 -0.130526 0.000000 0.923880 -0.382683 0.000000 0.923880 -0.382683 0.000000 0.793353 -0.608761 0.000000 0.793353 -0.608761 -0.000000 -0.130526 0.991445 -0.000000 -0.130526 0.991445 -0.000000 -0.382683 0.923880 -0.000000 -0.382683 0.923880 -0.000000 -0.608761 0.793353 -0.000000 -0.608761 0.793353 -0.000000 -0.793353 0.608761 -0.000000 -0.793353 0.608761 -0.000000 -0.923880 0.382683 -0.000000 -0.923880 0.382683 -0.000000 -0.991445 0.130526 -0.000000 -0.991445 0.130526 0.000000 -0.991445 -0.130526 0.000000 -0.991445 -0.130526 0.000000 -0.923880 -0.382683 0.000000 -0.923880 -0.382683 0.000000 -0.793353 -0.608761 0.000000 -0.793353 -0.608761 0.000000 -0.608761 -0.793353 0.000000 -0.608761 -0.793353 0.000000 -0.382683 -0.923880 0.000000 -0.382683 -0.923880 0.000000 -0.130526 -0.991445 0.000000 -0.130526 -0.991445 -0.000000 0.130526 -0.991445 -0.000000 0.130526 -0.991445 -0.000000 0.382683 -0.923880 -0.000000 0.382683 -0.923880 -0.000000 0.608761 -0.793353 -0.000000 0.608761 -0.793353 -0.000000 0.793353 -0.608761 -0.000000 0.793353 -0.608761 -0.000000 0.923880 -0.382683 -0.000000 0.923880 -0.382683 -0.000000 0.991445 -0.130526 -0.000000 0.991445 -0.130526 -0.000000 0.991445 0.130526 -0.000000 0.991445 0.130526 -0.000000 0.923880 0.382683 -0.000000 0.923880 0.382683 -0.000000 0.793353 0.608761 -0.000000 0.793353 0.608761 -0.000000 0.608761 0.793353 -0.000000 0.608761 0.793353 -0.000000 0.382683 0.923880 -0.000000 0.382683 0.923880 -0.000000 0.130526 0.991445 -0.000000 0.130526 0.991445 1.000000 0.000000 0.000000 1.000000 0.000000 0.000000 1.000000 0.000000 0.000000 1.000000 0.000000 0.000000 1.000000 0.000000 0.000000 1.000000 0.000000 0.000000 1.000000 0.000000 0.000000 1.000000 0.000000 0.000000 1.000000 0.000000 0.000000 1.000000 0.000000 0.000000 1.000000 0.000000 0.000000 1.000000 0.000000 0.000000 1.000000 0.000000 0.000000 1.000000 0.000000 0.000000 1.000000 0.000000 0.000000 1.000000 0.000000 0.000000 1.000000 0.000000 0.000000 1.000000 0.000000 0.000000 1.000000 0.000000 0.000000 1.000000 0.000000 0.000000 1.000000 0.000000 0.000000 1.000000 0.000000 0.000000 1.000000 0.000000 0.000000 1.000000 0.000000 0.000000 1.000000 0.000000 0.000000 1.000000 0.000000 0.000000 1.000000 0.000000 0.000000 1.000000 0.000000 0.000000 1.000000 0.000000 0.000000 1.000000 0.000000 0.000000 1.000000 0.000000 0.000000 1.000000 0.000000 0.000000 1.000000 0.000000 0.000000 1.000000 0.000000 0.000000 1.000000 0.000000 0.000000 1.000000 0.000000 0.000000 1.000000 0.000000 0.000000 1.000000 0.000000 0.000000 1.000000 0.000000 0.000000 1.000000 0.000000 0.000000 1.000000 0.000000 0.000000 1.000000 0.000000 0.000000 1.000000 0.000000 0.000000 1.000000 0.000000 0.000000 1.000000 0.000000 0.000000 1.000000 0.000000 0.000000 1.000000 0.000000 0.000000 1.000000 0.000000 0.000000 1.000000 0.000000 0.000000 1.000000 0.000000 0.000000 1.000000 0.000000 0.000000 1.000000 0.000000 0.000000 1.000000 0.000000 0.000000 1.000000 0.000000 0.000000 1.000000 0.000000 0.000000 1.000000 0.000000 0.000000 1.000000 0.000000 0.000000 1.000000 0.000000 0.000000 1.000000 0.000000 0.000000 1.000000 0.000000 0.000000 1.000000 0.000000 0.000000 1.000000 0.000000 0.000000 1.000000 0.000000 0.000000 1.000000 0.000000 0.000000 1.000000 0.000000 0.000000 1.000000 0.000000 0.000000 1.000000 0.000000 0.000000 1.000000 0.000000 0.000000 1.000000 0.000000 0.000000 1.000000 0.000000 0.000000 1.000000 0.000000 0.000000 1.000000 0.000000 0.000000 0.000000 0.258819 -0.965926 0.000000 0.258819 -0.965926 0.000000 -0.000000 -1.000000 0.000000 -0.000000 -1.000000 0.000000 -0.258819 -0.965926 0.000000 -0.258819 -0.965926 0.000000 -0.500000 -0.866025 0.000000 -0.500000 -0.866025 0.000000 -0.707107 -0.707107 0.000000 -0.707107 -0.707107 0.000000 -0.866025 -0.500000 0.000000 -0.866025 -0.500000 0.000000 -0.965926 -0.258819 0.000000 -0.965926 -0.258819 0.000000 -1.000000 0.000000 0.000000 -1.000000 0.000000 0.000000 -0.965926 0.258819 0.000000 -0.965926 0.258819 0.000000 -0.866025 0.500000 0.000000 -0.866025 0.500000 0.000000 -0.707107 0.707107 0.000000 -0.707107 0.707107 0.000000 -0.500000 0.866025 0.000000 -0.500000 0.866025 0.000000 -0.258819 0.965926 0.000000 -0.258819 0.965926 -0.000000 0.000000 1.000000 -0.000000 0.000000 1.000000 -0.000000 0.258819 0.965926 -0.000000 0.258819 0.965926 -0.000000 0.500000 0.866025 -0.000000 0.500000 0.866025 -0.000000 0.707107 0.707107 -0.000000 0.707107 0.707107 -0.000000 0.866025 0.500000 -0.000000 0.866025 0.500000 -0.000000 0.965926 0.258819 -0.000000 0.965926 0.258819 -0.000000 1.000000 0.000000 -0.000000 1.000000 0.000000 0.000000 0.965926 -0.258819 0.000000 0.965926 -0.258819 0.000000 0.866025 -0.500000 0.000000 0.866025 -0.500000 0.000000 0.707107 -0.707107 0.000000 0.707107 -0.707107 0.000000 0.500000 -0.866025 0.000000 0.500000 -0.866025 -0.000000 0.258819 0.965926 -0.000000 0.258819 0.965926 -0.000000 0.000000 1.000000 -0.000000 0.000000 1.000000 -0.000000 -0.258819 0.965926 -0.000000 -0.258819 0.965926 -0.000000 -0.500000 0.866025 -0.000000 -0.500000 0.866025 -0.000000 -0.707107 0.707107 -0.000000 -0.707107 0.707107 -0.000000 -0.866025 0.500000 -0.000000 -0.866025 0.500000 -0.000000 -0.965926 0.258819 -0.000000 -0.965926 0.258819 0.000000 -1.000000 -0.000000 0.000000 -1.000000 -0.000000 0.000000 -0.965926 -0.258819 0.000000 -0.965926 -0.258819 0.000000 -0.866025 -0.500000 0.000000 -0.866025 -0.500000 0.000000 -0.707107 -0.707107 0.000000 -0.707107 -0.707107 0.000000 -0.500000 -0.866025 0.000000 -0.500000 -0.866025 0.000000 -0.258819 -0.965926 0.000000 -0.258819 -0.965926 0.000000 -0.000000 -1.000000 0.000000 -0.000000 -1.000000 -0.000000 0.258819 -0.965926 -0.000000 0.258819 -0.965926 -0.000000 0.500000 -0.866025 -0.000000 0.500000 -0.866025 -0.000000 0.707107 -0.707107 -0.000000 0.707107 -0.707107 -0.000000 0.866025 -0.500000 -0.000000 0.866025 -0.500000 -0.000000 0.965926 -0.258819 -0.000000 0.965926 -0.258819 -0.000000 1.000000 -0.000000 -0.000000 1.000000 -0.000000 -0.000000 0.965926 0.258819 -0.000000 0.965926 0.258819 -0.000000 0.866025 0.500000 -0.000000 0.866025 0.500000 -0.000000 0.707107 0.707107 -0.000000 0.707107 0.707107 -0.000000 0.500000 0.866025 -0.000000 0.500000 0.866025 1.000000 0.000000 0.000000 1.000000 0.000000 0.000000 1.000000 0.000000 0.000000 1.000000 0.000000 0.000000 1.000000 0.000000 0.000000 1.000000 0.000000 0.000000 1.000000 0.000000 0.000000 1.000000 0.000000 0.000000 1.000000 0.000000 0.000000 1.000000 0.000000 0.000000 1.000000 0.000000 0.000000 1.000000 0.000000 0.000000 1.000000 0.000000 0.000000 1.000000 0.000000 0.000000 1.000000 0.000000 0.000000 1.000000 0.000000 0.000000 1.000000 0.000000 0.000000 1.000000 0.000000 0.000000 1.000000 0.000000 0.000000 1.000000 0.000000 0.000000 1.000000 0.000000 0.000000 1.000000 0.000000 0.000000 1.000000 0.000000 0.000000 1.000000 0.000000 0.000000 1.000000 0.000000 0.000000 1.000000 0.000000 0.000000 1.000000 0.000000 0.000000 1.000000 0.000000 0.000000 1.000000 0.000000 0.000000 1.000000 0.000000 0.000000 1.000000 0.000000 0.000000 1.000000 0.000000 0.000000 1.000000 0.000000 0.000000 1.000000 0.000000 0.000000 1.000000 0.000000 0.000000 1.000000 0.000000 0.000000 1.000000 0.000000 0.000000 1.000000 0.000000 0.000000 1.000000 0.000000 0.000000 1.000000 0.000000 0.000000 1.000000 0.000000 0.000000 1.000000 0.000000 0.000000 1.000000 0.000000 0.000000 1.000000 0.000000 0.000000 1.000000 0.000000 0.000000 1.000000 0.000000 0.000000 1.000000 0.000000 0.000000 1.000000 0.000000 0.000000 1.000000 0.000000 0.000000 1.000000 0.000000 0.000000 1.000000 0.000000 0.000000 1.000000 0.000000 0.000000 1.000000 0.000000 0.000000 1.000000 0.000000 0.000000 1.000000 0.000000 0.000000 1.000000 0.000000 0.000000 1.000000 0.000000 0.000000 1.000000 0.000000 0.000000 1.000000 0.000000 0.000000 1.000000 0.000000 0.000000 1.000000 0.000000 0.000000 1.000000 0.000000 0.000000 1.000000 0.000000 0.000000 1.000000 0.000000 0.000000 1.000000 0.000000 0.000000 1.000000 0.000000 0.000000 1.000000 0.000000 0.000000 1.000000 0.000000 0.000000 1.000000 0.000000 0.000000 1.000000 0.000000 0.000000 1.000000 0.000000 0.000000 1.000000 0.000000 0.000000 0.000000 -0.130526 -0.991445 0.000000 -0.130526 -0.991445 0.000000 -0.382683 -0.923880 0.000000 -0.382683 -0.923880 0.000000 -0.608761 -0.793353 0.000000 -0.608761 -0.793353 0.000000 -0.793353 -0.608761 0.000000 -0.793353 -0.608761 0.000000 -0.923880 -0.382683 0.000000 -0.923880 -0.382683 0.000000 -0.991445 -0.130526 0.000000 -0.991445 -0.130526 0.000000 -0.991445 0.130526 0.000000 -0.991445 0.130526 0.000000 -0.923880 0.382683 0.000000 -0.923880 0.382683 0.000000 -0.793353 0.608761 0.000000 -0.793353 0.608761 0.000000 -0.608761 0.793353 0.000000 -0.608761 0.793353 0.000000 -0.382683 0.923880 0.000000 -0.382683 0.923880 0.000000 -0.130526 0.991445 0.000000 -0.130526 0.991445 -0.000000 0.130526 0.991445 -0.000000 0.130526 0.991445 -0.000000 0.382683 0.923880 -0.000000 0.382683 0.923880 -0.000000 0.608761 0.793353 -0.000000 0.608761 0.793353 -0.000000 0.793353 0.608761 -0.000000 0.793353 0.608761 -0.000000 0.923880 0.382683 -0.000000 0.923880 0.382683 -0.000000 0.991445 0.130526 -0.000000 0.991445 0.130526 0.000000 0.991445 -0.130526 0.000000 0.991445 -0.130526 0.000000 0.923880 -0.382683 0.000000 0.923880 -0.382683 0.000000 0.793353 -0.608761 0.000000 0.793353 -0.608761 0.000000 0.608761 -0.793353 0.000000 0.608761 -0.793353 0.000000 0.382683 -0.923880 0.000000 0.382683 -0.923880 0.000000 0.130526 -0.991445 0.000000 0.130526 -0.991445 -0.000000 0.608761 0.793353 -0.000000 0.608761 0.793353 -0.000000 0.382683 0.923880 -0.000000 0.382683 0.923880 -0.000000 0.130526 0.991445 -0.000000 0.130526 0.991445 -0.000000 -0.130526 0.991445 -0.000000 -0.130526 0.991445 -0.000000 -0.382683 0.923880 -0.000000 -0.382683 0.923880 -0.000000 -0.608761 0.793353 -0.000000 -0.608761 0.793353 -0.000000 -0.793353 0.608761 -0.000000 -0.793353 0.608761 -0.000000 -0.923880 0.382683 -0.000000 -0.923880 0.382683 -0.000000 -0.991445 0.130526 -0.000000 -0.991445 0.130526 0.000000 -0.991445 -0.130526 0.000000 -0.991445 -0.130526 0.000000 -0.923880 -0.382683 0.000000 -0.923880 -0.382683 0.000000 -0.793353 -0.608761 0.000000 -0.793353 -0.608761 0.000000 -0.608761 -0.793353 0.000000 -0.608761 -0.793353 0.000000 -0.382683 -0.923880 0.000000 -0.382683 -0.923880 0.000000 -0.130526 -0.991445 0.000000 -0.130526 -0.991445 -0.000000 0.130526 -0.991445 -0.000000 0.130526 -0.991445 -0.000000 0.382683 -0.923880 -0.000000 0.382683 -0.923880 -0.000000 0.608761 -0.793353 -0.000000 0.608761 -0.793353 -0.000000 0.793353 -0.608761 -0.000000 0.793353 -0.608761 -0.000000 0.923880 -0.382683 -0.000000 0.923880 -0.382683 -0.000000 0.991445 -0.130526 -0.000000 0.991445 -0.130526 -0.000000 0.991445 0.130526 -0.000000 0.991445 0.130526 -0.000000 0.923880 0.382683 -0.000000 0.923880 0.382683 -0.000000 0.793353 0.608761 -0.000000 0.793353 0.608761 1.000000 0.000000 0.000000 1.000000 0.000000 0.000000 1.000000 0.000000 0.000000 1.000000 0.000000 0.000000 1.000000 0.000000 0.000000 1.000000 0.000000 0.000000 1.000000 0.000000 0.000000 1.000000 0.000000 0.000000 1.000000 0.000000 0.000000 1.000000 0.000000 0.000000 1.000000 0.000000 0.000000 1.000000 0.000000 0.000000 1.000000 0.000000 0.000000 1.000000 0.000000 0.000000 1.000000 0.000000 0.000000 1.000000 0.000000 0.000000 1.000000 0.000000 0.000000 1.000000 0.000000 0.000000 1.000000 0.000000 0.000000 1.000000 0.000000 0.000000 1.000000 0.000000 0.000000 1.000000 0.000000 0.000000 1.000000 0.000000 0.000000 1.000000 0.000000 0.000000 1.000000 0.000000 0.000000 1.000000 0.000000 0.000000 1.000000 0.000000 0.000000 1.000000 0.000000 0.000000 1.000000 0.000000 0.000000 1.000000 0.000000 0.000000 1.000000 0.000000 0.000000 1.000000 0.000000 0.000000 1.000000 0.000000 0.000000 1.000000 0.000000 0.000000 1.000000 0.000000 0.000000 1.000000 0.000000 0.000000 1.000000 0.000000 0.000000 1.000000 0.000000 0.000000 1.000000 0.000000 0.000000 1.000000 0.000000 0.000000 1.000000 0.000000 0.000000 1.000000 0.000000 0.000000 1.000000 0.000000 0.000000 1.000000 0.000000 0.000000 1.000000 0.000000 0.000000 1.000000 0.000000 0.000000 1.000000 0.000000 0.000000 1.000000 0.000000 0.000000 1.000000 0.000000 0.000000 1.000000 0.000000 0.000000 1.000000 0.000000 0.000000 1.000000 0.000000 0.000000 1.000000 0.000000 0.000000 1.000000 0.000000 0.000000 1.000000 0.000000 0.000000 1.000000 0.000000 0.000000 1.000000 0.000000 0.000000 1.000000 0.000000 0.000000 1.000000 0.000000 0.000000 1.000000 0.000000 0.000000 1.000000 0.000000 0.000000 1.000000 0.000000 0.000000 1.000000 0.000000 0.000000 1.000000 0.000000 0.000000 1.000000 0.000000 0.000000 1.000000 0.000000 0.000000 1.000000 0.000000 0.000000 1.000000 0.000000 0.000000 1.000000 0.000000 0.000000 1.000000 0.000000 0.000000 1.000000 0.000000 0.000000 1.000000 0.000000 0.000000 0.000000 -0.500000 -0.866025 0.000000 -0.500000 -0.866025 0.000000 -0.707107 -0.707107 0.000000 -0.707107 -0.707107 0.000000 -0.866025 -0.500000 0.000000 -0.866025 -0.500000 0.000000 -0.965926 -0.258819 0.000000 -0.965926 -0.258819 0.000000 -1.000000 -0.000000 0.000000 -1.000000 -0.000000 0.000000 -0.965926 0.258819 0.000000 -0.965926 0.258819 0.000000 -0.866025 0.500000 0.000000 -0.866025 0.500000 0.000000 -0.707107 0.707107 0.000000 -0.707107 0.707107 0.000000 -0.500000 0.866025 0.000000 -0.500000 0.866025 0.000000 -0.258819 0.965926 0.000000 -0.258819 0.965926 -0.000000 0.000000 1.000000 -0.000000 0.000000 1.000000 -0.000000 0.258819 0.965926 -0.000000 0.258819 0.965926 -0.000000 0.500000 0.866025 -0.000000 0.500000 0.866025 -0.000000 0.707107 0.707107 -0.000000 0.707107 0.707107 -0.000000 0.866025 0.500000 -0.000000 0.866025 0.500000 -0.000000 0.965926 0.258819 -0.000000 0.965926 0.258819 -0.000000 1.000000 0.000000 -0.000000 1.000000 0.000000 0.000000 0.965926 -0.258819 0.000000 0.965926 -0.258819 0.000000 0.866025 -0.500000 0.000000 0.866025 -0.500000 0.000000 0.707107 -0.707107 0.000000 0.707107 -0.707107 0.000000 0.500000 -0.866025 0.000000 0.500000 -0.866025 0.000000 0.258819 -0.965926 0.000000 0.258819 -0.965926 0.000000 -0.000000 -1.000000 0.000000 -0.000000 -1.000000 0.000000 -0.258819 -0.965926 0.000000 -0.258819 -0.965926 -0.000000 0.866025 0.500000 -0.000000 0.866025 0.500000 -0.000000 0.707107 0.707107 -0.000000 0.707107 0.707107 -0.000000 0.500000 0.866025 -0.000000 0.500000 0.866025 -0.000000 0.258819 0.965926 -0.000000 0.258819 0.965926 -0.000000 0.000000 1.000000 -0.000000 0.000000 1.000000 -0.000000 -0.258819 0.965926 -0.000000 -0.258819 0.965926 -0.000000 -0.500000 0.866025 -0.000000 -0.500000 0.866025 -0.000000 -0.707107 0.707107 -0.000000 -0.707107 0.707107 -0.000000 -0.866025 0.500000 -0.000000 -0.866025 0.500000 -0.000000 -0.965926 0.258819 -0.000000 -0.965926 0.258819 0.000000 -1.000000 -0.000000 0.000000 -1.000000 -0.000000 0.000000 -0.965926 -0.258819 0.000000 -0.965926 -0.258819 0.000000 -0.866025 -0.500000 0.000000 -0.866025 -0.500000 0.000000 -0.707107 -0.707107 0.000000 -0.707107 -0.707107 0.000000 -0.500000 -0.866025 0.000000 -0.500000 -0.866025 0.000000 -0.258819 -0.965926 0.000000 -0.258819 -0.965926 -0.000000 0.000000 -1.000000 -0.000000 0.000000 -1.000000 -0.000000 0.258819 -0.965926 -0.000000 0.258819 -0.965926 -0.000000 0.500000 -0.866025 -0.000000 0.500000 -0.866025 -0.000000 0.707107 -0.707107 -0.000000 0.707107 -0.707107 -0.000000 0.866025 -0.500000 -0.000000 0.866025 -0.500000 -0.000000 0.965926 -0.258819 -0.000000 0.965926 -0.258819 -0.000000 1.000000 0.000000 -0.000000 1.000000 0.000000 -0.000000 0.965926 0.258819 -0.000000 0.965926 0.258819 1.000000 0.000000 0.000000 1.000000 0.000000 0.000000 1.000000 0.000000 0.000000 1.000000 0.000000 0.000000 1.000000 0.000000 0.000000 1.000000 0.000000 0.000000 1.000000 0.000000 0.000000 1.000000 0.000000 0.000000 1.000000 0.000000 0.000000 1.000000 0.000000 0.000000 1.000000 0.000000 0.000000 1.000000 0.000000 0.000000 1.000000 0.000000 0.000000 1.000000 0.000000 0.000000 1.000000 0.000000 0.000000 1.000000 0.000000 0.000000 1.000000 0.000000 0.000000 1.000000 0.000000 0.000000 1.000000 0.000000 0.000000 1.000000 0.000000 0.000000 1.000000 0.000000 0.000000 1.000000 0.000000 0.000000 1.000000 0.000000 0.000000 1.000000 0.000000 0.000000 1.000000 0.000000 0.000000 1.000000 0.000000 0.000000 1.000000 0.000000 0.000000 1.000000 0.000000 0.000000 1.000000 0.000000 0.000000 1.000000 0.000000 0.000000 1.000000 0.000000 0.000000 1.000000 0.000000 0.000000 1.000000 0.000000 0.000000 1.000000 0.000000 0.000000 1.000000 0.000000 0.000000 1.000000 0.000000 0.000000 1.000000 0.000000 0.000000 1.000000 0.000000 0.000000 1.000000 0.000000 0.000000 1.000000 0.000000 0.000000 1.000000 0.000000 0.000000 1.000000 0.000000 0.000000 1.000000 0.000000 0.000000 1.000000 0.000000 0.000000 1.000000 0.000000 0.000000 1.000000 0.000000 0.000000 1.000000 0.000000 0.000000 1.000000 0.000000 0.000000 1.000000 0.000000 0.000000 1.000000 0.000000 0.000000 1.000000 0.000000 0.000000 1.000000 0.000000 0.000000 1.000000 0.000000 0.000000 1.000000 0.000000 0.000000 1.000000 0.000000 0.000000 1.000000 0.000000 0.000000 1.000000 0.000000 0.000000 1.000000 0.000000 0.000000 1.000000 0.000000 0.000000 1.000000 0.000000 0.000000 1.000000 0.000000 0.000000 1.000000 0.000000 0.000000 1.000000 0.000000 0.000000 1.000000 0.000000 0.000000 1.000000 0.000000 0.000000 1.000000 0.000000 0.000000 1.000000 0.000000 0.000000 1.000000 0.000000 0.000000 1.000000 0.000000 0.000000 1.000000 0.000000 0.000000 1.000000 0.000000 0.000000 1.000000 0.000000 0.000000 0.000000 -0.793353 -0.608761 0.000000 -0.793353 -0.608761 0.000000 -0.923880 -0.382683 0.000000 -0.923880 -0.382683 0.000000 -0.991445 -0.130526 0.000000 -0.991445 -0.130526 0.000000 -0.991445 0.130526 0.000000 -0.991445 0.130526 0.000000 -0.923880 0.382683 0.000000 -0.923880 0.382683 0.000000 -0.793353 0.608761 0.000000 -0.793353 0.608761 0.000000 -0.608761 0.793353 0.000000 -0.608761 0.793353 0.000000 -0.382683 0.923880 0.000000 -0.382683 0.923880 0.000000 -0.130526 0.991445 0.000000 -0.130526 0.991445 -0.000000 0.130526 0.991445 -0.000000 0.130526 0.991445 -0.000000 0.382683 0.923880 -0.000000 0.382683 0.923880 -0.000000 0.608761 0.793353 -0.000000 0.608761 0.793353 -0.000000 0.793353 0.608761 -0.000000 0.793353 0.608761 -0.000000 0.923880 0.382683 -0.000000 0.923880 0.382683 -0.000000 0.991445 0.130526 -0.000000 0.991445 0.130526 0.000000 0.991445 -0.130526 0.000000 0.991445 -0.130526 0.000000 0.923880 -0.382683 0.000000 0.923880 -0.382683 0.000000 0.793353 -0.608761 0.000000 0.793353 -0.608761 0.000000 0.608761 -0.793353 0.000000 0.608761 -0.793353 0.000000 0.382683 -0.923880 0.000000 0.382683 -0.923880 0.000000 0.130526 -0.991445 0.000000 0.130526 -0.991445 0.000000 -0.130526 -0.991445 0.000000 -0.130526 -0.991445 0.000000 -0.382683 -0.923880 0.000000 -0.382683 -0.923880 0.000000 -0.608761 -0.793353 0.000000 -0.608761 -0.793353 -0.000000 0.991445 0.130526 -0.000000 0.991445 0.130526 -0.000000 0.923880 0.382683 -0.000000 0.923880 0.382683 -0.000000 0.793353 0.608761 -0.000000 0.793353 0.608761 -0.000000 0.608761 0.793353 -0.000000 0.608761 0.793353 -0.000000 0.382683 0.923880 -0.000000 0.382683 0.923880 -0.000000 0.130526 0.991445 -0.000000 0.130526 0.991445 -0.000000 -0.130526 0.991445 -0.000000 -0.130526 0.991445 -0.000000 -0.382683 0.923880 -0.000000 -0.382683 0.923880 -0.000000 -0.608761 0.793353 -0.000000 -0.608761 0.793353 -0.000000 -0.793353 0.608761 -0.000000 -0.793353 0.608761 -0.000000 -0.923880 0.382683 -0.000000 -0.923880 0.382683 -0.000000 -0.991445 0.130526 -0.000000 -0.991445 0.130526 0.000000 -0.991445 -0.130526 0.000000 -0.991445 -0.130526 0.000000 -0.923880 -0.382683 0.000000 -0.923880 -0.382683 0.000000 -0.793353 -0.608761 0.000000 -0.793353 -0.608761 0.000000 -0.608761 -0.793353 0.000000 -0.608761 -0.793353 0.000000 -0.382683 -0.923880 0.000000 -0.382683 -0.923880 0.000000 -0.130526 -0.991445 0.000000 -0.130526 -0.991445 -0.000000 0.130526 -0.991445 -0.000000 0.130526 -0.991445 -0.000000 0.382683 -0.923880 -0.000000 0.382683 -0.923880 -0.000000 0.608761 -0.793353 -0.000000 0.608761 -0.793353 -0.000000 0.793353 -0.608761 -0.000000 0.793353 -0.608761 -0.000000 0.923880 -0.382683 -0.000000 0.923880 -0.382683 -0.000000 0.991445 -0.130526 -0.000000 0.991445 -0.130526 1.000000 0.000000 0.000000 1.000000 0.000000 0.000000 1.000000 0.000000 0.000000 1.000000 0.000000 0.000000 1.000000 0.000000 0.000000 1.000000 0.000000 0.000000 1.000000 0.000000 0.000000 1.000000 0.000000 0.000000 1.000000 0.000000 0.000000 1.000000 0.000000 0.000000 1.000000 0.000000 0.000000 1.000000 0.000000 0.000000 1.000000 0.000000 0.000000 1.000000 0.000000 0.000000 1.000000 0.000000 0.000000 1.000000 0.000000 0.000000 1.000000 0.000000 0.000000 1.000000 0.000000 0.000000 1.000000 0.000000 0.000000 1.000000 0.000000 0.000000 1.000000 0.000000 0.000000 1.000000 0.000000 0.000000 1.000000 0.000000 0.000000 1.000000 0.000000 0.000000 1.000000 0.000000 0.000000 1.000000 0.000000 0.000000 1.000000 0.000000 0.000000 1.000000 0.000000 0.000000 1.000000 0.000000 0.000000 1.000000 0.000000 0.000000 1.000000 0.000000 0.000000 1.000000 0.000000 0.000000 1.000000 0.000000 0.000000 1.000000 0.000000 0.000000 1.000000 0.000000 0.000000 1.000000 0.000000 0.000000 1.000000 0.000000 0.000000 1.000000 0.000000 0.000000 1.000000 0.000000 0.000000 1.000000 0.000000 0.000000 1.000000 0.000000 0.000000 1.000000 0.000000 0.000000 1.000000 0.000000 0.000000 1.000000 0.000000 0.000000 1.000000 0.000000 0.000000 1.000000 0.000000 0.000000 1.000000 0.000000 0.000000 1.000000 0.000000 0.000000 1.000000 0.000000 0.000000 1.000000 0.000000 0.000000 1.000000 0.000000 0.000000 1.000000 0.000000 0.000000 1.000000 0.000000 0.000000 1.000000 0.000000 0.000000 1.000000 0.000000 0.000000 1.000000 0.000000 0.000000 1.000000 0.000000 0.000000 1.000000 0.000000 0.000000 1.000000 0.000000 0.000000 1.000000 0.000000 0.000000 1.000000 0.000000 0.000000 1.000000 0.000000 0.000000 1.000000 0.000000 0.000000 1.000000 0.000000 0.000000 1.000000 0.000000 0.000000 1.000000 0.000000 0.000000 1.000000 0.000000 0.000000 1.000000 0.000000 0.000000 1.000000 0.000000 0.000000 1.000000 0.000000 0.000000 1.000000 0.000000 0.000000 1.000000 0.000000 0.000000 0.000000 -0.965926 -0.258819 0.000000 -0.965926 -0.258819 0.000000 -1.000000 0.000000 0.000000 -1.000000 0.000000 0.000000 -0.965926 0.258819 0.000000 -0.965926 0.258819 0.000000 -0.866025 0.500000 0.000000 -0.866025 0.500000 0.000000 -0.707107 0.707107 0.000000 -0.707107 0.707107 0.000000 -0.500000 0.866025 0.000000 -0.500000 0.866025 0.000000 -0.258819 0.965926 0.000000 -0.258819 0.965926 0.000000 -0.000000 1.000000 0.000000 -0.000000 1.000000 -0.000000 0.258819 0.965926 -0.000000 0.258819 0.965926 -0.000000 0.500000 0.866025 -0.000000 0.500000 0.866025 -0.000000 0.707107 0.707107 -0.000000 0.707107 0.707107 -0.000000 0.866025 0.500000 -0.000000 0.866025 0.500000 -0.000000 0.965926 0.258819 -0.000000 0.965926 0.258819 -0.000000 1.000000 0.000000 -0.000000 1.000000 0.000000 0.000000 0.965926 -0.258819 0.000000 0.965926 -0.258819 0.000000 0.866025 -0.500000 0.000000 0.866025 -0.500000 0.000000 0.707107 -0.707107 0.000000 0.707107 -0.707107 0.000000 0.500000 -0.866025 0.000000 0.500000 -0.866025 0.000000 0.258819 -0.965926 0.000000 0.258819 -0.965926 0.000000 -0.000000 -1.000000 0.000000 -0.000000 -1.000000 0.000000 -0.258819 -0.965926 0.000000 -0.258819 -0.965926 0.000000 -0.500000 -0.866025 0.000000 -0.500000 -0.866025 0.000000 -0.707107 -0.707107 0.000000 -0.707107 -0.707107 0.000000 -0.866025 -0.500000 0.000000 -0.866025 -0.500000 -0.000000 0.965926 -0.258819 -0.000000 0.965926 -0.258819 -0.000000 1.000000 -0.000000 -0.000000 1.000000 -0.000000 -0.000000 0.965926 0.258819 -0.000000 0.965926 0.258819 -0.000000 0.866025 0.500000 -0.000000 0.866025 0.500000 -0.000000 0.707107 0.707107 -0.000000 0.707107 0.707107 -0.000000 0.500000 0.866025 -0.000000 0.500000 0.866025 -0.000000 0.258819 0.965926 -0.000000 0.258819 0.965926 -0.000000 0.000000 1.000000 -0.000000 0.000000 1.000000 -0.000000 -0.258819 0.965926 -0.000000 -0.258819 0.965926 -0.000000 -0.500000 0.866025 -0.000000 -0.500000 0.866025 -0.000000 -0.707107 0.707107 -0.000000 -0.707107 0.707107 -0.000000 -0.866025 0.500000 -0.000000 -0.866025 0.500000 -0.000000 -0.965926 0.258819 -0.000000 -0.965926 0.258819 0.000000 -1.000000 -0.000000 0.000000 -1.000000 -0.000000 0.000000 -0.965926 -0.258819 0.000000 -0.965926 -0.258819 0.000000 -0.866025 -0.500000 0.000000 -0.866025 -0.500000 0.000000 -0.707107 -0.707107 0.000000 -0.707107 -0.707107 0.000000 -0.500000 -0.866025 0.000000 -0.500000 -0.866025 0.000000 -0.258819 -0.965926 0.000000 -0.258819 -0.965926 -0.000000 0.000000 -1.000000 -0.000000 0.000000 -1.000000 -0.000000 0.258819 -0.965926 -0.000000 0.258819 -0.965926 -0.000000 0.500000 -0.866025 -0.000000 0.500000 -0.866025 -0.000000 0.707107 -0.707107 -0.000000 0.707107 -0.707107 -0.000000 0.866025 -0.500000 -0.000000 0.866025 -0.500000 1.000000 0.000000 0.000000 1.000000 0.000000 0.000000 1.000000 0.000000 0.000000 1.000000 0.000000 0.000000 1.000000 0.000000 0.000000 1.000000 0.000000 0.000000 1.000000 0.000000 0.000000 1.000000 0.000000 0.000000 1.000000 0.000000 0.000000 1.000000 0.000000 0.000000 1.000000 0.000000 0.000000 1.000000 0.000000 0.000000 1.000000 0.000000 0.000000 1.000000 0.000000 0.000000 1.000000 0.000000 0.000000 1.000000 0.000000 0.000000 1.000000 0.000000 0.000000 1.000000 0.000000 0.000000 1.000000 0.000000 0.000000 1.000000 0.000000 0.000000 1.000000 0.000000 0.000000 1.000000 0.000000 0.000000 1.000000 0.000000 0.000000 1.000000 0.000000 0.000000 1.000000 0.000000 0.000000 1.000000 0.000000 0.000000 1.000000 0.000000 0.000000 1.000000 0.000000 0.000000 1.000000 0.000000 0.000000 1.000000 0.000000 0.000000 1.000000 0.000000 0.000000 1.000000 0.000000 0.000000 1.000000 0.000000 0.000000 1.000000 0.000000 0.000000 1.000000 0.000000 0.000000 1.000000 0.000000 0.000000 1.000000 0.000000 0.000000 1.000000 0.000000 0.000000 1.000000 0.000000 0.000000 1.000000 0.000000 0.000000 1.000000 0.000000 0.000000 1.000000 0.000000 0.000000 1.000000 0.000000 0.000000 1.000000 0.000000 0.000000 1.000000 0.000000 0.000000 1.000000 0.000000 0.000000 1.000000 0.000000 0.000000 1.000000 0.000000 0.000000 1.000000 0.000000 0.000000 1.000000 0.000000 0.000000 1.000000 0.000000 0.000000 1.000000 0.000000 0.000000 1.000000 0.000000 0.000000 1.000000 0.000000 0.000000 1.000000 0.000000 0.000000 1.000000 0.000000 0.000000 1.000000 0.000000 0.000000 1.000000 0.000000 0.000000 1.000000 0.000000 0.000000 1.000000 0.000000 0.000000 1.000000 0.000000 0.000000 1.000000 0.000000 0.000000 1.000000 0.000000 0.000000 1.000000 0.000000 0.000000 1.000000 0.000000 0.000000 1.000000 0.000000 0.000000 1.000000 0.000000 0.000000 1.000000 0.000000 0.000000 1.000000 0.000000 0.000000 1.000000 0.000000 0.000000 1.000000 0.000000 0.000000 1.000000 0.000000 0.000000 0.000000 -0.991445 0.130526 0.000000 -0.991445 0.130526 0.000000 -0.923880 0.382683 0.000000 -0.923880 0.382683 0.000000 -0.793353 0.608761 0.000000 -0.793353 0.608761 0.000000 -0.608761 0.793353 0.000000 -0.608761 0.793353 0.000000 -0.382683 0.923880 0.000000 -0.382683 0.923880 0.000000 -0.130526 0.991445 0.000000 -0.130526 0.991445 -0.000000 0.130526 0.991445 -0.000000 0.130526 0.991445 -0.000000 0.382683 0.923880 -0.000000 0.382683 0.923880 -0.000000 0.608761 0.793353 -0.000000 0.608761 0.793353 -0.000000 0.793353 0.608761 -0.000000 0.793353 0.608761 -0.000000 0.923880 0.382683 -0.000000 0.923880 0.382683 -0.000000 0.991445 0.130526 -0.000000 0.991445 0.130526 0.000000 0.991445 -0.130526 0.000000 0.991445 -0.130526 0.000000 0.923880 -0.382683 0.000000 0.923880 -0.382683 0.000000 0.793353 -0.608761 0.000000 0.793353 -0.608761 0.000000 0.608761 -0.793353 0.000000 0.608761 -0.793353 0.000000 0.382683 -0.923880 0.000000 0.382683 -0.923880 0.000000 0.130526 -0.991445 0.000000 0.130526 -0.991445 0.000000 -0.130526 -0.991445 0.000000 -0.130526 -0.991445 0.000000 -0.382683 -0.923880 0.000000 -0.382683 -0.923880 0.000000 -0.608761 -0.793353 0.000000 -0.608761 -0.793353 0.000000 -0.793353 -0.608761 0.000000 -0.793353 -0.608761 0.000000 -0.923880 -0.382683 0.000000 -0.923880 -0.382683 0.000000 -0.991445 -0.130526 0.000000 -0.991445 -0.130526 -0.000000 0.793353 -0.608761 -0.000000 0.793353 -0.608761 -0.000000 0.923880 -0.382683 -0.000000 0.923880 -0.382683 -0.000000 0.991445 -0.130526 -0.000000 0.991445 -0.130526 -0.000000 0.991445 0.130526 -0.000000 0.991445 0.130526 -0.000000 0.923880 0.382683 -0.000000 0.923880 0.382683 -0.000000 0.793353 0.608761 -0.000000 0.793353 0.608761 -0.000000 0.608761 0.793353 -0.000000 0.608761 0.793353 -0.000000 0.382683 0.923880 -0.000000 0.382683 0.923880 -0.000000 0.130526 0.991445 -0.000000 0.130526 0.991445 -0.000000 -0.130526 0.991445 -0.000000 -0.130526 0.991445 -0.000000 -0.382683 0.923880 -0.000000 -0.382683 0.923880 -0.000000 -0.608761 0.793353 -0.000000 -0.608761 0.793353 -0.000000 -0.793353 0.608761 -0.000000 -0.793353 0.608761 -0.000000 -0.923880 0.382683 -0.000000 -0.923880 0.382683 -0.000000 -0.991445 0.130526 -0.000000 -0.991445 0.130526 0.000000 -0.991445 -0.130526 0.000000 -0.991445 -0.130526 0.000000 -0.923880 -0.382683 0.000000 -0.923880 -0.382683 0.000000 -0.793353 -0.608761 0.000000 -0.793353 -0.608761 0.000000 -0.608761 -0.793353 0.000000 -0.608761 -0.793353 0.000000 -0.382683 -0.923880 0.000000 -0.382683 -0.923880 0.000000 -0.130526 -0.991445 0.000000 -0.130526 -0.991445 -0.000000 0.130526 -0.991445 -0.000000 0.130526 -0.991445 -0.000000 0.382683 -0.923880 -0.000000 0.382683 -0.923880 -0.000000 0.608761 -0.793353 -0.000000 0.608761 -0.793353 1.000000 0.000000 0.000000 1.000000 0.000000 0.000000 1.000000 0.000000 0.000000 1.000000 0.000000 0.000000 1.000000 0.000000 0.000000 1.000000 0.000000 0.000000 1.000000 0.000000 0.000000 1.000000 0.000000 0.000000 1.000000 0.000000 0.000000 1.000000 0.000000 0.000000 1.000000 0.000000 0.000000 1.000000 0.000000 0.000000 1.000000 0.000000 0.000000 1.000000 0.000000 0.000000 1.000000 0.000000 0.000000 1.000000 0.000000 0.000000 1.000000 0.000000 0.000000 1.000000 0.000000 0.000000 1.000000 0.000000 0.000000 1.000000 0.000000 0.000000 1.000000 0.000000 0.000000 1.000000 0.000000 0.000000 1.000000 0.000000 0.000000 1.000000 0.000000 0.000000 1.000000 0.000000 0.000000 1.000000 0.000000 0.000000 1.000000 0.000000 0.000000 1.000000 0.000000 0.000000 1.000000 0.000000 0.000000 1.000000 0.000000 0.000000 1.000000 0.000000 0.000000 1.000000 0.000000 0.000000 1.000000 0.000000 0.000000 1.000000 0.000000 0.000000 1.000000 0.000000 0.000000 1.000000 0.000000 0.000000 1.000000 0.000000 0.000000 1.000000 0.000000 0.000000 1.000000 0.000000 0.000000 1.000000 0.000000 0.000000 1.000000 0.000000 0.000000 1.000000 0.000000 0.000000 1.000000 0.000000 0.000000 1.000000 0.000000 0.000000 1.000000 0.000000 0.000000 1.000000 0.000000 0.000000 1.000000 0.000000 0.000000 1.000000 0.000000 0.000000 1.000000 0.000000 0.000000 1.000000 0.000000 0.000000 1.000000 0.000000 0.000000 1.000000 0.000000 0.000000 1.000000 0.000000 0.000000 1.000000 0.000000 0.000000 1.000000 0.000000 0.000000 1.000000 0.000000 0.000000 1.000000 0.000000 0.000000 1.000000 0.000000 0.000000 1.000000 0.000000 0.000000 1.000000 0.000000 0.000000 1.000000 0.000000 0.000000 1.000000 0.000000 0.000000 1.000000 0.000000 0.000000 1.000000 0.000000 0.000000 1.000000 0.000000 0.000000 1.000000 0.000000 0.000000 1.000000 0.000000 0.000000 1.000000 0.000000 0.000000 1.000000 0.000000 0.000000 1.000000 0.000000 0.000000 1.000000 0.000000 0.000000 1.000000 0.000000 0.000000 0.000000 -0.866025 0.500000 0.000000 -0.866025 0.500000 0.000000 -0.707107 0.707107 0.000000 -0.707107 0.707107 0.000000 -0.500000 0.866025 0.000000 -0.500000 0.866025 0.000000 -0.258819 0.965926 0.000000 -0.258819 0.965926 -0.000000 0.000000 1.000000 -0.000000 0.000000 1.000000 -0.000000 0.258819 0.965926 -0.000000 0.258819 0.965926 -0.000000 0.500000 0.866025 -0.000000 0.500000 0.866025 -0.000000 0.707107 0.707107 -0.000000 0.707107 0.707107 -0.000000 0.866025 0.500000 -0.000000 0.866025 0.500000 -0.000000 0.965926 0.258819 -0.000000 0.965926 0.258819 -0.000000 1.000000 0.000000 -0.000000 1.000000 0.000000 0.000000 0.965926 -0.258819 0.000000 0.965926 -0.258819 0.000000 0.866025 -0.500000 0.000000 0.866025 -0.500000 0.000000 0.707107 -0.707107 0.000000 0.707107 -0.707107 0.000000 0.500000 -0.866025 0.000000 0.500000 -0.866025 0.000000 0.258819 -0.965926 0.000000 0.258819 -0.965926 0.000000 0.000000 -1.000000 0.000000 0.000000 -1.000000 0.000000 -0.258819 -0.965926 0.000000 -0.258819 -0.965926 0.000000 -0.500000 -0.866025 0.000000 -0.500000 -0.866025 0.000000 -0.707107 -0.707107 0.000000 -0.707107 -0.707107 0.000000 -0.866025 -0.500000 0.000000 -0.866025 -0.500000 0.000000 -0.965926 -0.258819 0.000000 -0.965926 -0.258819 0.000000 -1.000000 0.000000 0.000000 -1.000000 0.000000 0.000000 -0.965926 0.258819 0.000000 -0.965926 0.258819 -0.000000 0.500000 -0.866025 -0.000000 0.500000 -0.866025 -0.000000 0.707107 -0.707107 -0.000000 0.707107 -0.707107 -0.000000 0.866025 -0.500000 -0.000000 0.866025 -0.500000 -0.000000 0.965926 -0.258819 -0.000000 0.965926 -0.258819 -0.000000 1.000000 -0.000000 -0.000000 1.000000 -0.000000 -0.000000 0.965926 0.258819 -0.000000 0.965926 0.258819 -0.000000 0.866025 0.500000 -0.000000 0.866025 0.500000 -0.000000 0.707107 0.707107 -0.000000 0.707107 0.707107 -0.000000 0.500000 0.866025 -0.000000 0.500000 0.866025 -0.000000 0.258819 0.965926 -0.000000 0.258819 0.965926 -0.000000 -0.000000 1.000000 -0.000000 -0.000000 1.000000 -0.000000 -0.258819 0.965926 -0.000000 -0.258819 0.965926 -0.000000 -0.500000 0.866025 -0.000000 -0.500000 0.866025 -0.000000 -0.707107 0.707107 -0.000000 -0.707107 0.707107 -0.000000 -0.866025 0.500000 -0.000000 -0.866025 0.500000 -0.000000 -0.965926 0.258819 -0.000000 -0.965926 0.258819 0.000000 -1.000000 -0.000000 0.000000 -1.000000 -0.000000 0.000000 -0.965926 -0.258819 0.000000 -0.965926 -0.258819 0.000000 -0.866025 -0.500000 0.000000 -0.866025 -0.500000 0.000000 -0.707107 -0.707107 0.000000 -0.707107 -0.707107 0.000000 -0.500000 -0.866025 0.000000 -0.500000 -0.866025 0.000000 -0.258819 -0.965926 0.000000 -0.258819 -0.965926 0.000000 -0.000000 -1.000000 0.000000 -0.000000 -1.000000 -0.000000 0.258819 -0.965926 -0.000000 0.258819 -0.965926 1.000000 0.000000 0.000000 1.000000 0.000000 0.000000 1.000000 0.000000 0.000000 1.000000 0.000000 0.000000 1.000000 0.000000 0.000000 1.000000 0.000000 0.000000 1.000000 0.000000 0.000000 1.000000 0.000000 0.000000 1.000000 0.000000 0.000000 1.000000 0.000000 0.000000 1.000000 0.000000 0.000000 1.000000 0.000000 0.000000 1.000000 0.000000 0.000000 1.000000 0.000000 0.000000 1.000000 0.000000 0.000000 1.000000 0.000000 0.000000 1.000000 0.000000 0.000000 1.000000 0.000000 0.000000 1.000000 0.000000 0.000000 1.000000 0.000000 0.000000 1.000000 0.000000 0.000000 1.000000 0.000000 0.000000 1.000000 0.000000 0.000000 1.000000 0.000000 0.000000 1.000000 0.000000 0.000000 1.000000 0.000000 0.000000 1.000000 0.000000 0.000000 1.000000 0.000000 0.000000 1.000000 0.000000 0.000000 1.000000 0.000000 0.000000 1.000000 0.000000 0.000000 1.000000 0.000000 0.000000 1.000000 0.000000 0.000000 1.000000 0.000000 0.000000 1.000000 0.000000 0.000000 1.000000 0.000000 0.000000 1.000000 0.000000 0.000000 1.000000 0.000000 0.000000 1.000000 0.000000 0.000000 1.000000 0.000000 0.000000 1.000000 0.000000 0.000000 1.000000 0.000000 0.000000 1.000000 0.000000 0.000000 1.000000 0.000000 0.000000 1.000000 0.000000 0.000000 1.000000 0.000000 0.000000 1.000000 0.000000 0.000000 1.000000 0.000000 0.000000 1.000000 0.000000 0.000000 1.000000 0.000000 0.000000 1.000000 0.000000 0.000000 1.000000 0.000000 0.000000 1.000000 0.000000 0.000000 1.000000 0.000000 0.000000 1.000000 0.000000 0.000000 1.000000 0.000000 0.000000 1.000000 0.000000 0.000000 1.000000 0.000000 0.000000 1.000000 0.000000 0.000000 1.000000 0.000000 0.000000 1.000000 0.000000 0.000000 1.000000 0.000000 0.000000 1.000000 0.000000 0.000000 1.000000 0.000000 0.000000 1.000000 0.000000 0.000000 1.000000 0.000000 0.000000 1.000000 0.000000 0.000000 1.000000 0.000000 0.000000 1.000000 0.000000 0.000000 1.000000 0.000000 0.000000 1.000000 0.000000 0.000000 1.000000 0.000000 0.000000 0.000000 -0.608761 0.793353 0.000000 -0.608761 0.793353 0.000000 -0.382683 0.923880 0.000000 -0.382683 0.923880 0.000000 -0.130526 0.991445 0.000000 -0.130526 0.991445 -0.000000 0.130526 0.991445 -0.000000 0.130526 0.991445 -0.000000 0.382683 0.923880 -0.000000 0.382683 0.923880 -0.000000 0.608761 0.793353 -0.000000 0.608761 0.793353 -0.000000 0.793353 0.608761 -0.000000 0.793353 0.608761 -0.000000 0.923880 0.382683 -0.000000 0.923880 0.382683 -0.000000 0.991445 0.130526 -0.000000 0.991445 0.130526 0.000000 0.991445 -0.130526 0.000000 0.991445 -0.130526 0.000000 0.923880 -0.382683 0.000000 0.923880 -0.382683 0.000000 0.793353 -0.608761 0.000000 0.793353 -0.608761 0.000000 0.608761 -0.793353 0.000000 0.608761 -0.793353 0.000000 0.382683 -0.923880 0.000000 0.382683 -0.923880 0.000000 0.130526 -0.991445 0.000000 0.130526 -0.991445 0.000000 -0.130526 -0.991445 0.000000 -0.130526 -0.991445 0.000000 -0.382683 -0.923880 0.000000 -0.382683 -0.923880 0.000000 -0.608761 -0.793353 0.000000 -0.608761 -0.793353 0.000000 -0.793353 -0.608761 0.000000 -0.793353 -0.608761 0.000000 -0.923880 -0.382683 0.000000 -0.923880 -0.382683 0.000000 -0.991445 -0.130526 0.000000 -0.991445 -0.130526 0.000000 -0.991445 0.130526 0.000000 -0.991445 0.130526 0.000000 -0.923880 0.382683 0.000000 -0.923880 0.382683 0.000000 -0.793353 0.608761 0.000000 -0.793353 0.608761 -0.000000 0.130526 -0.991445 -0.000000 0.130526 -0.991445 -0.000000 0.382683 -0.923880 -0.000000 0.382683 -0.923880 -0.000000 0.608761 -0.793353 -0.000000 0.608761 -0.793353 -0.000000 0.793353 -0.608761 -0.000000 0.793353 -0.608761 -0.000000 0.923880 -0.382683 -0.000000 0.923880 -0.382683 -0.000000 0.991445 -0.130526 -0.000000 0.991445 -0.130526 -0.000000 0.991445 0.130526 -0.000000 0.991445 0.130526 -0.000000 0.923880 0.382683 -0.000000 0.923880 0.382683 -0.000000 0.793353 0.608761 -0.000000 0.793353 0.608761 -0.000000 0.608761 0.793353 -0.000000 0.608761 0.793353 -0.000000 0.382683 0.923880 -0.000000 0.382683 0.923880 -0.000000 0.130526 0.991445 -0.000000 0.130526 0.991445 -0.000000 -0.130526 0.991445 -0.000000 -0.130526 0.991445 -0.000000 -0.382683 0.923880 -0.000000 -0.382683 0.923880 -0.000000 -0.608761 0.793353 -0.000000 -0.608761 0.793353 -0.000000 -0.793353 0.608761 -0.000000 -0.793353 0.608761 -0.000000 -0.923880 0.382683 -0.000000 -0.923880 0.382683 -0.000000 -0.991445 0.130526 -0.000000 -0.991445 0.130526 0.000000 -0.991445 -0.130526 0.000000 -0.991445 -0.130526 0.000000 -0.923880 -0.382683 0.000000 -0.923880 -0.382683 0.000000 -0.793353 -0.608761 0.000000 -0.793353 -0.608761 0.000000 -0.608761 -0.793353 0.000000 -0.608761 -0.793353 0.000000 -0.382683 -0.923880 0.000000 -0.382683 -0.923880 0.000000 -0.130526 -0.991445 0.000000 -0.130526 -0.991445 1.000000 0.000000 0.000000 1.000000 0.000000 0.000000 1.000000 0.000000 0.000000 1.000000 0.000000 0.000000 1.000000 0.000000 0.000000 1.000000 0.000000 0.000000 1.000000 0.000000 0.000000 1.000000 0.000000 0.000000 1.000000 0.000000 0.000000 1.000000 0.000000 0.000000 1.000000 0.000000 0.000000 1.000000 0.000000 0.000000 1.000000 0.000000 0.000000 1.000000 0.000000 0.000000 1.000000 0.000000 0.000000 1.000000 0.000000 0.000000 1.000000 0.000000 0.000000 1.000000 0.000000 0.000000 1.000000 0.000000 0.000000 1.000000 0.000000 0.000000 1.000000 0.000000 0.000000 1.000000 0.000000 0.000000 1.000000 0.000000 0.000000 1.000000 0.000000 0.000000 1.000000 0.000000 0.000000 1.000000 0.000000 0.000000 1.000000 0.000000 0.000000 1.000000 0.000000 0.000000 1.000000 0.000000 0.000000 1.000000 0.000000 0.000000 1.000000 0.000000 0.000000 1.000000 0.000000 0.000000 1.000000 0.000000 0.000000 1.000000 0.000000 0.000000 1.000000 0.000000 0.000000 1.000000 0.000000 0.000000 1.000000 0.000000 0.000000 1.000000 0.000000 0.000000 1.000000 0.000000 0.000000 1.000000 0.000000 0.000000 1.000000 0.000000 0.000000 1.000000 0.000000 0.000000 1.000000 0.000000 0.000000 1.000000 0.000000 0.000000 1.000000 0.000000 0.000000 1.000000 0.000000 0.000000 1.000000 0.000000 0.000000 1.000000 0.000000 0.000000 1.000000 0.000000 0.000000 1.000000 0.000000 0.000000 1.000000 0.000000 0.000000 1.000000 0.000000 0.000000 1.000000 0.000000 0.000000 1.000000 0.000000 0.000000 1.000000 0.000000 0.000000 1.000000 0.000000 0.000000 1.000000 0.000000 0.000000 1.000000 0.000000 0.000000 1.000000 0.000000 0.000000 1.000000 0.000000 0.000000 1.000000 0.000000 0.000000 1.000000 0.000000 0.000000 1.000000 0.000000 0.000000 1.000000 0.000000 0.000000 1.000000 0.000000 0.000000 1.000000 0.000000 0.000000 1.000000 0.000000 0.000000 1.000000 0.000000 0.000000 1.000000 0.000000 0.000000 1.000000 0.000000 0.000000 1.000000 0.000000 0.000000 1.000000 0.000000 0.000000 0.000000 -0.258819 0.965926 0.000000 -0.258819 0.965926 0.000000 -0.000000 1.000000 0.000000 -0.000000 1.000000 -0.000000 0.258819 0.965926 -0.000000 0.258819 0.965926 -0.000000 0.500000 0.866025 -0.000000 0.500000 0.866025 -0.000000 0.707107 0.707107 -0.000000 0.707107 0.707107 -0.000000 0.866025 0.500000 -0.000000 0.866025 0.500000 -0.000000 0.965926 0.258819 -0.000000 0.965926 0.258819 -0.000000 1.000000 0.000000 -0.000000 1.000000 0.000000 0.000000 0.965926 -0.258819 0.000000 0.965926 -0.258819 0.000000 0.866025 -0.500000 0.000000 0.866025 -0.500000 0.000000 0.707107 -0.707107 0.000000 0.707107 -0.707107 0.000000 0.500000 -0.866025 0.000000 0.500000 -0.866025 0.000000 0.258819 -0.965926 0.000000 0.258819 -0.965926 0.000000 -0.000000 -1.000000 0.000000 -0.000000 -1.000000 0.000000 -0.258819 -0.965926 0.000000 -0.258819 -0.965926 0.000000 -0.500000 -0.866025 0.000000 -0.500000 -0.866025 0.000000 -0.707107 -0.707107 0.000000 -0.707107 -0.707107 0.000000 -0.866025 -0.500000 0.000000 -0.866025 -0.500000 0.000000 -0.965926 -0.258819 0.000000 -0.965926 -0.258819 0.000000 -1.000000 0.000000 0.000000 -1.000000 0.000000 0.000000 -0.965926 0.258819 0.000000 -0.965926 0.258819 0.000000 -0.866025 0.500000 0.000000 -0.866025 0.500000 0.000000 -0.707107 0.707107 0.000000 -0.707107 0.707107 0.000000 -0.500000 0.866025 0.000000 -0.500000 0.866025 0.000000 -0.258819 -0.965926 0.000000 -0.258819 -0.965926 0.000000 -0.000000 -1.000000 0.000000 -0.000000 -1.000000 -0.000000 0.258819 -0.965926 -0.000000 0.258819 -0.965926 -0.000000 0.500000 -0.866025 -0.000000 0.500000 -0.866025 -0.000000 0.707107 -0.707107 -0.000000 0.707107 -0.707107 -0.000000 0.866025 -0.500000 -0.000000 0.866025 -0.500000 -0.000000 0.965926 -0.258819 -0.000000 0.965926 -0.258819 -0.000000 1.000000 -0.000000 -0.000000 1.000000 -0.000000 -0.000000 0.965926 0.258819 -0.000000 0.965926 0.258819 -0.000000 0.866025 0.500000 -0.000000 0.866025 0.500000 -0.000000 0.707107 0.707107 -0.000000 0.707107 0.707107 -0.000000 0.500000 0.866025 -0.000000 0.500000 0.866025 -0.000000 0.258819 0.965926 -0.000000 0.258819 0.965926 -0.000000 0.000000 1.000000 -0.000000 0.000000 1.000000 -0.000000 -0.258819 0.965926 -0.000000 -0.258819 0.965926 -0.000000 -0.500000 0.866025 -0.000000 -0.500000 0.866025 -0.000000 -0.707107 0.707107 -0.000000 -0.707107 0.707107 -0.000000 -0.866025 0.500000 -0.000000 -0.866025 0.500000 -0.000000 -0.965926 0.258819 -0.000000 -0.965926 0.258819 0.000000 -1.000000 -0.000000 0.000000 -1.000000 -0.000000 0.000000 -0.965926 -0.258819 0.000000 -0.965926 -0.258819 0.000000 -0.866025 -0.500000 0.000000 -0.866025 -0.500000 0.000000 -0.707107 -0.707107 0.000000 -0.707107 -0.707107 0.000000 -0.500000 -0.866025 0.000000 -0.500000 -0.866025 1.000000 0.000000 0.000000 1.000000 0.000000 0.000000 1.000000 0.000000 0.000000 1.000000 0.000000 0.000000 1.000000 0.000000 0.000000 1.000000 0.000000 0.000000 1.000000 0.000000 0.000000 1.000000 0.000000 0.000000 1.000000 0.000000 0.000000 1.000000 0.000000 0.000000 1.000000 0.000000 0.000000 1.000000 0.000000 0.000000 1.000000 0.000000 0.000000 1.000000 0.000000 0.000000 1.000000 0.000000 0.000000 1.000000 0.000000 0.000000 1.000000 0.000000 0.000000 1.000000 0.000000 0.000000 1.000000 0.000000 0.000000 1.000000 0.000000 0.000000 1.000000 0.000000 0.000000 1.000000 0.000000 0.000000 1.000000 0.000000 0.000000 1.000000 0.000000 0.000000 1.000000 0.000000 0.000000 1.000000 0.000000 0.000000 1.000000 0.000000 0.000000 1.000000 0.000000 0.000000 1.000000 0.000000 0.000000 1.000000 0.000000 0.000000 1.000000 0.000000 0.000000 1.000000 0.000000 0.000000 1.000000 0.000000 0.000000 1.000000 0.000000 0.000000 1.000000 0.000000 0.000000 1.000000 0.000000 0.000000 1.000000 0.000000 0.000000 1.000000 0.000000 0.000000 1.000000 0.000000 0.000000 1.000000 0.000000 0.000000 1.000000 0.000000 0.000000 1.000000 0.000000 0.000000 1.000000 0.000000 0.000000 1.000000 0.000000 0.000000 1.000000 0.000000 0.000000 1.000000 0.000000 0.000000 1.000000 0.000000 0.000000 1.000000 0.000000 0.000000 1.000000 0.000000 0.000000 1.000000 0.000000 0.000000 1.000000 0.000000 0.000000 1.000000 0.000000 0.000000 1.000000 0.000000 0.000000 1.000000 0.000000 0.000000 1.000000 0.000000 0.000000 1.000000 0.000000 0.000000 1.000000 0.000000 0.000000 1.000000 0.000000 0.000000 1.000000 0.000000 0.000000 1.000000 0.000000 0.000000 1.000000 0.000000 0.000000 1.000000 0.000000 0.000000 1.000000 0.000000 0.000000 1.000000 0.000000 0.000000 1.000000 0.000000 0.000000 1.000000 0.000000 0.000000 1.000000 0.000000 0.000000 1.000000 0.000000 0.000000 1.000000 0.000000 0.000000 1.000000 0.000000 0.000000 1.000000 0.000000 0.000000 1.000000 0.000000 0.000000 -0.000000 0.130526 0.991445 -0.000000 0.130526 0.991445 -0.000000 0.382683 0.923880 -0.000000 0.382683 0.923880 -0.000000 0.608761 0.793353 -0.000000 0.608761 0.793353 -0.000000 0.793353 0.608761 -0.000000 0.793353 0.608761 -0.000000 0.923880 0.382683 -0.000000 0.923880 0.382683 -0.000000 0.991445 0.130526 -0.000000 0.991445 0.130526 0.000000 0.991445 -0.130526 0.000000 0.991445 -0.130526 0.000000 0.923880 -0.382683 0.000000 0.923880 -0.382683 0.000000 0.793353 -0.608761 0.000000 0.793353 -0.608761 0.000000 0.608761 -0.793353 0.000000 0.608761 -0.793353 0.000000 0.382683 -0.923880 0.000000 0.382683 -0.923880 0.000000 0.130526 -0.991445 0.000000 0.130526 -0.991445 0.000000 -0.130526 -0.991445 0.000000 -0.130526 -0.991445 0.000000 -0.382683 -0.923880 0.000000 -0.382683 -0.923880 0.000000 -0.608761 -0.793353 0.000000 -0.608761 -0.793353 0.000000 -0.793353 -0.608761 0.000000 -0.793353 -0.608761 0.000000 -0.923880 -0.382683 0.000000 -0.923880 -0.382683 0.000000 -0.991445 -0.130526 0.000000 -0.991445 -0.130526 0.000000 -0.991445 0.130526 0.000000 -0.991445 0.130526 0.000000 -0.923880 0.382683 0.000000 -0.923880 0.382683 0.000000 -0.793353 0.608761 0.000000 -0.793353 0.608761 0.000000 -0.608761 0.793353 0.000000 -0.608761 0.793353 0.000000 -0.382683 0.923880 0.000000 -0.382683 0.923880 0.000000 -0.130526 0.991445 0.000000 -0.130526 0.991445 0.000000 -0.608761 -0.793353 0.000000 -0.608761 -0.793353 0.000000 -0.382683 -0.923880 0.000000 -0.382683 -0.923880 0.000000 -0.130526 -0.991445 0.000000 -0.130526 -0.991445 -0.000000 0.130526 -0.991445 -0.000000 0.130526 -0.991445 -0.000000 0.382683 -0.923880 -0.000000 0.382683 -0.923880 -0.000000 0.608761 -0.793353 -0.000000 0.608761 -0.793353 -0.000000 0.793353 -0.608761 -0.000000 0.793353 -0.608761 -0.000000 0.923880 -0.382683 -0.000000 0.923880 -0.382683 -0.000000 0.991445 -0.130526 -0.000000 0.991445 -0.130526 -0.000000 0.991445 0.130526 -0.000000 0.991445 0.130526 -0.000000 0.923880 0.382683 -0.000000 0.923880 0.382683 -0.000000 0.793353 0.608761 -0.000000 0.793353 0.608761 -0.000000 0.608761 0.793353 -0.000000 0.608761 0.793353 -0.000000 0.382683 0.923880 -0.000000 0.382683 0.923880 -0.000000 0.130526 0.991445 -0.000000 0.130526 0.991445 -0.000000 -0.130526 0.991445 -0.000000 -0.130526 0.991445 -0.000000 -0.382683 0.923880 -0.000000 -0.382683 0.923880 -0.000000 -0.608761 0.793353 -0.000000 -0.608761 0.793353 -0.000000 -0.793353 0.608761 -0.000000 -0.793353 0.608761 -0.000000 -0.923880 0.382683 -0.000000 -0.923880 0.382683 -0.000000 -0.991445 0.130526 -0.000000 -0.991445 0.130526 0.000000 -0.991445 -0.130526 0.000000 -0.991445 -0.130526 0.000000 -0.923880 -0.382683 0.000000 -0.923880 -0.382683 0.000000 -0.793353 -0.608761 0.000000 -0.793353 -0.608761 1.000000 0.000000 0.000000 1.000000 0.000000 0.000000 1.000000 0.000000 0.000000 1.000000 0.000000 0.000000 1.000000 0.000000 0.000000 1.000000 0.000000 0.000000 1.000000 0.000000 0.000000 1.000000 0.000000 0.000000 1.000000 0.000000 0.000000 1.000000 0.000000 0.000000 1.000000 0.000000 0.000000 1.000000 0.000000 0.000000 1.000000 0.000000 0.000000 1.000000 0.000000 0.000000 1.000000 0.000000 0.000000 1.000000 0.000000 0.000000 1.000000 0.000000 0.000000 1.000000 0.000000 0.000000 1.000000 0.000000 0.000000 1.000000 0.000000 0.000000 1.000000 0.000000 0.000000 1.000000 0.000000 0.000000 1.000000 0.000000 0.000000 1.000000 0.000000 0.000000 1.000000 0.000000 0.000000 1.000000 0.000000 0.000000 1.000000 0.000000 0.000000 1.000000 0.000000 0.000000 1.000000 0.000000 0.000000 1.000000 0.000000 0.000000 1.000000 0.000000 0.000000 1.000000 0.000000 0.000000 1.000000 0.000000 0.000000 1.000000 0.000000 0.000000 1.000000 0.000000 0.000000 1.000000 0.000000 0.000000 1.000000 0.000000 0.000000 1.000000 0.000000 0.000000 1.000000 0.000000 0.000000 1.000000 0.000000 0.000000 1.000000 0.000000 0.000000 1.000000 0.000000 0.000000 1.000000 0.000000 0.000000 1.000000 0.000000 0.000000 1.000000 0.000000 0.000000 1.000000 0.000000 0.000000 1.000000 0.000000 0.000000 1.000000 0.000000 0.000000 1.000000 0.000000 0.000000 1.000000 0.000000 0.000000 1.000000 0.000000 0.000000 1.000000 0.000000 0.000000 1.000000 0.000000 0.000000 1.000000 0.000000 0.000000 1.000000 0.000000 0.000000 1.000000 0.000000 0.000000 1.000000 0.000000 0.000000 1.000000 0.000000 0.000000 1.000000 0.000000 0.000000 1.000000 0.000000 0.000000 1.000000 0.000000 0.000000 1.000000 0.000000 0.000000 1.000000 0.000000 0.000000 1.000000 0.000000 0.000000 1.000000 0.000000 0.000000 1.000000 0.000000 0.000000 1.000000 0.000000 0.000000 1.000000 0.000000 0.000000 1.000000 0.000000 0.000000 1.000000 0.000000 0.000000 1.000000 0.000000 0.000000 1.000000 0.000000 0.000000 -0.000000 0.500000 0.866025 -0.000000 0.500000 0.866025 -0.000000 0.707107 0.707107 -0.000000 0.707107 0.707107 -0.000000 0.866025 0.500000 -0.000000 0.866025 0.500000 -0.000000 0.965926 0.258819 -0.000000 0.965926 0.258819 -0.000000 1.000000 0.000000 -0.000000 1.000000 0.000000 0.000000 0.965926 -0.258819 0.000000 0.965926 -0.258819 0.000000 0.866025 -0.500000 0.000000 0.866025 -0.500000 0.000000 0.707107 -0.707107 0.000000 0.707107 -0.707107 0.000000 0.500000 -0.866025 0.000000 0.500000 -0.866025 0.000000 0.258819 -0.965926 0.000000 0.258819 -0.965926 0.000000 0.000000 -1.000000 0.000000 0.000000 -1.000000 0.000000 -0.258819 -0.965926 0.000000 -0.258819 -0.965926 0.000000 -0.500000 -0.866025 0.000000 -0.500000 -0.866025 0.000000 -0.707107 -0.707107 0.000000 -0.707107 -0.707107 0.000000 -0.866025 -0.500000 0.000000 -0.866025 -0.500000 0.000000 -0.965926 -0.258819 0.000000 -0.965926 -0.258819 0.000000 -1.000000 0.000000 0.000000 -1.000000 0.000000 0.000000 -0.965926 0.258819 0.000000 -0.965926 0.258819 0.000000 -0.866025 0.500000 0.000000 -0.866025 0.500000 0.000000 -0.707107 0.707107 0.000000 -0.707107 0.707107 0.000000 -0.500000 0.866025 0.000000 -0.500000 0.866025 0.000000 -0.258819 0.965926 0.000000 -0.258819 0.965926 0.000000 0.000000 1.000000 0.000000 0.000000 1.000000 -0.000000 0.258819 0.965926 -0.000000 0.258819 0.965926 0.000000 -0.866025 -0.500000 0.000000 -0.866025 -0.500000 0.000000 -0.707107 -0.707107 0.000000 -0.707107 -0.707107 0.000000 -0.500000 -0.866025 0.000000 -0.500000 -0.866025 0.000000 -0.258819 -0.965926 0.000000 -0.258819 -0.965926 -0.000000 0.000000 -1.000000 -0.000000 0.000000 -1.000000 -0.000000 0.258819 -0.965926 -0.000000 0.258819 -0.965926 -0.000000 0.500000 -0.866025 -0.000000 0.500000 -0.866025 -0.000000 0.707107 -0.707107 -0.000000 0.707107 -0.707107 -0.000000 0.866025 -0.500000 -0.000000 0.866025 -0.500000 -0.000000 0.965926 -0.258819 -0.000000 0.965926 -0.258819 -0.000000 1.000000 -0.000000 -0.000000 1.000000 -0.000000 -0.000000 0.965926 0.258819 -0.000000 0.965926 0.258819 -0.000000 0.866025 0.500000 -0.000000 0.866025 0.500000 -0.000000 0.707107 0.707107 -0.000000 0.707107 0.707107 -0.000000 0.500000 0.866025 -0.000000 0.500000 0.866025 -0.000000 0.258819 0.965926 -0.000000 0.258819 0.965926 -0.000000 -0.000000 1.000000 -0.000000 -0.000000 1.000000 -0.000000 -0.258819 0.965926 -0.000000 -0.258819 0.965926 -0.000000 -0.500000 0.866025 -0.000000 -0.500000 0.866025 -0.000000 -0.707107 0.707107 -0.000000 -0.707107 0.707107 -0.000000 -0.866025 0.500000 -0.000000 -0.866025 0.500000 -0.000000 -0.965926 0.258819 -0.000000 -0.965926 0.258819 -0.000000 -1.000000 0.000000 -0.000000 -1.000000 0.000000 0.000000 -0.965926 -0.258819 0.000000 -0.965926 -0.258819 1.000000 0.000000 0.000000 1.000000 0.000000 0.000000 1.000000 0.000000 0.000000 1.000000 0.000000 0.000000 1.000000 0.000000 0.000000 1.000000 0.000000 0.000000 1.000000 0.000000 0.000000 1.000000 0.000000 0.000000 1.000000 0.000000 0.000000 1.000000 0.000000 0.000000 1.000000 0.000000 0.000000 1.000000 0.000000 0.000000 1.000000 0.000000 0.000000 1.000000 0.000000 0.000000 1.000000 0.000000 0.000000 1.000000 0.000000 0.000000 1.000000 0.000000 0.000000 1.000000 0.000000 0.000000 1.000000 0.000000 0.000000 1.000000 0.000000 0.000000 1.000000 0.000000 0.000000 1.000000 0.000000 0.000000 1.000000 0.000000 0.000000 1.000000 0.000000 0.000000 1.000000 0.000000 0.000000 1.000000 0.000000 0.000000 1.000000 0.000000 0.000000 1.000000 0.000000 0.000000 1.000000 0.000000 0.000000 1.000000 0.000000 0.000000 1.000000 0.000000 0.000000 1.000000 0.000000 0.000000 1.000000 0.000000 0.000000 1.000000 0.000000 0.000000 1.000000 0.000000 0.000000 1.000000 0.000000 0.000000 1.000000 0.000000 0.000000 1.000000 0.000000 0.000000 1.000000 0.000000 0.000000 1.000000 0.000000 0.000000 1.000000 0.000000 0.000000 1.000000 0.000000 0.000000 1.000000 0.000000 0.000000 1.000000 0.000000 0.000000 1.000000 0.000000 0.000000 1.000000 0.000000 0.000000 1.000000 0.000000 0.000000 1.000000 0.000000 0.000000 1.000000 0.000000 0.000000 1.000000 0.000000 0.000000 1.000000 0.000000 0.000000 1.000000 0.000000 0.000000 1.000000 0.000000 0.000000 1.000000 0.000000 0.000000 1.000000 0.000000 0.000000 1.000000 0.000000 0.000000 1.000000 0.000000 0.000000 1.000000 0.000000 0.000000 1.000000 0.000000 0.000000 1.000000 0.000000 0.000000 1.000000 0.000000 0.000000 1.000000 0.000000 0.000000 1.000000 0.000000 0.000000 1.000000 0.000000 0.000000 1.000000 0.000000 0.000000 1.000000 0.000000 0.000000 1.000000 0.000000 0.000000 1.000000 0.000000 0.000000 1.000000 0.000000 0.000000 1.000000 0.000000 0.000000 1.000000 0.000000 0.000000 1.000000 0.000000 0.000000 -0.000000 0.793353 0.608761 -0.000000 0.793353 0.608761 -0.000000 0.923880 0.382683 -0.000000 0.923880 0.382683 -0.000000 0.991445 0.130526 -0.000000 0.991445 0.130526 0.000000 0.991445 -0.130526 0.000000 0.991445 -0.130526 0.000000 0.923880 -0.382683 0.000000 0.923880 -0.382683 0.000000 0.793353 -0.608761 0.000000 0.793353 -0.608761 0.000000 0.608761 -0.793353 0.000000 0.608761 -0.793353 0.000000 0.382683 -0.923880 0.000000 0.382683 -0.923880 0.000000 0.130526 -0.991445 0.000000 0.130526 -0.991445 0.000000 -0.130526 -0.991445 0.000000 -0.130526 -0.991445 0.000000 -0.382683 -0.923880 0.000000 -0.382683 -0.923880 0.000000 -0.608761 -0.793353 0.000000 -0.608761 -0.793353 0.000000 -0.793353 -0.608761 0.000000 -0.793353 -0.608761 0.000000 -0.923880 -0.382683 0.000000 -0.923880 -0.382683 0.000000 -0.991445 -0.130526 0.000000 -0.991445 -0.130526 0.000000 -0.991445 0.130526 0.000000 -0.991445 0.130526 0.000000 -0.923880 0.382683 0.000000 -0.923880 0.382683 0.000000 -0.793353 0.608761 0.000000 -0.793353 0.608761 0.000000 -0.608761 0.793353 0.000000 -0.608761 0.793353 0.000000 -0.382683 0.923880 0.000000 -0.382683 0.923880 0.000000 -0.130526 0.991445 0.000000 -0.130526 0.991445 -0.000000 0.130526 0.991445 -0.000000 0.130526 0.991445 -0.000000 0.382683 0.923880 -0.000000 0.382683 0.923880 -0.000000 0.608761 0.793353 -0.000000 0.608761 0.793353 0.000000 -0.991445 -0.130526 0.000000 -0.991445 -0.130526 0.000000 -0.923880 -0.382683 0.000000 -0.923880 -0.382683 0.000000 -0.793353 -0.608761 0.000000 -0.793353 -0.608761 0.000000 -0.608761 -0.793353 0.000000 -0.608761 -0.793353 0.000000 -0.382683 -0.923880 0.000000 -0.382683 -0.923880 0.000000 -0.130526 -0.991445 0.000000 -0.130526 -0.991445 -0.000000 0.130526 -0.991445 -0.000000 0.130526 -0.991445 -0.000000 0.382683 -0.923880 -0.000000 0.382683 -0.923880 -0.000000 0.608761 -0.793353 -0.000000 0.608761 -0.793353 -0.000000 0.793353 -0.608761 -0.000000 0.793353 -0.608761 -0.000000 0.923880 -0.382683 -0.000000 0.923880 -0.382683 -0.000000 0.991445 -0.130526 -0.000000 0.991445 -0.130526 -0.000000 0.991445 0.130526 -0.000000 0.991445 0.130526 -0.000000 0.923880 0.382683 -0.000000 0.923880 0.382683 -0.000000 0.793353 0.608761 -0.000000 0.793353 0.608761 -0.000000 0.608761 0.793353 -0.000000 0.608761 0.793353 -0.000000 0.382683 0.923880 -0.000000 0.382683 0.923880 -0.000000 0.130526 0.991445 -0.000000 0.130526 0.991445 -0.000000 -0.130526 0.991445 -0.000000 -0.130526 0.991445 -0.000000 -0.382683 0.923880 -0.000000 -0.382683 0.923880 -0.000000 -0.608761 0.793353 -0.000000 -0.608761 0.793353 -0.000000 -0.793353 0.608761 -0.000000 -0.793353 0.608761 -0.000000 -0.923880 0.382683 -0.000000 -0.923880 0.382683 -0.000000 -0.991445 0.130526 -0.000000 -0.991445 0.130526 1.000000 0.000000 0.000000 1.000000 0.000000 0.000000 1.000000 0.000000 0.000000 1.000000 0.000000 0.000000 1.000000 0.000000 0.000000 1.000000 0.000000 0.000000 1.000000 0.000000 0.000000 1.000000 0.000000 0.000000 1.000000 0.000000 0.000000 1.000000 0.000000 0.000000 1.000000 0.000000 0.000000 1.000000 0.000000 0.000000 1.000000 0.000000 0.000000 1.000000 0.000000 0.000000 1.000000 0.000000 0.000000 1.000000 0.000000 0.000000 1.000000 0.000000 0.000000 1.000000 0.000000 0.000000 1.000000 0.000000 0.000000 1.000000 0.000000 0.000000 1.000000 0.000000 0.000000 1.000000 0.000000 0.000000 1.000000 0.000000 0.000000 1.000000 0.000000 0.000000 1.000000 0.000000 0.000000 1.000000 0.000000 0.000000 1.000000 0.000000 0.000000 1.000000 0.000000 0.000000 1.000000 0.000000 0.000000 1.000000 0.000000 0.000000 1.000000 0.000000 0.000000 1.000000 0.000000 0.000000 1.000000 0.000000 0.000000 1.000000 0.000000 0.000000 1.000000 0.000000 0.000000 1.000000 0.000000 0.000000 1.000000 0.000000 0.000000 1.000000 0.000000 0.000000 1.000000 0.000000 0.000000 1.000000 0.000000 0.000000 1.000000 0.000000 0.000000 1.000000 0.000000 0.000000 1.000000 0.000000 0.000000 1.000000 0.000000 0.000000 1.000000 0.000000 0.000000 1.000000 0.000000 0.000000 1.000000 0.000000 0.000000 1.000000 0.000000 0.000000 1.000000 0.000000 0.000000 1.000000 0.000000 0.000000 1.000000 0.000000 0.000000 1.000000 0.000000 0.000000 1.000000 0.000000 0.000000 1.000000 0.000000 0.000000 1.000000 0.000000 0.000000 1.000000 0.000000 0.000000 1.000000 0.000000 0.000000 1.000000 0.000000 0.000000 1.000000 0.000000 0.000000 1.000000 0.000000 0.000000 1.000000 0.000000 0.000000 1.000000 0.000000 0.000000 1.000000 0.000000 0.000000 1.000000 0.000000 0.000000 1.000000 0.000000 0.000000 1.000000 0.000000 0.000000 1.000000 0.000000 0.000000 1.000000 0.000000 0.000000 1.000000 0.000000 0.000000 1.000000 0.000000 0.000000 1.000000 0.000000 0.000000 1.000000 0.000000 0.000000 -0.000000 0.965926 0.258819 -0.000000 0.965926 0.258819 -0.000000 1.000000 0.000000 -0.000000 1.000000 0.000000 0.000000 0.965926 -0.258819 0.000000 0.965926 -0.258819 0.000000 0.866025 -0.500000 0.000000 0.866025 -0.500000 0.000000 0.707107 -0.707107 0.000000 0.707107 -0.707107 0.000000 0.500000 -0.866025 0.000000 0.500000 -0.866025 0.000000 0.258819 -0.965926 0.000000 0.258819 -0.965926 0.000000 -0.000000 -1.000000 0.000000 -0.000000 -1.000000 0.000000 -0.258819 -0.965926 0.000000 -0.258819 -0.965926 0.000000 -0.500000 -0.866025 0.000000 -0.500000 -0.866025 0.000000 -0.707107 -0.707107 0.000000 -0.707107 -0.707107 0.000000 -0.866025 -0.500000 0.000000 -0.866025 -0.500000 0.000000 -0.965926 -0.258819 0.000000 -0.965926 -0.258819 0.000000 -1.000000 0.000000 0.000000 -1.000000 0.000000 0.000000 -0.965926 0.258819 0.000000 -0.965926 0.258819 0.000000 -0.866025 0.500000 0.000000 -0.866025 0.500000 0.000000 -0.707107 0.707107 0.000000 -0.707107 0.707107 0.000000 -0.500000 0.866025 0.000000 -0.500000 0.866025 0.000000 -0.258819 0.965926 0.000000 -0.258819 0.965926 0.000000 -0.000000 1.000000 0.000000 -0.000000 1.000000 -0.000000 0.258819 0.965926 -0.000000 0.258819 0.965926 -0.000000 0.500000 0.866025 -0.000000 0.500000 0.866025 -0.000000 0.707107 0.707107 -0.000000 0.707107 0.707107 -0.000000 0.866025 0.500000 -0.000000 0.866025 0.500000 -0.000000 -0.965926 0.258819 -0.000000 -0.965926 0.258819 -0.000000 -1.000000 0.000000 -0.000000 -1.000000 0.000000 0.000000 -0.965926 -0.258819 0.000000 -0.965926 -0.258819 0.000000 -0.866025 -0.500000 0.000000 -0.866025 -0.500000 0.000000 -0.707107 -0.707107 0.000000 -0.707107 -0.707107 0.000000 -0.500000 -0.866025 0.000000 -0.500000 -0.866025 0.000000 -0.258819 -0.965926 0.000000 -0.258819 -0.965926 -0.000000 0.000000 -1.000000 -0.000000 0.000000 -1.000000 -0.000000 0.258819 -0.965926 -0.000000 0.258819 -0.965926 -0.000000 0.500000 -0.866025 -0.000000 0.500000 -0.866025 -0.000000 0.707107 -0.707107 -0.000000 0.707107 -0.707107 -0.000000 0.866025 -0.500000 -0.000000 0.866025 -0.500000 -0.000000 0.965926 -0.258819 -0.000000 0.965926 -0.258819 -0.000000 1.000000 -0.000000 -0.000000 1.000000 -0.000000 -0.000000 0.965926 0.258819 -0.000000 0.965926 0.258819 -0.000000 0.866025 0.500000 -0.000000 0.866025 0.500000 -0.000000 0.707107 0.707107 -0.000000 0.707107 0.707107 -0.000000 0.500000 0.866025 -0.000000 0.500000 0.866025 -0.000000 0.258819 0.965926 -0.000000 0.258819 0.965926 -0.000000 0.000000 1.000000 -0.000000 0.000000 1.000000 -0.000000 -0.258819 0.965926 -0.000000 -0.258819 0.965926 -0.000000 -0.500000 0.866025 -0.000000 -0.500000 0.866025 -0.000000 -0.707107 0.707107 -0.000000 -0.707107 0.707107 -0.000000 -0.866025 0.500000 -0.000000 -0.866025 0.500000 1.000000 0.000000 0.000000 1.000000 0.000000 0.000000 1.000000 0.000000 0.000000 1.000000 0.000000 0.000000 1.000000 0.000000 0.000000 1.000000 0.000000 0.000000 1.000000 0.000000 0.000000 1.000000 0.000000 0.000000 1.000000 0.000000 0.000000 1.000000 0.000000 0.000000 1.000000 0.000000 0.000000 1.000000 0.000000 0.000000 1.000000 0.000000 0.000000 1.000000 0.000000 0.000000 1.000000 0.000000 0.000000 1.000000 0.000000 0.000000 1.000000 0.000000 0.000000 1.000000 0.000000 0.000000 1.000000 0.000000 0.000000 1.000000 0.000000 0.000000 1.000000 0.000000 0.000000 1.000000 0.000000 0.000000 1.000000 0.000000 0.000000 1.000000 0.000000 0.000000 1.000000 0.000000 0.000000 1.000000 0.000000 0.000000 1.000000 0.000000 0.000000 1.000000 0.000000 0.000000 1.000000 0.000000 0.000000 1.000000 0.000000 0.000000 1.000000 0.000000 0.000000 1.000000 0.000000 0.000000 1.000000 0.000000 0.000000 1.000000 0.000000 0.000000 1.000000 0.000000 0.000000 1.000000 0.000000 0.000000 1.000000 0.000000 0.000000 1.000000 0.000000 0.000000 1.000000 0.000000 0.000000 1.000000 0.000000 0.000000 1.000000 0.000000 0.000000 1.000000 0.000000 0.000000 1.000000 0.000000 0.000000 1.000000 0.000000 0.000000 1.000000 0.000000 0.000000 1.000000 0.000000 0.000000 1.000000 0.000000 0.000000 1.000000 0.000000 0.000000 1.000000 0.000000 0.000000 1.000000 0.000000 0.000000 1.000000 0.000000 0.000000 1.000000 0.000000 0.000000 1.000000 0.000000 0.000000 1.000000 0.000000 0.000000 1.000000 0.000000 0.000000 1.000000 0.000000 0.000000 1.000000 0.000000 0.000000 1.000000 0.000000 0.000000 1.000000 0.000000 0.000000 1.000000 0.000000 0.000000 1.000000 0.000000 0.000000 1.000000 0.000000 0.000000 1.000000 0.000000 0.000000 1.000000 0.000000 0.000000 1.000000 0.000000 0.000000 1.000000 0.000000 0.000000 1.000000 0.000000 0.000000 1.000000 0.000000 0.000000 1.000000 0.000000 0.000000 1.000000 0.000000 0.000000 1.000000 0.000000 0.000000 1.000000 0.000000 0.000000 -0.000000 -0.996917 0.078459 -0.000000 -0.996917 0.078459 -0.000000 -1.000000 0.000000 -0.000000 -1.000000 0.000000 0.000000 -0.996917 -0.078459 0.000000 -0.996917 -0.078459 0.000000 -0.987688 -0.156434 0.000000 -0.987688 -0.156434 0.000000 -0.972370 -0.233445 0.000000 -0.972370 -0.233445 0.000000 -0.951057 -0.309017 0.000000 -0.951057 -0.309017 0.000000 -0.923880 -0.382683 0.000000 -0.923880 -0.382683 0.000000 -0.891007 -0.453990 0.000000 -0.891007 -0.453990 0.000000 -0.852640 -0.522499 0.000000 -0.852640 -0.522499 0.000000 -0.809017 -0.587785 0.000000 -0.809017 -0.587785 0.000000 -0.760406 -0.649448 0.000000 -0.760406 -0.649448 0.000000 -0.707107 -0.707107 0.000000 -0.707107 -0.707107 0.000000 -0.649448 -0.760406 0.000000 -0.649448 -0.760406 0.000000 -0.587785 -0.809017 0.000000 -0.587785 -0.809017 0.000000 -0.522499 -0.852640 0.000000 -0.522499 -0.852640 0.000000 -0.453990 -0.891007 0.000000 -0.453990 -0.891007 0.000000 -0.382683 -0.923880 0.000000 -0.382683 -0.923880 0.000000 -0.309017 -0.951057 0.000000 -0.309017 -0.951057 0.000000 -0.233445 -0.972370 0.000000 -0.233445 -0.972370 0.000000 -0.156434 -0.987688 0.000000 -0.156434 -0.987688 0.000000 -0.078459 -0.996917 0.000000 -0.078459 -0.996917 -0.000000 0.000000 -1.000000 -0.000000 0.000000 -1.000000 -0.000000 0.078459 -0.996917 -0.000000 0.078459 -0.996917 -0.000000 0.156434 -0.987688 -0.000000 0.156434 -0.987688 -0.000000 0.233445 -0.972370 -0.000000 0.233445 -0.972370 -0.000000 0.309017 -0.951057 -0.000000 0.309017 -0.951057 -0.000000 0.382683 -0.923880 -0.000000 0.382683 -0.923880 -0.000000 0.453990 -0.891007 -0.000000 0.453990 -0.891007 -0.000000 0.522499 -0.852640 -0.000000 0.522499 -0.852640 -0.000000 0.587785 -0.809017 -0.000000 0.587785 -0.809017 -0.000000 0.649448 -0.760406 -0.000000 0.649448 -0.760406 -0.000000 0.707107 -0.707107 -0.000000 0.707107 -0.707107 -0.000000 0.760406 -0.649448 -0.000000 0.760406 -0.649448 -0.000000 0.809017 -0.587785 -0.000000 0.809017 -0.587785 -0.000000 0.852640 -0.522499 -0.000000 0.852640 -0.522499 -0.000000 0.891007 -0.453990 -0.000000 0.891007 -0.453990 -0.000000 0.923880 -0.382683 -0.000000 0.923880 -0.382683 -0.000000 0.951057 -0.309017 -0.000000 0.951057 -0.309017 -0.000000 0.972370 -0.233445 -0.000000 0.972370 -0.233445 -0.000000 0.987688 -0.156434 -0.000000 0.987688 -0.156434 -0.000000 0.996917 -0.078459 -0.000000 0.996917 -0.078459 -0.000000 1.000000 -0.000000 -0.000000 1.000000 -0.000000 -0.000000 0.996917 0.078459 -0.000000 0.996917 0.078459 -0.000000 0.987688 0.156434 -0.000000 0.987688 0.156434 -0.000000 0.972370 0.233445 -0.000000 0.972370 0.233445 -0.000000 0.951057 0.309017 -0.000000 0.951057 0.309017 -0.000000 0.923880 0.382683 -0.000000 0.923880 0.382683 -0.000000 0.891007 0.453990 -0.000000 0.891007 0.453990 -0.000000 0.852640 0.522499 -0.000000 0.852640 0.522499 -0.000000 0.809017 0.587785 -0.000000 0.809017 0.587785 -0.000000 0.760406 0.649448 -0.000000 0.760406 0.649448 -0.000000 0.707107 0.707107 -0.000000 0.707107 0.707107 -0.000000 0.649448 0.760406 -0.000000 0.649448 0.760406 -0.000000 0.587785 0.809017 -0.000000 0.587785 0.809017 -0.000000 0.522499 0.852640 -0.000000 0.522499 0.852640 -0.000000 0.453990 0.891007 -0.000000 0.453990 0.891007 -0.000000 0.382683 0.923880 -0.000000 0.382683 0.923880 -0.000000 0.309017 0.951057 -0.000000 0.309017 0.951057 -0.000000 0.233445 0.972370 -0.000000 0.233445 0.972370 -0.000000 0.156434 0.987688 -0.000000 0.156434 0.987688 -0.000000 0.078459 0.996917 -0.000000 0.078459 0.996917 -0.000000 0.000000 1.000000 -0.000000 0.000000 1.000000 -0.000000 -0.078459 0.996917 -0.000000 -0.078459 0.996917 -0.000000 -0.156434 0.987688 -0.000000 -0.156434 0.987688 -0.000000 -0.233445 0.972370 -0.000000 -0.233445 0.972370 -0.000000 -0.309017 0.951057 -0.000000 -0.309017 0.951057 -0.000000 -0.382683 0.923880 -0.000000 -0.382683 0.923880 -0.000000 -0.453990 0.891007 -0.000000 -0.453990 0.891007 -0.000000 -0.522499 0.852640 -0.000000 -0.522499 0.852640 -0.000000 -0.587785 0.809017 -0.000000 -0.587785 0.809017 -0.000000 -0.649448 0.760406 -0.000000 -0.649448 0.760406 -0.000000 -0.707107 0.707107 -0.000000 -0.707107 0.707107 -0.000000 -0.760406 0.649448 -0.000000 -0.760406 0.649448 -0.000000 -0.809017 0.587785 -0.000000 -0.809017 0.587785 -0.000000 -0.852640 0.522499 -0.000000 -0.852640 0.522499 -0.000000 -0.891007 0.453990 -0.000000 -0.891007 0.453990 -0.000000 -0.923880 0.382683 -0.000000 -0.923880 0.382683 -0.000000 -0.951057 0.309017 -0.000000 -0.951057 0.309017 -0.000000 -0.972370 0.233445 -0.000000 -0.972370 0.233445 -0.000000 -0.987688 0.156434 -0.000000 -0.987688 0.156434 1.000000 0.000000 0.000000 1.000000 0.000000 0.000000 1.000000 0.000000 0.000000 1.000000 0.000000 0.000000 1.000000 0.000000 0.000000 1.000000 0.000000 0.000000 1.000000 0.000000 0.000000 1.000000 0.000000 0.000000 1.000000 0.000000 0.000000 1.000000 0.000000 0.000000 1.000000 0.000000 0.000000 1.000000 0.000000 0.000000 1.000000 0.000000 0.000000 1.000000 0.000000 0.000000 1.000000 0.000000 0.000000 1.000000 0.000000 0.000000 1.000000 0.000000 0.000000 1.000000 0.000000 0.000000 1.000000 0.000000 0.000000 1.000000 0.000000 0.000000 1.000000 0.000000 0.000000 1.000000 0.000000 0.000000 1.000000 0.000000 0.000000 1.000000 0.000000 0.000000 1.000000 0.000000 0.000000 1.000000 0.000000 0.000000 1.000000 0.000000 0.000000 1.000000 0.000000 0.000000 1.000000 0.000000 0.000000 1.000000 0.000000 0.000000 1.000000 0.000000 0.000000 1.000000 0.000000 0.000000 1.000000 0.000000 0.000000 1.000000 0.000000 0.000000 1.000000 0.000000 0.000000 1.000000 0.000000 0.000000 1.000000 0.000000 0.000000 1.000000 0.000000 0.000000 1.000000 0.000000 0.000000 1.000000 0.000000 0.000000 1.000000 0.000000 0.000000 1.000000 0.000000 0.000000 1.000000 0.000000 0.000000 1.000000 0.000000 0.000000 1.000000 0.000000 0.000000 1.000000 0.000000 0.000000 1.000000 0.000000 0.000000 1.000000 0.000000 0.000000 1.000000 0.000000 0.000000 1.000000 0.000000 0.000000 1.000000 0.000000 0.000000 1.000000 0.000000 0.000000 1.000000 0.000000 0.000000 1.000000 0.000000 0.000000 1.000000 0.000000 0.000000 1.000000 0.000000 0.000000 1.000000 0.000000 0.000000 1.000000 0.000000 0.000000 1.000000 0.000000 0.000000 1.000000 0.000000 0.000000 1.000000 0.000000 0.000000 1.000000 0.000000 0.000000 1.000000 0.000000 0.000000 1.000000 0.000000 0.000000 1.000000 0.000000 0.000000 1.000000 0.000000 0.000000 1.000000 0.000000 0.000000 1.000000 0.000000 0.000000 1.000000 0.000000 0.000000 1.000000 0.000000 0.000000 1.000000 0.000000 0.000000 1.000000 0.000000 0.000000 1.000000 0.000000 0.000000 1.000000 0.000000 0.000000 1.000000 0.000000 0.000000 1.000000 0.000000 0.000000 1.000000 0.000000 0.000000 1.000000 0.000000 0.000000 1.000000 0.000000 0.000000 1.000000 0.000000 0.000000 1.000000 0.000000 0.000000 1.000000 0.000000 0.000000 1.000000 0.000000 0.000000 1.000000 0.000000 0.000000 1.000000 0.000000 0.000000 1.000000 0.000000 0.000000 1.000000 0.000000 0.000000 1.000000 0.000000 0.000000 1.000000 0.000000 0.000000 1.000000 0.000000 0.000000 1.000000 0.000000 0.000000 1.000000 0.000000 0.000000 1.000000 0.000000 0.000000 1.000000 0.000000 0.000000 1.000000 0.000000 0.000000 1.000000 0.000000 0.000000 1.000000 0.000000 0.000000 1.000000 0.000000 0.000000 1.000000 0.000000 0.000000 1.000000 0.000000 0.000000 1.000000 0.000000 0.000000 1.000000 0.000000 0.000000 1.000000 0.000000 0.000000 1.000000 0.000000 0.000000 1.000000 0.000000 0.000000 1.000000 0.000000 0.000000 1.000000 0.000000 0.000000 1.000000 0.000000 0.000000 1.000000 0.000000 0.000000 1.000000 0.000000 0.000000 1.000000 0.000000 0.000000 1.000000 0.000000 0.000000 1.000000 0.000000 0.000000 1.000000 0.000000 0.000000 1.000000 0.000000 0.000000 1.000000 0.000000 0.000000 1.000000 0.000000 0.000000 1.000000 0.000000 0.000000 1.000000 0.000000 0.000000 1.000000 0.000000 0.000000 1.000000 0.000000 0.000000 1.000000 0.000000 0.000000 1.000000 0.000000 0.000000 -1.000000 -0.000000 -0.000000 -1.000000 -0.000000 -0.000000 -1.000000 -0.000000 -0.000000 -1.000000 -0.000000 -0.000000 -1.000000 -0.000000 -0.000000 -1.000000 -0.000000 -0.000000 -1.000000 -0.000000 -0.000000 -1.000000 -0.000000 -0.000000 -1.000000 -0.000000 -0.000000 -1.000000 -0.000000 -0.000000 -1.000000 -0.000000 -0.000000 -1.000000 -0.000000 -0.000000 -1.000000 -0.000000 -0.000000 -1.000000 -0.000000 -0.000000 -1.000000 -0.000000 -0.000000 -1.000000 -0.000000 -0.000000 -1.000000 -0.000000 -0.000000 -1.000000 -0.000000 -0.000000 -1.000000 -0.000000 -0.000000 -1.000000 -0.000000 -0.000000 -1.000000 -0.000000 -0.000000 -1.000000 -0.000000 -0.000000 -1.000000 -0.000000 -0.000000 -1.000000 -0.000000 -0.000000 -1.000000 -0.000000 -0.000000 -1.000000 -0.000000 -0.000000 -1.000000 -0.000000 -0.000000 -1.000000 -0.000000 -0.000000 -1.000000 -0.000000 -0.000000 -1.000000 -0.000000 -0.000000 -1.000000 -0.000000 -0.000000 -1.000000 -0.000000 -0.000000 -1.000000 -0.000000 -0.000000 -1.000000 -0.000000 -0.000000 -1.000000 -0.000000 -0.000000 -1.000000 -0.000000 -0.000000 -1.000000 -0.000000 -0.000000 -1.000000 -0.000000 -0.000000 -1.000000 -0.000000 -0.000000 -1.000000 -0.000000 -0.000000 -1.000000 -0.000000 -0.000000 -1.000000 -0.000000 -0.000000 -1.000000 -0.000000 -0.000000 -1.000000 -0.000000 -0.000000 -1.000000 -0.000000 -0.000000 -1.000000 -0.000000 -0.000000 -1.000000 -0.000000 -0.000000 -1.000000 -0.000000 -0.000000 -1.000000 -0.000000 -0.000000 -1.000000 -0.000000 -0.000000 -1.000000 -0.000000 -0.000000 -1.000000 -0.000000 -0.000000 -1.000000 -0.000000 -0.000000 -1.000000 -0.000000 -0.000000 -1.000000 -0.000000 -0.000000 -1.000000 -0.000000 -0.000000 -1.000000 -0.000000 -0.000000 -1.000000 -0.000000 -0.000000 -1.000000 -0.000000 -0.000000 -1.000000 -0.000000 -0.000000 -1.000000 -0.000000 -0.000000 -1.000000 -0.000000 -0.000000 -1.000000 -0.000000 -0.000000 -1.000000 -0.000000 -0.000000 -1.000000 -0.000000 -0.000000 -1.000000 -0.000000 -0.000000 -1.000000 -0.000000 -0.000000 -1.000000 -0.000000 -0.000000 -1.000000 -0.000000 -0.000000 -1.000000 -0.000000 -0.000000 -1.000000 -0.000000 -0.000000 -1.000000 -0.000000 -0.000000 -1.000000 -0.000000 -0.000000 -1.000000 -0.000000 -0.000000 -1.000000 -0.000000 -0.000000 -1.000000 -0.000000 -0.000000 -1.000000 -0.000000 -0.000000 -1.000000 -0.000000 -0.000000 -1.000000 -0.000000 -0.000000 -1.000000 -0.000000 -0.000000 -1.000000 -0.000000 -0.000000 -1.000000 -0.000000 -0.000000 -1.000000 -0.000000 -0.000000 -1.000000 -0.000000 -0.000000 -1.000000 -0.000000 -0.000000 -1.000000 -0.000000 -0.000000 -1.000000 -0.000000 -0.000000 -1.000000 -0.000000 -0.000000 -1.000000 -0.000000 -0.000000 -1.000000 -0.000000 -0.000000 -1.000000 -0.000000 -0.000000 -1.000000 -0.000000 -0.000000 -1.000000 -0.000000 -0.000000 -1.000000 -0.000000 -0.000000 -1.000000 -0.000000 -0.000000 -1.000000 -0.000000 -0.000000 -1.000000 -0.000000 -0.000000 -1.000000 -0.000000 -0.000000 -1.000000 -0.000000 -0.000000 -1.000000 -0.000000 -0.000000 -1.000000 -0.000000 -0.000000 -1.000000 -0.000000 -0.000000 -1.000000 -0.000000 -0.000000 -1.000000 -0.000000 -0.000000 -1.000000 -0.000000 -0.000000 -1.000000 -0.000000 -0.000000 -1.000000 -0.000000 -0.000000 -1.000000 -0.000000 -0.000000 -1.000000 -0.000000 -0.000000 -1.000000 -0.000000 -0.000000 -1.000000 -0.000000 -0.000000 -1.000000 -0.000000 -0.000000 -1.000000 -0.000000 -0.000000 -1.000000 -0.000000 -0.000000 -1.000000 -0.000000 -0.000000 -1.000000 -0.000000 -0.000000 -1.000000 -0.000000 -0.000000 -1.000000 -0.000000 -0.000000 -1.000000 -0.000000 -0.000000 -1.000000 -0.000000 -0.000000 -1.000000 -0.000000 -0.000000 -1.000000 -0.000000 -0.000000 -1.000000 -0.000000 -0.000000 -1.000000 -0.000000 -0.000000 -1.000000 -0.000000 -0.000000 -1.000000 -0.000000 -0.000000 -1.000000 -0.000000 -0.000000 -1.000000 -0.000000 -0.000000 -1.000000 -0.000000 -0.000000 -1.000000 -0.000000 -0.000000 -1.000000 -0.000000 -0.000000 -1.000000 -0.000000 -0.000000 -1.000000 -0.000000 -0.000000 -1.000000 -0.000000 -0.000000 -1.000000 -0.000000 -0.000000 -1.000000 -0.000000 -0.000000 -1.000000 -0.000000 -0.000000 -1.000000 -0.000000 -0.000000 -1.000000 -0.000000 -0.000000 -1.000000 -0.000000 -0.000000 -1.000000 -0.000000 -0.000000 -1.000000 -0.000000 -0.000000 -1.000000 -0.000000 -0.000000 -1.000000 -0.000000 -0.000000 -1.000000 -0.000000 -0.000000 -1.000000 -0.000000 -0.000000 -1.000000 -0.000000 -0.000000 -1.000000 -0.000000 -0.000000 -1.000000 -0.000000 -0.000000 -1.000000 -0.000000 -0.000000 -1.000000 -0.000000 -0.000000 -1.000000 -0.000000 -0.000000 -1.000000 -0.000000 -0.000000 -1.000000 -0.000000 -0.000000 -1.000000 -0.000000 -0.000000 -1.000000 -0.000000 -0.000000 -1.000000 -0.000000 -0.000000 -1.000000 -0.000000 -0.000000 -1.000000 -0.000000 -0.000000 -1.000000 -0.000000 -0.000000 -1.000000 -0.000000 -0.000000 -1.000000 -0.000000 -0.000000 -1.000000 -0.000000 -0.000000 -1.000000 -0.000000 -0.000000 -1.000000 -0.000000 -0.000000 -1.000000 -0.000000 -0.000000 -1.000000 -0.000000 -0.000000 -1.000000 -0.000000 -0.000000 -1.000000 -0.000000 -0.000000 -1.000000 -0.000000 -0.000000 -1.000000 -0.000000 -0.000000 -1.000000 -0.000000 -0.000000 -1.000000 -0.000000 -0.000000 -1.000000 -0.000000 -0.000000 -0.000000 -0.997393 0.072158 -0.000000 -0.997393 0.072158 -0.000000 -1.000000 0.000000 -0.000000 -1.000000 0.000000 0.000000 -0.997393 -0.072158 0.000000 -0.997393 -0.072158 0.000000 -0.989587 -0.143939 0.000000 -0.989587 -0.143939 0.000000 -0.976621 -0.214970 0.000000 -0.976621 -0.214970 0.000000 -0.958563 -0.284881 0.000000 -0.958563 -0.284881 0.000000 -0.935508 -0.353306 0.000000 -0.935508 -0.353306 0.000000 -0.907575 -0.419889 0.000000 -0.907575 -0.419889 0.000000 -0.874911 -0.484283 0.000000 -0.874911 -0.484283 0.000000 -0.837686 -0.546152 0.000000 -0.837686 -0.546152 0.000000 -0.796093 -0.605174 0.000000 -0.796093 -0.605174 0.000000 -0.750350 -0.661041 0.000000 -0.750350 -0.661041 0.000000 -0.700695 -0.713461 0.000000 -0.700695 -0.713461 0.000000 -0.647386 -0.762162 0.000000 -0.647386 -0.762162 0.000000 -0.590703 -0.806889 0.000000 -0.590703 -0.806889 0.000000 -0.530940 -0.847410 0.000000 -0.530940 -0.847410 0.000000 -0.468408 -0.883512 0.000000 -0.468408 -0.883512 0.000000 -0.403435 -0.915008 0.000000 -0.403435 -0.915008 0.000000 -0.336359 -0.941734 0.000000 -0.336359 -0.941734 0.000000 -0.267528 -0.963550 0.000000 -0.267528 -0.963550 0.000000 -0.197303 -0.980342 0.000000 -0.197303 -0.980342 0.000000 -0.126050 -0.992024 0.000000 -0.126050 -0.992024 0.000000 -0.054139 -0.998533 0.000000 -0.054139 -0.998533 -0.000000 0.018054 -0.999837 -0.000000 0.018054 -0.999837 -0.000000 0.090153 -0.995928 -0.000000 0.090153 -0.995928 -0.000000 0.161782 -0.986827 -0.000000 0.161782 -0.986827 -0.000000 0.232567 -0.972580 -0.000000 0.232567 -0.972580 -0.000000 0.302140 -0.953263 -0.000000 0.302140 -0.953263 -0.000000 0.370138 -0.928977 -0.000000 0.370138 -0.928977 -0.000000 0.436206 -0.899847 -0.000000 0.436206 -0.899847 -0.000000 0.500000 -0.866025 -0.000000 0.500000 -0.866025 -0.000000 0.561187 -0.827689 -0.000000 0.561187 -0.827689 -0.000000 0.619448 -0.785037 -0.000000 0.619448 -0.785037 -0.000000 0.674480 -0.738293 -0.000000 0.674480 -0.738293 -0.000000 0.725995 -0.687699 -0.000000 0.725995 -0.687699 -0.000000 0.773726 -0.633521 -0.000000 0.773726 -0.633521 -0.000000 0.817422 -0.576039 -0.000000 0.817422 -0.576039 -0.000000 0.856857 -0.515554 -0.000000 0.856857 -0.515554 -0.000000 0.891825 -0.452381 -0.000000 0.891825 -0.452381 -0.000000 0.922143 -0.386850 -0.000000 0.922143 -0.386850 -0.000000 0.947653 -0.319302 -0.000000 0.947653 -0.319302 -0.000000 0.968223 -0.250089 -0.000000 0.968223 -0.250089 -0.000000 0.983745 -0.179572 -0.000000 0.983745 -0.179572 -0.000000 0.994138 -0.108119 -0.000000 0.994138 -0.108119 -0.000000 0.999348 -0.036102 -0.000000 0.999348 -0.036102 -0.000000 0.999348 0.036102 -0.000000 0.999348 0.036102 -0.000000 0.994138 0.108119 -0.000000 0.994138 0.108119 -0.000000 0.983745 0.179572 -0.000000 0.983745 0.179572 -0.000000 0.968223 0.250089 -0.000000 0.968223 0.250089 -0.000000 0.947653 0.319302 -0.000000 0.947653 0.319302 -0.000000 0.922143 0.386850 -0.000000 0.922143 0.386850 -0.000000 0.891825 0.452381 -0.000000 0.891825 0.452381 -0.000000 0.856857 0.515554 -0.000000 0.856857 0.515554 -0.000000 0.817422 0.576039 -0.000000 0.817422 0.576039 -0.000000 0.773726 0.633521 -0.000000 0.773726 0.633521 -0.000000 0.725995 0.687699 -0.000000 0.725995 0.687699 -0.000000 0.674480 0.738293 -0.000000 0.674480 0.738293 -0.000000 0.619448 0.785037 -0.000000 0.619448 0.785037 -0.000000 0.561187 0.827689 -0.000000 0.561187 0.827689 -0.000000 0.500000 0.866025 -0.000000 0.500000 0.866025 -0.000000 0.436206 0.899847 -0.000000 0.436206 0.899847 -0.000000 0.370138 0.928977 -0.000000 0.370138 0.928977 -0.000000 0.302140 0.953263 -0.000000 0.302140 0.953263 -0.000000 0.232567 0.972580 -0.000000 0.232567 0.972580 -0.000000 0.161782 0.986827 -0.000000 0.161782 0.986827 -0.000000 0.090153 0.995928 -0.000000 0.090153 0.995928 -0.000000 0.018054 0.999837 -0.000000 0.018054 0.999837 -0.000000 -0.054139 0.998533 -0.000000 -0.054139 0.998533 -0.000000 -0.126050 0.992024 -0.000000 -0.126050 0.992024 -0.000000 -0.197303 0.980342 -0.000000 -0.197303 0.980342 -0.000000 -0.267528 0.963550 -0.000000 -0.267528 0.963550 -0.000000 -0.336359 0.941734 -0.000000 -0.336359 0.941734 -0.000000 -0.403435 0.915008 -0.000000 -0.403435 0.915008 -0.000000 -0.468408 0.883512 -0.000000 -0.468408 0.883512 -0.000000 -0.530940 0.847410 -0.000000 -0.530940 0.847410 -0.000000 -0.590703 0.806889 -0.000000 -0.590703 0.806889 -0.000000 -0.647386 0.762162 -0.000000 -0.647386 0.762162 -0.000000 -0.700695 0.713461 -0.000000 -0.700695 0.713461 -0.000000 -0.750350 0.661041 -0.000000 -0.750350 0.661041 -0.000000 -0.796093 0.605174 -0.000000 -0.796093 0.605174 -0.000000 -0.837686 0.546152 -0.000000 -0.837686 0.546152 -0.000000 -0.874911 0.484283 -0.000000 -0.874911 0.484283 -0.000000 -0.907575 0.419889 -0.000000 -0.907575 0.419889 -0.000000 -0.935508 0.353306 -0.000000 -0.935508 0.353306 -0.000000 -0.958563 0.284881 -0.000000 -0.958563 0.284881 -0.000000 -0.976621 0.214970 -0.000000 -0.976621 0.214970 -0.000000 -0.989587 0.143939 -0.000000 -0.989587 0.143939 1.000000 0.000000 0.000000 1.000000 0.000000 0.000000 1.000000 0.000000 0.000000 1.000000 0.000000 0.000000 1.000000 0.000000 0.000000 1.000000 0.000000 0.000000 1.000000 0.000000 0.000000 1.000000 0.000000 0.000000 1.000000 0.000000 0.000000 1.000000 0.000000 0.000000 1.000000 0.000000 0.000000 1.000000 0.000000 0.000000 1.000000 0.000000 0.000000 1.000000 0.000000 0.000000 1.000000 0.000000 0.000000 1.000000 0.000000 0.000000 1.000000 0.000000 0.000000 1.000000 0.000000 0.000000 1.000000 0.000000 0.000000 1.000000 0.000000 0.000000 1.000000 0.000000 0.000000 1.000000 0.000000 0.000000 1.000000 0.000000 0.000000 1.000000 0.000000 0.000000 -0.000000 -0.997393 0.072158 -0.000000 -0.997393 0.072158 -0.000000 -1.000000 0.000000 -0.000000 -1.000000 0.000000 0.000000 -0.997393 -0.072158 0.000000 -0.997393 -0.072158 0.000000 -0.989587 -0.143939 0.000000 -0.989587 -0.143939 0.000000 -0.976621 -0.214970 0.000000 -0.976621 -0.214970 0.000000 -0.958563 -0.284881 0.000000 -0.958563 -0.284881 0.000000 -0.935508 -0.353306 0.000000 -0.935508 -0.353306 0.000000 -0.907575 -0.419889 0.000000 -0.907575 -0.419889 0.000000 -0.874911 -0.484283 0.000000 -0.874911 -0.484283 0.000000 -0.837686 -0.546152 0.000000 -0.837686 -0.546152 0.000000 -0.796093 -0.605174 0.000000 -0.796093 -0.605174 0.000000 -0.750350 -0.661041 0.000000 -0.750350 -0.661041 0.000000 -0.700695 -0.713461 0.000000 -0.700695 -0.713461 0.000000 -0.647386 -0.762162 0.000000 -0.647386 -0.762162 0.000000 -0.590703 -0.806889 0.000000 -0.590703 -0.806889 0.000000 -0.530940 -0.847410 0.000000 -0.530940 -0.847410 0.000000 -0.468408 -0.883512 0.000000 -0.468408 -0.883512 0.000000 -0.403435 -0.915008 0.000000 -0.403435 -0.915008 0.000000 -0.336359 -0.941734 0.000000 -0.336359 -0.941734 0.000000 -0.267528 -0.963550 0.000000 -0.267528 -0.963550 0.000000 -0.197303 -0.980342 0.000000 -0.197303 -0.980342 0.000000 -0.126050 -0.992024 0.000000 -0.126050 -0.992024 0.000000 -0.054139 -0.998533 0.000000 -0.054139 -0.998533 -0.000000 0.018054 -0.999837 -0.000000 0.018054 -0.999837 -0.000000 0.090153 -0.995928 -0.000000 0.090153 -0.995928 -0.000000 0.161782 -0.986827 -0.000000 0.161782 -0.986827 -0.000000 0.232567 -0.972580 -0.000000 0.232567 -0.972580 -0.000000 0.302140 -0.953263 -0.000000 0.302140 -0.953263 -0.000000 0.370138 -0.928977 -0.000000 0.370138 -0.928977 -0.000000 0.436206 -0.899847 -0.000000 0.436206 -0.899847 -0.000000 0.500000 -0.866025 -0.000000 0.500000 -0.866025 -0.000000 0.561187 -0.827689 -0.000000 0.561187 -0.827689 -0.000000 0.619448 -0.785037 -0.000000 0.619448 -0.785037 -0.000000 0.674480 -0.738293 -0.000000 0.674480 -0.738293 -0.000000 0.725995 -0.687699 -0.000000 0.725995 -0.687699 -0.000000 0.773726 -0.633521 -0.000000 0.773726 -0.633521 -0.000000 0.817422 -0.576039 -0.000000 0.817422 -0.576039 -0.000000 0.856857 -0.515554 -0.000000 0.856857 -0.515554 -0.000000 0.891825 -0.452381 -0.000000 0.891825 -0.452381 -0.000000 0.922143 -0.386850 -0.000000 0.922143 -0.386850 -0.000000 0.947653 -0.319302 -0.000000 0.947653 -0.319302 -0.000000 0.968223 -0.250089 -0.000000 0.968223 -0.250089 -0.000000 0.983745 -0.179572 -0.000000 0.983745 -0.179572 -0.000000 0.994138 -0.108119 -0.000000 0.994138 -0.108119 -0.000000 0.999348 -0.036102 -0.000000 0.999348 -0.036102 -0.000000 0.999348 0.036102 -0.000000 0.999348 0.036102 -0.000000 0.994138 0.108119 -0.000000 0.994138 0.108119 -0.000000 0.983745 0.179572 -0.000000 0.983745 0.179572 -0.000000 0.968223 0.250089 -0.000000 0.968223 0.250089 -0.000000 0.947653 0.319302 -0.000000 0.947653 0.319302 -0.000000 0.922143 0.386850 -0.000000 0.922143 0.386850 -0.000000 0.891825 0.452381 -0.000000 0.891825 0.452381 -0.000000 0.856857 0.515554 -0.000000 0.856857 0.515554 -0.000000 0.817422 0.576039 -0.000000 0.817422 0.576039 -0.000000 0.773726 0.633521 -0.000000 0.773726 0.633521 -0.000000 0.725995 0.687699 -0.000000 0.725995 0.687699 -0.000000 0.674480 0.738293 -0.000000 0.674480 0.738293 -0.000000 0.619448 0.785037 -0.000000 0.619448 0.785037 -0.000000 0.561187 0.827689 -0.000000 0.561187 0.827689 -0.000000 0.500000 0.866025 -0.000000 0.500000 0.866025 -0.000000 0.436206 0.899847 -0.000000 0.436206 0.899847 -0.000000 0.370138 0.928977 -0.000000 0.370138 0.928977 -0.000000 0.302140 0.953263 -0.000000 0.302140 0.953263 -0.000000 0.232567 0.972580 -0.000000 0.232567 0.972580 -0.000000 0.161782 0.986827 -0.000000 0.161782 0.986827 -0.000000 0.090153 0.995928 -0.000000 0.090153 0.995928 -0.000000 0.018054 0.999837 -0.000000 0.018054 0.999837 -0.000000 -0.054139 0.998533 -0.000000 -0.054139 0.998533 -0.000000 -0.126050 0.992024 -0.000000 -0.126050 0.992024 -0.000000 -0.197303 0.980342 -0.000000 -0.197303 0.980342 -0.000000 -0.267528 0.963550 -0.000000 -0.267528 0.963550 -0.000000 -0.336359 0.941734 -0.000000 -0.336359 0.941734 -0.000000 -0.403435 0.915008 -0.000000 -0.403435 0.915008 -0.000000 -0.468408 0.883512 -0.000000 -0.468408 0.883512 -0.000000 -0.530940 0.847410 -0.000000 -0.530940 0.847410 -0.000000 -0.590703 0.806889 -0.000000 -0.590703 0.806889 -0.000000 -0.647386 0.762162 -0.000000 -0.647386 0.762162 -0.000000 -0.700695 0.713461 -0.000000 -0.700695 0.713461 -0.000000 -0.750350 0.661041 -0.000000 -0.750350 0.661041 -0.000000 -0.796093 0.605174 -0.000000 -0.796093 0.605174 -0.000000 -0.837686 0.546152 -0.000000 -0.837686 0.546152 -0.000000 -0.874911 0.484283 -0.000000 -0.874911 0.484283 -0.000000 -0.907575 0.419889 -0.000000 -0.907575 0.419889 -0.000000 -0.935508 0.353306 -0.000000 -0.935508 0.353306 -0.000000 -0.958563 0.284881 -0.000000 -0.958563 0.284881 -0.000000 -0.976621 0.214970 -0.000000 -0.976621 0.214970 -0.000000 -0.989587 0.143939 -0.000000 -0.989587 0.143939 -1.000000 -0.000000 -0.000000 -1.000000 -0.000000 -0.000000 -1.000000 -0.000000 -0.000000 -1.000000 -0.000000 -0.000000 -1.000000 -0.000000 -0.000000 -1.000000 -0.000000 -0.000000 -1.000000 -0.000000 -0.000000 -1.000000 -0.000000 -0.000000 -1.000000 -0.000000 -0.000000 -1.000000 -0.000000 -0.000000 -1.000000 -0.000000 -0.000000 -1.000000 -0.000000 -0.000000 -1.000000 -0.000000 -0.000000 -1.000000 -0.000000 -0.000000 -1.000000 -0.000000 -0.000000 -1.000000 -0.000000 -0.000000 -1.000000 -0.000000 -0.000000 -1.000000 -0.000000 -0.000000 -1.000000 -0.000000 -0.000000 -1.000000 -0.000000 -0.000000 -1.000000 -0.000000 -0.000000 -1.000000 -0.000000 -0.000000 -1.000000 -0.000000 -0.000000 -1.000000 -0.000000 -0.000000 -1.000000 -0.000000 -0.000000 -1.000000 -0.000000 -0.000000 -1.000000 -0.000000 -0.000000 -1.000000 -0.000000 -0.000000 -1.000000 -0.000000 -0.000000 -1.000000 -0.000000 -0.000000 -1.000000 -0.000000 -0.000000 -1.000000 -0.000000 -0.000000 -1.000000 -0.000000 -0.000000 -1.000000 -0.000000 -0.000000 -1.000000 -0.000000 -0.000000 -1.000000 -0.000000 -0.000000 -1.000000 -0.000000 -0.000000 -1.000000 -0.000000 -0.000000 -1.000000 -0.000000 -0.000000 -1.000000 -0.000000 -0.000000 -1.000000 -0.000000 -0.000000 -1.000000 -0.000000 -0.000000 -1.000000 -0.000000 -0.000000 -1.000000 -0.000000 -0.000000 -1.000000 -0.000000 -0.000000 -1.000000 -0.000000 -0.000000 -1.000000 -0.000000 -0.000000 -1.000000 -0.000000 -0.000000 -1.000000 -0.000000 -0.000000 -1.000000 -0.000000 -0.000000 -1.000000 -0.000000 -0.000000 -1.000000 -0.000000 -0.000000 -1.000000 -0.000000 -0.000000 -1.000000 -0.000000 -0.000000 -1.000000 -0.000000 -0.000000 -1.000000 -0.000000 -0.000000 -1.000000 -0.000000 -0.000000 -1.000000 -0.000000 -0.000000 -1.000000 -0.000000 -0.000000 -1.000000 -0.000000 -0.000000 -1.000000 -0.000000 -0.000000 -1.000000 -0.000000 -0.000000 -1.000000 -0.000000 -0.000000 -1.000000 -0.000000 -0.000000 -1.000000 -0.000000 -0.000000 -1.000000 -0.000000 -0.000000 -1.000000 -0.000000 -0.000000 -1.000000 -0.000000 -0.000000 -1.000000 -0.000000 -0.000000 -1.000000 -0.000000 -0.000000 -1.000000 -0.000000 -0.000000 -1.000000 -0.000000 -0.000000 -1.000000 -0.000000 -0.000000 -1.000000 -0.000000 -0.000000 -1.000000 -0.000000 -0.000000 -1.000000 -0.000000 -0.000000 -1.000000 -0.000000 -0.000000 -1.000000 -0.000000 -0.000000 -1.000000 -0.000000 -0.000000 -1.000000 -0.000000 -0.000000 -1.000000 -0.000000 -0.000000 -1.000000 -0.000000 -0.000000 -1.000000 -0.000000 -0.000000 -1.000000 -0.000000 -0.000000 -1.000000 -0.000000 -0.000000 -1.000000 -0.000000 -0.000000 -1.000000 -0.000000 -0.000000 -1.000000 -0.000000 -0.000000 -1.000000 -0.000000 -0.000000 -1.000000 -0.000000 -0.000000 -1.000000 -0.000000 -0.000000 -1.000000 -0.000000 -0.000000 -1.000000 -0.000000 -0.000000 -1.000000 -0.000000 -0.000000 -1.000000 -0.000000 -0.000000 -1.000000 -0.000000 -0.000000 -1.000000 -0.000000 -0.000000 -1.000000 -0.000000 -0.000000 -1.000000 -0.000000 -0.000000 -1.000000 -0.000000 -0.000000 -1.000000 -0.000000 -0.000000 -1.000000 -0.000000 -0.000000 -1.000000 -0.000000 -0.000000 -1.000000 -0.000000 -0.000000 -1.000000 -0.000000 -0.000000 -1.000000 -0.000000 -0.000000 -1.000000 -0.000000 -0.000000 -1.000000 -0.000000 -0.000000 -1.000000 -0.000000 -0.000000 -1.000000 -0.000000 -0.000000 -1.000000 -0.000000 -0.000000 -1.000000 -0.000000 -0.000000 -1.000000 -0.000000 -0.000000 -1.000000 -0.000000 -0.000000 -1.000000 -0.000000 -0.000000 -1.000000 -0.000000 -0.000000 -1.000000 -0.000000 -0.000000 -1.000000 -0.000000 -0.000000 -1.000000 -0.000000 -0.000000 -1.000000 -0.000000 -0.000000 -1.000000 -0.000000 -0.000000 -1.000000 -0.000000 -0.000000 -1.000000 -0.000000 -0.000000 -1.000000 -0.000000 -0.000000 -1.000000 -0.000000 -0.000000 -1.000000 -0.000000 -0.000000 -1.000000 -0.000000 -0.000000 -1.000000 -0.000000 -0.000000 -1.000000 -0.000000 -0.000000 -1.000000 -0.000000 -0.000000 -1.000000 -0.000000 -0.000000 -1.000000 -0.000000 -0.000000 -1.000000 -0.000000 -0.000000 -1.000000 -0.000000 -0.000000 -1.000000 -0.000000 -0.000000 -1.000000 -0.000000 -0.000000 -1.000000 -0.000000 -0.000000 -1.000000 -0.000000 -0.000000 -1.000000 -0.000000 -0.000000 -1.000000 -0.000000 -0.000000 -1.000000 -0.000000 -0.000000 -1.000000 -0.000000 -0.000000 -1.000000 -0.000000 -0.000000 -1.000000 -0.000000 -0.000000 -1.000000 -0.000000 -0.000000 -1.000000 -0.000000 -0.000000 -1.000000 -0.000000 -0.000000 -1.000000 -0.000000 -0.000000 -1.000000 -0.000000 -0.000000 -1.000000 -0.000000 -0.000000 -1.000000 -0.000000 -0.000000 -1.000000 -0.000000 -0.000000 -1.000000 -0.000000 -0.000000 -1.000000 -0.000000 -0.000000 -1.000000 -0.000000 -0.000000 -1.000000 -0.000000 -0.000000 -1.000000 -0.000000 -0.000000 -1.000000 -0.000000 -0.000000 -1.000000 -0.000000 -0.000000 -1.000000 -0.000000 -0.000000 -1.000000 -0.000000 -0.000000 -1.000000 -0.000000 -0.000000 -1.000000 -0.000000 -0.000000 -1.000000 -0.000000 -0.000000 -1.000000 -0.000000 -0.000000 -1.000000 -0.000000 -0.000000 -1.000000 -0.000000 -0.000000 -1.000000 -0.000000 -0.000000 -1.000000 -0.000000 -0.000000 -1.000000 -0.000000 -0.000000 1.000000 0.000000 0.000000 1.000000 0.000000 0.000000 1.000000 0.000000 0.000000 1.000000 0.000000 0.000000 1.000000 0.000000 0.000000 1.000000 0.000000 0.000000 1.000000 0.000000 0.000000 1.000000 0.000000 0.000000 1.000000 0.000000 0.000000 1.000000 0.000000 0.000000 1.000000 0.000000 0.000000 1.000000 0.000000 0.000000 1.000000 0.000000 0.000000 1.000000 0.000000 0.000000 1.000000 0.000000 0.000000 1.000000 0.000000 0.000000 1.000000 0.000000 0.000000 1.000000 0.000000 0.000000 1.000000 0.000000 0.000000 1.000000 0.000000 0.000000 1.000000 0.000000 0.000000 1.000000 0.000000 0.000000 1.000000 0.000000 0.000000 1.000000 0.000000 0.000000 1.000000 0.000000 0.000000 1.000000 0.000000 0.000000 1.000000 0.000000 0.000000 1.000000 0.000000 0.000000 1.000000 0.000000 0.000000 1.000000 0.000000 0.000000 1.000000 0.000000 0.000000 1.000000 0.000000 0.000000 1.000000 0.000000 0.000000 1.000000 0.000000 0.000000 1.000000 0.000000 0.000000 1.000000 0.000000 0.000000 1.000000 0.000000 0.000000 1.000000 0.000000 0.000000 1.000000 0.000000 0.000000 1.000000 0.000000 0.000000 1.000000 0.000000 0.000000 1.000000 0.000000 0.000000 1.000000 0.000000 0.000000 1.000000 0.000000 0.000000 1.000000 0.000000 0.000000 1.000000 0.000000 0.000000 1.000000 0.000000 0.000000 1.000000 0.000000 0.000000 1.000000 0.000000 0.000000 1.000000 0.000000 0.000000 1.000000 0.000000 0.000000 1.000000 0.000000 0.000000 1.000000 0.000000 0.000000 1.000000 0.000000 0.000000 1.000000 0.000000 0.000000 1.000000 0.000000 0.000000 1.000000 0.000000 0.000000 1.000000 0.000000 0.000000 1.000000 0.000000 0.000000 1.000000 0.000000 0.000000 1.000000 0.000000 0.000000 1.000000 0.000000 0.000000 1.000000 0.000000 0.000000 1.000000 0.000000 0.000000 1.000000 0.000000 0.000000 1.000000 0.000000 0.000000 1.000000 0.000000 0.000000 1.000000 0.000000 0.000000 1.000000 0.000000 0.000000 1.000000 0.000000 0.000000 1.000000 0.000000 0.000000 1.000000 0.000000 0.000000 1.000000 0.000000 0.000000 1.000000 0.000000 0.000000 1.000000 0.000000 0.000000 1.000000 0.000000 0.000000 1.000000 0.000000 0.000000 1.000000 0.000000 0.000000 1.000000 0.000000 0.000000 1.000000 0.000000 0.000000 1.000000 0.000000 0.000000 1.000000 0.000000 0.000000 1.000000 0.000000 0.000000 1.000000 0.000000 0.000000 1.000000 0.000000 0.000000 1.000000 0.000000 0.000000 1.000000 0.000000 0.000000 1.000000 0.000000 0.000000 1.000000 0.000000 0.000000 1.000000 0.000000 0.000000 1.000000 0.000000 0.000000 1.000000 0.000000 0.000000 1.000000 0.000000 0.000000 1.000000 0.000000 0.000000 1.000000 0.000000 0.000000 1.000000 0.000000 0.000000 1.000000 0.000000 0.000000 1.000000 0.000000 0.000000 1.000000 0.000000 0.000000 1.000000 0.000000 0.000000 1.000000 0.000000 0.000000 1.000000 0.000000 0.000000 1.000000 0.000000 0.000000 1.000000 0.000000 0.000000 1.000000 0.000000 0.000000 1.000000 0.000000 0.000000 1.000000 0.000000 0.000000 1.000000 0.000000 0.000000 1.000000 0.000000 0.000000 1.000000 0.000000 0.000000 1.000000 0.000000 0.000000 1.000000 0.000000 0.000000 1.000000 0.000000 0.000000 1.000000 0.000000 0.000000 1.000000 0.000000 0.000000 1.000000 0.000000 0.000000 1.000000 0.000000 0.000000 1.000000 0.000000 0.000000 1.000000 0.000000 0.000000 1.000000 0.000000 0.000000 1.000000 0.000000 0.000000 1.000000 0.000000 0.000000 1.000000 0.000000 0.000000 1.000000 0.000000 0.000000 1.000000 0.000000 0.000000 1.000000 0.000000 0.000000 1.000000 0.000000 0.000000 1.000000 0.000000 0.000000 1.000000 0.000000 0.000000 1.000000 0.000000 0.000000 1.000000 0.000000 0.000000 1.000000 0.000000 0.000000 1.000000 0.000000 0.000000 1.000000 0.000000 0.000000 1.000000 0.000000 0.000000 1.000000 0.000000 0.000000 1.000000 0.000000 0.000000 1.000000 0.000000 0.000000 1.000000 0.000000 0.000000 1.000000 0.000000 0.000000 1.000000 0.000000 0.000000 1.000000 0.000000 0.000000 1.000000 0.000000 0.000000 1.000000 0.000000 0.000000 1.000000 0.000000 0.000000 1.000000 0.000000 0.000000 1.000000 0.000000 0.000000 1.000000 0.000000 0.000000 1.000000 0.000000 0.000000 1.000000 0.000000 0.000000 1.000000 0.000000 0.000000 1.000000 0.000000 0.000000 1.000000 0.000000 0.000000 1.000000 0.000000 0.000000 1.000000 0.000000 0.000000 1.000000 0.000000 0.000000 1.000000 0.000000 0.000000 1.000000 0.000000 0.000000 1.000000 0.000000 0.000000 1.000000 0.000000 0.000000 1.000000 0.000000 0.000000 1.000000 0.000000 0.000000 1.000000 0.000000 0.000000 1.000000 0.000000 0.000000 1.000000 0.000000 0.000000 1.000000 0.000000 0.000000 1.000000 0.000000 0.000000 1.000000 0.000000 0.000000 1.000000 0.000000 0.000000 1.000000 0.000000 0.000000 1.000000 0.000000 0.000000 1.000000 0.000000 0.000000 1.000000 0.000000 0.000000 1.000000 0.000000 0.000000 0.174507 -0.982089 0.071051 0.106435 -0.991786 0.070934 0.174507 -0.984656 0.000000 0.106435 -0.994320 0.000000 0.106435 -0.991786 -0.070934 0.037859 -0.999283 0.000000 0.037859 -0.996737 -0.071288 -0.030895 -0.999523 0.000000 -0.030895 -0.996976 -0.071305 -0.099504 -0.995037 0.000000 -0.099504 -0.992502 -0.070985 -0.167642 -0.985848 0.000000 -0.167642 -0.983336 -0.070330 -0.234987 -0.971998 0.000000 -0.234987 -0.969522 -0.069342 -0.301222 -0.953554 0.000000 -0.301222 -0.951124 -0.068026 -0.366033 -0.930602 0.000000 -0.366033 -0.928060 -0.068727 0.106435 -0.984199 0.141506 0.174507 -0.974402 0.141731 0.106435 -0.971596 0.211358 0.174507 -0.961635 0.211672 0.106435 -0.954043 0.280132 0.174507 -0.943855 0.280510 0.106435 -0.931628 0.347479 0.174507 -0.921153 0.347885 0.106435 -0.904465 0.413055 0.174507 -0.893649 0.413446 0.106435 -0.872693 0.476527 0.174507 -0.861487 0.476852 0.106435 -0.836475 0.537570 0.174507 -0.824832 0.537772 0.106435 -0.795994 0.595874 0.174507 -0.783878 0.595888 0.106435 -0.751457 0.651141 0.174507 -0.738836 0.650898 0.106435 -0.703090 0.703090 0.174507 -0.689943 0.702514 0.106435 -0.651141 0.751457 0.174507 -0.637453 0.750467 0.106435 -0.595874 0.795994 0.174507 -0.581639 0.794508 0.106435 -0.537570 0.836475 0.174507 -0.522793 0.834407 0.106435 -0.476527 0.872693 0.174507 -0.461221 0.869955 0.106435 -0.413055 0.904465 0.174507 -0.397245 0.900968 0.106435 -0.347479 0.931628 0.174507 -0.331197 0.927284 0.106435 -0.280132 0.954043 0.174507 -0.263423 0.948765 0.106435 -0.211358 0.971596 0.174507 -0.194276 0.965300 0.106435 -0.141506 0.984199 0.174507 -0.124116 0.976802 0.106435 -0.070934 0.991786 0.174507 -0.053308 0.983212 0.106435 -0.000000 0.994320 0.174507 0.017777 0.984495 0.106435 0.070934 0.991786 0.174507 0.088770 0.980646 0.106435 0.141506 0.984199 0.174507 0.159300 0.971685 0.106435 0.211358 0.971596 0.174507 0.228999 0.957657 0.106435 0.280132 0.954043 0.174507 0.297504 0.938636 0.106435 0.347479 0.931628 0.174507 0.364459 0.914722 0.106435 0.413055 0.904465 0.174507 0.429513 0.886039 0.106435 0.476527 0.872693 0.174507 0.492328 0.852737 0.106435 0.537570 0.836475 0.174507 0.552576 0.814989 0.106435 0.595874 0.795994 0.174507 0.609943 0.772992 0.106435 0.651141 0.751457 0.174507 0.664131 0.726965 0.106435 0.703090 0.703090 0.174507 0.714856 0.677147 0.106435 0.751457 0.651141 0.174507 0.761854 0.623800 0.106435 0.795994 0.595874 0.174507 0.804880 0.567200 0.106435 0.836475 0.537570 0.174507 0.843709 0.507643 0.106435 0.872693 0.476527 0.174507 0.878140 0.445440 0.106435 0.904465 0.413055 0.174507 0.907993 0.380914 0.106435 0.931628 0.347479 0.174507 0.933112 0.314402 0.106435 0.954043 0.280132 0.174507 0.953366 0.246251 0.106435 0.971596 0.211358 0.174507 0.968650 0.176817 0.106435 0.984199 0.141506 0.174507 0.978884 0.106460 0.106435 0.991786 0.070934 0.174507 0.984014 0.035548 0.106435 0.994320 0.000000 0.174507 0.984014 -0.035548 0.106435 0.991786 -0.070934 0.174507 0.978884 -0.106460 0.106435 0.984199 -0.141506 0.174507 0.968650 -0.176817 0.106435 0.971596 -0.211358 0.174507 0.953366 -0.246251 0.106435 0.954043 -0.280132 0.174507 0.933112 -0.314402 0.106435 0.931628 -0.347479 0.174507 0.907993 -0.380914 0.106435 0.904465 -0.413055 0.174507 0.878140 -0.445440 0.106435 0.872693 -0.476527 0.174507 0.843709 -0.507643 0.106435 0.836475 -0.537570 0.174507 0.804880 -0.567200 0.106435 0.795994 -0.595874 0.174507 0.761854 -0.623800 0.106435 0.751457 -0.651141 0.174507 0.714856 -0.677147 0.106435 0.703090 -0.703090 0.174507 0.664131 -0.726965 0.106435 0.651141 -0.751457 0.174507 0.609943 -0.772992 0.106435 0.595874 -0.795994 0.174507 0.552576 -0.814989 0.106435 0.537570 -0.836475 0.174507 0.492328 -0.852737 0.106435 0.476527 -0.872693 0.174507 0.429513 -0.886039 0.106435 0.413055 -0.904465 0.174507 0.364459 -0.914722 0.106435 0.347479 -0.931628 0.174507 0.297504 -0.938636 0.106435 0.280132 -0.954043 0.174507 0.228999 -0.957657 0.106435 0.211358 -0.971596 0.174507 0.159300 -0.971685 0.106435 0.141506 -0.984199 0.174507 0.088770 -0.980646 0.106435 0.070934 -0.991786 0.174507 0.017777 -0.984495 0.106435 0.000000 -0.994320 0.174507 -0.053308 -0.983212 0.106435 -0.070934 -0.991786 0.174507 -0.124116 -0.976802 0.106435 -0.141506 -0.984199 0.174507 -0.194276 -0.965300 0.106435 -0.211358 -0.971596 0.174507 -0.263423 -0.948765 0.106435 -0.280132 -0.954043 0.174507 -0.331197 -0.927284 0.106435 -0.347479 -0.931628 0.174507 -0.397245 -0.900968 0.106435 -0.413055 -0.904465 0.174507 -0.461221 -0.869955 0.106435 -0.476527 -0.872693 0.174507 -0.522793 -0.834407 0.106435 -0.537570 -0.836475 0.174507 -0.581639 -0.794508 0.106435 -0.595874 -0.795994 0.174507 -0.637453 -0.750467 0.106435 -0.651141 -0.751457 0.174507 -0.689943 -0.702514 0.106435 -0.703090 -0.703090 0.174507 -0.738836 -0.650898 0.106435 -0.751457 -0.651141 0.174507 -0.783878 -0.595888 0.106435 -0.795994 -0.595874 0.174507 -0.824832 -0.537772 0.106435 -0.836475 -0.537570 0.174507 -0.861487 -0.476852 0.106435 -0.872693 -0.476527 0.174507 -0.893649 -0.413446 0.106435 -0.904465 -0.413055 0.174507 -0.921153 -0.347885 0.106435 -0.931628 -0.347479 0.174507 -0.943855 -0.280510 0.106435 -0.954043 -0.280132 0.174507 -0.961635 -0.211672 0.106435 -0.971596 -0.211358 0.174507 -0.974402 -0.141731 0.106435 -0.984199 -0.141506 0.174507 -0.982089 -0.071051 -0.301222 -0.943848 -0.135705 -0.366033 -0.920450 -0.137079 -0.301222 -0.931762 -0.202692 -0.366033 -0.907813 -0.204682 -0.301222 -0.914928 -0.268647 -0.366033 -0.890218 -0.271168 -0.301222 -0.893432 -0.333233 -0.366033 -0.867760 -0.336172 -0.301222 -0.867383 -0.396121 -0.366033 -0.840563 -0.399340 -0.301222 -0.836914 -0.456990 -0.366033 -0.808776 -0.460328 -0.301222 -0.802181 -0.515530 -0.366033 -0.772571 -0.518801 -0.301222 -0.763359 -0.571444 -0.366033 -0.732146 -0.574440 -0.301222 -0.720648 -0.624445 -0.366033 -0.687723 -0.626942 -0.301222 -0.674264 -0.674264 -0.366033 -0.639544 -0.676020 -0.301222 -0.624445 -0.720648 -0.366033 -0.587871 -0.721406 -0.301222 -0.571444 -0.763359 -0.366033 -0.532988 -0.762852 -0.301222 -0.515530 -0.802181 -0.366033 -0.475194 -0.800131 -0.301222 -0.456990 -0.836914 -0.366033 -0.414805 -0.833041 -0.301222 -0.396121 -0.867383 -0.366033 -0.352150 -0.861400 -0.301222 -0.333233 -0.893432 -0.366033 -0.287572 -0.885055 -0.301222 -0.268647 -0.914928 -0.366033 -0.221423 -0.903876 -0.301222 -0.202692 -0.931762 -0.366033 -0.154065 -0.917760 -0.301222 -0.135705 -0.943848 -0.366033 -0.085865 -0.926632 -0.301222 -0.068026 -0.951124 -0.366033 -0.017197 -0.930443 -0.301222 -0.000000 -0.953554 -0.366033 0.051566 -0.929172 -0.301222 0.068026 -0.951124 -0.366033 0.120047 -0.922826 -0.301222 0.135705 -0.943848 -0.366033 0.187872 -0.911441 -0.301222 0.202692 -0.931762 -0.366033 0.254671 -0.895077 -0.301222 0.268647 -0.914928 -0.366033 0.320079 -0.873824 -0.301222 0.333233 -0.893432 -0.366033 0.383740 -0.847799 -0.301222 0.396121 -0.867383 -0.366033 0.445304 -0.817144 -0.301222 0.456990 -0.836914 -0.301222 0.515530 -0.802181 -0.234987 0.525502 -0.817697 -0.234987 0.582497 -0.778125 -0.167642 0.590797 -0.789212 -0.167642 0.645593 -0.745054 -0.099504 0.651611 -0.751999 -0.099504 0.703598 -0.703598 -0.030895 0.706769 -0.706769 -0.030895 0.755389 -0.654548 0.037859 0.755208 -0.654391 0.037859 0.799967 -0.598848 -0.366033 0.504436 -0.782026 -0.301222 0.571444 -0.763359 -0.234987 0.636524 -0.734587 -0.167642 0.697100 -0.697100 -0.099504 0.751999 -0.651611 -0.030895 0.800159 -0.598992 0.037859 0.840650 -0.540253 -0.366033 0.560813 -0.742636 -0.301222 0.624445 -0.720648 -0.234987 0.687307 -0.687307 -0.167642 0.745054 -0.645593 -0.099504 0.796568 -0.596304 -0.030895 0.840852 -0.540383 0.037859 0.877050 -0.478905 -0.366033 0.614127 -0.699191 -0.301222 0.674264 -0.674264 -0.234987 0.734587 -0.636524 -0.167642 0.789212 -0.590797 -0.099504 0.837079 -0.537958 -0.030895 0.877260 -0.479020 0.037859 0.908980 -0.415117 -0.366033 0.664087 -0.651927 -0.301222 0.720648 -0.624445 -0.234987 0.778125 -0.582497 -0.167642 0.829348 -0.532990 -0.099504 0.873323 -0.476871 -0.030895 0.909198 -0.415217 0.037859 0.936278 -0.349214 -0.366033 0.710420 -0.601102 -0.301222 0.763359 -0.571444 -0.234987 0.817697 -0.525502 -0.167642 0.865258 -0.472467 -0.099504 0.905118 -0.413353 -0.030895 0.936502 -0.349297 0.037859 0.958805 -0.281531 -0.366033 0.752873 -0.546994 -0.301222 0.802181 -0.515530 -0.234987 0.853103 -0.465829 -0.167642 0.896759 -0.409536 -0.099504 0.932300 -0.347730 -0.030895 0.959035 -0.281598 0.037859 0.976446 -0.212413 -0.366033 0.791214 -0.489899 -0.301222 0.836914 -0.456990 -0.234987 0.884161 -0.403783 -0.167642 0.923690 -0.344519 -0.099504 0.954731 -0.280334 -0.030895 0.976680 -0.212464 0.037859 0.989112 -0.142213 -0.366033 0.825233 -0.430128 -0.301222 0.867383 -0.396121 -0.234987 0.910714 -0.339679 -0.167642 0.945914 -0.277745 -0.099504 0.972297 -0.211510 -0.030895 0.989349 -0.142247 0.037859 0.996737 -0.071288 -0.366033 0.854746 -0.368008 -0.301222 0.893432 -0.333233 -0.234987 0.932626 -0.273844 -0.167642 0.963318 -0.209557 -0.099504 0.984909 -0.141609 -0.030895 0.996976 -0.071305 0.037859 0.999283 0.000000 -0.366033 0.879590 -0.303878 -0.301222 0.914928 -0.268647 -0.234987 0.949785 -0.206613 -0.167642 0.975813 -0.140301 -0.099504 0.992502 -0.070985 -0.030895 0.999523 0.000000 0.037859 0.996737 0.071288 -0.366033 0.899630 -0.238088 -0.301222 0.931762 -0.202692 -0.234987 0.962105 -0.138330 -0.167642 0.983336 -0.070330 -0.099504 0.995037 0.000000 -0.030895 0.996976 0.071305 0.037859 0.989112 0.142213 -0.366033 0.914757 -0.170998 -0.301222 0.943848 -0.135705 -0.234987 0.969522 -0.069342 -0.167642 0.985848 0.000000 -0.099504 0.992502 0.070985 -0.030895 0.989349 0.142247 0.037859 0.976446 0.212413 -0.366033 0.924887 -0.102974 -0.301222 0.951124 -0.068026 -0.234987 0.971998 0.000000 -0.167642 0.983336 0.070330 -0.099504 0.984909 0.141609 -0.030895 0.976680 0.212464 0.037859 0.958805 0.281531 -0.366033 0.929966 -0.034387 -0.301222 0.953554 0.000000 -0.234987 0.969522 0.069342 -0.167642 0.975813 0.140301 -0.099504 0.972297 0.211510 -0.030895 0.959035 0.281598 0.037859 0.936278 0.349214 -0.366033 0.929966 0.034387 -0.301222 0.951124 0.068026 -0.234987 0.962105 0.138330 -0.167642 0.963318 0.209557 -0.099504 0.954731 0.280334 -0.030895 0.936502 0.349297 0.037859 0.908980 0.415117 -0.366033 0.924887 0.102974 -0.301222 0.943848 0.135705 -0.234987 0.949785 0.206613 -0.167642 0.945914 0.277745 -0.099504 0.932300 0.347730 -0.030895 0.909198 0.415217 0.037859 0.877050 0.478905 -0.366033 0.914757 0.170998 -0.301222 0.931762 0.202692 -0.234987 0.932626 0.273844 -0.167642 0.923690 0.344519 -0.099504 0.905118 0.413353 -0.030895 0.877260 0.479020 0.037859 0.840650 0.540253 -0.366033 0.899630 0.238088 -0.301222 0.914928 0.268647 -0.234987 0.910714 0.339679 -0.167642 0.896759 0.409536 -0.099504 0.873323 0.476871 -0.030895 0.840852 0.540383 0.037859 0.799967 0.598848 -0.366033 0.879590 0.303878 -0.301222 0.893432 0.333233 -0.234987 0.884161 0.403783 -0.167642 0.865258 0.472467 -0.099504 0.837079 0.537958 -0.030895 0.800159 0.598992 0.037859 0.755208 0.654391 -0.366033 0.854746 0.368008 -0.301222 0.867383 0.396121 -0.234987 0.853103 0.465829 -0.167642 0.829348 0.532990 -0.099504 0.796568 0.596304 -0.030895 0.755389 0.654548 0.037859 0.706600 0.706600 -0.366033 0.825233 0.430128 -0.301222 0.836914 0.456990 -0.234987 0.817697 0.525502 -0.167642 0.789212 0.590797 -0.099504 0.751999 0.651611 -0.030895 0.706769 0.706769 0.037859 0.654391 0.755208 -0.366033 0.791214 0.489899 -0.301222 0.802181 0.515530 -0.234987 0.778125 0.582497 -0.167642 0.745054 0.645593 -0.099504 0.703598 0.703598 -0.030895 0.654548 0.755389 0.037859 0.598848 0.799967 -0.366033 0.752873 0.546994 -0.301222 0.763359 0.571444 -0.234987 0.734587 0.636524 -0.167642 0.697100 0.697100 -0.099504 0.651611 0.751999 -0.030895 0.598992 0.800159 0.037859 0.540253 0.840650 -0.366033 0.710420 0.601102 -0.301222 0.720648 0.624445 -0.234987 0.687307 0.687307 -0.167642 0.645593 0.745054 -0.099504 0.596304 0.796568 -0.030895 0.540383 0.840852 0.037859 0.478905 0.877050 -0.366033 0.664087 0.651927 -0.301222 0.674264 0.674264 -0.234987 0.636524 0.734587 -0.167642 0.590797 0.789212 -0.099504 0.537958 0.837079 -0.030895 0.479020 0.877260 0.037859 0.415117 0.908980 -0.366033 0.614127 0.699191 -0.301222 0.624445 0.720648 -0.234987 0.582497 0.778125 -0.167642 0.532990 0.829348 -0.099504 0.476871 0.873323 -0.030895 0.415217 0.909198 0.037859 0.349214 0.936278 -0.366033 0.560813 0.742636 -0.301222 0.571444 0.763359 -0.234987 0.525502 0.817697 -0.167642 0.472467 0.865258 -0.099504 0.413353 0.905118 -0.030895 0.349297 0.936502 0.037859 0.281531 0.958805 -0.366033 0.504436 0.782026 -0.301222 0.515530 0.802181 -0.234987 0.465829 0.853103 -0.167642 0.409536 0.896759 -0.099504 0.347730 0.932300 -0.030895 0.281598 0.959035 0.037859 0.212413 0.976446 -0.366033 0.445304 0.817144 -0.301222 0.456990 0.836914 -0.234987 0.403783 0.884161 -0.167642 0.344519 0.923690 -0.099504 0.280334 0.954731 -0.030895 0.212464 0.976680 0.037859 0.142213 0.989112 -0.301222 0.396121 0.867383 -0.366033 0.383740 0.847799 -0.301222 0.333233 0.893432 -0.366033 0.320079 0.873824 -0.301222 0.268647 0.914928 -0.366033 0.254671 0.895077 -0.301222 0.202692 0.931762 -0.366033 0.187872 0.911441 -0.301222 0.135705 0.943848 -0.366033 0.120047 0.922826 -0.301222 0.068026 0.951124 -0.366033 0.051566 0.929172 -0.301222 -0.000000 0.953554 -0.366033 -0.017197 0.930443 -0.301222 -0.068026 0.951124 -0.366033 -0.085865 0.926632 -0.301222 -0.135705 0.943848 -0.366033 -0.154065 0.917760 -0.301222 -0.202692 0.931762 -0.366033 -0.221423 0.903876 -0.301222 -0.268647 0.914928 -0.366033 -0.287572 0.885055 -0.301222 -0.333233 0.893432 -0.366033 -0.352150 0.861400 -0.301222 -0.396121 0.867383 -0.366033 -0.414805 0.833041 -0.301222 -0.456990 0.836914 -0.366033 -0.475194 0.800131 -0.301222 -0.515530 0.802181 -0.366033 -0.532988 0.762852 -0.301222 -0.571444 0.763359 -0.366033 -0.587871 0.721406 -0.301222 -0.624445 0.720648 -0.366033 -0.639544 0.676020 -0.301222 -0.674264 0.674264 -0.366033 -0.687723 0.626942 -0.301222 -0.720648 0.624445 -0.366033 -0.732146 0.574440 -0.301222 -0.763359 0.571444 -0.366033 -0.772571 0.518801 -0.301222 -0.802181 0.515530 -0.366033 -0.808776 0.460328 -0.301222 -0.836914 0.456990 -0.366033 -0.840563 0.399340 -0.301222 -0.867383 0.396121 -0.366033 -0.867760 0.336172 -0.301222 -0.893432 0.333233 -0.366033 -0.890218 0.271168 -0.301222 -0.914928 0.268647 -0.366033 -0.907813 0.204682 -0.301222 -0.931762 0.202692 -0.366033 -0.920450 0.137079 -0.301222 -0.943848 0.135705 -0.366033 -0.928060 0.068727 -0.301222 -0.951124 0.068026 0.037859 0.000000 -0.999283 0.037859 0.071288 -0.996737 0.037859 0.142213 -0.989112 0.037859 0.212413 -0.976446 0.037859 0.281531 -0.958805 0.037859 0.349214 -0.936278 0.037859 0.415117 -0.908980 0.037859 0.478905 -0.877050 0.037859 0.540253 -0.840650 0.037859 0.598848 -0.799967 0.037859 0.654391 -0.755208 0.037859 0.706600 -0.706600 -0.030895 0.000000 -0.999523 -0.030895 0.071305 -0.996976 -0.030895 0.142247 -0.989349 -0.030895 0.212464 -0.976680 -0.030895 0.281598 -0.959035 -0.030895 0.349297 -0.936502 -0.030895 0.415217 -0.909198 -0.030895 0.479020 -0.877260 -0.030895 0.540383 -0.840852 -0.030895 0.598992 -0.800159 -0.030895 0.654548 -0.755389 0.037859 -0.071288 -0.996737 0.037859 -0.142213 -0.989112 0.037859 -0.212413 -0.976446 0.037859 -0.281531 -0.958805 0.037859 -0.349214 -0.936278 0.037859 -0.415117 -0.908980 0.037859 -0.478905 -0.877050 0.037859 -0.540253 -0.840650 0.037859 -0.598848 -0.799967 0.037859 -0.654391 -0.755208 0.037859 -0.706600 -0.706600 0.037859 -0.755208 -0.654391 0.037859 -0.799967 -0.598848 0.037859 -0.840650 -0.540253 0.037859 -0.877050 -0.478905 0.037859 -0.908980 -0.415117 0.037859 -0.936278 -0.349214 0.037859 -0.958805 -0.281531 0.037859 -0.976446 -0.212413 0.037859 -0.989112 -0.142213 -0.099504 0.000000 -0.995037 -0.099504 0.070985 -0.992502 -0.099504 0.141609 -0.984909 -0.099504 0.211510 -0.972297 -0.099504 0.280334 -0.954731 -0.099504 0.347730 -0.932300 -0.099504 0.413353 -0.905118 -0.099504 0.476871 -0.873323 -0.099504 0.537958 -0.837079 -0.099504 0.596304 -0.796568 -0.030895 -0.071305 -0.996976 -0.030895 -0.142247 -0.989349 -0.030895 -0.212464 -0.976680 -0.030895 -0.281598 -0.959035 -0.030895 -0.349297 -0.936502 -0.030895 -0.415217 -0.909198 -0.030895 -0.479020 -0.877260 -0.030895 -0.540383 -0.840852 -0.030895 -0.598992 -0.800159 -0.030895 -0.654548 -0.755389 -0.030895 -0.706769 -0.706769 -0.030895 -0.755389 -0.654548 -0.030895 -0.800159 -0.598992 -0.030895 -0.840852 -0.540383 -0.030895 -0.877260 -0.479020 -0.030895 -0.909198 -0.415217 -0.030895 -0.936502 -0.349297 -0.030895 -0.959035 -0.281598 -0.030895 -0.976680 -0.212464 -0.030895 -0.989349 -0.142247 -0.167642 0.000000 -0.985848 -0.167642 0.070330 -0.983336 -0.167642 0.140301 -0.975813 -0.167642 0.209557 -0.963318 -0.167642 0.277745 -0.945914 -0.167642 0.344519 -0.923690 -0.167642 0.409536 -0.896759 -0.167642 0.472467 -0.865258 -0.167642 0.532990 -0.829348 -0.099504 -0.070985 -0.992502 -0.099504 -0.141609 -0.984909 -0.099504 -0.211510 -0.972297 -0.099504 -0.280334 -0.954731 -0.099504 -0.347730 -0.932300 -0.099504 -0.413353 -0.905118 -0.099504 -0.476871 -0.873323 -0.099504 -0.537958 -0.837079 -0.099504 -0.596304 -0.796568 -0.099504 -0.651611 -0.751999 -0.099504 -0.703598 -0.703598 -0.099504 -0.751999 -0.651611 -0.099504 -0.796568 -0.596304 -0.099504 -0.837079 -0.537958 -0.099504 -0.873323 -0.476871 -0.099504 -0.905118 -0.413353 -0.099504 -0.932300 -0.347730 -0.099504 -0.954731 -0.280334 -0.099504 -0.972297 -0.211510 -0.099504 -0.984909 -0.141609 -0.234987 0.000000 -0.971998 -0.234987 0.069342 -0.969522 -0.234987 0.138330 -0.962105 -0.234987 0.206613 -0.949785 -0.234987 0.273844 -0.932626 -0.234987 0.339679 -0.910714 -0.234987 0.403783 -0.884161 -0.234987 0.465829 -0.853103 -0.167642 -0.070330 -0.983336 -0.167642 -0.140301 -0.975813 -0.167642 -0.209557 -0.963318 -0.167642 -0.277745 -0.945914 -0.167642 -0.344519 -0.923690 -0.167642 -0.409536 -0.896759 -0.167642 -0.472467 -0.865258 -0.167642 -0.532990 -0.829348 -0.167642 -0.590797 -0.789212 -0.167642 -0.645593 -0.745054 -0.167642 -0.697100 -0.697100 -0.167642 -0.745054 -0.645593 -0.167642 -0.789212 -0.590797 -0.167642 -0.829348 -0.532990 -0.167642 -0.865258 -0.472467 -0.167642 -0.896759 -0.409536 -0.167642 -0.923690 -0.344519 -0.167642 -0.945914 -0.277745 -0.167642 -0.963318 -0.209557 -0.167642 -0.975813 -0.140301 -0.234987 -0.069342 -0.969522 -0.234987 -0.138330 -0.962105 -0.234987 -0.206613 -0.949785 -0.234987 -0.273844 -0.932626 -0.234987 -0.339679 -0.910714 -0.234987 -0.403783 -0.884161 -0.234987 -0.465829 -0.853103 -0.234987 -0.525502 -0.817697 -0.234987 -0.582497 -0.778125 -0.234987 -0.636524 -0.734587 -0.234987 -0.687307 -0.687307 -0.234987 -0.734587 -0.636524 -0.234987 -0.778125 -0.582497 -0.234987 -0.817697 -0.525502 -0.234987 -0.853103 -0.465829 -0.234987 -0.884161 -0.403783 -0.234987 -0.910714 -0.339679 -0.234987 -0.932626 -0.273844 -0.234987 -0.949785 -0.206613 -0.234987 -0.962105 -0.138330 0.037859 -0.996737 0.071288 0.037859 -0.989112 0.142213 0.037859 -0.976446 0.212413 0.037859 -0.958805 0.281531 0.037859 -0.936278 0.349214 0.037859 -0.908980 0.415117 0.037859 -0.877050 0.478905 0.037859 -0.840650 0.540253 0.037859 -0.799967 0.598848 0.037859 -0.755208 0.654391 0.037859 -0.706600 0.706600 0.037859 -0.654391 0.755208 0.037859 -0.598848 0.799967 0.037859 -0.540253 0.840650 0.037859 -0.478905 0.877050 0.037859 -0.415117 0.908980 0.037859 -0.349214 0.936278 0.037859 -0.281531 0.958805 0.037859 -0.212413 0.976446 0.037859 -0.142213 0.989112 0.037859 -0.071288 0.996737 0.037859 -0.000000 0.999283 0.037859 0.071288 0.996737 -0.030895 -0.996976 0.071305 -0.030895 -0.989349 0.142247 -0.030895 -0.976680 0.212464 -0.030895 -0.959035 0.281598 -0.030895 -0.936502 0.349297 -0.030895 -0.909198 0.415217 -0.030895 -0.877260 0.479020 -0.030895 -0.840852 0.540383 -0.030895 -0.800159 0.598992 -0.030895 -0.755389 0.654548 -0.030895 -0.706769 0.706769 -0.030895 -0.654548 0.755389 -0.030895 -0.598992 0.800159 -0.030895 -0.540383 0.840852 -0.030895 -0.479020 0.877260 -0.030895 -0.415217 0.909198 -0.030895 -0.349297 0.936502 -0.030895 -0.281598 0.959035 -0.030895 -0.212464 0.976680 -0.030895 -0.142247 0.989349 -0.030895 -0.071305 0.996976 -0.030895 -0.000000 0.999523 -0.030895 0.071305 0.996976 -0.030895 0.142247 0.989349 -0.099504 -0.992502 0.070985 -0.099504 -0.984909 0.141609 -0.099504 -0.972297 0.211510 -0.099504 -0.954731 0.280334 -0.099504 -0.932300 0.347730 -0.099504 -0.905118 0.413353 -0.099504 -0.873323 0.476871 -0.099504 -0.837079 0.537958 -0.099504 -0.796568 0.596304 -0.099504 -0.751999 0.651611 -0.099504 -0.703598 0.703598 -0.099504 -0.651611 0.751999 -0.099504 -0.596304 0.796568 -0.099504 -0.537958 0.837079 -0.099504 -0.476871 0.873323 -0.099504 -0.413353 0.905118 -0.099504 -0.347730 0.932300 -0.099504 -0.280334 0.954731 -0.099504 -0.211510 0.972297 -0.099504 -0.141609 0.984909 -0.099504 -0.070985 0.992502 -0.099504 -0.000000 0.995037 -0.099504 0.070985 0.992502 -0.099504 0.141609 0.984909 -0.099504 0.211510 0.972297 -0.167642 -0.983336 0.070330 -0.167642 -0.975813 0.140301 -0.167642 -0.963318 0.209557 -0.167642 -0.945914 0.277745 -0.167642 -0.923690 0.344519 -0.167642 -0.896759 0.409536 -0.167642 -0.865258 0.472467 -0.167642 -0.829348 0.532990 -0.167642 -0.789212 0.590797 -0.167642 -0.745054 0.645593 -0.167642 -0.697100 0.697100 -0.167642 -0.645593 0.745054 -0.167642 -0.590797 0.789212 -0.167642 -0.532990 0.829348 -0.167642 -0.472467 0.865258 -0.167642 -0.409536 0.896759 -0.167642 -0.344519 0.923690 -0.167642 -0.277745 0.945914 -0.167642 -0.209557 0.963318 -0.167642 -0.140301 0.975813 -0.167642 -0.070330 0.983336 -0.167642 -0.000000 0.985848 -0.167642 0.070330 0.983336 -0.167642 0.140301 0.975813 -0.167642 0.209557 0.963318 -0.167642 0.277745 0.945914 -0.234987 -0.969522 0.069342 -0.234987 -0.962105 0.138330 -0.234987 -0.949785 0.206613 -0.234987 -0.932626 0.273844 -0.234987 -0.910714 0.339679 -0.234987 -0.884161 0.403783 -0.234987 -0.853103 0.465829 -0.234987 -0.817697 0.525502 -0.234987 -0.778125 0.582497 -0.234987 -0.734587 0.636524 -0.234987 -0.687307 0.687307 -0.234987 -0.636524 0.734587 -0.234987 -0.582497 0.778125 -0.234987 -0.525502 0.817697 -0.234987 -0.465829 0.853103 -0.234987 -0.403783 0.884161 -0.234987 -0.339679 0.910714 -0.234987 -0.273844 0.932626 -0.234987 -0.206613 0.949785 -0.234987 -0.138330 0.962105 -0.234987 -0.069342 0.969522 -0.234987 -0.000000 0.971998 -0.234987 0.069342 0.969522 -0.234987 0.138330 0.962105 -0.234987 0.206613 0.949785 -0.234987 0.273844 0.932626 -0.234987 0.339679 0.910714 -0.000000 -0.997269 0.073853 -0.000000 -0.997269 0.073853 -0.000000 -1.000000 0.000000 -0.000000 -1.000000 0.000000 0.000000 -0.997269 -0.073853 0.000000 -0.997269 -0.073853 0.000000 -0.989092 -0.147302 0.000000 -0.989092 -0.147302 0.000000 -0.975512 -0.219946 0.000000 -0.975512 -0.219946 0.000000 -0.956604 -0.291390 0.000000 -0.956604 -0.291390 0.000000 -0.932472 -0.361242 0.000000 -0.932472 -0.361242 0.000000 -0.903247 -0.429121 0.000000 -0.903247 -0.429121 0.000000 -0.869089 -0.494656 0.000000 -0.869089 -0.494656 0.000000 -0.830184 -0.557489 0.000000 -0.830184 -0.557489 0.000000 -0.786745 -0.617278 0.000000 -0.786745 -0.617278 0.000000 -0.739009 -0.673696 0.000000 -0.739009 -0.673696 0.000000 -0.687237 -0.726434 0.000000 -0.687237 -0.726434 0.000000 -0.631711 -0.775204 0.000000 -0.631711 -0.775204 0.000000 -0.572735 -0.819740 0.000000 -0.572735 -0.819740 0.000000 -0.510631 -0.859800 0.000000 -0.510631 -0.859800 0.000000 -0.445738 -0.895163 0.000000 -0.445738 -0.895163 0.000000 -0.378411 -0.925638 0.000000 -0.378411 -0.925638 0.000000 -0.309017 -0.951057 0.000000 -0.309017 -0.951057 0.000000 -0.237935 -0.971281 0.000000 -0.237935 -0.971281 0.000000 -0.165554 -0.986201 0.000000 -0.165554 -0.986201 0.000000 -0.092268 -0.995734 0.000000 -0.092268 -0.995734 0.000000 -0.018479 -0.999829 0.000000 -0.018479 -0.999829 -0.000000 0.055411 -0.998464 -0.000000 0.055411 -0.998464 -0.000000 0.128999 -0.991645 -0.000000 0.128999 -0.991645 -0.000000 0.201882 -0.979410 -0.000000 0.201882 -0.979410 -0.000000 0.273663 -0.961826 -0.000000 0.273663 -0.961826 -0.000000 0.343949 -0.938988 -0.000000 0.343949 -0.938988 -0.000000 0.412356 -0.911023 -0.000000 0.412356 -0.911023 -0.000000 0.478512 -0.878081 -0.000000 0.478512 -0.878081 -0.000000 0.542053 -0.840344 -0.000000 0.542053 -0.840344 -0.000000 0.602635 -0.798017 -0.000000 0.602635 -0.798017 -0.000000 0.659925 -0.751332 -0.000000 0.659925 -0.751332 -0.000000 0.713610 -0.700543 -0.000000 0.713610 -0.700543 -0.000000 0.763398 -0.645928 -0.000000 0.763398 -0.645928 -0.000000 0.809017 -0.587785 -0.000000 0.809017 -0.587785 -0.000000 0.850217 -0.526432 -0.000000 0.850217 -0.526432 -0.000000 0.886774 -0.462204 -0.000000 0.886774 -0.462204 -0.000000 0.918487 -0.395451 -0.000000 0.918487 -0.395451 -0.000000 0.945184 -0.326539 -0.000000 0.945184 -0.326539 -0.000000 0.966718 -0.255843 -0.000000 0.966718 -0.255843 -0.000000 0.982973 -0.183750 -0.000000 0.982973 -0.183750 -0.000000 0.993859 -0.110653 -0.000000 0.993859 -0.110653 -0.000000 0.999317 -0.036951 -0.000000 0.999317 -0.036951 -0.000000 0.999317 0.036951 -0.000000 0.999317 0.036951 -0.000000 0.993859 0.110653 -0.000000 0.993859 0.110653 -0.000000 0.982973 0.183750 -0.000000 0.982973 0.183750 -0.000000 0.966718 0.255843 -0.000000 0.966718 0.255843 -0.000000 0.945184 0.326539 -0.000000 0.945184 0.326539 -0.000000 0.918487 0.395451 -0.000000 0.918487 0.395451 -0.000000 0.886774 0.462204 -0.000000 0.886774 0.462204 -0.000000 0.850217 0.526432 -0.000000 0.850217 0.526432 -0.000000 0.809017 0.587785 -0.000000 0.809017 0.587785 -0.000000 0.763398 0.645928 -0.000000 0.763398 0.645928 -0.000000 0.713610 0.700543 -0.000000 0.713610 0.700543 -0.000000 0.659925 0.751332 -0.000000 0.659925 0.751332 -0.000000 0.602635 0.798017 -0.000000 0.602635 0.798017 -0.000000 0.542053 0.840344 -0.000000 0.542053 0.840344 -0.000000 0.478512 0.878081 -0.000000 0.478512 0.878081 -0.000000 0.412356 0.911023 -0.000000 0.412356 0.911023 -0.000000 0.343949 0.938988 -0.000000 0.343949 0.938988 -0.000000 0.273663 0.961826 -0.000000 0.273663 0.961826 -0.000000 0.201882 0.979410 -0.000000 0.201882 0.979410 -0.000000 0.128999 0.991645 -0.000000 0.128999 0.991645 -0.000000 0.055411 0.998464 -0.000000 0.055411 0.998464 -0.000000 -0.018479 0.999829 -0.000000 -0.018479 0.999829 -0.000000 -0.092268 0.995734 -0.000000 -0.092268 0.995734 -0.000000 -0.165554 0.986201 -0.000000 -0.165554 0.986201 -0.000000 -0.237935 0.971281 -0.000000 -0.237935 0.971281 -0.000000 -0.309017 0.951057 -0.000000 -0.309017 0.951057 -0.000000 -0.378411 0.925638 -0.000000 -0.378411 0.925638 -0.000000 -0.445738 0.895163 -0.000000 -0.445738 0.895163 -0.000000 -0.510631 0.859800 -0.000000 -0.510631 0.859800 -0.000000 -0.572735 0.819740 -0.000000 -0.572735 0.819740 -0.000000 -0.631711 0.775204 -0.000000 -0.631711 0.775204 -0.000000 -0.687237 0.726434 -0.000000 -0.687237 0.726434 -0.000000 -0.739009 0.673696 -0.000000 -0.739009 0.673696 -0.000000 -0.786745 0.617278 -0.000000 -0.786745 0.617278 -0.000000 -0.830184 0.557489 -0.000000 -0.830184 0.557489 -0.000000 -0.869089 0.494656 -0.000000 -0.869089 0.494656 -0.000000 -0.903247 0.429121 -0.000000 -0.903247 0.429121 -0.000000 -0.932472 0.361242 -0.000000 -0.932472 0.361242 -0.000000 -0.956604 0.291390 -0.000000 -0.956604 0.291390 -0.000000 -0.975512 0.219946 -0.000000 -0.975512 0.219946 -0.000000 -0.989092 0.147302 -0.000000 -0.989092 0.147302 1.000000 0.000000 0.000000 1.000000 0.000000 0.000000 1.000000 0.000000 0.000000 1.000000 0.000000 0.000000 1.000000 0.000000 0.000000 1.000000 0.000000 0.000000 1.000000 0.000000 0.000000 1.000000 0.000000 0.000000 1.000000 0.000000 0.000000 1.000000 0.000000 0.000000 1.000000 0.000000 0.000000 1.000000 0.000000 0.000000 1.000000 0.000000 0.000000 1.000000 0.000000 0.000000 1.000000 0.000000 0.000000 1.000000 0.000000 0.000000 1.000000 0.000000 0.000000 1.000000 0.000000 0.000000 1.000000 0.000000 0.000000 1.000000 0.000000 0.000000 1.000000 0.000000 0.000000 1.000000 0.000000 0.000000 1.000000 0.000000 0.000000 1.000000 0.000000 0.000000 1.000000 0.000000 0.000000 1.000000 0.000000 0.000000 1.000000 0.000000 0.000000 1.000000 0.000000 0.000000 1.000000 0.000000 0.000000 1.000000 0.000000 0.000000 1.000000 0.000000 0.000000 1.000000 0.000000 0.000000 1.000000 0.000000 0.000000 1.000000 0.000000 0.000000 1.000000 0.000000 0.000000 1.000000 0.000000 0.000000 1.000000 0.000000 0.000000 1.000000 0.000000 0.000000 1.000000 0.000000 0.000000 1.000000 0.000000 0.000000 1.000000 0.000000 0.000000 1.000000 0.000000 0.000000 1.000000 0.000000 0.000000 1.000000 0.000000 0.000000 1.000000 0.000000 0.000000 1.000000 0.000000 0.000000 1.000000 0.000000 0.000000 1.000000 0.000000 0.000000 1.000000 0.000000 0.000000 1.000000 0.000000 0.000000 1.000000 0.000000 0.000000 1.000000 0.000000 0.000000 1.000000 0.000000 0.000000 1.000000 0.000000 0.000000 1.000000 0.000000 0.000000 1.000000 0.000000 0.000000 1.000000 0.000000 0.000000 1.000000 0.000000 0.000000 1.000000 0.000000 0.000000 1.000000 0.000000 0.000000 1.000000 0.000000 0.000000 1.000000 0.000000 0.000000 1.000000 0.000000 0.000000 1.000000 0.000000 0.000000 1.000000 0.000000 0.000000 1.000000 0.000000 0.000000 1.000000 0.000000 0.000000 1.000000 0.000000 0.000000 1.000000 0.000000 0.000000 1.000000 0.000000 0.000000 1.000000 0.000000 0.000000 1.000000 0.000000 0.000000 1.000000 0.000000 0.000000 1.000000 0.000000 0.000000 1.000000 0.000000 0.000000 1.000000 0.000000 0.000000 1.000000 0.000000 0.000000 1.000000 0.000000 0.000000 1.000000 0.000000 0.000000 1.000000 0.000000 0.000000 1.000000 0.000000 0.000000 1.000000 0.000000 0.000000 1.000000 0.000000 0.000000 1.000000 0.000000 0.000000 1.000000 0.000000 0.000000 1.000000 0.000000 0.000000 1.000000 0.000000 0.000000 1.000000 0.000000 0.000000 1.000000 0.000000 0.000000 1.000000 0.000000 0.000000 1.000000 0.000000 0.000000 1.000000 0.000000 0.000000 1.000000 0.000000 0.000000 1.000000 0.000000 0.000000 1.000000 0.000000 0.000000 1.000000 0.000000 0.000000 1.000000 0.000000 0.000000 1.000000 0.000000 0.000000 1.000000 0.000000 0.000000 1.000000 0.000000 0.000000 1.000000 0.000000 0.000000 1.000000 0.000000 0.000000 1.000000 0.000000 0.000000 1.000000 0.000000 0.000000 1.000000 0.000000 0.000000 1.000000 0.000000 0.000000 1.000000 0.000000 0.000000 1.000000 0.000000 0.000000 1.000000 0.000000 0.000000 1.000000 0.000000 0.000000 1.000000 0.000000 0.000000 1.000000 0.000000 0.000000 1.000000 0.000000 0.000000 1.000000 0.000000 0.000000 1.000000 0.000000 0.000000 1.000000 0.000000 0.000000 1.000000 0.000000 0.000000 1.000000 0.000000 0.000000 1.000000 0.000000 0.000000 1.000000 0.000000 0.000000 1.000000 0.000000 0.000000 1.000000 0.000000 0.000000 1.000000 0.000000 0.000000 1.000000 0.000000 0.000000 1.000000 0.000000 0.000000 1.000000 0.000000 0.000000 1.000000 0.000000 0.000000 1.000000 0.000000 0.000000 1.000000 0.000000 0.000000 1.000000 0.000000 0.000000 1.000000 0.000000 0.000000 1.000000 0.000000 0.000000 1.000000 0.000000 0.000000 1.000000 0.000000 0.000000 1.000000 0.000000 0.000000 1.000000 0.000000 0.000000 1.000000 0.000000 0.000000 1.000000 0.000000 0.000000 1.000000 0.000000 0.000000 1.000000 0.000000 0.000000 1.000000 0.000000 0.000000 1.000000 0.000000 0.000000 1.000000 0.000000 0.000000 1.000000 0.000000 0.000000 1.000000 0.000000 0.000000 1.000000 0.000000 0.000000 1.000000 0.000000 0.000000 1.000000 0.000000 0.000000 1.000000 0.000000 0.000000 1.000000 0.000000 0.000000 1.000000 0.000000 0.000000 1.000000 0.000000 0.000000 1.000000 0.000000 0.000000 1.000000 0.000000 0.000000 1.000000 0.000000 0.000000 1.000000 0.000000 0.000000 1.000000 0.000000 0.000000 1.000000 0.000000 0.000000 1.000000 0.000000 0.000000 1.000000 0.000000 0.000000 1.000000 0.000000 0.000000 1.000000 0.000000 0.000000 1.000000 0.000000 0.000000 1.000000 0.000000 0.000000 1.000000 0.000000 0.000000 1.000000 0.000000 0.000000 1.000000 0.000000 0.000000 1.000000 0.000000 0.000000 1.000000 0.000000 0.000000 1.000000 0.000000 0.000000 1.000000 0.000000 0.000000 1.000000 0.000000 0.000000 0.100782 -0.992315 0.071790 0.013427 -0.997362 0.071333 0.100782 -0.994909 0.000000 0.013427 -0.999910 0.000000 0.013427 -0.997362 -0.071333 -0.074030 -0.997256 0.000000 -0.074030 -0.994715 -0.071143 -0.160921 -0.986967 0.000000 -0.160921 -0.984453 -0.070409 -0.246579 -0.969123 0.000000 -0.246579 -0.966653 -0.069136 -0.330350 -0.943858 0.000000 -0.330350 -0.941454 -0.067334 -0.411592 -0.911368 0.000000 -0.411592 -0.909046 -0.065016 -0.489683 -0.871901 0.000000 -0.489683 -0.869679 -0.062201 -0.564025 -0.825758 0.000000 -0.564025 -0.823654 -0.058909 -0.634048 -0.773293 0.000000 -0.634048 -0.771323 -0.055166 -0.699218 -0.714909 0.000000 -0.699218 -0.712705 -0.056091 0.013427 -0.989732 0.142302 0.100782 -0.984548 0.143206 0.013427 -0.977059 0.212546 0.100782 -0.971648 0.213876 0.013427 -0.959406 0.281707 0.100782 -0.953682 0.283430 0.013427 -0.936865 0.349433 0.100782 -0.930745 0.351507 0.013427 -0.909550 0.415378 0.100782 -0.902955 0.417751 0.013427 -0.877600 0.479206 0.100782 -0.870457 0.481817 0.013427 -0.841178 0.540592 0.100782 -0.833421 0.543372 0.013427 -0.800469 0.599224 0.100782 -0.792040 0.602093 0.013427 -0.755681 0.654802 0.100782 -0.746529 0.657675 0.013427 -0.707043 0.707043 0.100782 -0.697127 0.709829 0.013427 -0.654802 0.755681 0.100782 -0.644090 0.758282 0.013427 -0.599224 0.800469 0.100782 -0.587695 0.802781 0.013427 -0.540592 0.841178 0.100782 -0.528236 0.843095 0.013427 -0.479206 0.877600 0.100782 -0.466024 0.879014 0.013427 -0.415378 0.909550 0.100782 -0.401381 0.910349 0.013427 -0.349433 0.936865 0.100782 -0.334646 0.936939 0.013427 -0.281707 0.959406 0.100782 -0.266166 0.958644 0.013427 -0.212546 0.977059 0.100782 -0.196299 0.975351 0.013427 -0.142302 0.989732 0.100782 -0.125408 0.986973 0.013427 -0.071333 0.997362 0.100782 -0.053863 0.993449 0.013427 -0.000000 0.999910 0.100782 0.017962 0.994746 0.013427 0.071333 0.997362 0.100782 0.089694 0.990857 0.013427 0.142302 0.989732 0.100782 0.160958 0.981802 0.013427 0.212546 0.977059 0.100782 0.231383 0.967628 0.013427 0.281707 0.959406 0.100782 0.300602 0.948410 0.013427 0.349433 0.936865 0.100782 0.368254 0.924247 0.013427 0.415378 0.909550 0.100782 0.433985 0.895265 0.013427 0.479206 0.877600 0.100782 0.497454 0.861616 0.013427 0.540592 0.841178 0.100782 0.558330 0.823475 0.013427 0.599224 0.800469 0.100782 0.616294 0.781040 0.013427 0.654802 0.755681 0.100782 0.671046 0.734534 0.013427 0.707043 0.707043 0.100782 0.722299 0.684198 0.013427 0.755681 0.654802 0.100782 0.769786 0.630295 0.013427 0.800469 0.599224 0.100782 0.813260 0.573106 0.013427 0.841178 0.540592 0.100782 0.852495 0.512929 0.013427 0.877600 0.479206 0.100782 0.887284 0.450078 0.013427 0.909550 0.415378 0.100782 0.917448 0.384880 0.013427 0.936865 0.349433 0.100782 0.942828 0.317676 0.013427 0.959406 0.281707 0.100782 0.963293 0.248815 0.013427 0.977059 0.212546 0.100782 0.978736 0.178658 0.013427 0.989732 0.142302 0.100782 0.989076 0.107569 0.013427 0.997362 0.071333 0.100782 0.994260 0.035919 0.013427 0.999910 0.000000 0.100782 0.994260 -0.035919 0.013427 0.997362 -0.071333 0.100782 0.989076 -0.107569 0.013427 0.989732 -0.142302 0.100782 0.978736 -0.178658 0.013427 0.977059 -0.212546 0.100782 0.963293 -0.248815 0.013427 0.959406 -0.281707 0.100782 0.942828 -0.317676 0.013427 0.936865 -0.349433 0.100782 0.917448 -0.384880 0.013427 0.909550 -0.415378 0.100782 0.887284 -0.450078 0.013427 0.877600 -0.479206 0.100782 0.852495 -0.512929 0.013427 0.841178 -0.540592 0.100782 0.813260 -0.573106 0.013427 0.800469 -0.599224 0.100782 0.769786 -0.630295 0.013427 0.755681 -0.654802 0.100782 0.722299 -0.684198 0.013427 0.707043 -0.707043 0.100782 0.671046 -0.734534 0.013427 0.654802 -0.755681 0.100782 0.616294 -0.781040 0.013427 0.599224 -0.800469 0.100782 0.558330 -0.823475 0.013427 0.540592 -0.841178 0.100782 0.497454 -0.861616 0.013427 0.479206 -0.877600 0.100782 0.433985 -0.895265 0.013427 0.415378 -0.909550 0.100782 0.368254 -0.924247 0.013427 0.349433 -0.936865 0.100782 0.300602 -0.948410 0.013427 0.281707 -0.959406 0.100782 0.231383 -0.967628 0.013427 0.212546 -0.977059 0.100782 0.160958 -0.981802 0.013427 0.142302 -0.989732 0.100782 0.089694 -0.990857 0.013427 0.071333 -0.997362 0.100782 0.017962 -0.994746 0.013427 0.000000 -0.999910 0.100782 -0.053863 -0.993449 0.013427 -0.071333 -0.997362 0.100782 -0.125408 -0.986973 0.013427 -0.142302 -0.989732 0.100782 -0.196299 -0.975351 0.013427 -0.212546 -0.977059 0.100782 -0.266166 -0.958644 0.013427 -0.281707 -0.959406 0.100782 -0.334646 -0.936939 0.013427 -0.349433 -0.936865 0.100782 -0.401381 -0.910349 0.013427 -0.415378 -0.909550 0.100782 -0.466024 -0.879014 0.013427 -0.479206 -0.877600 0.100782 -0.528236 -0.843095 0.013427 -0.540592 -0.841178 0.100782 -0.587695 -0.802781 0.013427 -0.599224 -0.800469 0.100782 -0.644090 -0.758282 0.013427 -0.654802 -0.755681 0.100782 -0.697127 -0.709829 0.013427 -0.707043 -0.707043 0.100782 -0.746529 -0.657675 0.013427 -0.755681 -0.654802 0.100782 -0.792040 -0.602093 0.013427 -0.800469 -0.599224 0.100782 -0.833421 -0.543372 0.013427 -0.841178 -0.540592 0.100782 -0.870457 -0.481817 0.013427 -0.877600 -0.479206 0.100782 -0.902955 -0.417751 0.013427 -0.909550 -0.415378 0.100782 -0.930745 -0.351507 0.013427 -0.936865 -0.349433 0.100782 -0.953682 -0.283430 0.013427 -0.959406 -0.281707 0.100782 -0.971648 -0.213876 0.013427 -0.977059 -0.212546 0.100782 -0.984548 -0.143206 0.013427 -0.989732 -0.142302 0.100782 -0.992315 -0.071790 -0.634048 -0.765422 -0.110051 -0.699218 -0.706107 -0.111836 -0.634048 -0.755621 -0.164375 -0.699218 -0.695156 -0.166892 -0.634048 -0.741969 -0.217862 -0.699218 -0.679918 -0.220919 -0.634048 -0.724537 -0.270238 -0.699218 -0.660489 -0.273584 -0.634048 -0.703412 -0.321238 -0.699218 -0.636988 -0.324562 -0.634048 -0.678703 -0.370600 -0.699218 -0.609560 -0.373539 -0.634048 -0.650536 -0.418074 -0.699218 -0.578373 -0.420213 -0.634048 -0.619053 -0.463417 -0.699218 -0.543621 -0.464296 -0.634048 -0.584416 -0.506399 -0.699218 -0.505517 -0.505517 -0.634048 -0.546801 -0.546801 -0.634048 -0.506399 -0.584416 -0.564025 -0.540756 -0.624066 -0.564025 -0.494858 -0.661053 -0.489683 -0.522511 -0.697992 -0.489683 -0.471385 -0.733489 -0.411592 -0.492723 -0.766692 -0.411592 -0.436772 -0.799889 -0.330350 -0.452343 -0.828405 -0.330350 -0.392093 -0.858564 -0.246579 -0.402588 -0.881545 -0.246579 -0.338674 -0.908019 -0.160921 -0.344910 -0.924739 -0.160921 -0.278061 -0.946988 -0.074030 -0.280959 -0.956860 -0.074030 -0.211982 -0.974466 -0.699218 -0.464296 -0.543621 -0.634048 -0.463417 -0.619053 -0.564025 -0.446438 -0.694672 -0.489683 -0.417857 -0.765249 -0.411592 -0.378596 -0.829010 -0.330350 -0.329845 -0.884348 -0.246579 -0.273033 -0.929866 -0.160921 -0.209795 -0.964412 -0.074030 -0.141924 -0.987105 -0.699218 -0.420213 -0.578373 -0.634048 -0.418074 -0.650536 -0.564025 -0.395744 -0.724750 -0.489683 -0.362201 -0.793109 -0.411592 -0.318491 -0.853906 -0.330350 -0.265916 -0.905625 -0.246579 -0.206002 -0.946975 -0.160921 -0.140460 -0.976921 -0.074030 -0.071143 -0.994715 -0.699218 -0.373539 -0.609560 -0.634048 -0.370600 -0.678703 -0.564025 -0.343032 -0.751136 -0.489683 -0.304698 -0.816927 -0.411592 -0.256762 -0.874451 -0.330350 -0.200632 -0.922288 -0.246579 -0.137921 -0.959258 -0.160921 -0.070409 -0.984453 -0.074030 -0.000000 -0.997256 -0.699218 -0.324562 -0.636988 -0.634048 -0.321238 -0.703412 -0.564025 -0.288573 -0.773694 -0.489683 -0.245643 -0.836582 -0.411592 -0.193725 -0.890540 -0.330350 -0.134325 -0.934251 -0.246579 -0.069136 -0.966653 -0.160921 -0.000000 -0.986967 -0.074030 0.071143 -0.994715 -0.699218 -0.273584 -0.660489 -0.634048 -0.270238 -0.724537 -0.564025 -0.232643 -0.792309 -0.489683 -0.185336 -0.851975 -0.411592 -0.129701 -0.902092 -0.330350 -0.067334 -0.941454 -0.246579 -0.000000 -0.969123 -0.160921 0.070409 -0.984453 -0.074030 0.141924 -0.987105 -0.699218 -0.220919 -0.679918 -0.634048 -0.217862 -0.741969 -0.564025 -0.175527 -0.806887 -0.489683 -0.124084 -0.863026 -0.411592 -0.065016 -0.909046 -0.330350 -0.000000 -0.943858 -0.246579 0.069136 -0.966653 -0.160921 0.140460 -0.976921 -0.074030 0.211982 -0.974466 -0.699218 -0.166892 -0.695156 -0.634048 -0.164375 -0.755621 -0.564025 -0.117518 -0.817353 -0.489683 -0.062201 -0.869679 -0.411592 -0.000000 -0.911368 -0.330350 0.067334 -0.941454 -0.246579 0.137921 -0.959258 -0.160921 0.209795 -0.964412 -0.074030 0.280959 -0.956860 -0.699218 -0.111836 -0.706107 -0.634048 -0.110051 -0.765422 -0.564025 -0.058909 -0.823654 -0.489683 -0.000000 -0.871901 -0.411592 0.065016 -0.909046 -0.330350 0.134325 -0.934251 -0.246579 0.206002 -0.946975 -0.160921 0.278061 -0.946988 -0.074030 0.348505 -0.934379 -0.699218 -0.056091 -0.712705 -0.634048 -0.055166 -0.771323 -0.564025 -0.000000 -0.825758 -0.489683 0.062201 -0.869679 -0.411592 0.129701 -0.902092 -0.330350 0.200632 -0.922288 -0.246579 0.273033 -0.929866 -0.160921 0.344910 -0.924739 -0.074030 0.414275 -0.907136 -0.699218 -0.000000 -0.714909 -0.634048 -0.000000 -0.773293 -0.564025 0.058909 -0.823654 -0.489683 0.124084 -0.863026 -0.411592 0.193725 -0.890540 -0.330350 0.265916 -0.905625 -0.246579 0.338674 -0.908019 -0.160921 0.410001 -0.897777 -0.074030 0.477934 -0.875271 -0.634048 0.055166 -0.771323 -0.699218 0.056091 -0.712705 -0.634048 0.110051 -0.765422 -0.699218 0.111836 -0.706107 -0.634048 0.164375 -0.755621 -0.699218 0.166892 -0.695156 -0.634048 0.217862 -0.741969 -0.699218 0.220919 -0.679918 -0.634048 0.270238 -0.724537 -0.699218 0.273584 -0.660489 -0.634048 0.321238 -0.703412 -0.699218 0.324562 -0.636988 -0.634048 0.370600 -0.678703 -0.699218 0.373539 -0.609560 -0.634048 0.418074 -0.650536 -0.699218 0.420213 -0.578373 -0.634048 0.463417 -0.619053 -0.699218 0.464296 -0.543621 -0.634048 0.506399 -0.584416 -0.699218 0.505517 -0.505517 -0.634048 0.546801 -0.546801 -0.634048 0.584416 -0.506399 -0.564025 0.624066 -0.540756 -0.564025 0.661053 -0.494858 -0.489683 0.697992 -0.522511 -0.489683 0.733489 -0.471385 -0.411592 0.766692 -0.492723 -0.411592 0.799889 -0.436772 -0.330350 0.828405 -0.452343 -0.330350 0.858564 -0.392093 -0.246579 0.881545 -0.402588 -0.246579 0.908019 -0.338674 -0.160921 0.924739 -0.344910 -0.160921 0.946988 -0.278061 -0.074030 0.956860 -0.280959 -0.074030 0.974466 -0.211982 -0.699218 0.543621 -0.464296 -0.634048 0.619053 -0.463417 -0.564025 0.694672 -0.446438 -0.489683 0.765249 -0.417857 -0.411592 0.829010 -0.378596 -0.330350 0.884348 -0.329845 -0.246579 0.929866 -0.273033 -0.160921 0.964412 -0.209795 -0.074030 0.987105 -0.141924 -0.699218 0.578373 -0.420213 -0.634048 0.650536 -0.418074 -0.564025 0.724750 -0.395744 -0.489683 0.793109 -0.362201 -0.411592 0.853906 -0.318491 -0.330350 0.905625 -0.265916 -0.246579 0.946975 -0.206002 -0.160921 0.976921 -0.140460 -0.074030 0.994715 -0.071143 -0.699218 0.609560 -0.373539 -0.634048 0.678703 -0.370600 -0.564025 0.751136 -0.343032 -0.489683 0.816927 -0.304698 -0.411592 0.874451 -0.256762 -0.330350 0.922288 -0.200632 -0.246579 0.959258 -0.137921 -0.160921 0.984453 -0.070409 -0.074030 0.997256 0.000000 -0.699218 0.636988 -0.324562 -0.634048 0.703412 -0.321238 -0.564025 0.773694 -0.288573 -0.489683 0.836582 -0.245643 -0.411592 0.890540 -0.193725 -0.330350 0.934251 -0.134325 -0.246579 0.966653 -0.069136 -0.160921 0.986967 0.000000 -0.074030 0.994715 0.071143 -0.699218 0.660489 -0.273584 -0.634048 0.724537 -0.270238 -0.564025 0.792309 -0.232643 -0.489683 0.851975 -0.185336 -0.411592 0.902092 -0.129701 -0.330350 0.941454 -0.067334 -0.246579 0.969123 0.000000 -0.160921 0.984453 0.070409 -0.074030 0.987105 0.141924 -0.699218 0.679918 -0.220919 -0.634048 0.741969 -0.217862 -0.564025 0.806887 -0.175527 -0.489683 0.863026 -0.124084 -0.411592 0.909046 -0.065016 -0.330350 0.943858 0.000000 -0.246579 0.966653 0.069136 -0.160921 0.976921 0.140460 -0.074030 0.974466 0.211982 -0.699218 0.695156 -0.166892 -0.634048 0.755621 -0.164375 -0.564025 0.817353 -0.117518 -0.489683 0.869679 -0.062201 -0.411592 0.911368 0.000000 -0.330350 0.941454 0.067334 -0.246579 0.959258 0.137921 -0.160921 0.964412 0.209795 -0.074030 0.956860 0.280959 -0.699218 0.706107 -0.111836 -0.634048 0.765422 -0.110051 -0.564025 0.823654 -0.058909 -0.489683 0.871901 0.000000 -0.411592 0.909046 0.065016 -0.330350 0.934251 0.134325 -0.246579 0.946975 0.206002 -0.160921 0.946988 0.278061 -0.074030 0.934379 0.348505 -0.699218 0.712705 -0.056091 -0.634048 0.771323 -0.055166 -0.564025 0.825758 0.000000 -0.489683 0.869679 0.062201 -0.411592 0.902092 0.129701 -0.330350 0.922288 0.200632 -0.246579 0.929866 0.273033 -0.160921 0.924739 0.344910 -0.074030 0.907136 0.414275 -0.699218 0.714909 0.000000 -0.634048 0.773293 0.000000 -0.564025 0.823654 0.058909 -0.489683 0.863026 0.124084 -0.411592 0.890540 0.193725 -0.330350 0.905625 0.265916 -0.246579 0.908019 0.338674 -0.160921 0.897777 0.410001 -0.074030 0.875271 0.477934 -0.634048 0.771323 0.055166 -0.699218 0.712705 0.056091 -0.634048 0.765422 0.110051 -0.699218 0.706107 0.111836 -0.634048 0.755621 0.164375 -0.699218 0.695156 0.166892 -0.634048 0.741969 0.217862 -0.699218 0.679918 0.220919 -0.634048 0.724537 0.270238 -0.699218 0.660489 0.273584 -0.634048 0.703412 0.321238 -0.699218 0.636988 0.324562 -0.634048 0.678703 0.370600 -0.699218 0.609560 0.373539 -0.634048 0.650536 0.418074 -0.699218 0.578373 0.420213 -0.634048 0.619053 0.463417 -0.699218 0.543621 0.464296 -0.634048 0.584416 0.506399 -0.699218 0.505517 0.505517 -0.634048 0.546801 0.546801 -0.634048 0.506399 0.584416 -0.564025 0.540756 0.624066 -0.564025 0.494858 0.661053 -0.489683 0.522511 0.697992 -0.489683 0.471385 0.733489 -0.411592 0.492723 0.766692 -0.411592 0.436772 0.799889 -0.330350 0.452343 0.828405 -0.330350 0.392093 0.858564 -0.246579 0.402588 0.881545 -0.246579 0.338674 0.908019 -0.160921 0.344910 0.924739 -0.160921 0.278061 0.946988 -0.074030 0.280959 0.956860 -0.074030 0.211982 0.974466 -0.699218 0.464296 0.543621 -0.634048 0.463417 0.619053 -0.564025 0.446438 0.694672 -0.489683 0.417857 0.765249 -0.411592 0.378596 0.829010 -0.330350 0.329845 0.884348 -0.246579 0.273033 0.929866 -0.160921 0.209795 0.964412 -0.074030 0.141924 0.987105 -0.699218 0.420213 0.578373 -0.634048 0.418074 0.650536 -0.564025 0.395744 0.724750 -0.489683 0.362201 0.793109 -0.411592 0.318491 0.853906 -0.330350 0.265916 0.905625 -0.246579 0.206002 0.946975 -0.160921 0.140460 0.976921 -0.074030 0.071143 0.994715 -0.699218 0.373539 0.609560 -0.634048 0.370600 0.678703 -0.564025 0.343032 0.751136 -0.489683 0.304698 0.816927 -0.411592 0.256762 0.874451 -0.330350 0.200632 0.922288 -0.246579 0.137921 0.959258 -0.160921 0.070409 0.984453 -0.074030 -0.000000 0.997256 -0.699218 0.324562 0.636988 -0.634048 0.321238 0.703412 -0.564025 0.288573 0.773694 -0.489683 0.245643 0.836582 -0.411592 0.193725 0.890540 -0.330350 0.134325 0.934251 -0.246579 0.069136 0.966653 -0.160921 -0.000000 0.986967 -0.074030 -0.071143 0.994715 -0.699218 0.273584 0.660489 -0.634048 0.270238 0.724537 -0.564025 0.232643 0.792309 -0.489683 0.185336 0.851975 -0.411592 0.129701 0.902092 -0.330350 0.067334 0.941454 -0.246579 -0.000000 0.969123 -0.160921 -0.070409 0.984453 -0.074030 -0.141924 0.987105 -0.699218 0.220919 0.679918 -0.634048 0.217862 0.741969 -0.564025 0.175527 0.806887 -0.489683 0.124084 0.863026 -0.411592 0.065016 0.909046 -0.330350 -0.000000 0.943858 -0.246579 -0.069136 0.966653 -0.160921 -0.140460 0.976921 -0.074030 -0.211982 0.974466 -0.699218 0.166892 0.695156 -0.634048 0.164375 0.755621 -0.564025 0.117518 0.817353 -0.489683 0.062201 0.869679 -0.411592 -0.000000 0.911368 -0.330350 -0.067334 0.941454 -0.246579 -0.137921 0.959258 -0.160921 -0.209795 0.964412 -0.074030 -0.280959 0.956860 -0.699218 0.111836 0.706107 -0.634048 0.110051 0.765422 -0.564025 0.058909 0.823654 -0.489683 -0.000000 0.871901 -0.411592 -0.065016 0.909046 -0.330350 -0.134325 0.934251 -0.246579 -0.206002 0.946975 -0.160921 -0.278061 0.946988 -0.074030 -0.348505 0.934379 -0.699218 0.056091 0.712705 -0.634048 0.055166 0.771323 -0.564025 -0.000000 0.825758 -0.489683 -0.062201 0.869679 -0.411592 -0.129701 0.902092 -0.330350 -0.200632 0.922288 -0.246579 -0.273033 0.929866 -0.160921 -0.344910 0.924739 -0.074030 -0.414275 0.907136 -0.699218 -0.000000 0.714909 -0.634048 -0.000000 0.773293 -0.564025 -0.058909 0.823654 -0.489683 -0.124084 0.863026 -0.411592 -0.193725 0.890540 -0.330350 -0.265916 0.905625 -0.246579 -0.338674 0.908019 -0.160921 -0.410001 0.897777 -0.074030 -0.477934 0.875271 -0.634048 -0.055166 0.771323 -0.699218 -0.056091 0.712705 -0.634048 -0.110051 0.765422 -0.699218 -0.111836 0.706107 -0.634048 -0.164375 0.755621 -0.699218 -0.166892 0.695156 -0.634048 -0.217862 0.741969 -0.699218 -0.220919 0.679918 -0.634048 -0.270238 0.724537 -0.699218 -0.273584 0.660489 -0.634048 -0.321238 0.703412 -0.699218 -0.324562 0.636988 -0.634048 -0.370600 0.678703 -0.699218 -0.373539 0.609560 -0.634048 -0.418074 0.650536 -0.699218 -0.420213 0.578373 -0.634048 -0.463417 0.619053 -0.699218 -0.464296 0.543621 -0.634048 -0.506399 0.584416 -0.699218 -0.505517 0.505517 -0.634048 -0.546801 0.546801 -0.634048 -0.584416 0.506399 -0.564025 -0.624066 0.540756 -0.564025 -0.661053 0.494858 -0.489683 -0.697992 0.522511 -0.489683 -0.733489 0.471385 -0.411592 -0.766692 0.492723 -0.411592 -0.799889 0.436772 -0.330350 -0.828405 0.452343 -0.330350 -0.858564 0.392093 -0.246579 -0.881545 0.402588 -0.246579 -0.908019 0.338674 -0.160921 -0.924739 0.344910 -0.160921 -0.946988 0.278061 -0.074030 -0.956860 0.280959 -0.074030 -0.974466 0.211982 -0.699218 -0.543621 0.464296 -0.634048 -0.619053 0.463417 -0.564025 -0.694672 0.446438 -0.489683 -0.765249 0.417857 -0.411592 -0.829010 0.378596 -0.330350 -0.884348 0.329845 -0.246579 -0.929866 0.273033 -0.160921 -0.964412 0.209795 -0.074030 -0.987105 0.141924 -0.699218 -0.578373 0.420213 -0.634048 -0.650536 0.418074 -0.564025 -0.724750 0.395744 -0.489683 -0.793109 0.362201 -0.411592 -0.853906 0.318491 -0.330350 -0.905625 0.265916 -0.246579 -0.946975 0.206002 -0.160921 -0.976921 0.140460 -0.074030 -0.994715 0.071143 -0.699218 -0.609560 0.373539 -0.634048 -0.678703 0.370600 -0.564025 -0.751136 0.343032 -0.489683 -0.816927 0.304698 -0.411592 -0.874451 0.256762 -0.330350 -0.922288 0.200632 -0.246579 -0.959258 0.137921 -0.160921 -0.984453 0.070409 -0.699218 -0.636988 0.324562 -0.634048 -0.703412 0.321238 -0.564025 -0.773694 0.288573 -0.489683 -0.836582 0.245643 -0.411592 -0.890540 0.193725 -0.330350 -0.934251 0.134325 -0.246579 -0.966653 0.069136 -0.699218 -0.660489 0.273584 -0.634048 -0.724537 0.270238 -0.564025 -0.792309 0.232643 -0.489683 -0.851975 0.185336 -0.411592 -0.902092 0.129701 -0.330350 -0.941454 0.067334 -0.699218 -0.679918 0.220919 -0.634048 -0.741969 0.217862 -0.564025 -0.806887 0.175527 -0.489683 -0.863026 0.124084 -0.411592 -0.909046 0.065016 -0.699218 -0.695156 0.166892 -0.634048 -0.755621 0.164375 -0.564025 -0.817353 0.117518 -0.489683 -0.869679 0.062201 -0.699218 -0.706107 0.111836 -0.634048 -0.765422 0.110051 -0.564025 -0.823654 0.058909 -0.699218 -0.712705 0.056091 -0.634048 -0.771323 0.055166 -0.074030 -0.934379 0.348505 -0.160921 -0.897777 0.410001 -0.246579 -0.850579 0.464451 -0.330350 -0.794024 0.510288 -0.411592 -0.729588 0.546163 -0.489683 -0.658938 0.570973 -0.564025 -0.583899 0.583899 -0.074030 -0.907136 0.414275 -0.160921 -0.866240 0.473003 -0.246579 -0.815278 0.523947 -0.330350 -0.755598 0.565633 -0.411592 -0.688766 0.596819 -0.489683 -0.616527 0.616527 -0.564025 -0.540756 0.624066 -0.074030 -0.875271 0.477934 -0.160921 -0.830290 0.533595 -0.246579 -0.775823 0.580774 -0.330350 -0.713321 0.618096 -0.411592 -0.644435 0.644435 -0.489683 -0.570973 0.658938 -0.564025 -0.494858 0.661053 -0.074030 -0.838945 0.539157 -0.160921 -0.790108 0.591467 -0.246579 -0.732414 0.634640 -0.330350 -0.667409 0.667409 -0.411592 -0.596819 0.688766 -0.489683 -0.522511 0.697992 -0.564025 -0.446438 0.694672 -0.074030 -0.798345 0.597633 -0.160921 -0.745900 0.646326 -0.246579 -0.685273 0.685273 -0.330350 -0.618096 0.713321 -0.411592 -0.546163 0.729588 -0.489683 -0.471385 0.733489 -0.564025 -0.395744 0.724750 -0.074030 -0.753676 0.653064 -0.160921 -0.697891 0.697891 -0.246579 -0.634640 0.732414 -0.330350 -0.565633 0.755598 -0.411592 -0.492723 0.766692 -0.489683 -0.417857 0.765249 -0.564025 -0.343032 0.751136 -0.074030 -0.705166 0.705166 -0.160921 -0.646326 0.745900 -0.246579 -0.580774 0.775823 -0.330350 -0.510288 0.794024 -0.411592 -0.436772 0.799889 -0.489683 -0.362201 0.793109 -0.564025 -0.288573 0.773694 -0.074030 -0.653064 0.753676 -0.160921 -0.591467 0.790108 -0.246579 -0.523947 0.815278 -0.330350 -0.452343 0.828405 -0.411592 -0.378596 0.829010 -0.489683 -0.304698 0.816927 -0.564025 -0.232643 0.792309 -0.074030 -0.597633 0.798345 -0.160921 -0.533595 0.830290 -0.246579 -0.464451 0.850579 -0.330350 -0.392093 0.858564 -0.411592 -0.318491 0.853906 -0.489683 -0.245643 0.836582 -0.564025 -0.175527 0.806887 -0.074030 -0.539157 0.838945 -0.160921 -0.473003 0.866240 -0.246579 -0.402588 0.881545 -0.330350 -0.329845 0.884348 -0.411592 -0.256762 0.874451 -0.489683 -0.185336 0.851975 -0.564025 -0.117518 0.817353 -0.074030 0.348505 0.934379 -0.160921 0.410001 0.897777 -0.246579 0.464451 0.850579 -0.330350 0.510288 0.794024 -0.411592 0.546163 0.729588 -0.489683 0.570973 0.658938 -0.564025 0.583899 0.583899 -0.074030 0.414275 0.907136 -0.160921 0.473003 0.866240 -0.246579 0.523947 0.815278 -0.330350 0.565633 0.755598 -0.411592 0.596819 0.688766 -0.489683 0.616527 0.616527 -0.564025 0.624066 0.540756 -0.074030 0.477934 0.875271 -0.160921 0.533595 0.830290 -0.246579 0.580774 0.775823 -0.330350 0.618096 0.713321 -0.411592 0.644435 0.644435 -0.489683 0.658938 0.570973 -0.564025 0.661053 0.494858 -0.074030 0.539157 0.838945 -0.160921 0.591467 0.790108 -0.246579 0.634640 0.732414 -0.330350 0.667409 0.667409 -0.411592 0.688766 0.596819 -0.489683 0.697992 0.522511 -0.564025 0.694672 0.446438 -0.074030 0.597633 0.798345 -0.160921 0.646326 0.745900 -0.246579 0.685273 0.685273 -0.330350 0.713321 0.618096 -0.411592 0.729588 0.546163 -0.489683 0.733489 0.471385 -0.564025 0.724750 0.395744 -0.074030 0.653064 0.753676 -0.160921 0.697891 0.697891 -0.246579 0.732414 0.634640 -0.330350 0.755598 0.565633 -0.411592 0.766692 0.492723 -0.489683 0.765249 0.417857 -0.564025 0.751136 0.343032 -0.074030 0.705166 0.705166 -0.160921 0.745900 0.646326 -0.246579 0.775823 0.580774 -0.330350 0.794024 0.510288 -0.411592 0.799889 0.436772 -0.489683 0.793109 0.362201 -0.564025 0.773694 0.288573 -0.074030 0.753676 0.653064 -0.160921 0.790108 0.591467 -0.246579 0.815278 0.523947 -0.330350 0.828405 0.452343 -0.411592 0.829010 0.378596 -0.489683 0.816927 0.304698 -0.564025 0.792309 0.232643 -0.074030 0.798345 0.597633 -0.160921 0.830290 0.533595 -0.246579 0.850579 0.464451 -0.330350 0.858564 0.392093 -0.411592 0.853906 0.318491 -0.489683 0.836582 0.245643 -0.564025 0.806887 0.175527 -0.074030 0.838945 0.539157 -0.160921 0.866240 0.473003 -0.246579 0.881545 0.402588 -0.330350 0.884348 0.329845 -0.411592 0.874451 0.256762 -0.489683 0.851975 0.185336 -0.564025 0.817353 0.117518 -0.074030 0.934379 -0.348505 -0.160921 0.897777 -0.410001 -0.246579 0.850579 -0.464451 -0.330350 0.794024 -0.510288 -0.411592 0.729588 -0.546163 -0.489683 0.658938 -0.570973 -0.564025 0.583899 -0.583899 -0.074030 0.907136 -0.414275 -0.160921 0.866240 -0.473003 -0.246579 0.815278 -0.523947 -0.330350 0.755598 -0.565633 -0.411592 0.688766 -0.596819 -0.489683 0.616527 -0.616527 -0.564025 0.540756 -0.624066 -0.074030 0.875271 -0.477934 -0.160921 0.830290 -0.533595 -0.246579 0.775823 -0.580774 -0.330350 0.713321 -0.618096 -0.411592 0.644435 -0.644435 -0.489683 0.570973 -0.658938 -0.564025 0.494858 -0.661053 -0.074030 0.838945 -0.539157 -0.160921 0.790108 -0.591467 -0.246579 0.732414 -0.634640 -0.330350 0.667409 -0.667409 -0.411592 0.596819 -0.688766 -0.489683 0.522511 -0.697992 -0.564025 0.446438 -0.694672 -0.074030 0.798345 -0.597633 -0.160921 0.745900 -0.646326 -0.246579 0.685273 -0.685273 -0.330350 0.618096 -0.713321 -0.411592 0.546163 -0.729588 -0.489683 0.471385 -0.733489 -0.564025 0.395744 -0.724750 -0.074030 0.753676 -0.653064 -0.160921 0.697891 -0.697891 -0.246579 0.634640 -0.732414 -0.330350 0.565633 -0.755598 -0.411592 0.492723 -0.766692 -0.489683 0.417857 -0.765249 -0.564025 0.343032 -0.751136 -0.074030 0.705166 -0.705166 -0.160921 0.646326 -0.745900 -0.246579 0.580774 -0.775823 -0.330350 0.510288 -0.794024 -0.411592 0.436772 -0.799889 -0.489683 0.362201 -0.793109 -0.564025 0.288573 -0.773694 -0.074030 0.653064 -0.753676 -0.160921 0.591467 -0.790108 -0.246579 0.523947 -0.815278 -0.330350 0.452343 -0.828405 -0.411592 0.378596 -0.829010 -0.489683 0.304698 -0.816927 -0.564025 0.232643 -0.792309 -0.074030 0.597633 -0.798345 -0.160921 0.533595 -0.830290 -0.246579 0.464451 -0.850579 -0.330350 0.392093 -0.858564 -0.411592 0.318491 -0.853906 -0.489683 0.245643 -0.836582 -0.564025 0.175527 -0.806887 -0.074030 0.539157 -0.838945 -0.160921 0.473003 -0.866240 -0.246579 0.402588 -0.881545 -0.330350 0.329845 -0.884348 -0.411592 0.256762 -0.874451 -0.489683 0.185336 -0.851975 -0.564025 0.117518 -0.817353 -0.074030 -0.348505 -0.934379 -0.160921 -0.410001 -0.897777 -0.246579 -0.464451 -0.850579 -0.330350 -0.510288 -0.794024 -0.411592 -0.546163 -0.729588 -0.489683 -0.570973 -0.658938 -0.564025 -0.583899 -0.583899 -0.074030 -0.414275 -0.907136 -0.160921 -0.473003 -0.866240 -0.246579 -0.523947 -0.815278 -0.330350 -0.565633 -0.755598 -0.411592 -0.596819 -0.688766 -0.489683 -0.616527 -0.616527 -0.564025 -0.624066 -0.540756 -0.074030 -0.477934 -0.875271 -0.160921 -0.533595 -0.830290 -0.246579 -0.580774 -0.775823 -0.330350 -0.618096 -0.713321 -0.411592 -0.644435 -0.644435 -0.489683 -0.658938 -0.570973 -0.564025 -0.661053 -0.494858 -0.074030 -0.539157 -0.838945 -0.160921 -0.591467 -0.790108 -0.246579 -0.634640 -0.732414 -0.330350 -0.667409 -0.667409 -0.411592 -0.688766 -0.596819 -0.489683 -0.697992 -0.522511 -0.564025 -0.694672 -0.446438 -0.074030 -0.597633 -0.798345 -0.160921 -0.646326 -0.745900 -0.246579 -0.685273 -0.685273 -0.330350 -0.713321 -0.618096 -0.411592 -0.729588 -0.546163 -0.489683 -0.733489 -0.471385 -0.564025 -0.724750 -0.395744 -0.074030 -0.653064 -0.753676 -0.160921 -0.697891 -0.697891 -0.246579 -0.732414 -0.634640 -0.330350 -0.755598 -0.565633 -0.411592 -0.766692 -0.492723 -0.489683 -0.765249 -0.417857 -0.564025 -0.751136 -0.343032 -0.074030 -0.705166 -0.705166 -0.160921 -0.745900 -0.646326 -0.246579 -0.775823 -0.580774 -0.330350 -0.794024 -0.510288 -0.411592 -0.799889 -0.436772 -0.489683 -0.793109 -0.362201 -0.564025 -0.773694 -0.288573 -0.074030 -0.753676 -0.653064 -0.160921 -0.790108 -0.591467 -0.246579 -0.815278 -0.523947 -0.330350 -0.828405 -0.452343 -0.411592 -0.829010 -0.378596 -0.489683 -0.816927 -0.304698 -0.564025 -0.792309 -0.232643 -0.074030 -0.798345 -0.597633 -0.160921 -0.830290 -0.533595 -0.246579 -0.850579 -0.464451 -0.330350 -0.858564 -0.392093 -0.411592 -0.853906 -0.318491 -0.489683 -0.836582 -0.245643 -0.564025 -0.806887 -0.175527 -0.074030 -0.838945 -0.539157 -0.160921 -0.866240 -0.473003 -0.246579 -0.881545 -0.402588 -0.330350 -0.884348 -0.329845 -0.411592 -0.874451 -0.256762 -0.489683 -0.851975 -0.185336 -0.564025 -0.817353 -0.117518 -0.074030 -0.875271 -0.477934 -0.160921 -0.897777 -0.410001 -0.246579 -0.908019 -0.338674 -0.330350 -0.905625 -0.265916 -0.411592 -0.890540 -0.193725 -0.489683 -0.863026 -0.124084 -0.074030 -0.907136 -0.414275 -0.160921 -0.924739 -0.344910 -0.246579 -0.929866 -0.273033 -0.330350 -0.922288 -0.200632 -0.411592 -0.902092 -0.129701 -0.074030 -0.934379 -0.348505 -0.160921 -0.946988 -0.278061 -0.246579 -0.946975 -0.206002 -0.330350 -0.934251 -0.134325 -0.074030 -0.956860 -0.280959 -0.160921 -0.964412 -0.209795 -0.246579 -0.959258 -0.137921 -0.074030 -0.974466 -0.211982 -0.160921 -0.976921 -0.140460 -0.074030 -0.987105 -0.141924 -1.000000 -0.000000 -0.000000 -1.000000 -0.000000 -0.000000 -1.000000 -0.000000 -0.000000 -1.000000 -0.000000 -0.000000 -1.000000 -0.000000 -0.000000 -1.000000 -0.000000 -0.000000 -1.000000 -0.000000 -0.000000 -1.000000 -0.000000 -0.000000 -1.000000 -0.000000 -0.000000 -1.000000 -0.000000 -0.000000 -1.000000 -0.000000 -0.000000 -1.000000 -0.000000 -0.000000 -1.000000 -0.000000 -0.000000 -1.000000 -0.000000 -0.000000 -1.000000 -0.000000 -0.000000 -1.000000 -0.000000 -0.000000 -1.000000 -0.000000 -0.000000 -1.000000 -0.000000 -0.000000 -1.000000 -0.000000 -0.000000 -1.000000 -0.000000 -0.000000 -1.000000 -0.000000 -0.000000 -1.000000 -0.000000 -0.000000 -1.000000 -0.000000 -0.000000 -1.000000 -0.000000 -0.000000 -1.000000 -0.000000 -0.000000 -1.000000 -0.000000 -0.000000 -1.000000 -0.000000 -0.000000 -1.000000 -0.000000 -0.000000 -1.000000 -0.000000 -0.000000 -1.000000 -0.000000 -0.000000 -1.000000 -0.000000 -0.000000 -1.000000 -0.000000 -0.000000 -1.000000 -0.000000 -0.000000 -1.000000 -0.000000 -0.000000 -1.000000 -0.000000 -0.000000 -1.000000 -0.000000 -0.000000 -1.000000 -0.000000 -0.000000 -1.000000 -0.000000 -0.000000 -1.000000 -0.000000 -0.000000 -1.000000 -0.000000 -0.000000 -1.000000 -0.000000 -0.000000 -1.000000 -0.000000 -0.000000 -1.000000 -0.000000 -0.000000 -1.000000 -0.000000 -0.000000 -1.000000 -0.000000 -0.000000 -1.000000 -0.000000 -0.000000 -1.000000 -0.000000 -0.000000 -1.000000 -0.000000 -0.000000 -1.000000 -0.000000 -0.000000 -1.000000 -0.000000 -0.000000 -1.000000 -0.000000 -0.000000 -1.000000 -0.000000 -0.000000 -1.000000 -0.000000 -0.000000 -1.000000 -0.000000 -0.000000 -1.000000 -0.000000 -0.000000 -1.000000 -0.000000 -0.000000 -1.000000 -0.000000 -0.000000 -1.000000 -0.000000 -0.000000 -1.000000 -0.000000 -0.000000 -1.000000 -0.000000 -0.000000 -1.000000 -0.000000 -0.000000 -1.000000 -0.000000 -0.000000 -1.000000 -0.000000 -0.000000 -1.000000 -0.000000 -0.000000 -1.000000 -0.000000 -0.000000 -1.000000 -0.000000 -0.000000 -1.000000 -0.000000 -0.000000 -1.000000 -0.000000 -0.000000 -1.000000 -0.000000 -0.000000 -1.000000 -0.000000 -0.000000 -1.000000 -0.000000 -0.000000 -1.000000 -0.000000 -0.000000 -1.000000 -0.000000 -0.000000 -1.000000 -0.000000 -0.000000 -1.000000 -0.000000 -0.000000 -1.000000 -0.000000 -0.000000 -1.000000 -0.000000 -0.000000 -1.000000 -0.000000 -0.000000 -1.000000 -0.000000 -0.000000 -1.000000 -0.000000 -0.000000 -1.000000 -0.000000 -0.000000 -1.000000 -0.000000 -0.000000 -1.000000 -0.000000 -0.000000 -1.000000 -0.000000 -0.000000</float_array>
          <technique_common>
            <accessor source="#JAW_5-mesh-normals-array" count="6998" stride="3">
              <param name="X" type="float"/>
              <param name="Y" type="float"/>
              <param name="Z" type="float"/>
            </accessor>
          </technique_common>
        </source>
        <vertices id="JAW_5-mesh-vertices">
          <input semantic="POSITION" source="#JAW_5-mesh-positions"/>
        </vertices>
        <triangles material="ABS__White_" count="8398">
          <input semantic="VERTEX" source="#JAW_5-mesh-vertices" offset="0"/>
          <input semantic="NORMAL" source="#JAW_5-mesh-normals" offset="1"/>
          <p>1 0 85 1 0 2 0 2 85 1 43 3 0 2 43 3 42 4 42 4 43 3 44 5 42 4 44 5 41 6 41 6 44 5 45 7 41 6 45 7 40 8 40 8 45 7 46 9 40 8 46 9 39 10 39 10 46 9 47 11 39 10 47 11 38 12 38 12 47 11 48 13 38 12 48 13 37 14 37 14 48 13 49 15 37 14 49 15 36 16 36 16 49 15 50 17 36 16 50 17 35 18 35 18 50 17 51 19 35 18 51 19 34 20 34 20 51 19 52 21 34 20 52 21 33 22 33 22 52 21 53 23 33 22 53 23 32 24 32 24 53 23 54 25 32 24 54 25 31 26 31 26 54 25 55 27 31 26 55 27 30 28 30 28 55 27 56 29 30 28 56 29 29 30 29 30 56 29 57 31 29 30 57 31 28 32 28 32 57 31 58 33 28 32 58 33 27 34 27 34 58 33 59 35 27 34 59 35 26 36 26 36 59 35 60 37 26 36 60 37 25 38 25 38 60 37 61 39 25 38 61 39 24 40 24 40 61 39 62 41 24 40 62 41 23 42 23 42 62 41 63 43 23 42 63 43 22 44 22 44 63 43 64 45 22 44 64 45 21 46 21 46 64 45 65 47 21 46 65 47 20 48 20 48 65 47 66 49 20 48 66 49 19 50 19 50 66 49 67 51 19 50 67 51 18 52 18 52 67 51 68 53 18 52 68 53 17 54 17 54 68 53 69 55 17 54 69 55 16 56 16 56 69 55 70 57 16 56 70 57 15 58 15 58 70 57 71 59 15 58 71 59 14 60 14 60 71 59 72 61 14 60 72 61 13 62 13 62 72 61 73 63 13 62 73 63 12 64 12 64 73 63 74 65 12 64 74 65 11 66 11 66 74 65 75 67 11 66 75 67 10 68 10 68 75 67 76 69 10 68 76 69 9 70 9 70 76 69 77 71 9 70 77 71 8 72 8 72 77 71 78 73 8 72 78 73 7 74 7 74 78 73 79 75 7 74 79 75 6 76 6 76 79 75 80 77 6 76 80 77 5 78 5 78 80 77 81 79 5 78 81 79 4 80 4 80 81 79 82 81 4 80 82 81 3 82 3 82 82 81 83 83 3 82 83 83 2 84 2 84 83 83 84 85 2 84 84 85 1 0 1 0 84 85 85 1 0 86 42 87 1 88 1 88 42 87 2 89 2 89 42 87 41 90 2 89 41 90 3 91 3 91 41 90 4 92 4 92 41 90 5 93 5 93 41 90 40 94 5 93 40 94 6 95 6 95 40 94 7 96 7 96 40 94 8 97 8 97 40 94 9 98 9 98 40 94 10 99 10 99 40 94 11 100 11 100 40 94 12 101 12 101 40 94 13 102 13 102 40 94 14 103 14 103 40 94 15 104 15 104 40 94 16 105 16 105 40 94 17 106 17 106 40 94 18 107 18 107 40 94 19 108 19 108 40 94 20 109 20 109 40 94 21 110 21 110 40 94 22 111 22 111 40 94 23 112 23 112 40 94 24 113 24 113 40 94 25 114 25 114 40 94 39 115 25 114 39 115 26 116 26 116 39 115 38 117 26 116 38 117 27 118 27 118 38 117 37 119 27 118 37 119 28 120 28 120 37 119 36 121 28 120 36 121 29 122 29 122 36 121 35 123 29 122 35 123 30 124 30 124 35 123 34 125 30 124 34 125 31 126 31 126 34 125 33 127 31 126 33 127 32 128 87 129 171 130 86 131 86 131 171 130 129 132 86 131 129 132 128 133 128 133 129 132 130 134 128 133 130 134 127 135 127 135 130 134 131 136 127 135 131 136 126 137 126 137 131 136 132 138 126 137 132 138 125 139 125 139 132 138 133 140 125 139 133 140 124 141 124 141 133 140 134 142 124 141 134 142 123 143 123 143 134 142 135 144 123 143 135 144 122 145 122 145 135 144 136 146 122 145 136 146 121 147 121 147 136 146 137 148 121 147 137 148 120 149 120 149 137 148 138 150 120 149 138 150 119 151 119 151 138 150 139 152 119 151 139 152 118 153 118 153 139 152 140 154 118 153 140 154 117 155 117 155 140 154 141 156 117 155 141 156 116 157 116 157 141 156 142 158 116 157 142 158 115 159 115 159 142 158 143 160 115 159 143 160 114 161 114 161 143 160 144 162 114 161 144 162 113 163 113 163 144 162 145 164 113 163 145 164 112 165 112 165 145 164 146 166 112 165 146 166 111 167 111 167 146 166 147 168 111 167 147 168 110 169 110 169 147 168 148 170 110 169 148 170 109 171 109 171 148 170 149 172 109 171 149 172 108 173 108 173 149 172 150 174 108 173 150 174 107 175 107 175 150 174 151 176 107 175 151 176 106 177 106 177 151 176 152 178 106 177 152 178 105 179 105 179 152 178 153 180 105 179 153 180 104 181 104 181 153 180 154 182 104 181 154 182 103 183 103 183 154 182 155 184 103 183 155 184 102 185 102 185 155 184 156 186 102 185 156 186 101 187 101 187 156 186 157 188 101 187 157 188 100 189 100 189 157 188 158 190 100 189 158 190 99 191 99 191 158 190 159 192 99 191 159 192 98 193 98 193 159 192 160 194 98 193 160 194 97 195 97 195 160 194 161 196 97 195 161 196 96 197 96 197 161 196 162 198 96 197 162 198 95 199 95 199 162 198 163 200 95 199 163 200 94 201 94 201 163 200 164 202 94 201 164 202 93 203 93 203 164 202 165 204 93 203 165 204 92 205 92 205 165 204 166 206 92 205 166 206 91 207 91 207 166 206 167 208 91 207 167 208 90 209 90 209 167 208 168 210 90 209 168 210 89 211 89 211 168 210 169 212 89 211 169 212 88 213 88 213 169 212 170 214 88 213 170 214 87 129 87 129 170 214 171 130 86 215 128 216 87 217 87 217 128 216 88 218 88 218 128 216 127 219 88 218 127 219 89 220 89 220 127 219 90 221 90 221 127 219 91 222 91 222 127 219 126 223 91 222 126 223 92 224 92 224 126 223 93 225 93 225 126 223 94 226 94 226 126 223 95 227 95 227 126 223 96 228 96 228 126 223 97 229 97 229 126 223 98 230 98 230 126 223 99 231 99 231 126 223 100 232 100 232 126 223 101 233 101 233 126 223 102 234 102 234 126 223 103 235 103 235 126 223 104 236 104 236 126 223 105 237 105 237 126 223 106 238 106 238 126 223 107 239 107 239 126 223 108 240 108 240 126 223 109 241 109 241 126 223 110 242 110 242 126 223 111 243 111 243 126 223 125 244 111 243 125 244 112 245 112 245 125 244 124 246 112 245 124 246 113 247 113 247 124 246 123 248 113 247 123 248 114 249 114 249 123 248 122 250 114 249 122 250 115 251 115 251 122 250 121 252 115 251 121 252 116 253 116 253 121 252 120 254 116 253 120 254 117 255 117 255 120 254 119 256 117 255 119 256 118 257 235 258 172 259 234 260 234 260 172 259 173 261 234 260 173 261 174 262 234 260 174 262 233 263 233 263 174 262 175 264 233 263 175 264 232 265 232 265 175 264 176 266 232 265 176 266 231 267 231 267 176 266 177 268 231 267 177 268 230 269 230 269 177 268 178 270 230 269 178 270 229 271 229 271 178 270 179 272 229 271 179 272 228 273 228 273 179 272 180 274 228 273 180 274 227 275 227 275 180 274 181 276 227 275 181 276 226 277 226 277 181 276 182 278 226 277 182 278 225 279 225 279 182 278 183 280 225 279 183 280 224 281 224 281 183 280 184 282 224 281 184 282 223 283 223 283 184 282 185 284 223 283 185 284 222 285 222 285 185 284 186 286 222 285 186 286 221 287 221 287 186 286 187 288 221 287 187 288 220 289 220 289 187 288 188 290 220 289 188 290 219 291 219 291 188 290 189 292 219 291 189 292 218 293 218 293 189 292 190 294 218 293 190 294 217 295 217 295 190 294 191 296 217 295 191 296 216 297 216 297 191 296 192 298 216 297 192 298 215 299 215 299 192 298 193 300 215 299 193 300 214 301 214 301 193 300 194 302 214 301 194 302 213 303 213 303 194 302 195 304 213 303 195 304 212 305 212 305 195 304 196 306 212 305 196 306 211 307 211 307 196 306 197 308 211 307 197 308 210 309 210 309 197 308 198 310 210 309 198 310 209 311 209 311 198 310 199 312 209 311 199 312 208 313 208 313 199 312 200 314 208 313 200 314 207 315 207 315 200 314 201 316 207 315 201 316 206 317 206 317 201 316 202 318 206 317 202 318 205 319 205 319 202 318 204 320 204 320 202 318 203 321 236 322 237 323 235 258 235 258 237 323 172 259 238 324 236 325 204 326 204 326 236 325 235 327 204 326 235 327 205 328 205 328 235 327 234 329 205 328 234 329 206 330 206 330 234 329 233 331 206 330 233 331 207 332 207 332 233 331 232 333 207 332 232 333 208 334 208 334 232 333 219 335 208 334 219 335 218 336 231 337 221 338 232 333 232 333 221 338 220 339 232 333 220 339 219 335 230 340 229 341 231 337 231 337 229 341 228 342 231 337 228 342 227 343 227 343 226 344 231 337 231 337 226 344 225 345 231 337 225 345 224 346 224 346 223 347 231 337 231 337 223 347 222 348 231 337 222 348 221 338 218 336 217 349 208 334 208 334 217 349 216 350 208 334 216 350 215 351 215 351 214 352 208 334 208 334 214 352 213 353 208 334 213 353 212 354 212 354 211 355 208 334 208 334 211 355 210 356 208 334 210 356 209 357 239 358 238 359 203 321 203 321 238 359 204 320 171 360 188 361 129 362 129 362 188 361 187 363 129 362 187 363 130 364 130 364 187 363 186 365 130 364 186 365 131 366 131 366 186 365 185 367 131 366 185 367 132 368 132 368 185 367 184 369 132 368 184 369 133 370 133 370 184 369 183 371 133 370 183 371 134 372 134 372 183 371 182 373 134 372 182 373 135 374 135 374 182 373 181 375 135 374 181 375 136 376 136 376 181 375 180 377 136 376 180 377 137 378 137 378 180 377 179 379 137 378 179 379 178 380 188 361 171 360 189 381 189 381 171 360 170 382 189 381 170 382 190 383 190 383 170 382 169 384 190 383 169 384 191 385 191 385 169 384 168 386 191 385 168 386 192 387 192 387 168 386 167 388 192 387 167 388 193 389 193 389 167 388 166 390 193 389 166 390 194 391 194 391 166 390 165 392 194 391 165 392 195 393 195 393 165 392 164 394 195 393 164 394 196 395 196 395 164 394 197 396 197 396 164 394 163 397 197 396 163 397 198 398 198 398 163 397 199 399 199 399 163 397 162 400 199 399 162 400 200 401 200 401 162 400 201 402 201 402 162 400 202 403 202 403 162 400 161 404 202 403 161 404 203 405 203 405 161 404 160 406 203 405 160 406 159 407 159 407 158 408 203 405 203 405 158 408 157 409 203 405 157 409 239 410 239 410 157 409 156 411 239 410 156 411 155 412 155 412 154 413 239 410 239 410 154 413 153 414 239 410 153 414 152 415 152 415 151 416 239 410 239 410 151 416 150 417 239 410 150 417 237 418 237 418 150 417 149 419 237 418 149 419 148 420 148 420 147 421 237 418 237 418 147 421 146 422 237 418 146 422 145 423 145 423 144 424 237 418 237 418 144 424 172 425 172 425 144 424 143 426 172 425 143 426 142 427 142 427 141 428 172 425 172 425 141 428 140 429 172 425 140 429 173 430 173 430 140 429 139 431 173 430 139 431 174 432 174 432 139 431 175 433 175 433 139 431 176 434 176 434 139 431 138 435 176 434 138 435 177 436 177 436 138 435 178 380 178 380 138 435 137 378 241 437 287 438 240 439 240 439 287 438 264 440 240 439 264 440 263 441 263 441 264 440 265 442 263 441 265 442 262 443 262 443 265 442 266 444 262 443 266 444 261 445 261 445 266 444 267 446 261 445 267 446 260 447 260 447 267 446 268 448 260 447 268 448 259 449 259 449 268 448 269 450 259 449 269 450 258 451 258 451 269 450 270 452 258 451 270 452 257 453 257 453 270 452 271 454 257 453 271 454 256 455 256 455 271 454 272 456 256 455 272 456 255 457 255 457 272 456 273 458 255 457 273 458 254 459 254 459 273 458 274 460 254 459 274 460 253 461 253 461 274 460 275 462 253 461 275 462 252 463 252 463 275 462 276 464 252 463 276 464 251 465 251 465 276 464 277 466 251 465 277 466 250 467 250 467 277 466 278 468 250 467 278 468 249 469 249 469 278 468 279 470 249 469 279 470 248 471 248 471 279 470 280 472 248 471 280 472 247 473 247 473 280 472 281 474 247 473 281 474 246 475 246 475 281 474 282 476 246 475 282 476 245 477 245 477 282 476 283 478 245 477 283 478 244 479 244 479 283 478 284 480 244 479 284 480 243 481 243 481 284 480 285 482 243 481 285 482 242 483 242 483 285 482 286 484 242 483 286 484 241 437 241 437 286 484 287 438 289 485 335 486 288 487 288 487 335 486 312 488 288 487 312 488 311 489 311 489 312 488 313 490 311 489 313 490 310 491 310 491 313 490 314 492 310 491 314 492 309 493 309 493 314 492 315 494 309 493 315 494 308 495 308 495 315 494 316 496 308 495 316 496 307 497 307 497 316 496 317 498 307 497 317 498 306 499 306 499 317 498 318 500 306 499 318 500 305 501 305 501 318 500 319 502 305 501 319 502 304 503 304 503 319 502 320 504 304 503 320 504 303 505 303 505 320 504 321 506 303 505 321 506 302 507 302 507 321 506 322 508 302 507 322 508 301 509 301 509 322 508 323 510 301 509 323 510 300 511 300 511 323 510 324 512 300 511 324 512 299 513 299 513 324 512 325 514 299 513 325 514 298 515 298 515 325 514 326 516 298 515 326 516 297 517 297 517 326 516 327 518 297 517 327 518 296 519 296 519 327 518 328 520 296 519 328 520 295 521 295 521 328 520 329 522 295 521 329 522 294 523 294 523 329 522 330 524 294 523 330 524 293 525 293 525 330 524 331 526 293 525 331 526 292 527 292 527 331 526 332 528 292 527 332 528 291 529 291 529 332 528 333 530 291 529 333 530 290 531 290 531 333 530 334 532 290 531 334 532 289 485 289 485 334 532 335 486 241 533 240 534 288 535 288 535 240 534 263 536 288 535 263 536 289 537 289 537 263 536 262 538 289 537 262 538 290 539 290 539 262 538 261 540 290 539 261 540 291 541 291 541 261 540 260 542 291 541 260 542 292 543 292 543 260 542 259 544 292 543 259 544 293 545 293 545 259 544 258 546 293 545 258 546 294 547 294 547 258 546 295 548 295 548 258 546 257 549 295 548 257 549 296 550 296 550 257 549 256 551 296 550 256 551 297 552 297 552 256 551 255 553 297 552 255 553 298 554 298 554 255 553 254 555 298 554 254 555 299 556 299 556 254 555 253 557 299 556 253 557 300 558 300 558 253 557 252 559 300 558 252 559 301 560 301 560 252 559 251 561 301 560 251 561 250 562 301 560 250 562 302 563 302 563 250 562 249 564 302 563 249 564 303 565 303 565 249 564 248 566 303 565 248 566 304 567 304 567 248 566 247 568 304 567 247 568 305 569 305 569 247 568 246 570 305 569 246 570 306 571 306 571 246 570 307 572 307 572 246 570 245 573 307 572 245 573 308 574 308 574 245 573 244 575 308 574 244 575 309 576 309 576 244 575 243 577 309 576 243 577 310 578 310 578 243 577 242 579 310 578 242 579 311 580 311 580 242 579 241 533 311 580 241 533 288 535 359 581 336 582 578 583 578 583 336 582 337 584 578 583 337 584 577 585 577 585 337 584 338 586 577 585 338 586 339 587 339 587 340 588 577 585 577 585 340 588 341 589 577 585 341 589 576 590 576 590 341 589 342 591 576 590 342 591 643 592 643 592 342 591 642 593 642 593 342 591 343 594 642 593 343 594 344 595 344 595 345 596 642 593 642 593 345 596 641 597 641 597 345 596 346 598 641 597 346 598 347 599 347 599 348 600 641 597 641 597 348 600 640 601 640 601 348 600 349 602 640 601 349 602 350 603 350 603 351 604 640 601 640 601 351 604 352 605 640 601 352 605 639 606 639 606 352 605 353 607 639 606 353 607 354 608 639 606 354 608 580 609 580 609 354 608 355 610 580 609 355 610 579 611 579 611 355 610 356 612 579 611 356 612 357 613 357 613 358 614 579 611 579 611 358 614 359 581 579 611 359 581 578 583 383 615 360 616 588 617 588 617 360 616 361 618 588 617 361 618 587 619 587 619 361 618 362 620 587 619 362 620 363 621 363 621 364 622 587 619 587 619 364 622 365 623 587 619 365 623 586 624 586 624 365 623 366 625 586 624 366 625 632 626 632 626 366 625 367 627 632 626 367 627 631 628 631 628 367 627 368 629 631 628 368 629 369 630 369 630 370 631 631 628 631 628 370 631 630 632 630 632 370 631 371 633 630 632 371 633 372 634 372 634 373 635 630 632 630 632 373 635 629 636 629 636 373 635 374 637 629 636 374 637 375 638 375 638 376 639 629 636 629 636 376 639 628 640 628 640 376 639 377 641 628 640 377 641 378 642 628 640 378 642 590 643 590 643 378 642 379 644 590 643 379 644 589 645 589 645 379 644 380 646 589 645 380 646 381 647 381 647 382 648 589 645 589 645 382 648 383 615 589 645 383 615 588 617 407 649 384 650 598 651 598 651 384 650 385 652 598 651 385 652 597 653 597 653 385 652 386 654 597 653 386 654 387 655 387 655 388 656 597 653 597 653 388 656 389 657 597 653 389 657 596 658 596 658 389 657 390 659 596 658 390 659 621 660 621 660 390 659 391 661 621 660 391 661 620 662 620 662 391 661 392 663 620 662 392 663 393 664 393 664 394 665 620 662 620 662 394 665 619 666 619 666 394 665 395 667 619 666 395 667 396 668 396 668 397 669 619 666 619 666 397 669 618 670 618 670 397 669 398 671 618 670 398 671 399 672 399 672 400 673 618 670 618 670 400 673 617 674 617 674 400 673 401 675 617 674 401 675 402 676 617 674 402 676 600 677 600 677 402 676 403 678 600 677 403 678 599 679 599 679 403 678 404 680 599 679 404 680 405 681 405 681 406 682 599 679 599 679 406 682 407 649 599 679 407 649 598 651 431 683 408 684 528 685 528 685 408 684 409 686 528 685 409 686 607 687 607 687 409 686 410 688 607 687 410 688 411 689 411 689 412 690 607 687 607 687 412 690 413 691 607 687 413 691 606 692 606 692 413 691 414 693 606 692 414 693 610 694 610 694 414 693 415 695 610 694 415 695 609 696 609 696 415 695 416 697 609 696 416 697 417 698 417 698 418 699 609 696 609 696 418 699 608 700 608 700 418 699 419 701 608 700 419 701 420 702 420 702 421 703 608 700 608 700 421 703 422 704 608 700 422 704 694 705 694 705 422 704 423 706 694 705 423 706 424 707 424 707 425 708 694 705 694 705 425 708 693 709 693 709 425 708 426 710 693 709 426 710 530 711 530 711 426 710 427 712 530 711 427 712 529 713 529 713 427 712 428 714 529 713 428 714 429 715 429 715 430 716 529 713 529 713 430 716 431 683 529 713 431 683 528 685 455 717 432 718 538 719 538 719 432 718 433 720 538 719 433 720 537 721 537 721 433 720 434 722 537 721 434 722 435 723 435 723 436 724 537 721 537 721 436 724 437 725 537 721 437 725 536 726 536 726 437 725 438 727 536 726 438 727 686 728 686 728 438 727 439 729 686 728 439 729 440 730 686 728 440 730 685 731 685 731 440 730 441 732 685 731 441 732 442 733 442 733 443 734 685 731 685 731 443 734 684 735 684 735 443 734 444 736 684 735 444 736 445 737 445 737 446 738 684 735 684 735 446 738 683 739 683 739 446 738 447 740 683 739 447 740 448 741 448 741 449 742 683 739 683 739 449 742 682 743 682 743 449 742 450 744 682 743 450 744 540 745 540 745 450 744 451 746 540 745 451 746 539 747 539 747 451 746 452 748 539 747 452 748 453 749 453 749 454 750 539 747 539 747 454 750 455 717 539 747 455 717 538 719 479 751 456 752 548 753 548 753 456 752 457 754 548 753 457 754 547 755 547 755 457 754 458 756 547 755 458 756 459 757 459 757 460 758 547 755 547 755 460 758 461 759 547 755 461 759 546 760 546 760 461 759 462 761 546 760 462 761 675 762 675 762 462 761 463 763 675 762 463 763 464 764 675 762 464 764 674 765 674 765 464 764 465 766 674 765 465 766 466 767 466 767 467 768 674 765 674 765 467 768 673 769 673 769 467 768 468 770 673 769 468 770 469 771 469 771 470 772 673 769 673 769 470 772 672 773 672 773 470 772 471 774 672 773 471 774 472 775 472 775 473 776 672 773 672 773 473 776 671 777 671 777 473 776 474 778 671 777 474 778 550 779 550 779 474 778 475 780 550 779 475 780 549 781 549 781 475 780 476 782 549 781 476 782 477 783 477 783 478 784 549 781 549 781 478 784 479 751 549 781 479 751 548 753 503 785 480 786 558 787 558 787 480 786 481 788 558 787 481 788 557 789 557 789 481 788 482 790 557 789 482 790 483 791 483 791 484 792 557 789 557 789 484 792 485 793 557 789 485 793 556 794 556 794 485 793 486 795 556 794 486 795 664 796 664 796 486 795 487 797 664 796 487 797 488 798 664 796 488 798 663 799 663 799 488 798 489 800 663 799 489 800 490 801 490 801 491 802 663 799 663 799 491 802 492 803 663 799 492 803 662 804 662 804 492 803 493 805 662 804 493 805 494 806 494 806 495 807 662 804 662 804 495 807 661 808 661 808 495 807 496 809 661 808 496 809 497 810 497 810 498 811 661 808 661 808 498 811 660 812 660 812 498 811 560 813 660 812 560 813 561 814 498 811 499 815 560 813 560 813 499 815 559 816 559 816 499 815 500 817 559 816 500 817 501 818 501 818 502 819 559 816 559 816 502 819 503 785 559 816 503 785 558 787 527 820 504 821 568 822 568 822 504 821 505 823 568 822 505 823 567 824 567 824 505 823 506 825 567 824 506 825 507 826 507 826 508 827 567 824 567 824 508 827 509 828 567 824 509 828 566 829 566 829 509 828 510 830 566 829 510 830 653 831 653 831 510 830 511 832 653 831 511 832 512 833 512 833 513 834 653 831 653 831 513 834 652 835 652 835 513 834 514 836 652 835 514 836 515 837 515 837 516 838 652 835 652 835 516 838 651 839 651 839 516 838 517 840 651 839 517 840 518 841 518 841 519 842 651 839 651 839 519 842 650 843 650 843 519 842 520 844 650 843 520 844 521 845 521 845 522 846 650 843 650 843 522 846 570 847 650 843 570 847 649 848 649 848 570 847 571 849 649 848 571 849 648 850 648 850 571 849 330 851 648 850 330 851 329 852 522 846 523 853 570 847 570 847 523 853 569 854 569 854 523 853 524 855 569 854 524 855 525 856 525 856 526 857 569 854 569 854 526 857 527 820 569 854 527 820 568 822 693 709 530 711 692 858 692 858 530 711 531 859 692 858 531 859 691 860 691 860 531 859 773 861 691 860 773 861 774 862 773 861 531 859 772 863 772 863 531 859 532 864 772 863 532 864 771 865 771 865 532 864 770 866 770 866 532 864 769 867 769 867 532 864 768 868 768 868 532 864 533 869 768 868 533 869 767 870 767 870 533 869 790 871 790 871 533 869 534 872 790 871 534 872 789 873 789 873 534 872 788 874 788 874 534 872 787 875 787 875 534 872 786 876 786 876 534 872 535 877 786 876 535 877 785 878 785 878 535 877 688 879 785 878 688 879 784 880 784 880 688 879 783 881 783 881 688 879 782 882 782 882 688 879 689 883 782 882 689 883 781 884 781 884 689 883 780 885 780 885 689 883 779 886 779 886 689 883 690 887 779 886 690 887 778 888 778 888 690 887 777 889 777 889 690 887 776 890 776 890 690 887 691 860 776 890 691 860 775 891 775 891 691 860 774 862 688 879 535 877 687 892 687 892 535 877 536 726 687 892 536 726 686 728 682 743 540 745 681 893 681 893 540 745 541 894 681 893 541 894 749 895 749 895 541 894 748 896 748 896 541 894 542 897 748 896 542 897 747 898 747 898 542 897 746 899 746 899 542 897 745 900 745 900 542 897 744 901 744 901 542 897 543 902 744 901 543 902 743 903 743 903 543 902 766 904 766 904 543 902 544 905 766 904 544 905 765 906 765 906 544 905 764 907 764 907 544 905 763 908 763 908 544 905 762 909 762 909 544 905 545 910 762 909 545 910 761 911 761 911 545 910 677 912 761 911 677 912 760 913 760 913 677 912 759 914 759 914 677 912 678 915 759 914 678 915 758 916 758 916 678 915 757 917 757 917 678 915 756 918 756 918 678 915 679 919 756 918 679 919 755 920 755 920 679 919 754 921 754 921 679 919 753 922 753 922 679 919 752 923 752 923 679 919 680 924 752 923 680 924 751 925 751 925 680 924 750 926 750 926 680 924 749 895 749 895 680 924 681 893 677 912 545 910 676 927 676 927 545 910 546 760 676 927 546 760 675 762 550 779 551 928 671 777 671 777 551 928 670 929 670 929 551 928 725 930 670 929 725 930 726 931 725 930 551 928 724 932 724 932 551 928 552 933 724 932 552 933 723 934 723 934 552 933 722 935 722 935 552 933 721 936 721 936 552 933 720 937 720 937 552 933 553 938 720 937 553 938 719 939 719 939 553 938 742 940 742 940 553 938 554 941 742 940 554 941 741 942 741 942 554 941 740 943 740 943 554 941 739 944 739 944 554 941 738 945 738 945 554 941 555 946 738 945 555 946 737 947 737 947 555 946 666 948 737 947 666 948 736 949 736 949 666 948 735 950 735 950 666 948 667 951 735 950 667 951 734 952 734 952 667 951 733 953 733 953 667 951 732 954 732 954 667 951 668 955 732 954 668 955 731 956 731 956 668 955 730 957 730 957 668 955 729 958 729 958 668 955 669 959 729 958 669 959 728 960 728 960 669 959 727 961 727 961 669 959 726 931 726 931 669 959 670 929 666 948 555 946 665 962 665 962 555 946 556 794 665 962 556 794 664 796 562 963 700 964 561 814 561 814 700 964 701 965 561 814 701 965 659 966 659 966 701 965 702 967 659 966 702 967 658 968 658 968 702 967 703 969 658 968 703 969 704 970 563 971 696 972 562 963 562 963 696 972 697 973 562 963 697 973 698 974 564 975 718 976 563 971 563 971 718 976 695 977 563 971 695 977 696 972 565 978 714 979 564 975 564 975 714 979 715 980 564 975 715 980 716 981 566 829 654 982 565 978 565 978 654 982 655 983 565 978 655 983 713 984 713 984 655 983 712 985 712 985 655 983 656 986 712 985 656 986 711 987 711 987 656 986 710 988 710 988 656 986 709 989 709 989 656 986 708 990 708 990 656 986 657 991 708 990 657 991 707 992 707 992 657 991 706 993 706 993 657 991 705 994 705 994 657 991 658 968 705 994 658 968 704 970 330 851 571 849 331 995 331 995 571 849 572 996 331 995 572 996 332 997 332 997 572 996 333 998 333 998 572 996 334 999 334 999 572 996 335 1000 335 1000 572 996 573 1001 335 1000 573 1001 312 1002 312 1002 573 1001 313 1003 313 1003 573 1001 574 1004 313 1003 574 1004 314 1005 314 1005 574 1004 315 1006 315 1006 574 1004 316 1007 316 1007 574 1004 317 1008 317 1008 574 1004 575 1009 317 1008 575 1009 318 1010 318 1010 575 1009 644 1011 318 1010 644 1011 319 1012 319 1012 644 1011 645 1013 319 1012 645 1013 320 1014 320 1014 645 1013 321 1015 321 1015 645 1013 322 1016 322 1016 645 1013 646 1017 322 1016 646 1017 323 1018 323 1018 646 1017 324 1019 324 1019 646 1017 325 1020 325 1020 646 1017 647 1021 325 1020 647 1021 326 1022 326 1022 647 1021 327 1023 327 1023 647 1021 328 1024 328 1024 647 1021 329 852 329 852 647 1021 648 850 644 1011 575 1009 643 592 643 592 575 1009 576 590 639 606 580 609 638 1025 638 1025 580 609 581 1026 638 1025 581 1026 637 1027 637 1027 581 1026 845 1028 637 1027 845 1028 846 1029 845 1028 581 1026 844 1030 844 1030 581 1026 582 1031 844 1030 582 1031 843 1032 843 1032 582 1031 842 1033 842 1033 582 1031 841 1034 841 1034 582 1031 840 1035 840 1035 582 1031 583 1036 840 1035 583 1036 839 1037 839 1037 583 1036 862 1038 862 1038 583 1036 584 1039 862 1038 584 1039 861 1040 861 1040 584 1039 860 1041 860 1041 584 1039 859 1042 859 1042 584 1039 858 1043 858 1043 584 1039 585 1044 858 1043 585 1044 857 1045 857 1045 585 1044 633 1046 857 1045 633 1046 856 1047 856 1047 633 1046 634 1048 856 1047 634 1048 855 1049 855 1049 634 1048 854 1050 854 1050 634 1048 853 1051 853 1051 634 1048 635 1052 853 1051 635 1052 852 1053 852 1053 635 1052 851 1054 851 1054 635 1052 850 1055 850 1055 635 1052 636 1056 850 1055 636 1056 849 1057 849 1057 636 1056 848 1058 848 1058 636 1056 847 1059 847 1059 636 1056 637 1027 847 1059 637 1027 846 1029 633 1046 585 1044 632 626 632 626 585 1044 586 624 628 640 590 643 627 1060 627 1060 590 643 591 1061 627 1060 591 1061 626 1062 626 1062 591 1061 821 1063 626 1062 821 1063 822 1064 821 1063 591 1061 820 1065 820 1065 591 1061 592 1066 820 1065 592 1066 819 1067 819 1067 592 1066 818 1068 818 1068 592 1066 817 1069 817 1069 592 1066 816 1070 816 1070 592 1066 593 1071 816 1070 593 1071 815 1072 815 1072 593 1071 838 1073 838 1073 593 1071 594 1074 838 1073 594 1074 837 1075 837 1075 594 1074 836 1076 836 1076 594 1074 835 1077 835 1077 594 1074 834 1078 834 1078 594 1074 595 1079 834 1078 595 1079 833 1080 833 1080 595 1079 622 1081 833 1080 622 1081 623 1082 595 1079 596 658 622 1081 622 1081 596 658 621 660 617 674 600 677 616 1083 616 1083 600 677 601 1084 616 1083 601 1084 615 1085 615 1085 601 1084 797 1086 615 1085 797 1086 798 1087 797 1086 601 1084 796 1088 796 1088 601 1084 602 1089 796 1088 602 1089 795 1090 795 1090 602 1089 794 1091 794 1091 602 1089 793 1092 793 1092 602 1089 792 1093 792 1093 602 1089 603 1094 792 1093 603 1094 791 1095 791 1095 603 1094 814 1096 814 1096 603 1094 604 1097 814 1096 604 1097 813 1098 813 1098 604 1097 812 1099 812 1099 604 1097 811 1100 811 1100 604 1097 810 1101 810 1101 604 1097 605 1102 810 1101 605 1102 809 1103 809 1103 605 1102 612 1104 809 1103 612 1104 808 1105 808 1105 612 1104 807 1106 807 1106 612 1104 806 1107 806 1107 612 1104 613 1108 806 1107 613 1108 805 1109 805 1109 613 1108 804 1110 804 1110 613 1108 803 1111 803 1111 613 1108 614 1112 803 1111 614 1112 802 1113 802 1113 614 1112 801 1114 801 1114 614 1112 800 1115 800 1115 614 1112 615 1085 800 1115 615 1085 799 1116 799 1116 615 1085 798 1087 612 1104 605 1102 611 1117 611 1117 605 1102 606 692 611 1117 606 692 610 694 624 1118 830 1119 623 1082 623 1082 830 1119 831 1120 623 1082 831 1120 832 1121 625 1122 826 1123 624 1118 624 1118 826 1123 827 1124 624 1118 827 1124 828 1125 626 1062 823 1126 625 1122 625 1122 823 1126 824 1127 625 1122 824 1127 825 1128 653 831 654 982 566 829 659 966 660 812 561 814 698 974 699 1129 562 963 562 963 699 1129 700 964 713 984 714 979 565 978 716 981 717 1130 564 975 564 975 717 1130 718 976 822 1064 823 1126 626 1062 825 1128 826 1123 625 1122 828 1125 829 1131 624 1118 624 1118 829 1131 830 1119 832 1121 833 1080 623 1082 864 1132 910 1133 863 1134 863 1134 910 1133 887 1135 863 1134 887 1135 886 1136 886 1136 887 1135 888 1137 886 1136 888 1137 885 1138 885 1138 888 1137 889 1139 885 1138 889 1139 884 1140 884 1140 889 1139 890 1141 884 1140 890 1141 883 1142 883 1142 890 1141 891 1143 883 1142 891 1143 882 1144 882 1144 891 1143 892 1145 882 1144 892 1145 881 1146 881 1146 892 1145 893 1147 881 1146 893 1147 880 1148 880 1148 893 1147 894 1149 880 1148 894 1149 879 1150 879 1150 894 1149 895 1151 879 1150 895 1151 878 1152 878 1152 895 1151 896 1153 878 1152 896 1153 877 1154 877 1154 896 1153 897 1155 877 1154 897 1155 876 1156 876 1156 897 1155 898 1157 876 1156 898 1157 875 1158 875 1158 898 1157 899 1159 875 1158 899 1159 874 1160 874 1160 899 1159 900 1161 874 1160 900 1161 873 1162 873 1162 900 1161 901 1163 873 1162 901 1163 872 1164 872 1164 901 1163 902 1165 872 1164 902 1165 871 1166 871 1166 902 1165 903 1167 871 1166 903 1167 870 1168 870 1168 903 1167 904 1169 870 1168 904 1169 869 1170 869 1170 904 1169 905 1171 869 1170 905 1171 868 1172 868 1172 905 1171 906 1173 868 1172 906 1173 867 1174 867 1174 906 1173 907 1175 867 1174 907 1175 866 1176 866 1176 907 1175 908 1177 866 1176 908 1177 865 1178 865 1178 908 1177 909 1179 865 1178 909 1179 864 1132 864 1132 909 1179 910 1133 912 1180 337 1181 911 1182 911 1182 337 1181 336 1183 911 1182 336 1183 934 1184 934 1184 336 1183 359 1185 934 1184 359 1185 933 1186 933 1186 359 1185 358 1187 933 1186 358 1187 932 1188 932 1188 358 1187 357 1189 932 1188 357 1189 931 1190 931 1190 357 1189 356 1191 931 1190 356 1191 930 1192 930 1192 356 1191 355 1193 930 1192 355 1193 929 1194 929 1194 355 1193 354 1195 929 1194 354 1195 928 1196 928 1196 354 1195 353 1197 928 1196 353 1197 927 1198 927 1198 353 1197 352 1199 927 1198 352 1199 926 1200 926 1200 352 1199 351 1201 926 1200 351 1201 925 1202 925 1202 351 1201 350 1203 925 1202 350 1203 924 1204 924 1204 350 1203 349 1205 924 1204 349 1205 923 1206 923 1206 349 1205 348 1207 923 1206 348 1207 922 1208 922 1208 348 1207 347 1209 922 1208 347 1209 921 1210 921 1210 347 1209 346 1211 921 1210 346 1211 920 1212 920 1212 346 1211 345 1213 920 1212 345 1213 919 1214 919 1214 345 1213 344 1215 919 1214 344 1215 918 1216 918 1216 344 1215 343 1217 918 1216 343 1217 917 1218 917 1218 343 1217 342 1219 917 1218 342 1219 916 1220 916 1220 342 1219 341 1221 916 1220 341 1221 915 1222 915 1222 341 1221 340 1223 915 1222 340 1223 914 1224 914 1224 340 1223 339 1225 914 1224 339 1225 913 1226 913 1226 339 1225 338 1227 913 1226 338 1227 912 1180 912 1180 338 1227 337 1181 864 1228 863 1229 911 1230 911 1230 863 1229 886 1231 911 1230 886 1231 912 1232 912 1232 886 1231 885 1233 912 1232 885 1233 913 1234 913 1234 885 1233 884 1235 913 1234 884 1235 914 1236 914 1236 884 1235 883 1237 914 1236 883 1237 915 1238 915 1238 883 1237 882 1239 915 1238 882 1239 916 1240 916 1240 882 1239 881 1241 916 1240 881 1241 917 1242 917 1242 881 1241 918 1243 918 1243 881 1241 880 1244 918 1243 880 1244 919 1245 919 1245 880 1244 879 1246 919 1245 879 1246 920 1247 920 1247 879 1246 878 1248 920 1247 878 1248 921 1249 921 1249 878 1248 877 1250 921 1249 877 1250 922 1251 922 1251 877 1250 876 1252 922 1251 876 1252 923 1253 923 1253 876 1252 875 1254 923 1253 875 1254 924 1255 924 1255 875 1254 874 1256 924 1255 874 1256 873 1257 924 1255 873 1257 925 1258 925 1258 873 1257 872 1259 925 1258 872 1259 926 1260 926 1260 872 1259 871 1261 926 1260 871 1261 927 1262 927 1262 871 1261 870 1263 927 1262 870 1263 928 1264 928 1264 870 1263 869 1265 928 1264 869 1265 929 1266 929 1266 869 1265 930 1267 930 1267 869 1265 868 1268 930 1267 868 1268 931 1269 931 1269 868 1268 867 1270 931 1269 867 1270 932 1271 932 1271 867 1270 866 1272 932 1271 866 1272 933 1273 933 1273 866 1272 865 1274 933 1273 865 1274 934 1275 934 1275 865 1274 864 1228 934 1275 864 1228 911 1230 287 1276 274 1277 264 1278 264 1278 274 1277 273 1279 264 1278 273 1279 265 1280 265 1280 273 1279 272 1281 265 1280 272 1281 266 1282 266 1282 272 1281 271 1283 266 1282 271 1283 267 1284 267 1284 271 1283 270 1285 267 1284 270 1285 268 1286 268 1286 270 1285 269 1287 274 1277 287 1276 275 1288 275 1288 287 1276 286 1289 275 1288 286 1289 276 1290 276 1290 286 1289 285 1291 276 1290 285 1291 277 1292 277 1292 285 1291 284 1293 277 1292 284 1293 278 1294 278 1294 284 1293 283 1295 278 1294 283 1295 279 1296 279 1296 283 1295 282 1297 279 1296 282 1297 280 1298 280 1298 282 1297 281 1299 936 1300 982 1301 935 1302 935 1302 982 1301 959 1303 935 1302 959 1303 958 1304 958 1304 959 1303 960 1305 958 1304 960 1305 957 1306 957 1306 960 1305 961 1307 957 1306 961 1307 956 1308 956 1308 961 1307 962 1309 956 1308 962 1309 955 1310 955 1310 962 1309 963 1311 955 1310 963 1311 954 1312 954 1312 963 1311 964 1313 954 1312 964 1313 953 1314 953 1314 964 1313 965 1315 953 1314 965 1315 952 1316 952 1316 965 1315 966 1317 952 1316 966 1317 951 1318 951 1318 966 1317 967 1319 951 1318 967 1319 950 1320 950 1320 967 1319 968 1321 950 1320 968 1321 949 1322 949 1322 968 1321 969 1323 949 1322 969 1323 948 1324 948 1324 969 1323 970 1325 948 1324 970 1325 947 1326 947 1326 970 1325 971 1327 947 1326 971 1327 946 1328 946 1328 971 1327 972 1329 946 1328 972 1329 945 1330 945 1330 972 1329 973 1331 945 1330 973 1331 944 1332 944 1332 973 1331 974 1333 944 1332 974 1333 943 1334 943 1334 974 1333 975 1335 943 1334 975 1335 942 1336 942 1336 975 1335 976 1337 942 1336 976 1337 941 1338 941 1338 976 1337 977 1339 941 1338 977 1339 940 1340 940 1340 977 1339 978 1341 940 1340 978 1341 939 1342 939 1342 978 1341 979 1343 939 1342 979 1343 938 1344 938 1344 979 1343 980 1345 938 1344 980 1345 937 1346 937 1346 980 1345 981 1347 937 1346 981 1347 936 1300 936 1300 981 1347 982 1301 984 1348 840 1349 983 1350 983 1350 840 1349 839 1351 983 1350 839 1351 1006 1352 1006 1352 839 1351 862 1353 1006 1352 862 1353 1005 1354 1005 1354 862 1353 861 1355 1005 1354 861 1355 1004 1356 1004 1356 861 1355 860 1357 1004 1356 860 1357 1003 1358 1003 1358 860 1357 859 1359 1003 1358 859 1359 1002 1360 1002 1360 859 1359 858 1361 1002 1360 858 1361 1001 1362 1001 1362 858 1361 857 1363 1001 1362 857 1363 1000 1364 1000 1364 857 1363 856 1365 1000 1364 856 1365 999 1366 999 1366 856 1365 855 1367 999 1366 855 1367 998 1368 998 1368 855 1367 854 1369 998 1368 854 1369 997 1370 997 1370 854 1369 853 1371 997 1370 853 1371 996 1372 996 1372 853 1371 852 1373 996 1372 852 1373 995 1374 995 1374 852 1373 851 1375 995 1374 851 1375 994 1376 994 1376 851 1375 850 1377 994 1376 850 1377 993 1378 993 1378 850 1377 849 1379 993 1378 849 1379 992 1380 992 1380 849 1379 848 1381 992 1380 848 1381 991 1382 991 1382 848 1381 847 1383 991 1382 847 1383 990 1384 990 1384 847 1383 846 1385 990 1384 846 1385 989 1386 989 1386 846 1385 845 1387 989 1386 845 1387 988 1388 988 1388 845 1387 844 1389 988 1388 844 1389 987 1390 987 1390 844 1389 843 1391 987 1390 843 1391 986 1392 986 1392 843 1391 842 1393 986 1392 842 1393 985 1394 985 1394 842 1393 841 1395 985 1394 841 1395 984 1348 984 1348 841 1395 840 1349 936 1396 935 1397 983 1398 983 1398 935 1397 958 1399 983 1398 958 1399 984 1400 984 1400 958 1399 957 1401 984 1400 957 1401 985 1402 985 1402 957 1401 956 1403 985 1402 956 1403 986 1404 986 1404 956 1403 955 1405 986 1404 955 1405 987 1406 987 1406 955 1405 954 1407 987 1406 954 1407 988 1408 988 1408 954 1407 953 1409 988 1408 953 1409 989 1410 989 1410 953 1409 990 1411 990 1411 953 1409 952 1412 990 1411 952 1412 991 1413 991 1413 952 1412 951 1414 991 1413 951 1414 992 1415 992 1415 951 1414 950 1416 992 1415 950 1416 993 1417 993 1417 950 1416 949 1418 993 1417 949 1418 994 1419 994 1419 949 1418 948 1420 994 1419 948 1420 995 1421 995 1421 948 1420 947 1422 995 1421 947 1422 996 1423 996 1423 947 1422 946 1424 996 1423 946 1424 945 1425 996 1423 945 1425 997 1426 997 1426 945 1425 944 1427 997 1426 944 1427 998 1428 998 1428 944 1427 943 1429 998 1428 943 1429 999 1430 999 1430 943 1429 942 1431 999 1430 942 1431 1000 1432 1000 1432 942 1431 941 1433 1000 1432 941 1433 1001 1434 1001 1434 941 1433 1002 1435 1002 1435 941 1433 940 1436 1002 1435 940 1436 1003 1437 1003 1437 940 1436 939 1438 1003 1437 939 1438 1004 1439 1004 1439 939 1438 938 1440 1004 1439 938 1440 1005 1441 1005 1441 938 1440 937 1442 1005 1441 937 1442 1006 1443 1006 1443 937 1442 936 1396 1006 1443 936 1396 983 1398 910 1444 894 1445 887 1446 887 1446 894 1445 893 1447 887 1446 893 1447 888 1448 888 1448 893 1447 892 1449 888 1448 892 1449 889 1450 889 1450 892 1449 891 1451 889 1450 891 1451 890 1452 894 1445 910 1444 895 1453 895 1453 910 1444 909 1454 895 1453 909 1454 896 1455 896 1455 909 1454 908 1456 896 1455 908 1456 897 1457 897 1457 908 1456 907 1458 897 1457 907 1458 898 1459 898 1459 907 1458 906 1460 898 1459 906 1460 899 1461 899 1461 906 1460 905 1462 899 1461 905 1462 900 1463 900 1463 905 1462 904 1464 900 1463 904 1464 901 1465 901 1465 904 1464 903 1466 901 1465 903 1466 902 1467 1008 1468 1054 1469 1007 1470 1007 1470 1054 1469 1031 1471 1007 1470 1031 1471 1030 1472 1030 1472 1031 1471 1032 1473 1030 1472 1032 1473 1029 1474 1029 1474 1032 1473 1033 1475 1029 1474 1033 1475 1028 1476 1028 1476 1033 1475 1034 1477 1028 1476 1034 1477 1027 1478 1027 1478 1034 1477 1035 1479 1027 1478 1035 1479 1026 1480 1026 1480 1035 1479 1036 1481 1026 1480 1036 1481 1025 1482 1025 1482 1036 1481 1037 1483 1025 1482 1037 1483 1024 1484 1024 1484 1037 1483 1038 1485 1024 1484 1038 1485 1023 1486 1023 1486 1038 1485 1039 1487 1023 1486 1039 1487 1022 1488 1022 1488 1039 1487 1040 1489 1022 1488 1040 1489 1021 1490 1021 1490 1040 1489 1041 1491 1021 1490 1041 1491 1020 1492 1020 1492 1041 1491 1042 1493 1020 1492 1042 1493 1019 1494 1019 1494 1042 1493 1043 1495 1019 1494 1043 1495 1018 1496 1018 1496 1043 1495 1044 1497 1018 1496 1044 1497 1017 1498 1017 1498 1044 1497 1045 1499 1017 1498 1045 1499 1016 1500 1016 1500 1045 1499 1046 1501 1016 1500 1046 1501 1015 1502 1015 1502 1046 1501 1047 1503 1015 1502 1047 1503 1014 1504 1014 1504 1047 1503 1048 1505 1014 1504 1048 1505 1013 1506 1013 1506 1048 1505 1049 1507 1013 1506 1049 1507 1012 1508 1012 1508 1049 1507 1050 1509 1012 1508 1050 1509 1011 1510 1011 1510 1050 1509 1051 1511 1011 1510 1051 1511 1010 1512 1010 1512 1051 1511 1052 1513 1010 1512 1052 1513 1009 1514 1009 1514 1052 1513 1053 1515 1009 1514 1053 1515 1008 1468 1008 1468 1053 1515 1054 1469 1056 1516 361 1517 1055 1518 1055 1518 361 1517 360 1519 1055 1518 360 1519 1078 1520 1078 1520 360 1519 383 1521 1078 1520 383 1521 1077 1522 1077 1522 383 1521 382 1523 1077 1522 382 1523 1076 1524 1076 1524 382 1523 381 1525 1076 1524 381 1525 1075 1526 1075 1526 381 1525 380 1527 1075 1526 380 1527 1074 1528 1074 1528 380 1527 379 1529 1074 1528 379 1529 1073 1530 1073 1530 379 1529 378 1531 1073 1530 378 1531 1072 1532 1072 1532 378 1531 377 1533 1072 1532 377 1533 1071 1534 1071 1534 377 1533 376 1535 1071 1534 376 1535 1070 1536 1070 1536 376 1535 375 1537 1070 1536 375 1537 1069 1538 1069 1538 375 1537 374 1539 1069 1538 374 1539 1068 1540 1068 1540 374 1539 373 1541 1068 1540 373 1541 1067 1542 1067 1542 373 1541 372 1543 1067 1542 372 1543 1066 1544 1066 1544 372 1543 371 1545 1066 1544 371 1545 1065 1546 1065 1546 371 1545 370 1547 1065 1546 370 1547 1064 1548 1064 1548 370 1547 369 1549 1064 1548 369 1549 1063 1550 1063 1550 369 1549 368 1551 1063 1550 368 1551 1062 1552 1062 1552 368 1551 367 1553 1062 1552 367 1553 1061 1554 1061 1554 367 1553 366 1555 1061 1554 366 1555 1060 1556 1060 1556 366 1555 365 1557 1060 1556 365 1557 1059 1558 1059 1558 365 1557 364 1559 1059 1558 364 1559 1058 1560 1058 1560 364 1559 363 1561 1058 1560 363 1561 1057 1562 1057 1562 363 1561 362 1563 1057 1562 362 1563 1056 1516 1056 1516 362 1563 361 1517 1008 1564 1007 1565 1055 1566 1055 1566 1007 1565 1030 1567 1055 1566 1030 1567 1056 1568 1056 1568 1030 1567 1029 1569 1056 1568 1029 1569 1057 1570 1057 1570 1029 1569 1028 1571 1057 1570 1028 1571 1058 1572 1058 1572 1028 1571 1027 1573 1058 1572 1027 1573 1059 1574 1059 1574 1027 1573 1026 1575 1059 1574 1026 1575 1060 1576 1060 1576 1026 1575 1025 1577 1060 1576 1025 1577 1061 1578 1061 1578 1025 1577 1062 1579 1062 1579 1025 1577 1024 1580 1062 1579 1024 1580 1063 1581 1063 1581 1024 1580 1023 1582 1063 1581 1023 1582 1064 1583 1064 1583 1023 1582 1022 1584 1064 1583 1022 1584 1065 1585 1065 1585 1022 1584 1021 1586 1065 1585 1021 1586 1066 1587 1066 1587 1021 1586 1020 1588 1066 1587 1020 1588 1067 1589 1067 1589 1020 1588 1019 1590 1067 1589 1019 1590 1068 1591 1068 1591 1019 1590 1018 1592 1068 1591 1018 1592 1017 1593 1068 1591 1017 1593 1069 1594 1069 1594 1017 1593 1016 1595 1069 1594 1016 1595 1070 1596 1070 1596 1016 1595 1015 1597 1070 1596 1015 1597 1071 1598 1071 1598 1015 1597 1014 1599 1071 1598 1014 1599 1072 1600 1072 1600 1014 1599 1013 1601 1072 1600 1013 1601 1073 1602 1073 1602 1013 1601 1074 1603 1074 1603 1013 1601 1012 1604 1074 1603 1012 1604 1075 1605 1075 1605 1012 1604 1011 1606 1075 1605 1011 1606 1076 1607 1076 1607 1011 1606 1010 1608 1076 1607 1010 1608 1077 1609 1077 1609 1010 1608 1009 1610 1077 1609 1009 1610 1078 1611 1078 1611 1009 1610 1008 1564 1078 1611 1008 1564 1055 1566 982 1612 963 1613 959 1614 959 1614 963 1613 962 1615 959 1614 962 1615 960 1616 960 1616 962 1615 961 1617 963 1613 982 1612 964 1618 964 1618 982 1612 981 1619 964 1618 981 1619 965 1620 965 1620 981 1619 980 1621 965 1620 980 1621 966 1622 966 1622 980 1621 979 1623 966 1622 979 1623 967 1624 967 1624 979 1623 978 1625 967 1624 978 1625 968 1626 968 1626 978 1625 977 1627 968 1626 977 1627 969 1628 969 1628 977 1627 976 1629 969 1628 976 1629 970 1630 970 1630 976 1629 975 1631 970 1630 975 1631 971 1632 971 1632 975 1631 974 1633 971 1632 974 1633 972 1634 972 1634 974 1633 973 1635 1080 1636 1126 1637 1079 1638 1079 1638 1126 1637 1103 1639 1079 1638 1103 1639 1102 1640 1102 1640 1103 1639 1104 1641 1102 1640 1104 1641 1101 1642 1101 1642 1104 1641 1105 1643 1101 1642 1105 1643 1100 1644 1100 1644 1105 1643 1106 1645 1100 1644 1106 1645 1099 1646 1099 1646 1106 1645 1107 1647 1099 1646 1107 1647 1098 1648 1098 1648 1107 1647 1108 1649 1098 1648 1108 1649 1097 1650 1097 1650 1108 1649 1109 1651 1097 1650 1109 1651 1096 1652 1096 1652 1109 1651 1110 1653 1096 1652 1110 1653 1095 1654 1095 1654 1110 1653 1111 1655 1095 1654 1111 1655 1094 1656 1094 1656 1111 1655 1112 1657 1094 1656 1112 1657 1093 1658 1093 1658 1112 1657 1113 1659 1093 1658 1113 1659 1092 1660 1092 1660 1113 1659 1114 1661 1092 1660 1114 1661 1091 1662 1091 1662 1114 1661 1115 1663 1091 1662 1115 1663 1090 1664 1090 1664 1115 1663 1116 1665 1090 1664 1116 1665 1089 1666 1089 1666 1116 1665 1117 1667 1089 1666 1117 1667 1088 1668 1088 1668 1117 1667 1118 1669 1088 1668 1118 1669 1087 1670 1087 1670 1118 1669 1119 1671 1087 1670 1119 1671 1086 1672 1086 1672 1119 1671 1120 1673 1086 1672 1120 1673 1085 1674 1085 1674 1120 1673 1121 1675 1085 1674 1121 1675 1084 1676 1084 1676 1121 1675 1122 1677 1084 1676 1122 1677 1083 1678 1083 1678 1122 1677 1123 1679 1083 1678 1123 1679 1082 1680 1082 1680 1123 1679 1124 1681 1082 1680 1124 1681 1081 1682 1081 1682 1124 1681 1125 1683 1081 1682 1125 1683 1080 1636 1080 1636 1125 1683 1126 1637 1128 1684 816 1685 1127 1686 1127 1686 816 1685 815 1687 1127 1686 815 1687 1150 1688 1150 1688 815 1687 838 1689 1150 1688 838 1689 1149 1690 1149 1690 838 1689 837 1691 1149 1690 837 1691 1148 1692 1148 1692 837 1691 836 1693 1148 1692 836 1693 1147 1694 1147 1694 836 1693 835 1695 1147 1694 835 1695 1146 1696 1146 1696 835 1695 834 1697 1146 1696 834 1697 1145 1698 1145 1698 834 1697 833 1699 1145 1698 833 1699 1144 1700 1144 1700 833 1699 832 1701 1144 1700 832 1701 1143 1702 1143 1702 832 1701 831 1703 1143 1702 831 1703 1142 1704 1142 1704 831 1703 830 1705 1142 1704 830 1705 1141 1706 1141 1706 830 1705 829 1707 1141 1706 829 1707 1140 1708 1140 1708 829 1707 828 1709 1140 1708 828 1709 1139 1710 1139 1710 828 1709 827 1711 1139 1710 827 1711 1138 1712 1138 1712 827 1711 826 1713 1138 1712 826 1713 1137 1714 1137 1714 826 1713 825 1715 1137 1714 825 1715 1136 1716 1136 1716 825 1715 824 1717 1136 1716 824 1717 1135 1718 1135 1718 824 1717 823 1719 1135 1718 823 1719 1134 1720 1134 1720 823 1719 822 1721 1134 1720 822 1721 1133 1722 1133 1722 822 1721 821 1723 1133 1722 821 1723 1132 1724 1132 1724 821 1723 820 1725 1132 1724 820 1725 1131 1726 1131 1726 820 1725 819 1727 1131 1726 819 1727 1130 1728 1130 1728 819 1727 818 1729 1130 1728 818 1729 1129 1730 1129 1730 818 1729 817 1731 1129 1730 817 1731 1128 1684 1128 1684 817 1731 816 1685 1080 1732 1079 1733 1127 1734 1127 1734 1079 1733 1102 1735 1127 1734 1102 1735 1128 1736 1128 1736 1102 1735 1101 1737 1128 1736 1101 1737 1129 1738 1129 1738 1101 1737 1100 1739 1129 1738 1100 1739 1130 1740 1130 1740 1100 1739 1099 1741 1130 1740 1099 1741 1131 1742 1131 1742 1099 1741 1098 1743 1131 1742 1098 1743 1132 1744 1132 1744 1098 1743 1097 1745 1132 1744 1097 1745 1133 1746 1133 1746 1097 1745 1134 1747 1134 1747 1097 1745 1096 1748 1134 1747 1096 1748 1135 1749 1135 1749 1096 1748 1095 1750 1135 1749 1095 1750 1136 1751 1136 1751 1095 1750 1094 1752 1136 1751 1094 1752 1137 1753 1137 1753 1094 1752 1093 1754 1137 1753 1093 1754 1138 1755 1138 1755 1093 1754 1092 1756 1138 1755 1092 1756 1139 1757 1139 1757 1092 1756 1091 1758 1139 1757 1091 1758 1140 1759 1140 1759 1091 1758 1090 1760 1140 1759 1090 1760 1089 1761 1140 1759 1089 1761 1141 1762 1141 1762 1089 1761 1088 1763 1141 1762 1088 1763 1142 1764 1142 1764 1088 1763 1087 1765 1142 1764 1087 1765 1143 1766 1143 1766 1087 1765 1086 1767 1143 1766 1086 1767 1144 1768 1144 1768 1086 1767 1085 1769 1144 1768 1085 1769 1145 1770 1145 1770 1085 1769 1146 1771 1146 1771 1085 1769 1084 1772 1146 1771 1084 1772 1147 1773 1147 1773 1084 1772 1083 1774 1147 1773 1083 1774 1148 1775 1148 1775 1083 1774 1082 1776 1148 1775 1082 1776 1149 1777 1149 1777 1082 1776 1081 1778 1149 1777 1081 1778 1150 1779 1150 1779 1081 1778 1080 1732 1150 1779 1080 1732 1127 1734 1031 1780 1054 1781 1032 1782 1032 1782 1054 1781 1033 1783 1033 1783 1054 1781 1053 1784 1033 1783 1053 1784 1034 1785 1034 1785 1053 1784 1052 1786 1034 1785 1052 1786 1035 1787 1035 1787 1052 1786 1051 1788 1035 1787 1051 1788 1036 1789 1036 1789 1051 1788 1050 1790 1036 1789 1050 1790 1037 1791 1037 1791 1050 1790 1049 1792 1037 1791 1049 1792 1038 1793 1038 1793 1049 1792 1048 1794 1038 1793 1048 1794 1039 1795 1039 1795 1048 1794 1047 1796 1039 1795 1047 1796 1040 1797 1040 1797 1047 1796 1046 1798 1040 1797 1046 1798 1041 1799 1041 1799 1046 1798 1045 1800 1041 1799 1045 1800 1042 1801 1042 1801 1045 1800 1044 1802 1042 1801 1044 1802 1043 1803 1152 1804 1198 1805 1151 1806 1151 1806 1198 1805 1175 1807 1151 1806 1175 1807 1174 1808 1174 1808 1175 1807 1176 1809 1174 1808 1176 1809 1173 1810 1173 1810 1176 1809 1177 1811 1173 1810 1177 1811 1172 1812 1172 1812 1177 1811 1178 1813 1172 1812 1178 1813 1171 1814 1171 1814 1178 1813 1179 1815 1171 1814 1179 1815 1170 1816 1170 1816 1179 1815 1180 1817 1170 1816 1180 1817 1169 1818 1169 1818 1180 1817 1181 1819 1169 1818 1181 1819 1168 1820 1168 1820 1181 1819 1182 1821 1168 1820 1182 1821 1167 1822 1167 1822 1182 1821 1183 1823 1167 1822 1183 1823 1166 1824 1166 1824 1183 1823 1184 1825 1166 1824 1184 1825 1165 1826 1165 1826 1184 1825 1185 1827 1165 1826 1185 1827 1164 1828 1164 1828 1185 1827 1186 1829 1164 1828 1186 1829 1163 1830 1163 1830 1186 1829 1187 1831 1163 1830 1187 1831 1162 1832 1162 1832 1187 1831 1188 1833 1162 1832 1188 1833 1161 1834 1161 1834 1188 1833 1189 1835 1161 1834 1189 1835 1160 1836 1160 1836 1189 1835 1190 1837 1160 1836 1190 1837 1159 1838 1159 1838 1190 1837 1191 1839 1159 1838 1191 1839 1158 1840 1158 1840 1191 1839 1192 1841 1158 1840 1192 1841 1157 1842 1157 1842 1192 1841 1193 1843 1157 1842 1193 1843 1156 1844 1156 1844 1193 1843 1194 1845 1156 1844 1194 1845 1155 1846 1155 1846 1194 1845 1195 1847 1155 1846 1195 1847 1154 1848 1154 1848 1195 1847 1196 1849 1154 1848 1196 1849 1153 1850 1153 1850 1196 1849 1197 1851 1153 1850 1197 1851 1152 1804 1152 1804 1197 1851 1198 1805 1200 1852 385 1853 1199 1854 1199 1854 385 1853 384 1855 1199 1854 384 1855 1222 1856 1222 1856 384 1855 407 1857 1222 1856 407 1857 1221 1858 1221 1858 407 1857 406 1859 1221 1858 406 1859 1220 1860 1220 1860 406 1859 405 1861 1220 1860 405 1861 1219 1862 1219 1862 405 1861 404 1863 1219 1862 404 1863 1218 1864 1218 1864 404 1863 403 1865 1218 1864 403 1865 1217 1866 1217 1866 403 1865 402 1867 1217 1866 402 1867 1216 1868 1216 1868 402 1867 401 1869 1216 1868 401 1869 1215 1870 1215 1870 401 1869 400 1871 1215 1870 400 1871 1214 1872 1214 1872 400 1871 399 1873 1214 1872 399 1873 1213 1874 1213 1874 399 1873 398 1875 1213 1874 398 1875 1212 1876 1212 1876 398 1875 397 1877 1212 1876 397 1877 1211 1878 1211 1878 397 1877 396 1879 1211 1878 396 1879 1210 1880 1210 1880 396 1879 395 1881 1210 1880 395 1881 1209 1882 1209 1882 395 1881 394 1883 1209 1882 394 1883 1208 1884 1208 1884 394 1883 393 1885 1208 1884 393 1885 1207 1886 1207 1886 393 1885 392 1887 1207 1886 392 1887 1206 1888 1206 1888 392 1887 391 1889 1206 1888 391 1889 1205 1890 1205 1890 391 1889 390 1891 1205 1890 390 1891 1204 1892 1204 1892 390 1891 389 1893 1204 1892 389 1893 1203 1894 1203 1894 389 1893 388 1895 1203 1894 388 1895 1202 1896 1202 1896 388 1895 387 1897 1202 1896 387 1897 1201 1898 1201 1898 387 1897 386 1899 1201 1898 386 1899 1200 1852 1200 1852 386 1899 385 1853 1152 1900 1151 1901 1199 1902 1199 1902 1151 1901 1174 1903 1199 1902 1174 1903 1200 1904 1200 1904 1174 1903 1173 1905 1200 1904 1173 1905 1201 1906 1201 1906 1173 1905 1172 1907 1201 1906 1172 1907 1202 1908 1202 1908 1172 1907 1171 1909 1202 1908 1171 1909 1203 1910 1203 1910 1171 1909 1170 1911 1203 1910 1170 1911 1204 1912 1204 1912 1170 1911 1169 1913 1204 1912 1169 1913 1205 1914 1205 1914 1169 1913 1206 1915 1206 1915 1169 1913 1168 1916 1206 1915 1168 1916 1207 1917 1207 1917 1168 1916 1167 1918 1207 1917 1167 1918 1208 1919 1208 1919 1167 1918 1166 1920 1208 1919 1166 1920 1209 1921 1209 1921 1166 1920 1165 1922 1209 1921 1165 1922 1210 1923 1210 1923 1165 1922 1164 1924 1210 1923 1164 1924 1211 1925 1211 1925 1164 1924 1163 1926 1211 1925 1163 1926 1212 1927 1212 1927 1163 1926 1162 1928 1212 1927 1162 1928 1161 1929 1212 1927 1161 1929 1213 1930 1213 1930 1161 1929 1160 1931 1213 1930 1160 1931 1214 1932 1214 1932 1160 1931 1159 1933 1214 1932 1159 1933 1215 1934 1215 1934 1159 1933 1158 1935 1215 1934 1158 1935 1216 1936 1216 1936 1158 1935 1157 1937 1216 1936 1157 1937 1217 1938 1217 1938 1157 1937 1218 1939 1218 1939 1157 1937 1156 1940 1218 1939 1156 1940 1219 1941 1219 1941 1156 1940 1155 1942 1219 1941 1155 1942 1220 1943 1220 1943 1155 1942 1154 1944 1220 1943 1154 1944 1221 1945 1221 1945 1154 1944 1153 1946 1221 1945 1153 1946 1222 1947 1222 1947 1153 1946 1152 1900 1222 1947 1152 1900 1199 1902 1126 1948 1125 1949 1103 1950 1103 1950 1125 1949 1124 1951 1103 1950 1124 1951 1104 1952 1104 1952 1124 1951 1123 1953 1104 1952 1123 1953 1105 1954 1105 1954 1123 1953 1122 1955 1105 1954 1122 1955 1106 1956 1106 1956 1122 1955 1121 1957 1106 1956 1121 1957 1107 1958 1107 1958 1121 1957 1120 1959 1107 1958 1120 1959 1108 1960 1108 1960 1120 1959 1119 1961 1108 1960 1119 1961 1109 1962 1109 1962 1119 1961 1118 1963 1109 1962 1118 1963 1110 1964 1110 1964 1118 1963 1117 1965 1110 1964 1117 1965 1111 1966 1111 1966 1117 1965 1116 1967 1111 1966 1116 1967 1112 1968 1112 1968 1116 1967 1115 1969 1112 1968 1115 1969 1113 1970 1113 1970 1115 1969 1114 1971 1224 1972 1270 1973 1223 1974 1223 1974 1270 1973 1247 1975 1223 1974 1247 1975 1246 1976 1246 1976 1247 1975 1248 1977 1246 1976 1248 1977 1245 1978 1245 1978 1248 1977 1249 1979 1245 1978 1249 1979 1244 1980 1244 1980 1249 1979 1250 1981 1244 1980 1250 1981 1243 1982 1243 1982 1250 1981 1251 1983 1243 1982 1251 1983 1242 1984 1242 1984 1251 1983 1252 1985 1242 1984 1252 1985 1241 1986 1241 1986 1252 1985 1253 1987 1241 1986 1253 1987 1240 1988 1240 1988 1253 1987 1254 1989 1240 1988 1254 1989 1239 1990 1239 1990 1254 1989 1255 1991 1239 1990 1255 1991 1238 1992 1238 1992 1255 1991 1256 1993 1238 1992 1256 1993 1237 1994 1237 1994 1256 1993 1257 1995 1237 1994 1257 1995 1236 1996 1236 1996 1257 1995 1258 1997 1236 1996 1258 1997 1235 1998 1235 1998 1258 1997 1259 1999 1235 1998 1259 1999 1234 2000 1234 2000 1259 1999 1260 2001 1234 2000 1260 2001 1233 2002 1233 2002 1260 2001 1261 2003 1233 2002 1261 2003 1232 2004 1232 2004 1261 2003 1262 2005 1232 2004 1262 2005 1231 2006 1231 2006 1262 2005 1263 2007 1231 2006 1263 2007 1230 2008 1230 2008 1263 2007 1264 2009 1230 2008 1264 2009 1229 2010 1229 2010 1264 2009 1265 2011 1229 2010 1265 2011 1228 2012 1228 2012 1265 2011 1266 2013 1228 2012 1266 2013 1227 2014 1227 2014 1266 2013 1267 2015 1227 2014 1267 2015 1226 2016 1226 2016 1267 2015 1268 2017 1226 2016 1268 2017 1225 2018 1225 2018 1268 2017 1269 2019 1225 2018 1269 2019 1224 1972 1224 1972 1269 2019 1270 1973 1272 2020 792 2021 1271 2022 1271 2022 792 2021 791 2023 1271 2022 791 2023 1294 2024 1294 2024 791 2023 814 2025 1294 2024 814 2025 1293 2026 1293 2026 814 2025 813 2027 1293 2026 813 2027 1292 2028 1292 2028 813 2027 812 2029 1292 2028 812 2029 1291 2030 1291 2030 812 2029 811 2031 1291 2030 811 2031 1290 2032 1290 2032 811 2031 810 2033 1290 2032 810 2033 1289 2034 1289 2034 810 2033 809 2035 1289 2034 809 2035 1288 2036 1288 2036 809 2035 808 2037 1288 2036 808 2037 1287 2038 1287 2038 808 2037 807 2039 1287 2038 807 2039 1286 2040 1286 2040 807 2039 806 2041 1286 2040 806 2041 1285 2042 1285 2042 806 2041 805 2043 1285 2042 805 2043 1284 2044 1284 2044 805 2043 804 2045 1284 2044 804 2045 1283 2046 1283 2046 804 2045 803 2047 1283 2046 803 2047 1282 2048 1282 2048 803 2047 802 2049 1282 2048 802 2049 1281 2050 1281 2050 802 2049 801 2051 1281 2050 801 2051 1280 2052 1280 2052 801 2051 800 2053 1280 2052 800 2053 1279 2054 1279 2054 800 2053 799 2055 1279 2054 799 2055 1278 2056 1278 2056 799 2055 798 2057 1278 2056 798 2057 1277 2058 1277 2058 798 2057 797 2059 1277 2058 797 2059 1276 2060 1276 2060 797 2059 796 2061 1276 2060 796 2061 1275 2062 1275 2062 796 2061 795 2063 1275 2062 795 2063 1274 2064 1274 2064 795 2063 794 2065 1274 2064 794 2065 1273 2066 1273 2066 794 2065 793 2067 1273 2066 793 2067 1272 2020 1272 2020 793 2067 792 2021 1224 2068 1223 2069 1271 2070 1271 2070 1223 2069 1246 2071 1271 2070 1246 2071 1272 2072 1272 2072 1246 2071 1245 2073 1272 2072 1245 2073 1273 2074 1273 2074 1245 2073 1244 2075 1273 2074 1244 2075 1274 2076 1274 2076 1244 2075 1243 2077 1274 2076 1243 2077 1275 2078 1275 2078 1243 2077 1242 2079 1275 2078 1242 2079 1276 2080 1276 2080 1242 2079 1241 2081 1276 2080 1241 2081 1277 2082 1277 2082 1241 2081 1278 2083 1278 2083 1241 2081 1240 2084 1278 2083 1240 2084 1279 2085 1279 2085 1240 2084 1239 2086 1279 2085 1239 2086 1280 2087 1280 2087 1239 2086 1238 2088 1280 2087 1238 2088 1281 2089 1281 2089 1238 2088 1237 2090 1281 2089 1237 2090 1282 2091 1282 2091 1237 2090 1236 2092 1282 2091 1236 2092 1283 2093 1283 2093 1236 2092 1235 2094 1283 2093 1235 2094 1284 2095 1284 2095 1235 2094 1234 2096 1284 2095 1234 2096 1233 2097 1284 2095 1233 2097 1285 2098 1285 2098 1233 2097 1232 2099 1285 2098 1232 2099 1286 2100 1286 2100 1232 2099 1231 2101 1286 2100 1231 2101 1287 2102 1287 2102 1231 2101 1230 2103 1287 2102 1230 2103 1288 2104 1288 2104 1230 2103 1229 2105 1288 2104 1229 2105 1289 2106 1289 2106 1229 2105 1290 2107 1290 2107 1229 2105 1228 2108 1290 2107 1228 2108 1291 2109 1291 2109 1228 2108 1227 2110 1291 2109 1227 2110 1292 2111 1292 2111 1227 2110 1226 2112 1292 2111 1226 2112 1293 2113 1293 2113 1226 2112 1225 2114 1293 2113 1225 2114 1294 2115 1294 2115 1225 2114 1224 2068 1294 2115 1224 2068 1271 2070 1198 2116 1194 2117 1175 2118 1175 2118 1194 2117 1193 2119 1175 2118 1193 2119 1176 2120 1176 2120 1193 2119 1192 2121 1176 2120 1192 2121 1177 2122 1177 2122 1192 2121 1191 2123 1177 2122 1191 2123 1178 2124 1178 2124 1191 2123 1190 2125 1178 2124 1190 2125 1179 2126 1179 2126 1190 2125 1189 2127 1179 2126 1189 2127 1180 2128 1180 2128 1189 2127 1188 2129 1180 2128 1188 2129 1181 2130 1181 2130 1188 2129 1187 2131 1181 2130 1187 2131 1182 2132 1182 2132 1187 2131 1186 2133 1182 2132 1186 2133 1183 2134 1183 2134 1186 2133 1185 2135 1183 2134 1185 2135 1184 2136 1194 2117 1198 2116 1195 2137 1195 2137 1198 2116 1197 2138 1195 2137 1197 2138 1196 2139 1296 2140 1342 2141 1295 2142 1295 2142 1342 2141 1319 2143 1295 2142 1319 2143 1318 2144 1318 2144 1319 2143 1320 2145 1318 2144 1320 2145 1317 2146 1317 2146 1320 2145 1321 2147 1317 2146 1321 2147 1316 2148 1316 2148 1321 2147 1322 2149 1316 2148 1322 2149 1315 2150 1315 2150 1322 2149 1323 2151 1315 2150 1323 2151 1314 2152 1314 2152 1323 2151 1324 2153 1314 2152 1324 2153 1313 2154 1313 2154 1324 2153 1325 2155 1313 2154 1325 2155 1312 2156 1312 2156 1325 2155 1326 2157 1312 2156 1326 2157 1311 2158 1311 2158 1326 2157 1327 2159 1311 2158 1327 2159 1310 2160 1310 2160 1327 2159 1328 2161 1310 2160 1328 2161 1309 2162 1309 2162 1328 2161 1329 2163 1309 2162 1329 2163 1308 2164 1308 2164 1329 2163 1330 2165 1308 2164 1330 2165 1307 2166 1307 2166 1330 2165 1331 2167 1307 2166 1331 2167 1306 2168 1306 2168 1331 2167 1332 2169 1306 2168 1332 2169 1305 2170 1305 2170 1332 2169 1333 2171 1305 2170 1333 2171 1304 2172 1304 2172 1333 2171 1334 2173 1304 2172 1334 2173 1303 2174 1303 2174 1334 2173 1335 2175 1303 2174 1335 2175 1302 2176 1302 2176 1335 2175 1336 2177 1302 2176 1336 2177 1301 2178 1301 2178 1336 2177 1337 2179 1301 2178 1337 2179 1300 2180 1300 2180 1337 2179 1338 2181 1300 2180 1338 2181 1299 2182 1299 2182 1338 2181 1339 2183 1299 2182 1339 2183 1298 2184 1298 2184 1339 2183 1340 2185 1298 2184 1340 2185 1297 2186 1297 2186 1340 2185 1341 2187 1297 2186 1341 2187 1296 2140 1296 2140 1341 2187 1342 2141 1344 2188 409 2189 1343 2190 1343 2190 409 2189 408 2191 1343 2190 408 2191 1366 2192 1366 2192 408 2191 431 2193 1366 2192 431 2193 1365 2194 1365 2194 431 2193 430 2195 1365 2194 430 2195 1364 2196 1364 2196 430 2195 429 2197 1364 2196 429 2197 1363 2198 1363 2198 429 2197 428 2199 1363 2198 428 2199 1362 2200 1362 2200 428 2199 427 2201 1362 2200 427 2201 1361 2202 1361 2202 427 2201 426 2203 1361 2202 426 2203 1360 2204 1360 2204 426 2203 425 2205 1360 2204 425 2205 1359 2206 1359 2206 425 2205 424 2207 1359 2206 424 2207 1358 2208 1358 2208 424 2207 423 2209 1358 2208 423 2209 1357 2210 1357 2210 423 2209 422 2211 1357 2210 422 2211 1356 2212 1356 2212 422 2211 421 2213 1356 2212 421 2213 1355 2214 1355 2214 421 2213 420 2215 1355 2214 420 2215 1354 2216 1354 2216 420 2215 419 2217 1354 2216 419 2217 1353 2218 1353 2218 419 2217 418 2219 1353 2218 418 2219 1352 2220 1352 2220 418 2219 417 2221 1352 2220 417 2221 1351 2222 1351 2222 417 2221 416 2223 1351 2222 416 2223 1350 2224 1350 2224 416 2223 415 2225 1350 2224 415 2225 1349 2226 1349 2226 415 2225 414 2227 1349 2226 414 2227 1348 2228 1348 2228 414 2227 413 2229 1348 2228 413 2229 1347 2230 1347 2230 413 2229 412 2231 1347 2230 412 2231 1346 2232 1346 2232 412 2231 411 2233 1346 2232 411 2233 1345 2234 1345 2234 411 2233 410 2235 1345 2234 410 2235 1344 2188 1344 2188 410 2235 409 2189 1296 2236 1295 2237 1343 2238 1343 2238 1295 2237 1318 2239 1343 2238 1318 2239 1344 2240 1344 2240 1318 2239 1317 2241 1344 2240 1317 2241 1345 2242 1345 2242 1317 2241 1316 2243 1345 2242 1316 2243 1346 2244 1346 2244 1316 2243 1315 2245 1346 2244 1315 2245 1347 2246 1347 2246 1315 2245 1314 2247 1347 2246 1314 2247 1348 2248 1348 2248 1314 2247 1313 2249 1348 2248 1313 2249 1349 2250 1349 2250 1313 2249 1350 2251 1350 2251 1313 2249 1312 2252 1350 2251 1312 2252 1351 2253 1351 2253 1312 2252 1311 2254 1351 2253 1311 2254 1352 2255 1352 2255 1311 2254 1310 2256 1352 2255 1310 2256 1353 2257 1353 2257 1310 2256 1309 2258 1353 2257 1309 2258 1354 2259 1354 2259 1309 2258 1308 2260 1354 2259 1308 2260 1355 2261 1355 2261 1308 2260 1307 2262 1355 2261 1307 2262 1356 2263 1356 2263 1307 2262 1306 2264 1356 2263 1306 2264 1305 2265 1356 2263 1305 2265 1357 2266 1357 2266 1305 2265 1304 2267 1357 2266 1304 2267 1358 2268 1358 2268 1304 2267 1303 2269 1358 2268 1303 2269 1359 2270 1359 2270 1303 2269 1302 2271 1359 2270 1302 2271 1360 2272 1360 2272 1302 2271 1301 2273 1360 2272 1301 2273 1361 2274 1361 2274 1301 2273 1362 2275 1362 2275 1301 2273 1300 2276 1362 2275 1300 2276 1363 2277 1363 2277 1300 2276 1299 2278 1363 2277 1299 2278 1364 2279 1364 2279 1299 2278 1298 2280 1364 2279 1298 2280 1365 2281 1365 2281 1298 2280 1297 2282 1365 2281 1297 2282 1366 2283 1366 2283 1297 2282 1296 2236 1366 2283 1296 2236 1343 2238 1270 2284 1263 2285 1247 2286 1247 2286 1263 2285 1262 2287 1247 2286 1262 2287 1248 2288 1248 2288 1262 2287 1261 2289 1248 2288 1261 2289 1249 2290 1249 2290 1261 2289 1260 2291 1249 2290 1260 2291 1250 2292 1250 2292 1260 2291 1259 2293 1250 2292 1259 2293 1251 2294 1251 2294 1259 2293 1258 2295 1251 2294 1258 2295 1252 2296 1252 2296 1258 2295 1257 2297 1252 2296 1257 2297 1253 2298 1253 2298 1257 2297 1256 2299 1253 2298 1256 2299 1254 2300 1254 2300 1256 2299 1255 2301 1263 2285 1270 2284 1264 2302 1264 2302 1270 2284 1269 2303 1264 2302 1269 2303 1265 2304 1265 2304 1269 2303 1268 2305 1265 2304 1268 2305 1266 2306 1266 2306 1268 2305 1267 2307 1368 2308 1414 2309 1367 2310 1367 2310 1414 2309 1391 2311 1367 2310 1391 2311 1390 2312 1390 2312 1391 2311 1392 2313 1390 2312 1392 2313 1389 2314 1389 2314 1392 2313 1393 2315 1389 2314 1393 2315 1388 2316 1388 2316 1393 2315 1394 2317 1388 2316 1394 2317 1387 2318 1387 2318 1394 2317 1395 2319 1387 2318 1395 2319 1386 2320 1386 2320 1395 2319 1396 2321 1386 2320 1396 2321 1385 2322 1385 2322 1396 2321 1397 2323 1385 2322 1397 2323 1384 2324 1384 2324 1397 2323 1398 2325 1384 2324 1398 2325 1383 2326 1383 2326 1398 2325 1399 2327 1383 2326 1399 2327 1382 2328 1382 2328 1399 2327 1400 2329 1382 2328 1400 2329 1381 2330 1381 2330 1400 2329 1401 2331 1381 2330 1401 2331 1380 2332 1380 2332 1401 2331 1402 2333 1380 2332 1402 2333 1379 2334 1379 2334 1402 2333 1403 2335 1379 2334 1403 2335 1378 2336 1378 2336 1403 2335 1404 2337 1378 2336 1404 2337 1377 2338 1377 2338 1404 2337 1405 2339 1377 2338 1405 2339 1376 2340 1376 2340 1405 2339 1406 2341 1376 2340 1406 2341 1375 2342 1375 2342 1406 2341 1407 2343 1375 2342 1407 2343 1374 2344 1374 2344 1407 2343 1408 2345 1374 2344 1408 2345 1373 2346 1373 2346 1408 2345 1409 2347 1373 2346 1409 2347 1372 2348 1372 2348 1409 2347 1410 2349 1372 2348 1410 2349 1371 2350 1371 2350 1410 2349 1411 2351 1371 2350 1411 2351 1370 2352 1370 2352 1411 2351 1412 2353 1370 2352 1412 2353 1369 2354 1369 2354 1412 2353 1413 2355 1369 2354 1413 2355 1368 2308 1368 2308 1413 2355 1414 2309 1416 2356 768 2357 1415 2358 1415 2358 768 2357 767 2359 1415 2358 767 2359 1438 2360 1438 2360 767 2359 790 2361 1438 2360 790 2361 1437 2362 1437 2362 790 2361 789 2363 1437 2362 789 2363 1436 2364 1436 2364 789 2363 788 2365 1436 2364 788 2365 1435 2366 1435 2366 788 2365 787 2367 1435 2366 787 2367 1434 2368 1434 2368 787 2367 786 2369 1434 2368 786 2369 1433 2370 1433 2370 786 2369 785 2371 1433 2370 785 2371 1432 2372 1432 2372 785 2371 784 2373 1432 2372 784 2373 1431 2374 1431 2374 784 2373 783 2375 1431 2374 783 2375 1430 2376 1430 2376 783 2375 782 2377 1430 2376 782 2377 1429 2378 1429 2378 782 2377 781 2379 1429 2378 781 2379 1428 2380 1428 2380 781 2379 780 2381 1428 2380 780 2381 1427 2382 1427 2382 780 2381 779 2383 1427 2382 779 2383 1426 2384 1426 2384 779 2383 778 2385 1426 2384 778 2385 1425 2386 1425 2386 778 2385 777 2387 1425 2386 777 2387 1424 2388 1424 2388 777 2387 776 2389 1424 2388 776 2389 1423 2390 1423 2390 776 2389 775 2391 1423 2390 775 2391 1422 2392 1422 2392 775 2391 774 2393 1422 2392 774 2393 1421 2394 1421 2394 774 2393 773 2395 1421 2394 773 2395 1420 2396 1420 2396 773 2395 772 2397 1420 2396 772 2397 1419 2398 1419 2398 772 2397 771 2399 1419 2398 771 2399 1418 2400 1418 2400 771 2399 770 2401 1418 2400 770 2401 1417 2402 1417 2402 770 2401 769 2403 1417 2402 769 2403 1416 2356 1416 2356 769 2403 768 2357 1368 2404 1367 2405 1415 2406 1415 2406 1367 2405 1390 2407 1415 2406 1390 2407 1416 2408 1416 2408 1390 2407 1389 2409 1416 2408 1389 2409 1417 2410 1417 2410 1389 2409 1388 2411 1417 2410 1388 2411 1418 2412 1418 2412 1388 2411 1387 2413 1418 2412 1387 2413 1419 2414 1419 2414 1387 2413 1386 2415 1419 2414 1386 2415 1420 2416 1420 2416 1386 2415 1385 2417 1420 2416 1385 2417 1421 2418 1421 2418 1385 2417 1422 2419 1422 2419 1385 2417 1384 2420 1422 2419 1384 2420 1423 2421 1423 2421 1384 2420 1383 2422 1423 2421 1383 2422 1424 2423 1424 2423 1383 2422 1382 2424 1424 2423 1382 2424 1425 2425 1425 2425 1382 2424 1381 2426 1425 2425 1381 2426 1426 2427 1426 2427 1381 2426 1380 2428 1426 2427 1380 2428 1427 2429 1427 2429 1380 2428 1379 2430 1427 2429 1379 2430 1428 2431 1428 2431 1379 2430 1378 2432 1428 2431 1378 2432 1377 2433 1428 2431 1377 2433 1429 2434 1429 2434 1377 2433 1376 2435 1429 2434 1376 2435 1430 2436 1430 2436 1376 2435 1375 2437 1430 2436 1375 2437 1431 2438 1431 2438 1375 2437 1374 2439 1431 2438 1374 2439 1432 2440 1432 2440 1374 2439 1373 2441 1432 2440 1373 2441 1433 2442 1433 2442 1373 2441 1434 2443 1434 2443 1373 2441 1372 2444 1434 2443 1372 2444 1435 2445 1435 2445 1372 2444 1371 2446 1435 2445 1371 2446 1436 2447 1436 2447 1371 2446 1370 2448 1436 2447 1370 2448 1437 2449 1437 2449 1370 2448 1369 2450 1437 2449 1369 2450 1438 2451 1438 2451 1369 2450 1368 2404 1438 2451 1368 2404 1415 2406 1342 2452 1332 2453 1319 2454 1319 2454 1332 2453 1331 2455 1319 2454 1331 2455 1320 2456 1320 2456 1331 2455 1330 2457 1320 2456 1330 2457 1321 2458 1321 2458 1330 2457 1329 2459 1321 2458 1329 2459 1322 2460 1322 2460 1329 2459 1328 2461 1322 2460 1328 2461 1323 2462 1323 2462 1328 2461 1327 2463 1323 2462 1327 2463 1324 2464 1324 2464 1327 2463 1326 2465 1324 2464 1326 2465 1325 2466 1332 2453 1342 2452 1333 2467 1333 2467 1342 2452 1341 2468 1333 2467 1341 2468 1334 2469 1334 2469 1341 2468 1340 2470 1334 2469 1340 2470 1335 2471 1335 2471 1340 2470 1339 2472 1335 2471 1339 2472 1336 2473 1336 2473 1339 2472 1338 2474 1336 2473 1338 2474 1337 2475 1440 2476 1486 2477 1439 2478 1439 2478 1486 2477 1463 2479 1439 2478 1463 2479 1462 2480 1462 2480 1463 2479 1464 2481 1462 2480 1464 2481 1461 2482 1461 2482 1464 2481 1465 2483 1461 2482 1465 2483 1460 2484 1460 2484 1465 2483 1466 2485 1460 2484 1466 2485 1459 2486 1459 2486 1466 2485 1467 2487 1459 2486 1467 2487 1458 2488 1458 2488 1467 2487 1468 2489 1458 2488 1468 2489 1457 2490 1457 2490 1468 2489 1469 2491 1457 2490 1469 2491 1456 2492 1456 2492 1469 2491 1470 2493 1456 2492 1470 2493 1455 2494 1455 2494 1470 2493 1471 2495 1455 2494 1471 2495 1454 2496 1454 2496 1471 2495 1472 2497 1454 2496 1472 2497 1453 2498 1453 2498 1472 2497 1473 2499 1453 2498 1473 2499 1452 2500 1452 2500 1473 2499 1474 2501 1452 2500 1474 2501 1451 2502 1451 2502 1474 2501 1475 2503 1451 2502 1475 2503 1450 2504 1450 2504 1475 2503 1476 2505 1450 2504 1476 2505 1449 2506 1449 2506 1476 2505 1477 2507 1449 2506 1477 2507 1448 2508 1448 2508 1477 2507 1478 2509 1448 2508 1478 2509 1447 2510 1447 2510 1478 2509 1479 2511 1447 2510 1479 2511 1446 2512 1446 2512 1479 2511 1480 2513 1446 2512 1480 2513 1445 2514 1445 2514 1480 2513 1481 2515 1445 2514 1481 2515 1444 2516 1444 2516 1481 2515 1482 2517 1444 2516 1482 2517 1443 2518 1443 2518 1482 2517 1483 2519 1443 2518 1483 2519 1442 2520 1442 2520 1483 2519 1484 2521 1442 2520 1484 2521 1441 2522 1441 2522 1484 2521 1485 2523 1441 2522 1485 2523 1440 2476 1440 2476 1485 2523 1486 2477 1488 2524 433 2525 1487 2526 1487 2526 433 2525 432 2527 1487 2526 432 2527 1510 2528 1510 2528 432 2527 455 2529 1510 2528 455 2529 1509 2530 1509 2530 455 2529 454 2531 1509 2530 454 2531 1508 2532 1508 2532 454 2531 453 2533 1508 2532 453 2533 1507 2534 1507 2534 453 2533 452 2535 1507 2534 452 2535 1506 2536 1506 2536 452 2535 451 2537 1506 2536 451 2537 1505 2538 1505 2538 451 2537 450 2539 1505 2538 450 2539 1504 2540 1504 2540 450 2539 449 2541 1504 2540 449 2541 1503 2542 1503 2542 449 2541 448 2543 1503 2542 448 2543 1502 2544 1502 2544 448 2543 447 2545 1502 2544 447 2545 1501 2546 1501 2546 447 2545 446 2547 1501 2546 446 2547 1500 2548 1500 2548 446 2547 445 2549 1500 2548 445 2549 1499 2550 1499 2550 445 2549 444 2551 1499 2550 444 2551 1498 2552 1498 2552 444 2551 443 2553 1498 2552 443 2553 1497 2554 1497 2554 443 2553 442 2555 1497 2554 442 2555 1496 2556 1496 2556 442 2555 441 2557 1496 2556 441 2557 1495 2558 1495 2558 441 2557 440 2559 1495 2558 440 2559 1494 2560 1494 2560 440 2559 439 2561 1494 2560 439 2561 1493 2562 1493 2562 439 2561 438 2563 1493 2562 438 2563 1492 2564 1492 2564 438 2563 437 2565 1492 2564 437 2565 1491 2566 1491 2566 437 2565 436 2567 1491 2566 436 2567 1490 2568 1490 2568 436 2567 435 2569 1490 2568 435 2569 1489 2570 1489 2570 435 2569 434 2571 1489 2570 434 2571 1488 2524 1488 2524 434 2571 433 2525 1440 2572 1439 2573 1487 2574 1487 2574 1439 2573 1462 2575 1487 2574 1462 2575 1488 2576 1488 2576 1462 2575 1461 2577 1488 2576 1461 2577 1489 2578 1489 2578 1461 2577 1460 2579 1489 2578 1460 2579 1490 2580 1490 2580 1460 2579 1459 2581 1490 2580 1459 2581 1491 2582 1491 2582 1459 2581 1458 2583 1491 2582 1458 2583 1492 2584 1492 2584 1458 2583 1457 2585 1492 2584 1457 2585 1493 2586 1493 2586 1457 2585 1494 2587 1494 2587 1457 2585 1456 2588 1494 2587 1456 2588 1495 2589 1495 2589 1456 2588 1455 2590 1495 2589 1455 2590 1496 2591 1496 2591 1455 2590 1454 2592 1496 2591 1454 2592 1497 2593 1497 2593 1454 2592 1453 2594 1497 2593 1453 2594 1498 2595 1498 2595 1453 2594 1452 2596 1498 2595 1452 2596 1499 2597 1499 2597 1452 2596 1451 2598 1499 2597 1451 2598 1500 2599 1500 2599 1451 2598 1450 2600 1500 2599 1450 2600 1449 2601 1500 2599 1449 2601 1501 2602 1501 2602 1449 2601 1448 2603 1501 2602 1448 2603 1502 2604 1502 2604 1448 2603 1447 2605 1502 2604 1447 2605 1503 2606 1503 2606 1447 2605 1446 2607 1503 2606 1446 2607 1504 2608 1504 2608 1446 2607 1445 2609 1504 2608 1445 2609 1505 2610 1505 2610 1445 2609 1506 2611 1506 2611 1445 2609 1444 2612 1506 2611 1444 2612 1507 2613 1507 2613 1444 2612 1443 2614 1507 2613 1443 2614 1508 2615 1508 2615 1443 2614 1442 2616 1508 2615 1442 2616 1509 2617 1509 2617 1442 2616 1441 2618 1509 2617 1441 2618 1510 2619 1510 2619 1441 2618 1440 2572 1510 2619 1440 2572 1487 2574 1414 2620 1401 2621 1391 2622 1391 2622 1401 2621 1400 2623 1391 2622 1400 2623 1392 2624 1392 2624 1400 2623 1399 2625 1392 2624 1399 2625 1393 2626 1393 2626 1399 2625 1398 2627 1393 2626 1398 2627 1394 2628 1394 2628 1398 2627 1397 2629 1394 2628 1397 2629 1395 2630 1395 2630 1397 2629 1396 2631 1401 2621 1414 2620 1402 2632 1402 2632 1414 2620 1413 2633 1402 2632 1413 2633 1403 2634 1403 2634 1413 2633 1412 2635 1403 2634 1412 2635 1404 2636 1404 2636 1412 2635 1411 2637 1404 2636 1411 2637 1405 2638 1405 2638 1411 2637 1410 2639 1405 2638 1410 2639 1406 2640 1406 2640 1410 2639 1409 2641 1406 2640 1409 2641 1407 2642 1407 2642 1409 2641 1408 2643 1512 2644 1558 2645 1511 2646 1511 2646 1558 2645 1535 2647 1511 2646 1535 2647 1534 2648 1534 2648 1535 2647 1536 2649 1534 2648 1536 2649 1533 2650 1533 2650 1536 2649 1537 2651 1533 2650 1537 2651 1532 2652 1532 2652 1537 2651 1538 2653 1532 2652 1538 2653 1531 2654 1531 2654 1538 2653 1539 2655 1531 2654 1539 2655 1530 2656 1530 2656 1539 2655 1540 2657 1530 2656 1540 2657 1529 2658 1529 2658 1540 2657 1541 2659 1529 2658 1541 2659 1528 2660 1528 2660 1541 2659 1542 2661 1528 2660 1542 2661 1527 2662 1527 2662 1542 2661 1543 2663 1527 2662 1543 2663 1526 2664 1526 2664 1543 2663 1544 2665 1526 2664 1544 2665 1525 2666 1525 2666 1544 2665 1545 2667 1525 2666 1545 2667 1524 2668 1524 2668 1545 2667 1546 2669 1524 2668 1546 2669 1523 2670 1523 2670 1546 2669 1547 2671 1523 2670 1547 2671 1522 2672 1522 2672 1547 2671 1548 2673 1522 2672 1548 2673 1521 2674 1521 2674 1548 2673 1549 2675 1521 2674 1549 2675 1520 2676 1520 2676 1549 2675 1550 2677 1520 2676 1550 2677 1519 2678 1519 2678 1550 2677 1551 2679 1519 2678 1551 2679 1518 2680 1518 2680 1551 2679 1552 2681 1518 2680 1552 2681 1517 2682 1517 2682 1552 2681 1553 2683 1517 2682 1553 2683 1516 2684 1516 2684 1553 2683 1554 2685 1516 2684 1554 2685 1515 2686 1515 2686 1554 2685 1555 2687 1515 2686 1555 2687 1514 2688 1514 2688 1555 2687 1556 2689 1514 2688 1556 2689 1513 2690 1513 2690 1556 2689 1557 2691 1513 2690 1557 2691 1512 2644 1512 2644 1557 2691 1558 2645 1560 2692 744 2693 1559 2694 1559 2694 744 2693 743 2695 1559 2694 743 2695 1582 2696 1582 2696 743 2695 766 2697 1582 2696 766 2697 1581 2698 1581 2698 766 2697 765 2699 1581 2698 765 2699 1580 2700 1580 2700 765 2699 764 2701 1580 2700 764 2701 1579 2702 1579 2702 764 2701 763 2703 1579 2702 763 2703 1578 2704 1578 2704 763 2703 762 2705 1578 2704 762 2705 1577 2706 1577 2706 762 2705 761 2707 1577 2706 761 2707 1576 2708 1576 2708 761 2707 760 2709 1576 2708 760 2709 1575 2710 1575 2710 760 2709 759 2711 1575 2710 759 2711 1574 2712 1574 2712 759 2711 758 2713 1574 2712 758 2713 1573 2714 1573 2714 758 2713 757 2715 1573 2714 757 2715 1572 2716 1572 2716 757 2715 756 2717 1572 2716 756 2717 1571 2718 1571 2718 756 2717 755 2719 1571 2718 755 2719 1570 2720 1570 2720 755 2719 754 2721 1570 2720 754 2721 1569 2722 1569 2722 754 2721 753 2723 1569 2722 753 2723 1568 2724 1568 2724 753 2723 752 2725 1568 2724 752 2725 1567 2726 1567 2726 752 2725 751 2727 1567 2726 751 2727 1566 2728 1566 2728 751 2727 750 2729 1566 2728 750 2729 1565 2730 1565 2730 750 2729 749 2731 1565 2730 749 2731 1564 2732 1564 2732 749 2731 748 2733 1564 2732 748 2733 1563 2734 1563 2734 748 2733 747 2735 1563 2734 747 2735 1562 2736 1562 2736 747 2735 746 2737 1562 2736 746 2737 1561 2738 1561 2738 746 2737 745 2739 1561 2738 745 2739 1560 2692 1560 2692 745 2739 744 2693 1512 2740 1511 2741 1559 2742 1559 2742 1511 2741 1534 2743 1559 2742 1534 2743 1560 2744 1560 2744 1534 2743 1533 2745 1560 2744 1533 2745 1561 2746 1561 2746 1533 2745 1532 2747 1561 2746 1532 2747 1562 2748 1562 2748 1532 2747 1531 2749 1562 2748 1531 2749 1563 2750 1563 2750 1531 2749 1530 2751 1563 2750 1530 2751 1564 2752 1564 2752 1530 2751 1529 2753 1564 2752 1529 2753 1565 2754 1565 2754 1529 2753 1566 2755 1566 2755 1529 2753 1528 2756 1566 2755 1528 2756 1567 2757 1567 2757 1528 2756 1527 2758 1567 2757 1527 2758 1568 2759 1568 2759 1527 2758 1526 2760 1568 2759 1526 2760 1569 2761 1569 2761 1526 2760 1525 2762 1569 2761 1525 2762 1570 2763 1570 2763 1525 2762 1524 2764 1570 2763 1524 2764 1571 2765 1571 2765 1524 2764 1523 2766 1571 2765 1523 2766 1572 2767 1572 2767 1523 2766 1522 2768 1572 2767 1522 2768 1521 2769 1572 2767 1521 2769 1573 2770 1573 2770 1521 2769 1520 2771 1573 2770 1520 2771 1574 2772 1574 2772 1520 2771 1519 2773 1574 2772 1519 2773 1575 2774 1575 2774 1519 2773 1518 2775 1575 2774 1518 2775 1576 2776 1576 2776 1518 2775 1517 2777 1576 2776 1517 2777 1577 2778 1577 2778 1517 2777 1578 2779 1578 2779 1517 2777 1516 2780 1578 2779 1516 2780 1579 2781 1579 2781 1516 2780 1515 2782 1579 2781 1515 2782 1580 2783 1580 2783 1515 2782 1514 2784 1580 2783 1514 2784 1581 2785 1581 2785 1514 2784 1513 2786 1581 2785 1513 2786 1582 2787 1582 2787 1513 2786 1512 2740 1582 2787 1512 2740 1559 2742 1486 2788 1470 2789 1463 2790 1463 2790 1470 2789 1469 2791 1463 2790 1469 2791 1464 2792 1464 2792 1469 2791 1468 2793 1464 2792 1468 2793 1465 2794 1465 2794 1468 2793 1467 2795 1465 2794 1467 2795 1466 2796 1470 2789 1486 2788 1471 2797 1471 2797 1486 2788 1485 2798 1471 2797 1485 2798 1472 2799 1472 2799 1485 2798 1484 2800 1472 2799 1484 2800 1473 2801 1473 2801 1484 2800 1483 2802 1473 2801 1483 2802 1474 2803 1474 2803 1483 2802 1482 2804 1474 2803 1482 2804 1475 2805 1475 2805 1482 2804 1481 2806 1475 2805 1481 2806 1476 2807 1476 2807 1481 2806 1480 2808 1476 2807 1480 2808 1477 2809 1477 2809 1480 2808 1479 2810 1477 2809 1479 2810 1478 2811 1584 2812 1630 2813 1583 2814 1583 2814 1630 2813 1607 2815 1583 2814 1607 2815 1606 2816 1606 2816 1607 2815 1608 2817 1606 2816 1608 2817 1605 2818 1605 2818 1608 2817 1609 2819 1605 2818 1609 2819 1604 2820 1604 2820 1609 2819 1610 2821 1604 2820 1610 2821 1603 2822 1603 2822 1610 2821 1611 2823 1603 2822 1611 2823 1602 2824 1602 2824 1611 2823 1612 2825 1602 2824 1612 2825 1601 2826 1601 2826 1612 2825 1613 2827 1601 2826 1613 2827 1600 2828 1600 2828 1613 2827 1614 2829 1600 2828 1614 2829 1599 2830 1599 2830 1614 2829 1615 2831 1599 2830 1615 2831 1598 2832 1598 2832 1615 2831 1616 2833 1598 2832 1616 2833 1597 2834 1597 2834 1616 2833 1617 2835 1597 2834 1617 2835 1596 2836 1596 2836 1617 2835 1618 2837 1596 2836 1618 2837 1595 2838 1595 2838 1618 2837 1619 2839 1595 2838 1619 2839 1594 2840 1594 2840 1619 2839 1620 2841 1594 2840 1620 2841 1593 2842 1593 2842 1620 2841 1621 2843 1593 2842 1621 2843 1592 2844 1592 2844 1621 2843 1622 2845 1592 2844 1622 2845 1591 2846 1591 2846 1622 2845 1623 2847 1591 2846 1623 2847 1590 2848 1590 2848 1623 2847 1624 2849 1590 2848 1624 2849 1589 2850 1589 2850 1624 2849 1625 2851 1589 2850 1625 2851 1588 2852 1588 2852 1625 2851 1626 2853 1588 2852 1626 2853 1587 2854 1587 2854 1626 2853 1627 2855 1587 2854 1627 2855 1586 2856 1586 2856 1627 2855 1628 2857 1586 2856 1628 2857 1585 2858 1585 2858 1628 2857 1629 2859 1585 2858 1629 2859 1584 2812 1584 2812 1629 2859 1630 2813 1632 2860 457 2861 1631 2862 1631 2862 457 2861 456 2863 1631 2862 456 2863 1654 2864 1654 2864 456 2863 479 2865 1654 2864 479 2865 1653 2866 1653 2866 479 2865 478 2867 1653 2866 478 2867 1652 2868 1652 2868 478 2867 477 2869 1652 2868 477 2869 1651 2870 1651 2870 477 2869 476 2871 1651 2870 476 2871 1650 2872 1650 2872 476 2871 475 2873 1650 2872 475 2873 1649 2874 1649 2874 475 2873 474 2875 1649 2874 474 2875 1648 2876 1648 2876 474 2875 473 2877 1648 2876 473 2877 1647 2878 1647 2878 473 2877 472 2879 1647 2878 472 2879 1646 2880 1646 2880 472 2879 471 2881 1646 2880 471 2881 1645 2882 1645 2882 471 2881 470 2883 1645 2882 470 2883 1644 2884 1644 2884 470 2883 469 2885 1644 2884 469 2885 1643 2886 1643 2886 469 2885 468 2887 1643 2886 468 2887 1642 2888 1642 2888 468 2887 467 2889 1642 2888 467 2889 1641 2890 1641 2890 467 2889 466 2891 1641 2890 466 2891 1640 2892 1640 2892 466 2891 465 2893 1640 2892 465 2893 1639 2894 1639 2894 465 2893 464 2895 1639 2894 464 2895 1638 2896 1638 2896 464 2895 463 2897 1638 2896 463 2897 1637 2898 1637 2898 463 2897 462 2899 1637 2898 462 2899 1636 2900 1636 2900 462 2899 461 2901 1636 2900 461 2901 1635 2902 1635 2902 461 2901 460 2903 1635 2902 460 2903 1634 2904 1634 2904 460 2903 459 2905 1634 2904 459 2905 1633 2906 1633 2906 459 2905 458 2907 1633 2906 458 2907 1632 2860 1632 2860 458 2907 457 2861 1584 2908 1583 2909 1631 2910 1631 2910 1583 2909 1606 2911 1631 2910 1606 2911 1632 2912 1632 2912 1606 2911 1605 2913 1632 2912 1605 2913 1633 2914 1633 2914 1605 2913 1604 2915 1633 2914 1604 2915 1634 2916 1634 2916 1604 2915 1603 2917 1634 2916 1603 2917 1635 2918 1635 2918 1603 2917 1602 2919 1635 2918 1602 2919 1636 2920 1636 2920 1602 2919 1601 2921 1636 2920 1601 2921 1637 2922 1637 2922 1601 2921 1638 2923 1638 2923 1601 2921 1600 2924 1638 2923 1600 2924 1639 2925 1639 2925 1600 2924 1599 2926 1639 2925 1599 2926 1640 2927 1640 2927 1599 2926 1598 2928 1640 2927 1598 2928 1641 2929 1641 2929 1598 2928 1597 2930 1641 2929 1597 2930 1642 2931 1642 2931 1597 2930 1596 2932 1642 2931 1596 2932 1643 2933 1643 2933 1596 2932 1595 2934 1643 2933 1595 2934 1644 2935 1644 2935 1595 2934 1594 2936 1644 2935 1594 2936 1593 2937 1644 2935 1593 2937 1645 2938 1645 2938 1593 2937 1592 2939 1645 2938 1592 2939 1646 2940 1646 2940 1592 2939 1591 2941 1646 2940 1591 2941 1647 2942 1647 2942 1591 2941 1590 2943 1647 2942 1590 2943 1648 2944 1648 2944 1590 2943 1589 2945 1648 2944 1589 2945 1649 2946 1649 2946 1589 2945 1650 2947 1650 2947 1589 2945 1588 2948 1650 2947 1588 2948 1651 2949 1651 2949 1588 2948 1587 2950 1651 2949 1587 2950 1652 2951 1652 2951 1587 2950 1586 2952 1652 2951 1586 2952 1653 2953 1653 2953 1586 2952 1585 2954 1653 2953 1585 2954 1654 2955 1654 2955 1585 2954 1584 2908 1654 2955 1584 2908 1631 2910 1558 2956 1539 2957 1535 2958 1535 2958 1539 2957 1538 2959 1535 2958 1538 2959 1536 2960 1536 2960 1538 2959 1537 2961 1539 2957 1558 2956 1540 2962 1540 2962 1558 2956 1557 2963 1540 2962 1557 2963 1541 2964 1541 2964 1557 2963 1556 2965 1541 2964 1556 2965 1542 2966 1542 2966 1556 2965 1555 2967 1542 2966 1555 2967 1543 2968 1543 2968 1555 2967 1554 2969 1543 2968 1554 2969 1544 2970 1544 2970 1554 2969 1553 2971 1544 2970 1553 2971 1545 2972 1545 2972 1553 2971 1552 2973 1545 2972 1552 2973 1546 2974 1546 2974 1552 2973 1551 2975 1546 2974 1551 2975 1547 2976 1547 2976 1551 2975 1550 2977 1547 2976 1550 2977 1548 2978 1548 2978 1550 2977 1549 2979 1656 2980 1702 2981 1655 2982 1655 2982 1702 2981 1679 2983 1655 2982 1679 2983 1678 2984 1678 2984 1679 2983 1680 2985 1678 2984 1680 2985 1677 2986 1677 2986 1680 2985 1681 2987 1677 2986 1681 2987 1676 2988 1676 2988 1681 2987 1682 2989 1676 2988 1682 2989 1675 2990 1675 2990 1682 2989 1683 2991 1675 2990 1683 2991 1674 2992 1674 2992 1683 2991 1684 2993 1674 2992 1684 2993 1673 2994 1673 2994 1684 2993 1685 2995 1673 2994 1685 2995 1672 2996 1672 2996 1685 2995 1686 2997 1672 2996 1686 2997 1671 2998 1671 2998 1686 2997 1687 2999 1671 2998 1687 2999 1670 3000 1670 3000 1687 2999 1688 3001 1670 3000 1688 3001 1669 3002 1669 3002 1688 3001 1689 3003 1669 3002 1689 3003 1668 3004 1668 3004 1689 3003 1690 3005 1668 3004 1690 3005 1667 3006 1667 3006 1690 3005 1691 3007 1667 3006 1691 3007 1666 3008 1666 3008 1691 3007 1692 3009 1666 3008 1692 3009 1665 3010 1665 3010 1692 3009 1693 3011 1665 3010 1693 3011 1664 3012 1664 3012 1693 3011 1694 3013 1664 3012 1694 3013 1663 3014 1663 3014 1694 3013 1695 3015 1663 3014 1695 3015 1662 3016 1662 3016 1695 3015 1696 3017 1662 3016 1696 3017 1661 3018 1661 3018 1696 3017 1697 3019 1661 3018 1697 3019 1660 3020 1660 3020 1697 3019 1698 3021 1660 3020 1698 3021 1659 3022 1659 3022 1698 3021 1699 3023 1659 3022 1699 3023 1658 3024 1658 3024 1699 3023 1700 3025 1658 3024 1700 3025 1657 3026 1657 3026 1700 3025 1701 3027 1657 3026 1701 3027 1656 2980 1656 2980 1701 3027 1702 2981 1704 3028 720 3029 1703 3030 1703 3030 720 3029 719 3031 1703 3030 719 3031 1726 3032 1726 3032 719 3031 742 3033 1726 3032 742 3033 1725 3034 1725 3034 742 3033 741 3035 1725 3034 741 3035 1724 3036 1724 3036 741 3035 740 3037 1724 3036 740 3037 1723 3038 1723 3038 740 3037 739 3039 1723 3038 739 3039 1722 3040 1722 3040 739 3039 738 3041 1722 3040 738 3041 1721 3042 1721 3042 738 3041 737 3043 1721 3042 737 3043 1720 3044 1720 3044 737 3043 736 3045 1720 3044 736 3045 1719 3046 1719 3046 736 3045 735 3047 1719 3046 735 3047 1718 3048 1718 3048 735 3047 734 3049 1718 3048 734 3049 1717 3050 1717 3050 734 3049 733 3051 1717 3050 733 3051 1716 3052 1716 3052 733 3051 732 3053 1716 3052 732 3053 1715 3054 1715 3054 732 3053 731 3055 1715 3054 731 3055 1714 3056 1714 3056 731 3055 730 3057 1714 3056 730 3057 1713 3058 1713 3058 730 3057 729 3059 1713 3058 729 3059 1712 3060 1712 3060 729 3059 728 3061 1712 3060 728 3061 1711 3062 1711 3062 728 3061 727 3063 1711 3062 727 3063 1710 3064 1710 3064 727 3063 726 3065 1710 3064 726 3065 1709 3066 1709 3066 726 3065 725 3067 1709 3066 725 3067 1708 3068 1708 3068 725 3067 724 3069 1708 3068 724 3069 1707 3070 1707 3070 724 3069 723 3071 1707 3070 723 3071 1706 3072 1706 3072 723 3071 722 3073 1706 3072 722 3073 1705 3074 1705 3074 722 3073 721 3075 1705 3074 721 3075 1704 3028 1704 3028 721 3075 720 3029 1656 3076 1655 3077 1703 3078 1703 3078 1655 3077 1678 3079 1703 3078 1678 3079 1704 3080 1704 3080 1678 3079 1677 3081 1704 3080 1677 3081 1705 3082 1705 3082 1677 3081 1676 3083 1705 3082 1676 3083 1706 3084 1706 3084 1676 3083 1675 3085 1706 3084 1675 3085 1707 3086 1707 3086 1675 3085 1674 3087 1707 3086 1674 3087 1708 3088 1708 3088 1674 3087 1673 3089 1708 3088 1673 3089 1709 3090 1709 3090 1673 3089 1710 3091 1710 3091 1673 3089 1672 3092 1710 3091 1672 3092 1711 3093 1711 3093 1672 3092 1671 3094 1711 3093 1671 3094 1712 3095 1712 3095 1671 3094 1670 3096 1712 3095 1670 3096 1713 3097 1713 3097 1670 3096 1669 3098 1713 3097 1669 3098 1714 3099 1714 3099 1669 3098 1668 3100 1714 3099 1668 3100 1715 3101 1715 3101 1668 3100 1667 3102 1715 3101 1667 3102 1716 3103 1716 3103 1667 3102 1666 3104 1716 3103 1666 3104 1665 3105 1716 3103 1665 3105 1717 3106 1717 3106 1665 3105 1664 3107 1717 3106 1664 3107 1718 3108 1718 3108 1664 3107 1663 3109 1718 3108 1663 3109 1719 3110 1719 3110 1663 3109 1662 3111 1719 3110 1662 3111 1720 3112 1720 3112 1662 3111 1661 3113 1720 3112 1661 3113 1721 3114 1721 3114 1661 3113 1722 3115 1722 3115 1661 3113 1660 3116 1722 3115 1660 3116 1723 3117 1723 3117 1660 3116 1659 3118 1723 3117 1659 3118 1724 3119 1724 3119 1659 3118 1658 3120 1724 3119 1658 3120 1725 3121 1725 3121 1658 3120 1657 3122 1725 3121 1657 3122 1726 3123 1726 3123 1657 3122 1656 3076 1726 3123 1656 3076 1703 3078 1607 3124 1630 3125 1608 3126 1608 3126 1630 3125 1609 3127 1609 3127 1630 3125 1629 3128 1609 3127 1629 3128 1610 3129 1610 3129 1629 3128 1628 3130 1610 3129 1628 3130 1611 3131 1611 3131 1628 3130 1627 3132 1611 3131 1627 3132 1612 3133 1612 3133 1627 3132 1626 3134 1612 3133 1626 3134 1613 3135 1613 3135 1626 3134 1625 3136 1613 3135 1625 3136 1614 3137 1614 3137 1625 3136 1624 3138 1614 3137 1624 3138 1615 3139 1615 3139 1624 3138 1623 3140 1615 3139 1623 3140 1616 3141 1616 3141 1623 3140 1622 3142 1616 3141 1622 3142 1617 3143 1617 3143 1622 3142 1621 3144 1617 3143 1621 3144 1618 3145 1618 3145 1621 3144 1620 3146 1618 3145 1620 3146 1619 3147 1728 3148 1774 3149 1727 3150 1727 3150 1774 3149 1751 3151 1727 3150 1751 3151 1750 3152 1750 3152 1751 3151 1752 3153 1750 3152 1752 3153 1749 3154 1749 3154 1752 3153 1753 3155 1749 3154 1753 3155 1748 3156 1748 3156 1753 3155 1754 3157 1748 3156 1754 3157 1747 3158 1747 3158 1754 3157 1755 3159 1747 3158 1755 3159 1746 3160 1746 3160 1755 3159 1756 3161 1746 3160 1756 3161 1745 3162 1745 3162 1756 3161 1757 3163 1745 3162 1757 3163 1744 3164 1744 3164 1757 3163 1758 3165 1744 3164 1758 3165 1743 3166 1743 3166 1758 3165 1759 3167 1743 3166 1759 3167 1742 3168 1742 3168 1759 3167 1760 3169 1742 3168 1760 3169 1741 3170 1741 3170 1760 3169 1761 3171 1741 3170 1761 3171 1740 3172 1740 3172 1761 3171 1762 3173 1740 3172 1762 3173 1739 3174 1739 3174 1762 3173 1763 3175 1739 3174 1763 3175 1738 3176 1738 3176 1763 3175 1764 3177 1738 3176 1764 3177 1737 3178 1737 3178 1764 3177 1765 3179 1737 3178 1765 3179 1736 3180 1736 3180 1765 3179 1766 3181 1736 3180 1766 3181 1735 3182 1735 3182 1766 3181 1767 3183 1735 3182 1767 3183 1734 3184 1734 3184 1767 3183 1768 3185 1734 3184 1768 3185 1733 3186 1733 3186 1768 3185 1769 3187 1733 3186 1769 3187 1732 3188 1732 3188 1769 3187 1770 3189 1732 3188 1770 3189 1731 3190 1731 3190 1770 3189 1771 3191 1731 3190 1771 3191 1730 3192 1730 3192 1771 3191 1772 3193 1730 3192 1772 3193 1729 3194 1729 3194 1772 3193 1773 3195 1729 3194 1773 3195 1728 3148 1728 3148 1773 3195 1774 3149 1776 3196 481 3197 1775 3198 1775 3198 481 3197 480 3199 1775 3198 480 3199 1798 3200 1798 3200 480 3199 503 3201 1798 3200 503 3201 1797 3202 1797 3202 503 3201 502 3203 1797 3202 502 3203 1796 3204 1796 3204 502 3203 501 3205 1796 3204 501 3205 1795 3206 1795 3206 501 3205 500 3207 1795 3206 500 3207 1794 3208 1794 3208 500 3207 499 3209 1794 3208 499 3209 1793 3210 1793 3210 499 3209 498 3211 1793 3210 498 3211 1792 3212 1792 3212 498 3211 497 3213 1792 3212 497 3213 1791 3214 1791 3214 497 3213 496 3215 1791 3214 496 3215 1790 3216 1790 3216 496 3215 495 3217 1790 3216 495 3217 1789 3218 1789 3218 495 3217 494 3219 1789 3218 494 3219 1788 3220 1788 3220 494 3219 493 3221 1788 3220 493 3221 1787 3222 1787 3222 493 3221 492 3223 1787 3222 492 3223 1786 3224 1786 3224 492 3223 491 3225 1786 3224 491 3225 1785 3226 1785 3226 491 3225 490 3227 1785 3226 490 3227 1784 3228 1784 3228 490 3227 489 3229 1784 3228 489 3229 1783 3230 1783 3230 489 3229 488 3231 1783 3230 488 3231 1782 3232 1782 3232 488 3231 487 3233 1782 3232 487 3233 1781 3234 1781 3234 487 3233 486 3235 1781 3234 486 3235 1780 3236 1780 3236 486 3235 485 3237 1780 3236 485 3237 1779 3238 1779 3238 485 3237 484 3239 1779 3238 484 3239 1778 3240 1778 3240 484 3239 483 3241 1778 3240 483 3241 1777 3242 1777 3242 483 3241 482 3243 1777 3242 482 3243 1776 3196 1776 3196 482 3243 481 3197 1728 3244 1727 3245 1775 3246 1775 3246 1727 3245 1750 3247 1775 3246 1750 3247 1776 3248 1776 3248 1750 3247 1749 3249 1776 3248 1749 3249 1777 3250 1777 3250 1749 3249 1748 3251 1777 3250 1748 3251 1778 3252 1778 3252 1748 3251 1747 3253 1778 3252 1747 3253 1779 3254 1779 3254 1747 3253 1746 3255 1779 3254 1746 3255 1780 3256 1780 3256 1746 3255 1745 3257 1780 3256 1745 3257 1781 3258 1781 3258 1745 3257 1782 3259 1782 3259 1745 3257 1744 3260 1782 3259 1744 3260 1783 3261 1783 3261 1744 3260 1743 3262 1783 3261 1743 3262 1784 3263 1784 3263 1743 3262 1742 3264 1784 3263 1742 3264 1785 3265 1785 3265 1742 3264 1741 3266 1785 3265 1741 3266 1786 3267 1786 3267 1741 3266 1740 3268 1786 3267 1740 3268 1787 3269 1787 3269 1740 3268 1739 3270 1787 3269 1739 3270 1788 3271 1788 3271 1739 3270 1738 3272 1788 3271 1738 3272 1737 3273 1788 3271 1737 3273 1789 3274 1789 3274 1737 3273 1736 3275 1789 3274 1736 3275 1790 3276 1790 3276 1736 3275 1735 3277 1790 3276 1735 3277 1791 3278 1791 3278 1735 3277 1734 3279 1791 3278 1734 3279 1792 3280 1792 3280 1734 3279 1733 3281 1792 3280 1733 3281 1793 3282 1793 3282 1733 3281 1794 3283 1794 3283 1733 3281 1732 3284 1794 3283 1732 3284 1795 3285 1795 3285 1732 3284 1731 3286 1795 3285 1731 3286 1796 3287 1796 3287 1731 3286 1730 3288 1796 3287 1730 3288 1797 3289 1797 3289 1730 3288 1729 3290 1797 3289 1729 3290 1798 3291 1798 3291 1729 3290 1728 3244 1798 3291 1728 3244 1775 3246 1702 3292 1701 3293 1679 3294 1679 3294 1701 3293 1700 3295 1679 3294 1700 3295 1680 3296 1680 3296 1700 3295 1699 3297 1680 3296 1699 3297 1681 3298 1681 3298 1699 3297 1698 3299 1681 3298 1698 3299 1682 3300 1682 3300 1698 3299 1697 3301 1682 3300 1697 3301 1683 3302 1683 3302 1697 3301 1696 3303 1683 3302 1696 3303 1684 3304 1684 3304 1696 3303 1695 3305 1684 3304 1695 3305 1685 3306 1685 3306 1695 3305 1694 3307 1685 3306 1694 3307 1686 3308 1686 3308 1694 3307 1693 3309 1686 3308 1693 3309 1687 3310 1687 3310 1693 3309 1692 3311 1687 3310 1692 3311 1688 3312 1688 3312 1692 3311 1691 3313 1688 3312 1691 3313 1689 3314 1689 3314 1691 3313 1690 3315 1800 3316 1846 3317 1799 3318 1799 3318 1846 3317 1823 3319 1799 3318 1823 3319 1822 3320 1822 3320 1823 3319 1824 3321 1822 3320 1824 3321 1821 3322 1821 3322 1824 3321 1825 3323 1821 3322 1825 3323 1820 3324 1820 3324 1825 3323 1826 3325 1820 3324 1826 3325 1819 3326 1819 3326 1826 3325 1827 3327 1819 3326 1827 3327 1818 3328 1818 3328 1827 3327 1828 3329 1818 3328 1828 3329 1817 3330 1817 3330 1828 3329 1829 3331 1817 3330 1829 3331 1816 3332 1816 3332 1829 3331 1830 3333 1816 3332 1830 3333 1815 3334 1815 3334 1830 3333 1831 3335 1815 3334 1831 3335 1814 3336 1814 3336 1831 3335 1832 3337 1814 3336 1832 3337 1813 3338 1813 3338 1832 3337 1833 3339 1813 3338 1833 3339 1812 3340 1812 3340 1833 3339 1834 3341 1812 3340 1834 3341 1811 3342 1811 3342 1834 3341 1835 3343 1811 3342 1835 3343 1810 3344 1810 3344 1835 3343 1836 3345 1810 3344 1836 3345 1809 3346 1809 3346 1836 3345 1837 3347 1809 3346 1837 3347 1808 3348 1808 3348 1837 3347 1838 3349 1808 3348 1838 3349 1807 3350 1807 3350 1838 3349 1839 3351 1807 3350 1839 3351 1806 3352 1806 3352 1839 3351 1840 3353 1806 3352 1840 3353 1805 3354 1805 3354 1840 3353 1841 3355 1805 3354 1841 3355 1804 3356 1804 3356 1841 3355 1842 3357 1804 3356 1842 3357 1803 3358 1803 3358 1842 3357 1843 3359 1803 3358 1843 3359 1802 3360 1802 3360 1843 3359 1844 3361 1802 3360 1844 3361 1801 3362 1801 3362 1844 3361 1845 3363 1801 3362 1845 3363 1800 3316 1800 3316 1845 3363 1846 3317 1848 3364 696 3365 1847 3366 1847 3366 696 3365 695 3367 1847 3366 695 3367 1870 3368 1870 3368 695 3367 718 3369 1870 3368 718 3369 1869 3370 1869 3370 718 3369 717 3371 1869 3370 717 3371 1868 3372 1868 3372 717 3371 716 3373 1868 3372 716 3373 1867 3374 1867 3374 716 3373 715 3375 1867 3374 715 3375 1866 3376 1866 3376 715 3375 714 3377 1866 3376 714 3377 1865 3378 1865 3378 714 3377 713 3379 1865 3378 713 3379 1864 3380 1864 3380 713 3379 712 3381 1864 3380 712 3381 1863 3382 1863 3382 712 3381 711 3383 1863 3382 711 3383 1862 3384 1862 3384 711 3383 710 3385 1862 3384 710 3385 1861 3386 1861 3386 710 3385 709 3387 1861 3386 709 3387 1860 3388 1860 3388 709 3387 708 3389 1860 3388 708 3389 1859 3390 1859 3390 708 3389 707 3391 1859 3390 707 3391 1858 3392 1858 3392 707 3391 706 3393 1858 3392 706 3393 1857 3394 1857 3394 706 3393 705 3395 1857 3394 705 3395 1856 3396 1856 3396 705 3395 704 3397 1856 3396 704 3397 1855 3398 1855 3398 704 3397 703 3399 1855 3398 703 3399 1854 3400 1854 3400 703 3399 702 3401 1854 3400 702 3401 1853 3402 1853 3402 702 3401 701 3403 1853 3402 701 3403 1852 3404 1852 3404 701 3403 700 3405 1852 3404 700 3405 1851 3406 1851 3406 700 3405 699 3407 1851 3406 699 3407 1850 3408 1850 3408 699 3407 698 3409 1850 3408 698 3409 1849 3410 1849 3410 698 3409 697 3411 1849 3410 697 3411 1848 3364 1848 3364 697 3411 696 3365 1800 3412 1799 3413 1847 3414 1847 3414 1799 3413 1822 3415 1847 3414 1822 3415 1848 3416 1848 3416 1822 3415 1821 3417 1848 3416 1821 3417 1849 3418 1849 3418 1821 3417 1820 3419 1849 3418 1820 3419 1850 3420 1850 3420 1820 3419 1819 3421 1850 3420 1819 3421 1851 3422 1851 3422 1819 3421 1818 3423 1851 3422 1818 3423 1852 3424 1852 3424 1818 3423 1817 3425 1852 3424 1817 3425 1853 3426 1853 3426 1817 3425 1854 3427 1854 3427 1817 3425 1816 3428 1854 3427 1816 3428 1855 3429 1855 3429 1816 3428 1815 3430 1855 3429 1815 3430 1856 3431 1856 3431 1815 3430 1814 3432 1856 3431 1814 3432 1857 3433 1857 3433 1814 3432 1813 3434 1857 3433 1813 3434 1858 3435 1858 3435 1813 3434 1812 3436 1858 3435 1812 3436 1859 3437 1859 3437 1812 3436 1811 3438 1859 3437 1811 3438 1860 3439 1860 3439 1811 3438 1810 3440 1860 3439 1810 3440 1809 3441 1860 3439 1809 3441 1861 3442 1861 3442 1809 3441 1808 3443 1861 3442 1808 3443 1862 3444 1862 3444 1808 3443 1807 3445 1862 3444 1807 3445 1863 3446 1863 3446 1807 3445 1806 3447 1863 3446 1806 3447 1864 3448 1864 3448 1806 3447 1805 3449 1864 3448 1805 3449 1865 3450 1865 3450 1805 3449 1866 3451 1866 3451 1805 3449 1804 3452 1866 3451 1804 3452 1867 3453 1867 3453 1804 3452 1803 3454 1867 3453 1803 3454 1868 3455 1868 3455 1803 3454 1802 3456 1868 3455 1802 3456 1869 3457 1869 3457 1802 3456 1801 3458 1869 3457 1801 3458 1870 3459 1870 3459 1801 3458 1800 3412 1870 3459 1800 3412 1847 3414 1774 3460 1770 3461 1751 3462 1751 3462 1770 3461 1769 3463 1751 3462 1769 3463 1752 3464 1752 3464 1769 3463 1768 3465 1752 3464 1768 3465 1753 3466 1753 3466 1768 3465 1767 3467 1753 3466 1767 3467 1754 3468 1754 3468 1767 3467 1766 3469 1754 3468 1766 3469 1755 3470 1755 3470 1766 3469 1765 3471 1755 3470 1765 3471 1756 3472 1756 3472 1765 3471 1764 3473 1756 3472 1764 3473 1757 3474 1757 3474 1764 3473 1763 3475 1757 3474 1763 3475 1758 3476 1758 3476 1763 3475 1762 3477 1758 3476 1762 3477 1759 3478 1759 3478 1762 3477 1761 3479 1759 3478 1761 3479 1760 3480 1770 3461 1774 3460 1771 3481 1771 3481 1774 3460 1773 3482 1771 3481 1773 3482 1772 3483 1872 3484 1918 3485 1871 3486 1871 3486 1918 3485 1895 3487 1871 3486 1895 3487 1894 3488 1894 3488 1895 3487 1896 3489 1894 3488 1896 3489 1893 3490 1893 3490 1896 3489 1897 3491 1893 3490 1897 3491 1892 3492 1892 3492 1897 3491 1898 3493 1892 3492 1898 3493 1891 3494 1891 3494 1898 3493 1899 3495 1891 3494 1899 3495 1890 3496 1890 3496 1899 3495 1900 3497 1890 3496 1900 3497 1889 3498 1889 3498 1900 3497 1901 3499 1889 3498 1901 3499 1888 3500 1888 3500 1901 3499 1902 3501 1888 3500 1902 3501 1887 3502 1887 3502 1902 3501 1903 3503 1887 3502 1903 3503 1886 3504 1886 3504 1903 3503 1904 3505 1886 3504 1904 3505 1885 3506 1885 3506 1904 3505 1905 3507 1885 3506 1905 3507 1884 3508 1884 3508 1905 3507 1906 3509 1884 3508 1906 3509 1883 3510 1883 3510 1906 3509 1907 3511 1883 3510 1907 3511 1882 3512 1882 3512 1907 3511 1908 3513 1882 3512 1908 3513 1881 3514 1881 3514 1908 3513 1909 3515 1881 3514 1909 3515 1880 3516 1880 3516 1909 3515 1910 3517 1880 3516 1910 3517 1879 3518 1879 3518 1910 3517 1911 3519 1879 3518 1911 3519 1878 3520 1878 3520 1911 3519 1912 3521 1878 3520 1912 3521 1877 3522 1877 3522 1912 3521 1913 3523 1877 3522 1913 3523 1876 3524 1876 3524 1913 3523 1914 3525 1876 3524 1914 3525 1875 3526 1875 3526 1914 3525 1915 3527 1875 3526 1915 3527 1874 3528 1874 3528 1915 3527 1916 3529 1874 3528 1916 3529 1873 3530 1873 3530 1916 3529 1917 3531 1873 3530 1917 3531 1872 3484 1872 3484 1917 3531 1918 3485 1920 3532 505 3533 1919 3534 1919 3534 505 3533 504 3535 1919 3534 504 3535 1942 3536 1942 3536 504 3535 527 3537 1942 3536 527 3537 1941 3538 1941 3538 527 3537 526 3539 1941 3538 526 3539 1940 3540 1940 3540 526 3539 525 3541 1940 3540 525 3541 1939 3542 1939 3542 525 3541 524 3543 1939 3542 524 3543 1938 3544 1938 3544 524 3543 523 3545 1938 3544 523 3545 1937 3546 1937 3546 523 3545 522 3547 1937 3546 522 3547 1936 3548 1936 3548 522 3547 521 3549 1936 3548 521 3549 1935 3550 1935 3550 521 3549 520 3551 1935 3550 520 3551 1934 3552 1934 3552 520 3551 519 3553 1934 3552 519 3553 1933 3554 1933 3554 519 3553 518 3555 1933 3554 518 3555 1932 3556 1932 3556 518 3555 517 3557 1932 3556 517 3557 1931 3558 1931 3558 517 3557 516 3559 1931 3558 516 3559 1930 3560 1930 3560 516 3559 515 3561 1930 3560 515 3561 1929 3562 1929 3562 515 3561 514 3563 1929 3562 514 3563 1928 3564 1928 3564 514 3563 513 3565 1928 3564 513 3565 1927 3566 1927 3566 513 3565 512 3567 1927 3566 512 3567 1926 3568 1926 3568 512 3567 511 3569 1926 3568 511 3569 1925 3570 1925 3570 511 3569 510 3571 1925 3570 510 3571 1924 3572 1924 3572 510 3571 509 3573 1924 3572 509 3573 1923 3574 1923 3574 509 3573 508 3575 1923 3574 508 3575 1922 3576 1922 3576 508 3575 507 3577 1922 3576 507 3577 1921 3578 1921 3578 507 3577 506 3579 1921 3578 506 3579 1920 3532 1920 3532 506 3579 505 3533 1872 3580 1871 3581 1919 3582 1919 3582 1871 3581 1894 3583 1919 3582 1894 3583 1920 3584 1920 3584 1894 3583 1893 3585 1920 3584 1893 3585 1921 3586 1921 3586 1893 3585 1892 3587 1921 3586 1892 3587 1922 3588 1922 3588 1892 3587 1891 3589 1922 3588 1891 3589 1923 3590 1923 3590 1891 3589 1890 3591 1923 3590 1890 3591 1924 3592 1924 3592 1890 3591 1889 3593 1924 3592 1889 3593 1925 3594 1925 3594 1889 3593 1926 3595 1926 3595 1889 3593 1888 3596 1926 3595 1888 3596 1927 3597 1927 3597 1888 3596 1887 3598 1927 3597 1887 3598 1928 3599 1928 3599 1887 3598 1886 3600 1928 3599 1886 3600 1929 3601 1929 3601 1886 3600 1885 3602 1929 3601 1885 3602 1930 3603 1930 3603 1885 3602 1884 3604 1930 3603 1884 3604 1931 3605 1931 3605 1884 3604 1883 3606 1931 3605 1883 3606 1932 3607 1932 3607 1883 3606 1882 3608 1932 3607 1882 3608 1881 3609 1932 3607 1881 3609 1933 3610 1933 3610 1881 3609 1880 3611 1933 3610 1880 3611 1934 3612 1934 3612 1880 3611 1879 3613 1934 3612 1879 3613 1935 3614 1935 3614 1879 3613 1878 3615 1935 3614 1878 3615 1936 3616 1936 3616 1878 3615 1877 3617 1936 3616 1877 3617 1937 3618 1937 3618 1877 3617 1938 3619 1938 3619 1877 3617 1876 3620 1938 3619 1876 3620 1939 3621 1939 3621 1876 3620 1875 3622 1939 3621 1875 3622 1940 3623 1940 3623 1875 3622 1874 3624 1940 3623 1874 3624 1941 3625 1941 3625 1874 3624 1873 3626 1941 3625 1873 3626 1942 3627 1942 3627 1873 3626 1872 3580 1942 3627 1872 3580 1919 3582 1846 3628 1839 3629 1823 3630 1823 3630 1839 3629 1838 3631 1823 3630 1838 3631 1824 3632 1824 3632 1838 3631 1837 3633 1824 3632 1837 3633 1825 3634 1825 3634 1837 3633 1836 3635 1825 3634 1836 3635 1826 3636 1826 3636 1836 3635 1835 3637 1826 3636 1835 3637 1827 3638 1827 3638 1835 3637 1834 3639 1827 3638 1834 3639 1828 3640 1828 3640 1834 3639 1833 3641 1828 3640 1833 3641 1829 3642 1829 3642 1833 3641 1832 3643 1829 3642 1832 3643 1830 3644 1830 3644 1832 3643 1831 3645 1839 3629 1846 3628 1840 3646 1840 3646 1846 3628 1845 3647 1840 3646 1845 3647 1841 3648 1841 3648 1845 3647 1844 3649 1841 3648 1844 3649 1842 3650 1842 3650 1844 3649 1843 3651 1944 3652 529 3653 1943 3654 1943 3654 529 3653 528 3655 1943 3654 528 3655 2022 3656 2022 3656 528 3655 607 3657 2022 3656 607 3657 2021 3658 2021 3658 607 3657 606 3659 2021 3658 606 3659 2020 3660 2020 3660 606 3659 605 3661 2020 3660 605 3661 2019 3662 2019 3662 605 3661 604 3663 2019 3662 604 3663 2018 3664 2018 3664 604 3663 603 3665 2018 3664 603 3665 2017 3666 2017 3666 603 3665 602 3667 2017 3666 602 3667 2016 3668 2016 3668 602 3667 601 3669 2016 3668 601 3669 2015 3670 2015 3670 601 3669 600 3671 2015 3670 600 3671 2014 3672 2014 3672 600 3671 599 3673 2014 3672 599 3673 2013 3674 2013 3674 599 3673 598 3675 2013 3674 598 3675 2012 3676 2012 3676 598 3675 597 3677 2012 3676 597 3677 2011 3678 2011 3678 597 3677 596 3679 2011 3678 596 3679 2010 3680 2010 3680 596 3679 595 3681 2010 3680 595 3681 2009 3682 2009 3682 595 3681 594 3683 2009 3682 594 3683 2008 3684 2008 3684 594 3683 593 3685 2008 3684 593 3685 2007 3686 2007 3686 593 3685 592 3687 2007 3686 592 3687 2006 3688 2006 3688 592 3687 591 3689 2006 3688 591 3689 2005 3690 2005 3690 591 3689 590 3691 2005 3690 590 3691 2004 3692 2004 3692 590 3691 589 3693 2004 3692 589 3693 2003 3694 2003 3694 589 3693 588 3695 2003 3694 588 3695 2002 3696 2002 3696 588 3695 587 3697 2002 3696 587 3697 2001 3698 2001 3698 587 3697 586 3699 2001 3698 586 3699 2000 3700 2000 3700 586 3699 585 3701 2000 3700 585 3701 1999 3702 1999 3702 585 3701 584 3703 1999 3702 584 3703 1998 3704 1998 3704 584 3703 583 3705 1998 3704 583 3705 1997 3706 1997 3706 583 3705 582 3707 1997 3706 582 3707 1996 3708 1996 3708 582 3707 581 3709 1996 3708 581 3709 1995 3710 1995 3710 581 3709 580 3711 1995 3710 580 3711 1994 3712 1994 3712 580 3711 579 3713 1994 3712 579 3713 1993 3714 1993 3714 579 3713 578 3715 1993 3714 578 3715 1992 3716 1992 3716 578 3715 577 3717 1992 3716 577 3717 1991 3718 1991 3718 577 3717 576 3719 1991 3718 576 3719 1990 3720 1990 3720 576 3719 575 3721 1990 3720 575 3721 1989 3722 1989 3722 575 3721 574 3723 1989 3722 574 3723 1988 3724 1988 3724 574 3723 573 3725 1988 3724 573 3725 1987 3726 1987 3726 573 3725 572 3727 1987 3726 572 3727 1986 3728 1986 3728 572 3727 571 3729 1986 3728 571 3729 1985 3730 1985 3730 571 3729 570 3731 1985 3730 570 3731 1984 3732 1984 3732 570 3731 569 3733 1984 3732 569 3733 1983 3734 1983 3734 569 3733 568 3735 1983 3734 568 3735 1982 3736 1982 3736 568 3735 567 3737 1982 3736 567 3737 1981 3738 1981 3738 567 3737 566 3739 1981 3738 566 3739 1980 3740 1980 3740 566 3739 565 3741 1980 3740 565 3741 1979 3742 1979 3742 565 3741 564 3743 1979 3742 564 3743 1978 3744 1978 3744 564 3743 563 3745 1978 3744 563 3745 1977 3746 1977 3746 563 3745 562 3747 1977 3746 562 3747 1976 3748 1976 3748 562 3747 561 3749 1976 3748 561 3749 1975 3750 1975 3750 561 3749 560 3751 1975 3750 560 3751 1974 3752 1974 3752 560 3751 559 3753 1974 3752 559 3753 1973 3754 1973 3754 559 3753 558 3755 1973 3754 558 3755 1972 3756 1972 3756 558 3755 557 3757 1972 3756 557 3757 1971 3758 1971 3758 557 3757 556 3759 1971 3758 556 3759 1970 3760 1970 3760 556 3759 555 3761 1970 3760 555 3761 1969 3762 1969 3762 555 3761 554 3763 1969 3762 554 3763 1968 3764 1968 3764 554 3763 553 3765 1968 3764 553 3765 1967 3766 1967 3766 553 3765 552 3767 1967 3766 552 3767 1966 3768 1966 3768 552 3767 551 3769 1966 3768 551 3769 1965 3770 1965 3770 551 3769 550 3771 1965 3770 550 3771 1964 3772 1964 3772 550 3771 549 3773 1964 3772 549 3773 1963 3774 1963 3774 549 3773 548 3775 1963 3774 548 3775 1962 3776 1962 3776 548 3775 547 3777 1962 3776 547 3777 1961 3778 1961 3778 547 3777 546 3779 1961 3778 546 3779 1960 3780 1960 3780 546 3779 545 3781 1960 3780 545 3781 1959 3782 1959 3782 545 3781 544 3783 1959 3782 544 3783 1958 3784 1958 3784 544 3783 543 3785 1958 3784 543 3785 1957 3786 1957 3786 543 3785 542 3787 1957 3786 542 3787 1956 3788 1956 3788 542 3787 541 3789 1956 3788 541 3789 1955 3790 1955 3790 541 3789 540 3791 1955 3790 540 3791 1954 3792 1954 3792 540 3791 539 3793 1954 3792 539 3793 1953 3794 1953 3794 539 3793 538 3795 1953 3794 538 3795 1952 3796 1952 3796 538 3795 537 3797 1952 3796 537 3797 1951 3798 1951 3798 537 3797 536 3799 1951 3798 536 3799 1950 3800 1950 3800 536 3799 535 3801 1950 3800 535 3801 1949 3802 1949 3802 535 3801 534 3803 1949 3802 534 3803 1948 3804 1948 3804 534 3803 533 3805 1948 3804 533 3805 1947 3806 1947 3806 533 3805 532 3807 1947 3806 532 3807 1946 3808 1946 3808 532 3807 531 3809 1946 3808 531 3809 1945 3810 1945 3810 531 3809 530 3811 1945 3810 530 3811 1944 3652 1944 3652 530 3811 529 3653 85 3812 1944 3813 43 3814 43 3814 1944 3813 1943 3815 43 3814 1943 3815 2022 3816 84 3817 1946 3818 85 3812 85 3812 1946 3818 1945 3819 85 3812 1945 3819 1944 3813 83 3820 1948 3821 84 3817 84 3817 1948 3821 1947 3822 84 3817 1947 3822 1946 3818 82 3823 1950 3824 83 3820 83 3820 1950 3824 1949 3825 83 3820 1949 3825 1948 3821 1950 3824 82 3823 1951 3826 1951 3826 82 3823 81 3827 1951 3826 81 3827 1952 3828 1952 3828 81 3827 1953 3829 1953 3829 81 3827 80 3830 1953 3829 80 3830 1954 3831 1954 3831 80 3830 1955 3832 1955 3832 80 3830 79 3833 1955 3832 79 3833 1956 3834 1956 3834 79 3833 1957 3835 1957 3835 79 3833 78 3836 1957 3835 78 3836 1958 3837 1958 3837 78 3836 1959 3838 1959 3838 78 3836 77 3839 1959 3838 77 3839 1960 3840 1960 3840 77 3839 1961 3841 1961 3841 77 3839 76 3842 1961 3841 76 3842 1962 3843 1962 3843 76 3842 1963 3844 1963 3844 76 3842 75 3845 1963 3844 75 3845 1964 3846 1964 3846 75 3845 74 3847 1964 3846 74 3847 1965 3848 1965 3848 74 3847 1966 3849 1966 3849 74 3847 73 3850 1966 3849 73 3850 1967 3851 1967 3851 73 3850 1968 3852 1968 3852 73 3850 72 3853 1968 3852 72 3853 1969 3854 1969 3854 72 3853 1970 3855 1970 3855 72 3853 71 3856 1970 3855 71 3856 1971 3857 1971 3857 71 3856 1972 3858 1972 3858 71 3856 70 3859 1972 3858 70 3859 1973 3860 1973 3860 70 3859 1974 3861 1974 3861 70 3859 69 3862 1974 3861 69 3862 1975 3863 1975 3863 69 3862 1976 3864 1976 3864 69 3862 68 3865 1976 3864 68 3865 1977 3866 1977 3866 68 3865 67 3867 1977 3866 67 3867 1978 3868 1978 3868 67 3867 1979 3869 1979 3869 67 3867 66 3870 1979 3869 66 3870 1980 3871 1980 3871 66 3870 1981 3872 1981 3872 66 3870 65 3873 1981 3872 65 3873 1982 3874 1982 3874 65 3873 1983 3875 1983 3875 65 3873 64 3876 1983 3875 64 3876 1984 3877 1984 3877 64 3876 1985 3878 1985 3878 64 3876 63 3879 1985 3878 63 3879 1986 3880 1986 3880 63 3879 1987 3881 1987 3881 63 3879 62 3882 1987 3881 62 3882 1988 3883 1988 3883 62 3882 1989 3884 1989 3884 62 3882 61 3885 1989 3884 61 3885 60 3886 60 3886 59 3887 1989 3884 1989 3884 59 3887 58 3888 1989 3884 58 3888 57 3889 56 3890 1998 3891 57 3889 57 3889 1998 3891 1997 3892 57 3889 1997 3892 1996 3893 55 3894 2000 3895 56 3890 56 3890 2000 3895 1999 3896 56 3890 1999 3896 1998 3891 54 3897 2002 3898 55 3894 55 3894 2002 3898 2001 3899 55 3894 2001 3899 2000 3895 2002 3898 54 3897 2003 3900 2003 3900 54 3897 53 3901 2003 3900 53 3901 2004 3902 2004 3902 53 3901 2005 3903 2005 3903 53 3901 52 3904 2005 3903 52 3904 2006 3905 2006 3905 52 3904 2007 3906 2007 3906 52 3904 51 3907 2007 3906 51 3907 2008 3908 2008 3908 51 3907 2009 3909 2009 3909 51 3907 50 3910 2009 3909 50 3910 2010 3911 2010 3911 50 3910 2011 3912 2011 3912 50 3910 49 3913 2011 3912 49 3913 2012 3914 2012 3914 49 3913 2013 3915 2013 3915 49 3913 48 3916 2013 3915 48 3916 2014 3917 2014 3917 48 3916 2015 3918 2015 3918 48 3916 47 3919 2015 3918 47 3919 2016 3920 2016 3920 47 3919 46 3921 2016 3920 46 3921 2017 3922 2017 3922 46 3921 2018 3923 2018 3923 46 3921 45 3924 2018 3923 45 3924 2019 3925 2019 3925 45 3924 2020 3926 2020 3926 45 3924 44 3927 2020 3926 44 3927 2021 3928 2021 3928 44 3927 2022 3816 2022 3816 44 3927 43 3814 1996 3893 1995 3929 57 3889 57 3889 1995 3929 1994 3930 57 3889 1994 3930 1993 3931 1993 3931 1992 3932 57 3889 57 3889 1992 3932 1991 3933 57 3889 1991 3933 1990 3934 1990 3934 1989 3884 57 3889 2109 3935 2023 3936 2110 3937 2110 3937 2023 3936 2024 3938 2110 3937 2024 3938 2196 3939 2196 3939 2024 3938 2025 3940 2196 3939 2025 3940 2195 3941 2195 3941 2025 3940 2026 3942 2195 3941 2026 3942 2194 3943 2194 3943 2026 3942 2027 3944 2194 3943 2027 3944 2193 3945 2193 3945 2027 3944 2028 3946 2193 3945 2028 3946 2192 3947 2192 3947 2028 3946 2029 3948 2192 3947 2029 3948 2191 3949 2191 3949 2029 3948 2030 3950 2191 3949 2030 3950 2190 3951 2190 3951 2030 3950 2031 3952 2190 3951 2031 3952 2189 3953 2189 3953 2031 3952 2032 3954 2189 3953 2032 3954 2188 3955 2188 3955 2032 3954 2033 3956 2188 3955 2033 3956 2187 3957 2187 3957 2033 3956 2034 3958 2187 3957 2034 3958 2186 3959 2186 3959 2034 3958 2035 3960 2186 3959 2035 3960 2185 3961 2185 3961 2035 3960 2036 3962 2185 3961 2036 3962 2184 3963 2184 3963 2036 3962 2037 3964 2184 3963 2037 3964 2183 3965 2183 3965 2037 3964 2038 3966 2183 3965 2038 3966 2182 3967 2182 3967 2038 3966 2039 3968 2182 3967 2039 3968 2181 3969 2181 3969 2039 3968 2040 3970 2181 3969 2040 3970 2180 3971 2180 3971 2040 3970 2041 3972 2180 3971 2041 3972 2179 3973 2179 3973 2041 3972 2042 3974 2179 3973 2042 3974 2178 3975 2178 3975 2042 3974 2043 3976 2178 3975 2043 3976 2177 3977 2177 3977 2043 3976 2044 3978 2177 3977 2044 3978 2176 3979 2176 3979 2044 3978 2045 3980 2176 3979 2045 3980 2175 3981 2175 3981 2045 3980 2174 3982 2174 3982 2045 3980 2046 3983 2174 3982 2046 3983 2173 3984 2173 3984 2046 3983 2047 3985 2173 3984 2047 3985 2172 3986 2172 3986 2047 3985 2048 3987 2172 3986 2048 3987 2171 3988 2171 3988 2048 3987 2049 3989 2171 3988 2049 3989 2170 3990 2170 3990 2049 3989 2050 3991 2170 3990 2050 3991 2169 3992 2169 3992 2050 3991 2051 3993 2169 3992 2051 3993 2168 3994 2168 3994 2051 3993 2052 3995 2168 3994 2052 3995 2167 3996 2167 3996 2052 3995 2053 3997 2167 3996 2053 3997 2166 3998 2166 3998 2053 3997 2054 3999 2166 3998 2054 3999 2165 4000 2165 4000 2054 3999 2055 4001 2165 4000 2055 4001 2164 4002 2164 4002 2055 4001 2056 4003 2164 4002 2056 4003 2163 4004 2163 4004 2056 4003 2057 4005 2163 4004 2057 4005 2162 4006 2162 4006 2057 4005 2058 4007 2162 4006 2058 4007 2161 4008 2161 4008 2058 4007 2059 4009 2161 4008 2059 4009 2160 4010 2160 4010 2059 4009 2060 4011 2160 4010 2060 4011 2159 4012 2159 4012 2060 4011 2061 4013 2159 4012 2061 4013 2158 4014 2158 4014 2061 4013 2062 4015 2158 4014 2062 4015 2157 4016 2157 4016 2062 4015 2063 4017 2157 4016 2063 4017 2156 4018 2156 4018 2063 4017 2064 4019 2156 4018 2064 4019 2155 4020 2155 4020 2064 4019 2065 4021 2155 4020 2065 4021 2154 4022 2154 4022 2065 4021 2066 4023 2154 4022 2066 4023 2067 4024 2154 4022 2067 4024 2153 4025 2153 4025 2067 4024 2068 4026 2153 4025 2068 4026 2152 4027 2152 4027 2068 4026 2069 4028 2152 4027 2069 4028 2151 4029 2151 4029 2069 4028 2070 4030 2151 4029 2070 4030 2150 4031 2150 4031 2070 4030 2071 4032 2150 4031 2071 4032 2149 4033 2149 4033 2071 4032 2072 4034 2149 4033 2072 4034 2148 4035 2148 4035 2072 4034 2073 4036 2148 4035 2073 4036 2147 4037 2147 4037 2073 4036 2074 4038 2147 4037 2074 4038 2146 4039 2146 4039 2074 4038 2075 4040 2146 4039 2075 4040 2145 4041 2145 4041 2075 4040 2076 4042 2145 4041 2076 4042 2144 4043 2144 4043 2076 4042 2077 4044 2144 4043 2077 4044 2143 4045 2143 4045 2077 4044 2078 4046 2143 4045 2078 4046 2142 4047 2142 4047 2078 4046 2079 4048 2142 4047 2079 4048 2141 4049 2141 4049 2079 4048 2080 4050 2141 4049 2080 4050 2140 4051 2140 4051 2080 4050 2081 4052 2140 4051 2081 4052 2139 4053 2139 4053 2081 4052 2082 4054 2139 4053 2082 4054 2138 4055 2138 4055 2082 4054 2083 4056 2138 4055 2083 4056 2137 4057 2137 4057 2083 4056 2084 4058 2137 4057 2084 4058 2136 4059 2136 4059 2084 4058 2085 4060 2136 4059 2085 4060 2135 4061 2135 4061 2085 4060 2086 4062 2135 4061 2086 4062 2134 4063 2134 4063 2086 4062 2087 4064 2134 4063 2087 4064 2133 4065 2133 4065 2087 4064 2088 4066 2133 4065 2088 4066 2132 4067 2132 4067 2088 4066 2131 4068 2131 4068 2088 4066 2089 4069 2131 4068 2089 4069 2130 4070 2130 4070 2089 4069 2090 4071 2130 4070 2090 4071 2129 4072 2129 4072 2090 4071 2091 4073 2129 4072 2091 4073 2128 4074 2128 4074 2091 4073 2092 4075 2128 4074 2092 4075 2127 4076 2127 4076 2092 4075 2093 4077 2127 4076 2093 4077 2126 4078 2126 4078 2093 4077 2094 4079 2126 4078 2094 4079 2125 4080 2125 4080 2094 4079 2095 4081 2125 4080 2095 4081 2124 4082 2124 4082 2095 4081 2096 4083 2124 4082 2096 4083 2123 4084 2123 4084 2096 4083 2097 4085 2123 4084 2097 4085 2122 4086 2122 4086 2097 4085 2098 4087 2122 4086 2098 4087 2121 4088 2121 4088 2098 4087 2099 4089 2121 4088 2099 4089 2120 4090 2120 4090 2099 4089 2100 4091 2120 4090 2100 4091 2119 4092 2119 4092 2100 4091 2101 4093 2119 4092 2101 4093 2118 4094 2118 4094 2101 4093 2102 4095 2118 4094 2102 4095 2117 4096 2117 4096 2102 4095 2103 4097 2117 4096 2103 4097 2116 4098 2116 4098 2103 4097 2104 4099 2116 4098 2104 4099 2115 4100 2115 4100 2104 4099 2105 4101 2115 4100 2105 4101 2114 4102 2114 4102 2105 4101 2106 4103 2114 4102 2106 4103 2113 4104 2113 4104 2106 4103 2107 4105 2113 4104 2107 4105 2112 4106 2112 4106 2107 4105 2108 4107 2112 4106 2108 4107 2111 4108 2111 4108 2108 4107 2109 3935 2111 4108 2109 3935 2110 3937 694 4109 2024 4110 608 4111 608 4111 2024 4110 2023 4112 608 4111 2023 4112 609 4113 609 4113 2023 4112 2109 4114 609 4113 2109 4114 610 4115 610 4115 2109 4114 2108 4116 610 4115 2108 4116 611 4117 611 4117 2108 4116 2107 4118 611 4117 2107 4118 612 4119 612 4119 2107 4118 2106 4120 612 4119 2106 4120 613 4121 613 4121 2106 4120 2105 4122 613 4121 2105 4122 614 4123 614 4123 2105 4122 2104 4124 614 4123 2104 4124 615 4125 615 4125 2104 4124 2103 4126 615 4125 2103 4126 616 4127 616 4127 2103 4126 2102 4128 616 4127 2102 4128 617 4129 617 4129 2102 4128 2101 4130 617 4129 2101 4130 618 4131 618 4131 2101 4130 2100 4132 618 4131 2100 4132 619 4133 619 4133 2100 4132 2099 4134 619 4133 2099 4134 620 4135 620 4135 2099 4134 2098 4136 620 4135 2098 4136 621 4137 621 4137 2098 4136 2097 4138 621 4137 2097 4138 622 4139 622 4139 2097 4138 2096 4140 622 4139 2096 4140 623 4141 623 4141 2096 4140 2095 4142 623 4141 2095 4142 624 4143 624 4143 2095 4142 2094 4144 624 4143 2094 4144 625 4145 625 4145 2094 4144 2093 4146 625 4145 2093 4146 626 4147 626 4147 2093 4146 2092 4148 626 4147 2092 4148 627 4149 627 4149 2092 4148 2091 4150 627 4149 2091 4150 628 4151 628 4151 2091 4150 2090 4152 628 4151 2090 4152 629 4153 629 4153 2090 4152 2089 4154 629 4153 2089 4154 630 4155 630 4155 2089 4154 2088 4156 630 4155 2088 4156 631 4157 631 4157 2088 4156 2087 4158 631 4157 2087 4158 632 4159 632 4159 2087 4158 2086 4160 632 4159 2086 4160 633 4161 633 4161 2086 4160 2085 4162 633 4161 2085 4162 634 4163 634 4163 2085 4162 2084 4164 634 4163 2084 4164 635 4165 635 4165 2084 4164 2083 4166 635 4165 2083 4166 636 4167 636 4167 2083 4166 2082 4168 636 4167 2082 4168 637 4169 637 4169 2082 4168 2081 4170 637 4169 2081 4170 638 4171 638 4171 2081 4170 2080 4172 638 4171 2080 4172 639 4173 639 4173 2080 4172 2079 4174 639 4173 2079 4174 640 4175 640 4175 2079 4174 2078 4176 640 4175 2078 4176 641 4177 641 4177 2078 4176 2077 4178 641 4177 2077 4178 642 4179 642 4179 2077 4178 2076 4180 642 4179 2076 4180 643 4181 643 4181 2076 4180 2075 4182 643 4181 2075 4182 644 4183 644 4183 2075 4182 2074 4184 644 4183 2074 4184 645 4185 645 4185 2074 4184 2073 4186 645 4185 2073 4186 646 4187 646 4187 2073 4186 2072 4188 646 4187 2072 4188 647 4189 647 4189 2072 4188 2071 4190 647 4189 2071 4190 648 4191 648 4191 2071 4190 2070 4192 648 4191 2070 4192 649 4193 649 4193 2070 4192 2069 4194 649 4193 2069 4194 650 4195 650 4195 2069 4194 2068 4196 650 4195 2068 4196 651 4197 651 4197 2068 4196 2067 4198 651 4197 2067 4198 652 4199 652 4199 2067 4198 2066 4200 652 4199 2066 4200 653 4201 653 4201 2066 4200 2065 4202 653 4201 2065 4202 654 4203 654 4203 2065 4202 2064 4204 654 4203 2064 4204 655 4205 655 4205 2064 4204 2063 4206 655 4205 2063 4206 656 4207 656 4207 2063 4206 2062 4208 656 4207 2062 4208 657 4209 657 4209 2062 4208 2061 4210 657 4209 2061 4210 658 4211 658 4211 2061 4210 2060 4212 658 4211 2060 4212 659 4213 659 4213 2060 4212 2059 4214 659 4213 2059 4214 660 4215 660 4215 2059 4214 2058 4216 660 4215 2058 4216 661 4217 661 4217 2058 4216 2057 4218 661 4217 2057 4218 662 4219 662 4219 2057 4218 2056 4220 662 4219 2056 4220 663 4221 663 4221 2056 4220 2055 4222 663 4221 2055 4222 664 4223 664 4223 2055 4222 2054 4224 664 4223 2054 4224 665 4225 665 4225 2054 4224 2053 4226 665 4225 2053 4226 666 4227 666 4227 2053 4226 2052 4228 666 4227 2052 4228 667 4229 667 4229 2052 4228 2051 4230 667 4229 2051 4230 668 4231 668 4231 2051 4230 2050 4232 668 4231 2050 4232 669 4233 669 4233 2050 4232 2049 4234 669 4233 2049 4234 670 4235 670 4235 2049 4234 2048 4236 670 4235 2048 4236 671 4237 671 4237 2048 4236 2047 4238 671 4237 2047 4238 672 4239 672 4239 2047 4238 2046 4240 672 4239 2046 4240 673 4241 673 4241 2046 4240 2045 4242 673 4241 2045 4242 674 4243 674 4243 2045 4242 2044 4244 674 4243 2044 4244 675 4245 675 4245 2044 4244 2043 4246 675 4245 2043 4246 676 4247 676 4247 2043 4246 2042 4248 676 4247 2042 4248 677 4249 677 4249 2042 4248 2041 4250 677 4249 2041 4250 678 4251 678 4251 2041 4250 2040 4252 678 4251 2040 4252 679 4253 679 4253 2040 4252 2039 4254 679 4253 2039 4254 680 4255 680 4255 2039 4254 2038 4256 680 4255 2038 4256 681 4257 681 4257 2038 4256 2037 4258 681 4257 2037 4258 682 4259 682 4259 2037 4258 2036 4260 682 4259 2036 4260 683 4261 683 4261 2036 4260 2035 4262 683 4261 2035 4262 684 4263 684 4263 2035 4262 2034 4264 684 4263 2034 4264 685 4265 685 4265 2034 4264 2033 4266 685 4265 2033 4266 686 4267 686 4267 2033 4266 2032 4268 686 4267 2032 4268 687 4269 687 4269 2032 4268 2031 4270 687 4269 2031 4270 688 4271 688 4271 2031 4270 2030 4272 688 4271 2030 4272 689 4273 689 4273 2030 4272 2029 4274 689 4273 2029 4274 690 4275 690 4275 2029 4274 2028 4276 690 4275 2028 4276 691 4277 691 4277 2028 4276 2027 4278 691 4277 2027 4278 692 4279 692 4279 2027 4278 2026 4280 692 4279 2026 4280 693 4281 693 4281 2026 4280 2025 4282 693 4281 2025 4282 694 4109 694 4109 2025 4282 2024 4110 1918 4283 1908 4284 1895 4285 1895 4285 1908 4284 1907 4286 1895 4285 1907 4286 1896 4287 1896 4287 1907 4286 1906 4288 1896 4287 1906 4288 1897 4289 1897 4289 1906 4288 1905 4290 1897 4289 1905 4290 1898 4291 1898 4291 1905 4290 1904 4292 1898 4291 1904 4292 1899 4293 1899 4293 1904 4292 1903 4294 1899 4293 1903 4294 1900 4295 1900 4295 1903 4294 1902 4296 1900 4295 1902 4296 1901 4297 1908 4284 1918 4283 1909 4298 1909 4298 1918 4283 1917 4299 1909 4298 1917 4299 1910 4300 1910 4300 1917 4299 1916 4301 1910 4300 1916 4301 1911 4302 1911 4302 1916 4301 1915 4303 1911 4302 1915 4303 1912 4304 1912 4304 1915 4303 1914 4305 1912 4304 1914 4305 1913 4306 2196 4307 2283 4308 2110 4309 2110 4309 2283 4308 2197 4310 2110 4309 2197 4310 2111 4311 2111 4311 2197 4310 2198 4312 2111 4311 2198 4312 2112 4313 2112 4313 2198 4312 2199 4314 2112 4313 2199 4314 2113 4315 2113 4315 2199 4314 2200 4316 2113 4315 2200 4316 2114 4317 2114 4317 2200 4316 2201 4318 2114 4317 2201 4318 2115 4319 2115 4319 2201 4318 2202 4320 2115 4319 2202 4320 2116 4321 2116 4321 2202 4320 2203 4322 2116 4321 2203 4322 2117 4323 2117 4323 2203 4322 2204 4324 2117 4323 2204 4324 2118 4325 2118 4325 2204 4324 2205 4326 2118 4325 2205 4326 2119 4327 2119 4327 2205 4326 2206 4328 2119 4327 2206 4328 2120 4329 2120 4329 2206 4328 2207 4330 2120 4329 2207 4330 2121 4331 2121 4331 2207 4330 2208 4332 2121 4331 2208 4332 2122 4333 2122 4333 2208 4332 2209 4334 2122 4333 2209 4334 2123 4335 2123 4335 2209 4334 2210 4336 2123 4335 2210 4336 2124 4337 2124 4337 2210 4336 2211 4338 2124 4337 2211 4338 2125 4339 2125 4339 2211 4338 2212 4340 2125 4339 2212 4340 2126 4341 2126 4341 2212 4340 2213 4342 2126 4341 2213 4342 2127 4343 2127 4343 2213 4342 2214 4344 2127 4343 2214 4344 2128 4345 2128 4345 2214 4344 2215 4346 2128 4345 2215 4346 2129 4347 2129 4347 2215 4346 2216 4348 2129 4347 2216 4348 2130 4349 2130 4349 2216 4348 2217 4350 2130 4349 2217 4350 2131 4351 2131 4351 2217 4350 2218 4352 2131 4351 2218 4352 2132 4353 2132 4353 2218 4352 2219 4354 2132 4353 2219 4354 2133 4355 2133 4355 2219 4354 2220 4356 2133 4355 2220 4356 2134 4357 2134 4357 2220 4356 2221 4358 2134 4357 2221 4358 2135 4359 2135 4359 2221 4358 2222 4360 2135 4359 2222 4360 2136 4361 2136 4361 2222 4360 2223 4362 2136 4361 2223 4362 2137 4363 2137 4363 2223 4362 2224 4364 2137 4363 2224 4364 2138 4365 2138 4365 2224 4364 2225 4366 2138 4365 2225 4366 2139 4367 2139 4367 2225 4366 2226 4368 2139 4367 2226 4368 2140 4369 2140 4369 2226 4368 2227 4370 2140 4369 2227 4370 2141 4371 2141 4371 2227 4370 2228 4372 2141 4371 2228 4372 2142 4373 2142 4373 2228 4372 2229 4374 2142 4373 2229 4374 2143 4375 2143 4375 2229 4374 2230 4376 2143 4375 2230 4376 2144 4377 2144 4377 2230 4376 2231 4378 2144 4377 2231 4378 2145 4379 2145 4379 2231 4378 2232 4380 2145 4379 2232 4380 2146 4381 2146 4381 2232 4380 2233 4382 2146 4381 2233 4382 2147 4383 2147 4383 2233 4382 2234 4384 2147 4383 2234 4384 2148 4385 2148 4385 2234 4384 2235 4386 2148 4385 2235 4386 2149 4387 2149 4387 2235 4386 2236 4388 2149 4387 2236 4388 2150 4389 2150 4389 2236 4388 2237 4390 2150 4389 2237 4390 2151 4391 2151 4391 2237 4390 2238 4392 2151 4391 2238 4392 2152 4393 2152 4393 2238 4392 2239 4394 2152 4393 2239 4394 2153 4395 2153 4395 2239 4394 2240 4396 2153 4395 2240 4396 2154 4397 2154 4397 2240 4396 2241 4398 2154 4397 2241 4398 2155 4399 2155 4399 2241 4398 2242 4400 2155 4399 2242 4400 2156 4401 2156 4401 2242 4400 2243 4402 2156 4401 2243 4402 2157 4403 2157 4403 2243 4402 2244 4404 2157 4403 2244 4404 2158 4405 2158 4405 2244 4404 2245 4406 2158 4405 2245 4406 2159 4407 2159 4407 2245 4406 2246 4408 2159 4407 2246 4408 2160 4409 2160 4409 2246 4408 2247 4410 2160 4409 2247 4410 2161 4411 2161 4411 2247 4410 2248 4412 2161 4411 2248 4412 2162 4413 2162 4413 2248 4412 2249 4414 2162 4413 2249 4414 2163 4415 2163 4415 2249 4414 2250 4416 2163 4415 2250 4416 2164 4417 2164 4417 2250 4416 2251 4418 2164 4417 2251 4418 2165 4419 2165 4419 2251 4418 2252 4420 2165 4419 2252 4420 2166 4421 2166 4421 2252 4420 2253 4422 2166 4421 2253 4422 2167 4423 2167 4423 2253 4422 2254 4424 2167 4423 2254 4424 2168 4425 2168 4425 2254 4424 2255 4426 2168 4425 2255 4426 2169 4427 2169 4427 2255 4426 2256 4428 2169 4427 2256 4428 2170 4429 2170 4429 2256 4428 2257 4430 2170 4429 2257 4430 2171 4431 2171 4431 2257 4430 2258 4432 2171 4431 2258 4432 2172 4433 2172 4433 2258 4432 2259 4434 2172 4433 2259 4434 2173 4435 2173 4435 2259 4434 2260 4436 2173 4435 2260 4436 2174 4437 2174 4437 2260 4436 2261 4438 2174 4437 2261 4438 2175 4439 2175 4439 2261 4438 2262 4440 2175 4439 2262 4440 2176 4441 2176 4441 2262 4440 2263 4442 2176 4441 2263 4442 2177 4443 2177 4443 2263 4442 2264 4444 2177 4443 2264 4444 2178 4445 2178 4445 2264 4444 2265 4446 2178 4445 2265 4446 2179 4447 2179 4447 2265 4446 2266 4448 2179 4447 2266 4448 2180 4449 2180 4449 2266 4448 2267 4450 2180 4449 2267 4450 2181 4451 2181 4451 2267 4450 2268 4452 2181 4451 2268 4452 2182 4453 2182 4453 2268 4452 2269 4454 2182 4453 2269 4454 2183 4455 2183 4455 2269 4454 2270 4456 2183 4455 2270 4456 2184 4457 2184 4457 2270 4456 2271 4458 2184 4457 2271 4458 2185 4459 2185 4459 2271 4458 2272 4460 2185 4459 2272 4460 2186 4461 2186 4461 2272 4460 2273 4462 2186 4461 2273 4462 2187 4463 2187 4463 2273 4462 2274 4464 2187 4463 2274 4464 2188 4465 2188 4465 2274 4464 2275 4466 2188 4465 2275 4466 2189 4467 2189 4467 2275 4466 2276 4468 2189 4467 2276 4468 2190 4469 2190 4469 2276 4468 2277 4470 2190 4469 2277 4470 2191 4471 2191 4471 2277 4470 2278 4472 2191 4471 2278 4472 2192 4473 2192 4473 2278 4472 2279 4474 2192 4473 2279 4474 2193 4475 2193 4475 2279 4474 2280 4476 2193 4475 2280 4476 2194 4477 2194 4477 2280 4476 2281 4478 2194 4477 2281 4478 2195 4479 2195 4479 2281 4478 2282 4480 2195 4479 2282 4480 2196 4307 2196 4307 2282 4480 2283 4308 2368 4481 2284 4482 2369 4483 2369 4483 2284 4482 2285 4484 2369 4483 2285 4484 2453 4485 2453 4485 2285 4484 2286 4486 2453 4485 2286 4486 2452 4487 2452 4487 2286 4486 2287 4488 2452 4487 2287 4488 2451 4489 2451 4489 2287 4488 2288 4490 2451 4489 2288 4490 2450 4491 2450 4491 2288 4490 2289 4492 2450 4491 2289 4492 2449 4493 2449 4493 2289 4492 2290 4494 2449 4493 2290 4494 2448 4495 2448 4495 2290 4494 2291 4496 2448 4495 2291 4496 2447 4497 2447 4497 2291 4496 2292 4498 2447 4497 2292 4498 2446 4499 2446 4499 2292 4498 2293 4500 2446 4499 2293 4500 2445 4501 2445 4501 2293 4500 2294 4502 2445 4501 2294 4502 2444 4503 2444 4503 2294 4502 2295 4504 2444 4503 2295 4504 2443 4505 2443 4505 2295 4504 2296 4506 2443 4505 2296 4506 2442 4507 2442 4507 2296 4506 2297 4508 2442 4507 2297 4508 2441 4509 2441 4509 2297 4508 2298 4510 2441 4509 2298 4510 2440 4511 2440 4511 2298 4510 2299 4512 2440 4511 2299 4512 2439 4513 2439 4513 2299 4512 2300 4514 2439 4513 2300 4514 2438 4515 2438 4515 2300 4514 2301 4516 2438 4515 2301 4516 2437 4517 2437 4517 2301 4516 2302 4518 2437 4517 2302 4518 2436 4519 2436 4519 2302 4518 2303 4520 2436 4519 2303 4520 2435 4521 2435 4521 2303 4520 2304 4522 2435 4521 2304 4522 2434 4523 2434 4523 2304 4522 2305 4524 2434 4523 2305 4524 2433 4525 2433 4525 2305 4524 2432 4526 2432 4526 2305 4524 2306 4527 2432 4526 2306 4527 2431 4528 2431 4528 2306 4527 2307 4529 2431 4528 2307 4529 2430 4530 2430 4530 2307 4529 2308 4531 2430 4530 2308 4531 2429 4532 2429 4532 2308 4531 2309 4533 2429 4532 2309 4533 2428 4534 2428 4534 2309 4533 2310 4535 2428 4534 2310 4535 2427 4536 2427 4536 2310 4535 2311 4537 2427 4536 2311 4537 2426 4538 2426 4538 2311 4537 2312 4539 2426 4538 2312 4539 2425 4540 2425 4540 2312 4539 2313 4541 2425 4540 2313 4541 2424 4542 2424 4542 2313 4541 2314 4543 2424 4542 2314 4543 2423 4544 2423 4544 2314 4543 2315 4545 2423 4544 2315 4545 2422 4546 2422 4546 2315 4545 2316 4547 2422 4546 2316 4547 2421 4548 2421 4548 2316 4547 2317 4549 2421 4548 2317 4549 2420 4550 2420 4550 2317 4549 2318 4551 2420 4550 2318 4551 2419 4552 2419 4552 2318 4551 2319 4553 2419 4552 2319 4553 2418 4554 2418 4554 2319 4553 2320 4555 2418 4554 2320 4555 2417 4556 2417 4556 2320 4555 2321 4557 2417 4556 2321 4557 2416 4558 2416 4558 2321 4557 2322 4559 2416 4558 2322 4559 2415 4560 2415 4560 2322 4559 2323 4561 2415 4560 2323 4561 2414 4562 2414 4562 2323 4561 2324 4563 2414 4562 2324 4563 2413 4564 2413 4564 2324 4563 2325 4565 2413 4564 2325 4565 2412 4566 2412 4566 2325 4565 2326 4567 2412 4566 2326 4567 2327 4568 2412 4566 2327 4568 2411 4569 2411 4569 2327 4568 2328 4570 2411 4569 2328 4570 2410 4571 2410 4571 2328 4570 2329 4572 2410 4571 2329 4572 2409 4573 2409 4573 2329 4572 2330 4574 2409 4573 2330 4574 2408 4575 2408 4575 2330 4574 2331 4576 2408 4575 2331 4576 2407 4577 2407 4577 2331 4576 2332 4578 2407 4577 2332 4578 2406 4579 2406 4579 2332 4578 2333 4580 2406 4579 2333 4580 2405 4581 2405 4581 2333 4580 2334 4582 2405 4581 2334 4582 2404 4583 2404 4583 2334 4582 2335 4584 2404 4583 2335 4584 2403 4585 2403 4585 2335 4584 2336 4586 2403 4585 2336 4586 2402 4587 2402 4587 2336 4586 2337 4588 2402 4587 2337 4588 2401 4589 2401 4589 2337 4588 2338 4590 2401 4589 2338 4590 2400 4591 2400 4591 2338 4590 2339 4592 2400 4591 2339 4592 2399 4593 2399 4593 2339 4592 2340 4594 2399 4593 2340 4594 2398 4595 2398 4595 2340 4594 2341 4596 2398 4595 2341 4596 2397 4597 2397 4597 2341 4596 2342 4598 2397 4597 2342 4598 2396 4599 2396 4599 2342 4598 2343 4600 2396 4599 2343 4600 2395 4601 2395 4601 2343 4600 2344 4602 2395 4601 2344 4602 2394 4603 2394 4603 2344 4602 2345 4604 2394 4603 2345 4604 2393 4605 2393 4605 2345 4604 2346 4606 2393 4605 2346 4606 2392 4607 2392 4607 2346 4606 2347 4608 2392 4607 2347 4608 2391 4609 2391 4609 2347 4608 2348 4610 2391 4609 2348 4610 2390 4611 2390 4611 2348 4610 2389 4612 2389 4612 2348 4610 2349 4613 2389 4612 2349 4613 2388 4614 2388 4614 2349 4613 2350 4615 2388 4614 2350 4615 2387 4616 2387 4616 2350 4615 2351 4617 2387 4616 2351 4617 2386 4618 2386 4618 2351 4617 2352 4619 2386 4618 2352 4619 2385 4620 2385 4620 2352 4619 2353 4621 2385 4620 2353 4621 2384 4622 2384 4622 2353 4621 2354 4623 2384 4622 2354 4623 2383 4624 2383 4624 2354 4623 2355 4625 2383 4624 2355 4625 2382 4626 2382 4626 2355 4625 2356 4627 2382 4626 2356 4627 2381 4628 2381 4628 2356 4627 2357 4629 2381 4628 2357 4629 2380 4630 2380 4630 2357 4629 2358 4631 2380 4630 2358 4631 2379 4632 2379 4632 2358 4631 2359 4633 2379 4632 2359 4633 2378 4634 2378 4634 2359 4633 2360 4635 2378 4634 2360 4635 2377 4636 2377 4636 2360 4635 2361 4637 2377 4636 2361 4637 2376 4638 2376 4638 2361 4637 2362 4639 2376 4638 2362 4639 2375 4640 2375 4640 2362 4639 2363 4641 2375 4640 2363 4641 2374 4642 2374 4642 2363 4641 2364 4643 2374 4642 2364 4643 2373 4644 2373 4644 2364 4643 2365 4645 2373 4644 2365 4645 2372 4646 2372 4646 2365 4645 2366 4647 2372 4646 2366 4647 2371 4648 2371 4648 2366 4647 2367 4649 2371 4648 2367 4649 2370 4650 2370 4650 2367 4649 2368 4481 2370 4650 2368 4481 2369 4483 2283 4651 2540 4652 2197 4653 2197 4653 2540 4652 2454 4654 2197 4653 2454 4654 2455 4655 2540 4652 2283 4651 2539 4656 2539 4656 2283 4651 2282 4657 2539 4656 2282 4657 2538 4658 2538 4658 2282 4657 2281 4659 2538 4658 2281 4659 2537 4660 2537 4660 2281 4659 2280 4661 2537 4660 2280 4661 2536 4662 2536 4662 2280 4661 2279 4663 2536 4662 2279 4663 2535 4664 2535 4664 2279 4663 2278 4665 2535 4664 2278 4665 2534 4666 2534 4666 2278 4665 2277 4667 2534 4666 2277 4667 2533 4668 2533 4668 2277 4667 2276 4669 2533 4668 2276 4669 2532 4670 2532 4670 2276 4669 2275 4671 2532 4670 2275 4671 2531 4672 2531 4672 2275 4671 2274 4673 2531 4672 2274 4673 2530 4674 2530 4674 2274 4673 2273 4675 2530 4674 2273 4675 2529 4676 2529 4676 2273 4675 2272 4677 2529 4676 2272 4677 2528 4678 2528 4678 2272 4677 2271 4679 2528 4678 2271 4679 2527 4680 2527 4680 2271 4679 2270 4681 2527 4680 2270 4681 2526 4682 2526 4682 2270 4681 2269 4683 2526 4682 2269 4683 2525 4684 2525 4684 2269 4683 2268 4685 2525 4684 2268 4685 2524 4686 2524 4686 2268 4685 2267 4687 2524 4686 2267 4687 2523 4688 2523 4688 2267 4687 2266 4689 2523 4688 2266 4689 2522 4690 2522 4690 2266 4689 2265 4691 2522 4690 2265 4691 2521 4692 2521 4692 2265 4691 2264 4693 2521 4692 2264 4693 2520 4694 2520 4694 2264 4693 2263 4695 2520 4694 2263 4695 2519 4696 2519 4696 2263 4695 2262 4697 2519 4696 2262 4697 2261 4698 2519 4696 2261 4698 2518 4699 2518 4699 2261 4698 2260 4700 2518 4699 2260 4700 2517 4701 2517 4701 2260 4700 2259 4702 2517 4701 2259 4702 2516 4703 2516 4703 2259 4702 2258 4704 2516 4703 2258 4704 2515 4705 2515 4705 2258 4704 2257 4706 2515 4705 2257 4706 2514 4707 2514 4707 2257 4706 2256 4708 2514 4707 2256 4708 2513 4709 2513 4709 2256 4708 2255 4710 2513 4709 2255 4710 2512 4711 2512 4711 2255 4710 2254 4712 2512 4711 2254 4712 2511 4713 2511 4713 2254 4712 2253 4714 2511 4713 2253 4714 2510 4715 2510 4715 2253 4714 2252 4716 2510 4715 2252 4716 2509 4717 2509 4717 2252 4716 2251 4718 2509 4717 2251 4718 2508 4719 2508 4719 2251 4718 2250 4720 2508 4719 2250 4720 2507 4721 2507 4721 2250 4720 2249 4722 2507 4721 2249 4722 2506 4723 2506 4723 2249 4722 2248 4724 2506 4723 2248 4724 2505 4725 2505 4725 2248 4724 2247 4726 2505 4725 2247 4726 2504 4727 2504 4727 2247 4726 2246 4728 2504 4727 2246 4728 2503 4729 2503 4729 2246 4728 2245 4730 2503 4729 2245 4730 2502 4731 2502 4731 2245 4730 2244 4732 2502 4731 2244 4732 2501 4733 2501 4733 2244 4732 2243 4734 2501 4733 2243 4734 2500 4735 2500 4735 2243 4734 2242 4736 2500 4735 2242 4736 2499 4737 2499 4737 2242 4736 2241 4738 2499 4737 2241 4738 2498 4739 2498 4739 2241 4738 2240 4740 2498 4739 2240 4740 2497 4741 2497 4741 2240 4740 2496 4742 2496 4742 2240 4740 2239 4743 2496 4742 2239 4743 2495 4744 2495 4744 2239 4743 2238 4745 2495 4744 2238 4745 2494 4746 2494 4746 2238 4745 2237 4747 2494 4746 2237 4747 2493 4748 2493 4748 2237 4747 2236 4749 2493 4748 2236 4749 2492 4750 2492 4750 2236 4749 2235 4751 2492 4750 2235 4751 2491 4752 2491 4752 2235 4751 2234 4753 2491 4752 2234 4753 2490 4754 2490 4754 2234 4753 2233 4755 2490 4754 2233 4755 2489 4756 2489 4756 2233 4755 2232 4757 2489 4756 2232 4757 2488 4758 2488 4758 2232 4757 2231 4759 2488 4758 2231 4759 2487 4760 2487 4760 2231 4759 2230 4761 2487 4760 2230 4761 2486 4762 2486 4762 2230 4761 2229 4763 2486 4762 2229 4763 2485 4764 2485 4764 2229 4763 2228 4765 2485 4764 2228 4765 2484 4766 2484 4766 2228 4765 2227 4767 2484 4766 2227 4767 2483 4768 2483 4768 2227 4767 2226 4769 2483 4768 2226 4769 2482 4770 2482 4770 2226 4769 2225 4771 2482 4770 2225 4771 2481 4772 2481 4772 2225 4771 2224 4773 2481 4772 2224 4773 2480 4774 2480 4774 2224 4773 2223 4775 2480 4774 2223 4775 2479 4776 2479 4776 2223 4775 2222 4777 2479 4776 2222 4777 2478 4778 2478 4778 2222 4777 2221 4779 2478 4778 2221 4779 2477 4780 2477 4780 2221 4779 2220 4781 2477 4780 2220 4781 2476 4782 2476 4782 2220 4781 2219 4783 2476 4782 2219 4783 2218 4784 2476 4782 2218 4784 2475 4785 2475 4785 2218 4784 2217 4786 2475 4785 2217 4786 2474 4787 2474 4787 2217 4786 2216 4788 2474 4787 2216 4788 2473 4789 2473 4789 2216 4788 2215 4790 2473 4789 2215 4790 2472 4791 2472 4791 2215 4790 2214 4792 2472 4791 2214 4792 2471 4793 2471 4793 2214 4792 2213 4794 2471 4793 2213 4794 2470 4795 2470 4795 2213 4794 2212 4796 2470 4795 2212 4796 2469 4797 2469 4797 2212 4796 2211 4798 2469 4797 2211 4798 2468 4799 2468 4799 2211 4798 2210 4800 2468 4799 2210 4800 2467 4801 2467 4801 2210 4800 2209 4802 2467 4801 2209 4802 2466 4803 2466 4803 2209 4802 2208 4804 2466 4803 2208 4804 2465 4805 2465 4805 2208 4804 2207 4806 2465 4805 2207 4806 2464 4807 2464 4807 2207 4806 2206 4808 2464 4807 2206 4808 2463 4809 2463 4809 2206 4808 2205 4810 2463 4809 2205 4810 2462 4811 2462 4811 2205 4810 2204 4812 2462 4811 2204 4812 2461 4813 2461 4813 2204 4812 2203 4814 2461 4813 2203 4814 2460 4815 2460 4815 2203 4814 2202 4816 2460 4815 2202 4816 2459 4817 2459 4817 2202 4816 2201 4818 2459 4817 2201 4818 2458 4819 2458 4819 2201 4818 2200 4820 2458 4819 2200 4820 2457 4821 2457 4821 2200 4820 2199 4822 2457 4821 2199 4822 2456 4823 2456 4823 2199 4822 2198 4824 2456 4823 2198 4824 2455 4655 2455 4655 2198 4824 2197 4653 2540 4825 2550 4826 2454 4827 2454 4827 2550 4826 2563 4828 2454 4827 2563 4828 3150 4829 3150 4829 2563 4828 2562 4830 3150 4829 2562 4830 3151 4831 3151 4831 2562 4830 2561 4832 3151 4831 2561 4832 3152 4833 3152 4833 2561 4832 2560 4834 3152 4833 2560 4834 3153 4835 3153 4835 2560 4834 2559 4836 3153 4835 2559 4836 3154 4837 3154 4837 2559 4836 2558 4838 3154 4837 2558 4838 3155 4839 3155 4839 2558 4838 2557 4840 3155 4839 2557 4840 3156 4841 3156 4841 2557 4840 2284 4842 3156 4841 2284 4842 2368 4843 2550 4826 2540 4825 2564 4844 2564 4844 2540 4825 2539 4845 2564 4844 2539 4845 2571 4846 2571 4846 2539 4845 2538 4847 2571 4846 2538 4847 2578 4848 2578 4848 2538 4847 2537 4849 2578 4848 2537 4849 2585 4850 2585 4850 2537 4849 2536 4851 2585 4850 2536 4851 2592 4852 2592 4852 2536 4851 2535 4853 2592 4852 2535 4853 2599 4854 2599 4854 2535 4853 2534 4855 2599 4854 2534 4855 2606 4856 2606 4856 2534 4855 2533 4857 2606 4856 2533 4857 2613 4858 2613 4858 2533 4857 2532 4859 2613 4858 2532 4859 2620 4860 2620 4860 2532 4859 2531 4861 2620 4860 2531 4861 2627 4862 2627 4862 2531 4861 2530 4863 2627 4862 2530 4863 2634 4864 2634 4864 2530 4863 2529 4865 2634 4864 2529 4865 2641 4866 2641 4866 2529 4865 2528 4867 2641 4866 2528 4867 2648 4868 2648 4868 2528 4867 2527 4869 2648 4868 2527 4869 2655 4870 2655 4870 2527 4869 2526 4871 2655 4870 2526 4871 2662 4872 2662 4872 2526 4871 2525 4873 2662 4872 2525 4873 2669 4874 2669 4874 2525 4873 2524 4875 2669 4874 2524 4875 2676 4876 2676 4876 2524 4875 2523 4877 2676 4876 2523 4877 2683 4878 2683 4878 2523 4877 2522 4879 2683 4878 2522 4879 2690 4880 2690 4880 2522 4879 2521 4881 2690 4880 2521 4881 2697 4882 2697 4882 2521 4881 2520 4883 2697 4882 2520 4883 2704 4884 2704 4884 2520 4883 2519 4885 2704 4884 2519 4885 2711 4886 2711 4886 2519 4885 2518 4887 2711 4886 2518 4887 2718 4888 2718 4888 2518 4887 2517 4889 2718 4888 2517 4889 2725 4890 2725 4890 2517 4889 2516 4891 2725 4890 2516 4891 2732 4892 2732 4892 2516 4891 2515 4893 2732 4892 2515 4893 2739 4894 2739 4894 2515 4893 2514 4895 2739 4894 2514 4895 2746 4896 2746 4896 2514 4895 2513 4897 2746 4896 2513 4897 2753 4898 2753 4898 2513 4897 2512 4899 2753 4898 2512 4899 2760 4900 2760 4900 2512 4899 2511 4901 2760 4900 2511 4901 2766 4902 2766 4902 2511 4901 2510 4903 2766 4902 2510 4903 2773 4904 2773 4904 2510 4903 2509 4905 2773 4904 2509 4905 2780 4906 2780 4906 2509 4905 2508 4907 2780 4906 2508 4907 2787 4908 2787 4908 2508 4907 2507 4909 2787 4908 2507 4909 2794 4910 2794 4910 2507 4909 2506 4911 2794 4910 2506 4911 2801 4912 2801 4912 2506 4911 2505 4913 2801 4912 2505 4913 2808 4914 2808 4914 2505 4913 2504 4915 2808 4914 2504 4915 2815 4916 2815 4916 2504 4915 2503 4917 2815 4916 2503 4917 2822 4918 2822 4918 2503 4917 2502 4919 2822 4918 2502 4919 2829 4920 2829 4920 2502 4919 2501 4921 2829 4920 2501 4921 2836 4922 2836 4922 2501 4921 2500 4923 2836 4922 2500 4923 2843 4924 2843 4924 2500 4923 2499 4925 2843 4924 2499 4925 2850 4926 2850 4926 2499 4925 2498 4927 2850 4926 2498 4927 2857 4928 2857 4928 2498 4927 2497 4929 2857 4928 2497 4929 2864 4930 2864 4930 2497 4929 2496 4931 2864 4930 2496 4931 2871 4932 2871 4932 2496 4931 2495 4933 2871 4932 2495 4933 2878 4934 2878 4934 2495 4933 2494 4935 2878 4934 2494 4935 2885 4936 2885 4936 2494 4935 2493 4937 2885 4936 2493 4937 2892 4938 2892 4938 2493 4937 2492 4939 2892 4938 2492 4939 2899 4940 2899 4940 2492 4939 2491 4941 2899 4940 2491 4941 2906 4942 2906 4942 2491 4941 2490 4943 2906 4942 2490 4943 2913 4944 2913 4944 2490 4943 2489 4945 2913 4944 2489 4945 2920 4946 2920 4946 2489 4945 2488 4947 2920 4946 2488 4947 2927 4948 2927 4948 2488 4947 2487 4949 2927 4948 2487 4949 2934 4950 2934 4950 2487 4949 2486 4951 2934 4950 2486 4951 2941 4952 2941 4952 2486 4951 2485 4953 2941 4952 2485 4953 2948 4954 2948 4954 2485 4953 2484 4955 2948 4954 2484 4955 2955 4956 2955 4956 2484 4955 2483 4957 2955 4956 2483 4957 2961 4958 2961 4958 2483 4957 2482 4959 2961 4958 2482 4959 2968 4960 2968 4960 2482 4959 2481 4961 2968 4960 2481 4961 2975 4962 2975 4962 2481 4961 2480 4963 2975 4962 2480 4963 2982 4964 2982 4964 2480 4963 2479 4965 2982 4964 2479 4965 2989 4966 2989 4966 2479 4965 2478 4967 2989 4966 2478 4967 2996 4968 2996 4968 2478 4967 2477 4969 2996 4968 2477 4969 3003 4970 3003 4970 2477 4969 2476 4971 3003 4970 2476 4971 2541 4972 2541 4972 2476 4971 2475 4973 2541 4972 2475 4973 3010 4974 3010 4974 2475 4973 2474 4975 3010 4974 2474 4975 3017 4976 3017 4976 2474 4975 2473 4977 3017 4976 2473 4977 3024 4978 3024 4978 2473 4977 2472 4979 3024 4978 2472 4979 3031 4980 3031 4980 2472 4979 2471 4981 3031 4980 2471 4981 3038 4982 3038 4982 2471 4981 2470 4983 3038 4982 2470 4983 3045 4984 3045 4984 2470 4983 2469 4985 3045 4984 2469 4985 3052 4986 3052 4986 2469 4985 2468 4987 3052 4986 2468 4987 3059 4988 3059 4988 2468 4987 2467 4989 3059 4988 2467 4989 3066 4990 3066 4990 2467 4989 2466 4991 3066 4990 2466 4991 3073 4992 3073 4992 2466 4991 2465 4993 3073 4992 2465 4993 3080 4994 3080 4994 2465 4993 2464 4995 3080 4994 2464 4995 3087 4996 3087 4996 2464 4995 2463 4997 3087 4996 2463 4997 3094 4998 3094 4998 2463 4997 2462 4999 3094 4998 2462 4999 3101 5000 3101 5000 2462 4999 2461 5001 3101 5000 2461 5001 3108 5002 3108 5002 2461 5001 2460 5003 3108 5002 2460 5003 3115 5004 3115 5004 2460 5003 2459 5005 3115 5004 2459 5005 3122 5006 3122 5006 2459 5005 2458 5007 3122 5006 2458 5007 3129 5008 3129 5008 2458 5007 2457 5009 3129 5008 2457 5009 3136 5010 3136 5010 2457 5009 2456 5011 3136 5010 2456 5011 3143 5012 3143 5012 2456 5011 2455 5013 3143 5012 2455 5013 3150 4829 3150 4829 2455 5013 2454 4827 3156 4841 2368 4843 3149 5014 3149 5014 2368 4843 2367 5015 3149 5014 2367 5015 3142 5016 3142 5016 2367 5015 2366 5017 3142 5016 2366 5017 3135 5018 3135 5018 2366 5017 2365 5019 3135 5018 2365 5019 3128 5020 3128 5020 2365 5019 2364 5021 3128 5020 2364 5021 3121 5022 3121 5022 2364 5021 2363 5023 3121 5022 2363 5023 3114 5024 3114 5024 2363 5023 2362 5025 3114 5024 2362 5025 3107 5026 3107 5026 2362 5025 2361 5027 3107 5026 2361 5027 3100 5028 3100 5028 2361 5027 2360 5029 3100 5028 2360 5029 3093 5030 3093 5030 2360 5029 2359 5031 3093 5030 2359 5031 3086 5032 3086 5032 2359 5031 2358 5033 3086 5032 2358 5033 3079 5034 3079 5034 2358 5033 2357 5035 3079 5034 2357 5035 3072 5036 3072 5036 2357 5035 2356 5037 3072 5036 2356 5037 3065 5038 3065 5038 2356 5037 2355 5039 3065 5038 2355 5039 3058 5040 3058 5040 2355 5039 2354 5041 3058 5040 2354 5041 3051 5042 3051 5042 2354 5041 2353 5043 3051 5042 2353 5043 3044 5044 3044 5044 2353 5043 2352 5045 3044 5044 2352 5045 3037 5046 3037 5046 2352 5045 2351 5047 3037 5046 2351 5047 3030 5048 3030 5048 2351 5047 2350 5049 3030 5048 2350 5049 3023 5050 3023 5050 2350 5049 2349 5051 3023 5050 2349 5051 3016 5052 3016 5052 2349 5051 2348 5053 3016 5052 2348 5053 2547 5054 2547 5054 2348 5053 2347 5055 2547 5054 2347 5055 3009 5056 3009 5056 2347 5055 2346 5057 3009 5056 2346 5057 3002 5058 3002 5058 2346 5057 2345 5059 3002 5058 2345 5059 2995 5060 2995 5060 2345 5059 2344 5061 2995 5060 2344 5061 2988 5062 2988 5062 2344 5061 2343 5063 2988 5062 2343 5063 2981 5064 2981 5064 2343 5063 2342 5065 2981 5064 2342 5065 2974 5066 2974 5066 2342 5065 2341 5067 2974 5066 2341 5067 2967 5068 2967 5068 2341 5067 2549 5069 2967 5068 2549 5069 2960 5070 2960 5070 2549 5069 2953 5071 2960 5070 2953 5071 2952 5072 2952 5072 2953 5071 2945 5073 2952 5072 2945 5073 2944 5074 2944 5074 2945 5073 2937 5075 2944 5074 2937 5075 2936 5076 2936 5076 2937 5075 2929 5077 2936 5076 2929 5077 2928 5078 2928 5078 2929 5077 2921 5079 2928 5078 2921 5079 2920 4946 2920 4946 2921 5079 2913 4944 2341 5067 2340 5080 2549 5069 2549 5069 2340 5080 2954 5081 2549 5069 2954 5081 2953 5071 2953 5071 2954 5081 2946 5082 2953 5071 2946 5082 2945 5073 2945 5073 2946 5082 2938 5083 2945 5073 2938 5083 2937 5075 2937 5075 2938 5083 2930 5084 2937 5075 2930 5084 2929 5077 2929 5077 2930 5084 2922 5085 2929 5077 2922 5085 2921 5079 2921 5079 2922 5085 2914 5086 2921 5079 2914 5086 2913 4944 2913 4944 2914 5086 2906 4942 2340 5080 2339 5087 2954 5081 2954 5081 2339 5087 2947 5088 2954 5081 2947 5088 2946 5082 2946 5082 2947 5088 2939 5089 2946 5082 2939 5089 2938 5083 2938 5083 2939 5089 2931 5090 2938 5083 2931 5090 2930 5084 2930 5084 2931 5090 2923 5091 2930 5084 2923 5091 2922 5085 2922 5085 2923 5091 2915 5092 2922 5085 2915 5092 2914 5086 2914 5086 2915 5092 2907 5093 2914 5086 2907 5093 2906 4942 2906 4942 2907 5093 2899 4940 2339 5087 2338 5094 2947 5088 2947 5088 2338 5094 2940 5095 2947 5088 2940 5095 2939 5089 2939 5089 2940 5095 2932 5096 2939 5089 2932 5096 2931 5090 2931 5090 2932 5096 2924 5097 2931 5090 2924 5097 2923 5091 2923 5091 2924 5097 2916 5098 2923 5091 2916 5098 2915 5092 2915 5092 2916 5098 2908 5099 2915 5092 2908 5099 2907 5093 2907 5093 2908 5099 2900 5100 2907 5093 2900 5100 2899 4940 2899 4940 2900 5100 2892 4938 2338 5094 2337 5101 2940 5095 2940 5095 2337 5101 2933 5102 2940 5095 2933 5102 2932 5096 2932 5096 2933 5102 2925 5103 2932 5096 2925 5103 2924 5097 2924 5097 2925 5103 2917 5104 2924 5097 2917 5104 2916 5098 2916 5098 2917 5104 2909 5105 2916 5098 2909 5105 2908 5099 2908 5099 2909 5105 2901 5106 2908 5099 2901 5106 2900 5100 2900 5100 2901 5106 2893 5107 2900 5100 2893 5107 2892 4938 2892 4938 2893 5107 2885 4936 2337 5101 2336 5108 2933 5102 2933 5102 2336 5108 2926 5109 2933 5102 2926 5109 2925 5103 2925 5103 2926 5109 2918 5110 2925 5103 2918 5110 2917 5104 2917 5104 2918 5110 2910 5111 2917 5104 2910 5111 2909 5105 2909 5105 2910 5111 2902 5112 2909 5105 2902 5112 2901 5106 2901 5106 2902 5112 2894 5113 2901 5106 2894 5113 2893 5107 2893 5107 2894 5113 2886 5114 2893 5107 2886 5114 2885 4936 2885 4936 2886 5114 2878 4934 2336 5108 2335 5115 2926 5109 2926 5109 2335 5115 2919 5116 2926 5109 2919 5116 2918 5110 2918 5110 2919 5116 2911 5117 2918 5110 2911 5117 2910 5111 2910 5111 2911 5117 2903 5118 2910 5111 2903 5118 2902 5112 2902 5112 2903 5118 2895 5119 2902 5112 2895 5119 2894 5113 2894 5113 2895 5119 2887 5120 2894 5113 2887 5120 2886 5114 2886 5114 2887 5120 2879 5121 2886 5114 2879 5121 2878 4934 2878 4934 2879 5121 2871 4932 2335 5115 2334 5122 2919 5116 2919 5116 2334 5122 2912 5123 2919 5116 2912 5123 2911 5117 2911 5117 2912 5123 2904 5124 2911 5117 2904 5124 2903 5118 2903 5118 2904 5124 2896 5125 2903 5118 2896 5125 2895 5119 2895 5119 2896 5125 2888 5126 2895 5119 2888 5126 2887 5120 2887 5120 2888 5126 2880 5127 2887 5120 2880 5127 2879 5121 2879 5121 2880 5127 2872 5128 2879 5121 2872 5128 2871 4932 2871 4932 2872 5128 2864 4930 2334 5122 2333 5129 2912 5123 2912 5123 2333 5129 2905 5130 2912 5123 2905 5130 2904 5124 2904 5124 2905 5130 2897 5131 2904 5124 2897 5131 2896 5125 2896 5125 2897 5131 2889 5132 2896 5125 2889 5132 2888 5126 2888 5126 2889 5132 2881 5133 2888 5126 2881 5133 2880 5127 2880 5127 2881 5133 2873 5134 2880 5127 2873 5134 2872 5128 2872 5128 2873 5134 2865 5135 2872 5128 2865 5135 2864 4930 2864 4930 2865 5135 2857 4928 2333 5129 2332 5136 2905 5130 2905 5130 2332 5136 2898 5137 2905 5130 2898 5137 2897 5131 2897 5131 2898 5137 2890 5138 2897 5131 2890 5138 2889 5132 2889 5132 2890 5138 2882 5139 2889 5132 2882 5139 2881 5133 2881 5133 2882 5139 2874 5140 2881 5133 2874 5140 2873 5134 2873 5134 2874 5140 2866 5141 2873 5134 2866 5141 2865 5135 2865 5135 2866 5141 2858 5142 2865 5135 2858 5142 2857 4928 2857 4928 2858 5142 2850 4926 2332 5136 2331 5143 2898 5137 2898 5137 2331 5143 2891 5144 2898 5137 2891 5144 2890 5138 2890 5138 2891 5144 2883 5145 2890 5138 2883 5145 2882 5139 2882 5139 2883 5145 2875 5146 2882 5139 2875 5146 2874 5140 2874 5140 2875 5146 2867 5147 2874 5140 2867 5147 2866 5141 2866 5141 2867 5147 2859 5148 2866 5141 2859 5148 2858 5142 2858 5142 2859 5148 2851 5149 2858 5142 2851 5149 2850 4926 2850 4926 2851 5149 2843 4924 2331 5143 2330 5150 2891 5144 2891 5144 2330 5150 2884 5151 2891 5144 2884 5151 2883 5145 2883 5145 2884 5151 2876 5152 2883 5145 2876 5152 2875 5146 2875 5146 2876 5152 2868 5153 2875 5146 2868 5153 2867 5147 2867 5147 2868 5153 2860 5154 2867 5147 2860 5154 2859 5148 2859 5148 2860 5154 2852 5155 2859 5148 2852 5155 2851 5149 2851 5149 2852 5155 2844 5156 2851 5149 2844 5156 2843 4924 2843 4924 2844 5156 2836 4922 2330 5150 2329 5157 2884 5151 2884 5151 2329 5157 2877 5158 2884 5151 2877 5158 2876 5152 2876 5152 2877 5158 2869 5159 2876 5152 2869 5159 2868 5153 2868 5153 2869 5159 2861 5160 2868 5153 2861 5160 2860 5154 2860 5154 2861 5160 2853 5161 2860 5154 2853 5161 2852 5155 2852 5155 2853 5161 2845 5162 2852 5155 2845 5162 2844 5156 2844 5156 2845 5162 2837 5163 2844 5156 2837 5163 2836 4922 2836 4922 2837 5163 2829 4920 2329 5157 2328 5164 2877 5158 2877 5158 2328 5164 2870 5165 2877 5158 2870 5165 2869 5159 2869 5159 2870 5165 2862 5166 2869 5159 2862 5166 2861 5160 2861 5160 2862 5166 2854 5167 2861 5160 2854 5167 2853 5161 2853 5161 2854 5167 2846 5168 2853 5161 2846 5168 2845 5162 2845 5162 2846 5168 2838 5169 2845 5162 2838 5169 2837 5163 2837 5163 2838 5169 2830 5170 2837 5163 2830 5170 2829 4920 2829 4920 2830 5170 2822 4918 2328 5164 2327 5171 2870 5165 2870 5165 2327 5171 2863 5172 2870 5165 2863 5172 2862 5166 2862 5166 2863 5172 2855 5173 2862 5166 2855 5173 2854 5167 2854 5167 2855 5173 2847 5174 2854 5167 2847 5174 2846 5168 2846 5168 2847 5174 2839 5175 2846 5168 2839 5175 2838 5169 2838 5169 2839 5175 2831 5176 2838 5169 2831 5176 2830 5170 2830 5170 2831 5176 2823 5177 2830 5170 2823 5177 2822 4918 2822 4918 2823 5177 2815 4916 2327 5171 2326 5178 2863 5172 2863 5172 2326 5178 2856 5179 2863 5172 2856 5179 2855 5173 2855 5173 2856 5179 2848 5180 2855 5173 2848 5180 2847 5174 2847 5174 2848 5180 2840 5181 2847 5174 2840 5181 2839 5175 2839 5175 2840 5181 2832 5182 2839 5175 2832 5182 2831 5176 2831 5176 2832 5182 2824 5183 2831 5176 2824 5183 2823 5177 2823 5177 2824 5183 2816 5184 2823 5177 2816 5184 2815 4916 2815 4916 2816 5184 2808 4914 2326 5178 2325 5185 2856 5179 2856 5179 2325 5185 2849 5186 2856 5179 2849 5186 2848 5180 2848 5180 2849 5186 2841 5187 2848 5180 2841 5187 2840 5181 2840 5181 2841 5187 2833 5188 2840 5181 2833 5188 2832 5182 2832 5182 2833 5188 2825 5189 2832 5182 2825 5189 2824 5183 2824 5183 2825 5189 2817 5190 2824 5183 2817 5190 2816 5184 2816 5184 2817 5190 2809 5191 2816 5184 2809 5191 2808 4914 2808 4914 2809 5191 2801 4912 2325 5185 2324 5192 2849 5186 2849 5186 2324 5192 2842 5193 2849 5186 2842 5193 2841 5187 2841 5187 2842 5193 2834 5194 2841 5187 2834 5194 2833 5188 2833 5188 2834 5194 2826 5195 2833 5188 2826 5195 2825 5189 2825 5189 2826 5195 2818 5196 2825 5189 2818 5196 2817 5190 2817 5190 2818 5196 2810 5197 2817 5190 2810 5197 2809 5191 2809 5191 2810 5197 2802 5198 2809 5191 2802 5198 2801 4912 2801 4912 2802 5198 2794 4910 2324 5192 2323 5199 2842 5193 2842 5193 2323 5199 2835 5200 2842 5193 2835 5200 2834 5194 2834 5194 2835 5200 2827 5201 2834 5194 2827 5201 2826 5195 2826 5195 2827 5201 2819 5202 2826 5195 2819 5202 2818 5196 2818 5196 2819 5202 2811 5203 2818 5196 2811 5203 2810 5197 2810 5197 2811 5203 2803 5204 2810 5197 2803 5204 2802 5198 2802 5198 2803 5204 2795 5205 2802 5198 2795 5205 2794 4910 2794 4910 2795 5205 2787 4908 2323 5199 2322 5206 2835 5200 2835 5200 2322 5206 2828 5207 2835 5200 2828 5207 2827 5201 2827 5201 2828 5207 2820 5208 2827 5201 2820 5208 2819 5202 2819 5202 2820 5208 2812 5209 2819 5202 2812 5209 2811 5203 2811 5203 2812 5209 2804 5210 2811 5203 2804 5210 2803 5204 2803 5204 2804 5210 2796 5211 2803 5204 2796 5211 2795 5205 2795 5205 2796 5211 2788 5212 2795 5205 2788 5212 2787 4908 2787 4908 2788 5212 2780 4906 2322 5206 2321 5213 2828 5207 2828 5207 2321 5213 2821 5214 2828 5207 2821 5214 2820 5208 2820 5208 2821 5214 2813 5215 2820 5208 2813 5215 2812 5209 2812 5209 2813 5215 2805 5216 2812 5209 2805 5216 2804 5210 2804 5210 2805 5216 2797 5217 2804 5210 2797 5217 2796 5211 2796 5211 2797 5217 2789 5218 2796 5211 2789 5218 2788 5212 2788 5212 2789 5218 2781 5219 2788 5212 2781 5219 2780 4906 2780 4906 2781 5219 2773 4904 2321 5213 2320 5220 2821 5214 2821 5214 2320 5220 2814 5221 2821 5214 2814 5221 2813 5215 2813 5215 2814 5221 2806 5222 2813 5215 2806 5222 2805 5216 2805 5216 2806 5222 2798 5223 2805 5216 2798 5223 2797 5217 2797 5217 2798 5223 2790 5224 2797 5217 2790 5224 2789 5218 2789 5218 2790 5224 2782 5225 2789 5218 2782 5225 2781 5219 2781 5219 2782 5225 2774 5226 2781 5219 2774 5226 2773 4904 2773 4904 2774 5226 2766 4902 2320 5220 2319 5227 2814 5221 2814 5221 2319 5227 2807 5228 2814 5221 2807 5228 2806 5222 2806 5222 2807 5228 2799 5229 2806 5222 2799 5229 2798 5223 2798 5223 2799 5229 2791 5230 2798 5223 2791 5230 2790 5224 2790 5224 2791 5230 2783 5231 2790 5224 2783 5231 2782 5225 2782 5225 2783 5231 2775 5232 2782 5225 2775 5232 2774 5226 2774 5226 2775 5232 2767 5233 2774 5226 2767 5233 2766 4902 2766 4902 2767 5233 2760 4900 2319 5227 2318 5234 2807 5228 2807 5228 2318 5234 2800 5235 2807 5228 2800 5235 2799 5229 2799 5229 2800 5235 2792 5236 2799 5229 2792 5236 2791 5230 2791 5230 2792 5236 2784 5237 2791 5230 2784 5237 2783 5231 2783 5231 2784 5237 2776 5238 2783 5231 2776 5238 2775 5232 2775 5232 2776 5238 2768 5239 2775 5232 2768 5239 2767 5233 2767 5233 2768 5239 2761 5240 2767 5233 2761 5240 2760 4900 2760 4900 2761 5240 2753 4898 2318 5234 2317 5241 2800 5235 2800 5235 2317 5241 2793 5242 2800 5235 2793 5242 2792 5236 2792 5236 2793 5242 2785 5243 2792 5236 2785 5243 2784 5237 2784 5237 2785 5243 2777 5244 2784 5237 2777 5244 2776 5238 2776 5238 2777 5244 2769 5245 2776 5238 2769 5245 2768 5239 2768 5239 2769 5245 2762 5246 2768 5239 2762 5246 2761 5240 2761 5240 2762 5246 2754 5247 2761 5240 2754 5247 2753 4898 2753 4898 2754 5247 2746 4896 2317 5241 2316 5248 2793 5242 2793 5242 2316 5248 2786 5249 2793 5242 2786 5249 2785 5243 2785 5243 2786 5249 2778 5250 2785 5243 2778 5250 2777 5244 2777 5244 2778 5250 2770 5251 2777 5244 2770 5251 2769 5245 2769 5245 2770 5251 2763 5252 2769 5245 2763 5252 2762 5246 2762 5246 2763 5252 2755 5253 2762 5246 2755 5253 2754 5247 2754 5247 2755 5253 2747 5254 2754 5247 2747 5254 2746 4896 2746 4896 2747 5254 2739 4894 2316 5248 2315 5255 2786 5249 2786 5249 2315 5255 2779 5256 2786 5249 2779 5256 2778 5250 2778 5250 2779 5256 2771 5257 2778 5250 2771 5257 2770 5251 2770 5251 2771 5257 2764 5258 2770 5251 2764 5258 2763 5252 2763 5252 2764 5258 2756 5259 2763 5252 2756 5259 2755 5253 2755 5253 2756 5259 2748 5260 2755 5253 2748 5260 2747 5254 2747 5254 2748 5260 2740 5261 2747 5254 2740 5261 2739 4894 2739 4894 2740 5261 2732 4892 2315 5255 2314 5262 2779 5256 2779 5256 2314 5262 2772 5263 2779 5256 2772 5263 2771 5257 2771 5257 2772 5263 2765 5264 2771 5257 2765 5264 2764 5258 2764 5258 2765 5264 2757 5265 2764 5258 2757 5265 2756 5259 2756 5259 2757 5265 2749 5266 2756 5259 2749 5266 2748 5260 2748 5260 2749 5266 2741 5267 2748 5260 2741 5267 2740 5261 2740 5261 2741 5267 2733 5268 2740 5261 2733 5268 2732 4892 2732 4892 2733 5268 2725 4890 2314 5262 2313 5269 2772 5263 2772 5263 2313 5269 2548 5270 2772 5263 2548 5270 2765 5264 2765 5264 2548 5270 2758 5271 2765 5264 2758 5271 2757 5265 2757 5265 2758 5271 2750 5272 2757 5265 2750 5272 2749 5266 2749 5266 2750 5272 2742 5273 2749 5266 2742 5273 2741 5267 2741 5267 2742 5273 2734 5274 2741 5267 2734 5274 2733 5268 2733 5268 2734 5274 2726 5275 2733 5268 2726 5275 2725 4890 2725 4890 2726 5275 2718 4888 2313 5269 2312 5276 2548 5270 2548 5270 2312 5276 2759 5277 2548 5270 2759 5277 2758 5271 2758 5271 2759 5277 2751 5278 2758 5271 2751 5278 2750 5272 2750 5272 2751 5278 2743 5279 2750 5272 2743 5279 2742 5273 2742 5273 2743 5279 2735 5280 2742 5273 2735 5280 2734 5274 2734 5274 2735 5280 2727 5281 2734 5274 2727 5281 2726 5275 2726 5275 2727 5281 2719 5282 2726 5275 2719 5282 2718 4888 2718 4888 2719 5282 2711 4886 2759 5277 2312 5276 2752 5283 2752 5283 2312 5276 2311 5284 2752 5283 2311 5284 2745 5285 2745 5285 2311 5284 2310 5286 2745 5285 2310 5286 2738 5287 2738 5287 2310 5286 2309 5288 2738 5287 2309 5288 2731 5289 2731 5289 2309 5288 2308 5290 2731 5289 2308 5290 2724 5291 2724 5291 2308 5290 2307 5292 2724 5291 2307 5292 2717 5293 2717 5293 2307 5292 2306 5294 2717 5293 2306 5294 2710 5295 2710 5295 2306 5294 2305 5296 2710 5295 2305 5296 2703 5297 2703 5297 2305 5296 2304 5298 2703 5297 2304 5298 2696 5299 2696 5299 2304 5298 2303 5300 2696 5299 2303 5300 2689 5301 2689 5301 2303 5300 2302 5302 2689 5301 2302 5302 2682 5303 2682 5303 2302 5302 2301 5304 2682 5303 2301 5304 2675 5305 2675 5305 2301 5304 2300 5306 2675 5305 2300 5306 2668 5307 2668 5307 2300 5306 2299 5308 2668 5307 2299 5308 2661 5309 2661 5309 2299 5308 2298 5310 2661 5309 2298 5310 2654 5311 2654 5311 2298 5310 2297 5312 2654 5311 2297 5312 2647 5313 2647 5313 2297 5312 2296 5314 2647 5313 2296 5314 2640 5315 2640 5315 2296 5314 2295 5316 2640 5315 2295 5316 2633 5317 2633 5317 2295 5316 2294 5318 2633 5317 2294 5318 2626 5319 2626 5319 2294 5318 2293 5320 2626 5319 2293 5320 2619 5321 2619 5321 2293 5320 2292 5322 2619 5321 2292 5322 2612 5323 2612 5323 2292 5322 2291 5324 2612 5323 2291 5324 2605 5325 2605 5325 2291 5324 2290 5326 2605 5325 2290 5326 2598 5327 2598 5327 2290 5326 2289 5328 2598 5327 2289 5328 2591 5329 2591 5329 2289 5328 2288 5330 2591 5329 2288 5330 2584 5331 2584 5331 2288 5330 2287 5332 2584 5331 2287 5332 2577 5333 2577 5333 2287 5332 2286 5334 2577 5333 2286 5334 2570 5335 2570 5335 2286 5334 2285 5336 2570 5335 2285 5336 2556 5337 2556 5337 2285 5336 2284 4842 2556 5337 2284 4842 2557 4840 2541 4972 2542 5338 3003 4970 3003 4970 2542 5338 3004 5339 3003 4970 3004 5339 2996 4968 2996 4968 3004 5339 2997 5340 2996 4968 2997 5340 2989 4966 2989 4966 2997 5340 2990 5341 2989 4966 2990 5341 2982 4964 2982 4964 2990 5341 2983 5342 2982 4964 2983 5342 2975 4962 2975 4962 2983 5342 2976 5343 2975 4962 2976 5343 2968 4960 2968 4960 2976 5343 2969 5344 2968 4960 2969 5344 2961 4958 2961 4958 2969 5344 2962 5345 2961 4958 2962 5345 2955 4956 2955 4956 2962 5345 2956 5346 2955 4956 2956 5346 2948 4954 2948 4954 2956 5346 2949 5347 2948 4954 2949 5347 2941 4952 2941 4952 2949 5347 2942 5348 2941 4952 2942 5348 2934 4950 2934 4950 2942 5348 2935 5349 2934 4950 2935 5349 2927 4948 2927 4948 2935 5349 2928 5078 2927 4948 2928 5078 2920 4946 2542 5338 2543 5350 3004 5339 3004 5339 2543 5350 3005 5351 3004 5339 3005 5351 2997 5340 2997 5340 3005 5351 2998 5352 2997 5340 2998 5352 2990 5341 2990 5341 2998 5352 2991 5353 2990 5341 2991 5353 2983 5342 2983 5342 2991 5353 2984 5354 2983 5342 2984 5354 2976 5343 2976 5343 2984 5354 2977 5355 2976 5343 2977 5355 2969 5344 2969 5344 2977 5355 2970 5356 2969 5344 2970 5356 2962 5345 2962 5345 2970 5356 2963 5357 2962 5345 2963 5357 2956 5346 2956 5346 2963 5357 2957 5358 2956 5346 2957 5358 2949 5347 2949 5347 2957 5358 2950 5359 2949 5347 2950 5359 2942 5348 2942 5348 2950 5359 2943 5360 2942 5348 2943 5360 2935 5349 2935 5349 2943 5360 2936 5076 2935 5349 2936 5076 2928 5078 2542 5338 2541 4972 3011 5361 3011 5361 2541 4972 3010 4974 3011 5361 3010 4974 3018 5362 3018 5362 3010 4974 3017 4976 3018 5362 3017 4976 3025 5363 3025 5363 3017 4976 3024 4978 3025 5363 3024 4978 3032 5364 3032 5364 3024 4978 3031 4980 3032 5364 3031 4980 3039 5365 3039 5365 3031 4980 3038 4982 3039 5365 3038 4982 3046 5366 3046 5366 3038 4982 3045 4984 3046 5366 3045 4984 3053 5367 3053 5367 3045 4984 3052 4986 3053 5367 3052 4986 3060 5368 3060 5368 3052 4986 3059 4988 3060 5368 3059 4988 3067 5369 3067 5369 3059 4988 3066 4990 3067 5369 3066 4990 3074 5370 3074 5370 3066 4990 3073 4992 3074 5370 3073 4992 3081 5371 3081 5371 3073 4992 3080 4994 3081 5371 3080 4994 3088 5372 3088 5372 3080 4994 3087 4996 3088 5372 3087 4996 3095 5373 3095 5373 3087 4996 3094 4998 3095 5373 3094 4998 3102 5374 3102 5374 3094 4998 3101 5000 3102 5374 3101 5000 3109 5375 3109 5375 3101 5000 3108 5002 3109 5375 3108 5002 3116 5376 3116 5376 3108 5002 3115 5004 3116 5376 3115 5004 3123 5377 3123 5377 3115 5004 3122 5006 3123 5377 3122 5006 3130 5378 3130 5378 3122 5006 3129 5008 3130 5378 3129 5008 3137 5379 3137 5379 3129 5008 3136 5010 3137 5379 3136 5010 3144 5380 3144 5380 3136 5010 3143 5012 3144 5380 3143 5012 3151 4831 3151 4831 3143 5012 3150 4829 2543 5350 2544 5381 3005 5351 3005 5351 2544 5381 3006 5382 3005 5351 3006 5382 2998 5352 2998 5352 3006 5382 2999 5383 2998 5352 2999 5383 2991 5353 2991 5353 2999 5383 2992 5384 2991 5353 2992 5384 2984 5354 2984 5354 2992 5384 2985 5385 2984 5354 2985 5385 2977 5355 2977 5355 2985 5385 2978 5386 2977 5355 2978 5386 2970 5356 2970 5356 2978 5386 2971 5387 2970 5356 2971 5387 2963 5357 2963 5357 2971 5387 2964 5388 2963 5357 2964 5388 2957 5358 2957 5358 2964 5388 2958 5389 2957 5358 2958 5389 2950 5359 2950 5359 2958 5389 2951 5390 2950 5359 2951 5390 2943 5360 2943 5360 2951 5390 2944 5074 2943 5360 2944 5074 2936 5076 2543 5350 2542 5338 3012 5391 3012 5391 2542 5338 3011 5361 3012 5391 3011 5361 3019 5392 3019 5392 3011 5361 3018 5362 3019 5392 3018 5362 3026 5393 3026 5393 3018 5362 3025 5363 3026 5393 3025 5363 3033 5394 3033 5394 3025 5363 3032 5364 3033 5394 3032 5364 3040 5395 3040 5395 3032 5364 3039 5365 3040 5395 3039 5365 3047 5396 3047 5396 3039 5365 3046 5366 3047 5396 3046 5366 3054 5397 3054 5397 3046 5366 3053 5367 3054 5397 3053 5367 3061 5398 3061 5398 3053 5367 3060 5368 3061 5398 3060 5368 3068 5399 3068 5399 3060 5368 3067 5369 3068 5399 3067 5369 3075 5400 3075 5400 3067 5369 3074 5370 3075 5400 3074 5370 3082 5401 3082 5401 3074 5370 3081 5371 3082 5401 3081 5371 3089 5402 3089 5402 3081 5371 3088 5372 3089 5402 3088 5372 3096 5403 3096 5403 3088 5372 3095 5373 3096 5403 3095 5373 3103 5404 3103 5404 3095 5373 3102 5374 3103 5404 3102 5374 3110 5405 3110 5405 3102 5374 3109 5375 3110 5405 3109 5375 3117 5406 3117 5406 3109 5375 3116 5376 3117 5406 3116 5376 3124 5407 3124 5407 3116 5376 3123 5377 3124 5407 3123 5377 3131 5408 3131 5408 3123 5377 3130 5378 3131 5408 3130 5378 3138 5409 3138 5409 3130 5378 3137 5379 3138 5409 3137 5379 3145 5410 3145 5410 3137 5379 3144 5380 3145 5410 3144 5380 3152 4833 3152 4833 3144 5380 3151 4831 2544 5381 2545 5411 3006 5382 3006 5382 2545 5411 3007 5412 3006 5382 3007 5412 2999 5383 2999 5383 3007 5412 3000 5413 2999 5383 3000 5413 2992 5384 2992 5384 3000 5413 2993 5414 2992 5384 2993 5414 2985 5385 2985 5385 2993 5414 2986 5415 2985 5385 2986 5415 2978 5386 2978 5386 2986 5415 2979 5416 2978 5386 2979 5416 2971 5387 2971 5387 2979 5416 2972 5417 2971 5387 2972 5417 2964 5388 2964 5388 2972 5417 2965 5418 2964 5388 2965 5418 2958 5389 2958 5389 2965 5418 2959 5419 2958 5389 2959 5419 2951 5390 2951 5390 2959 5419 2952 5072 2951 5390 2952 5072 2944 5074 2544 5381 2543 5350 3013 5420 3013 5420 2543 5350 3012 5391 3013 5420 3012 5391 3020 5421 3020 5421 3012 5391 3019 5392 3020 5421 3019 5392 3027 5422 3027 5422 3019 5392 3026 5393 3027 5422 3026 5393 3034 5423 3034 5423 3026 5393 3033 5394 3034 5423 3033 5394 3041 5424 3041 5424 3033 5394 3040 5395 3041 5424 3040 5395 3048 5425 3048 5425 3040 5395 3047 5396 3048 5425 3047 5396 3055 5426 3055 5426 3047 5396 3054 5397 3055 5426 3054 5397 3062 5427 3062 5427 3054 5397 3061 5398 3062 5427 3061 5398 3069 5428 3069 5428 3061 5398 3068 5399 3069 5428 3068 5399 3076 5429 3076 5429 3068 5399 3075 5400 3076 5429 3075 5400 3083 5430 3083 5430 3075 5400 3082 5401 3083 5430 3082 5401 3090 5431 3090 5431 3082 5401 3089 5402 3090 5431 3089 5402 3097 5432 3097 5432 3089 5402 3096 5403 3097 5432 3096 5403 3104 5433 3104 5433 3096 5403 3103 5404 3104 5433 3103 5404 3111 5434 3111 5434 3103 5404 3110 5405 3111 5434 3110 5405 3118 5435 3118 5435 3110 5405 3117 5406 3118 5435 3117 5406 3125 5436 3125 5436 3117 5406 3124 5407 3125 5436 3124 5407 3132 5437 3132 5437 3124 5407 3131 5408 3132 5437 3131 5408 3139 5438 3139 5438 3131 5408 3138 5409 3139 5438 3138 5409 3146 5439 3146 5439 3138 5409 3145 5410 3146 5439 3145 5410 3153 4835 3153 4835 3145 5410 3152 4833 2545 5411 2546 5440 3007 5412 3007 5412 2546 5440 3008 5441 3007 5412 3008 5441 3000 5413 3000 5413 3008 5441 3001 5442 3000 5413 3001 5442 2993 5414 2993 5414 3001 5442 2994 5443 2993 5414 2994 5443 2986 5415 2986 5415 2994 5443 2987 5444 2986 5415 2987 5444 2979 5416 2979 5416 2987 5444 2980 5445 2979 5416 2980 5445 2972 5417 2972 5417 2980 5445 2973 5446 2972 5417 2973 5446 2965 5418 2965 5418 2973 5446 2966 5447 2965 5418 2966 5447 2959 5419 2959 5419 2966 5447 2960 5070 2959 5419 2960 5070 2952 5072 2545 5411 2544 5381 3014 5448 3014 5448 2544 5381 3013 5420 3014 5448 3013 5420 3021 5449 3021 5449 3013 5420 3020 5421 3021 5449 3020 5421 3028 5450 3028 5450 3020 5421 3027 5422 3028 5450 3027 5422 3035 5451 3035 5451 3027 5422 3034 5423 3035 5451 3034 5423 3042 5452 3042 5452 3034 5423 3041 5424 3042 5452 3041 5424 3049 5453 3049 5453 3041 5424 3048 5425 3049 5453 3048 5425 3056 5454 3056 5454 3048 5425 3055 5426 3056 5454 3055 5426 3063 5455 3063 5455 3055 5426 3062 5427 3063 5455 3062 5427 3070 5456 3070 5456 3062 5427 3069 5428 3070 5456 3069 5428 3077 5457 3077 5457 3069 5428 3076 5429 3077 5457 3076 5429 3084 5458 3084 5458 3076 5429 3083 5430 3084 5458 3083 5430 3091 5459 3091 5459 3083 5430 3090 5431 3091 5459 3090 5431 3098 5460 3098 5460 3090 5431 3097 5432 3098 5460 3097 5432 3105 5461 3105 5461 3097 5432 3104 5433 3105 5461 3104 5433 3112 5462 3112 5462 3104 5433 3111 5434 3112 5462 3111 5434 3119 5463 3119 5463 3111 5434 3118 5435 3119 5463 3118 5435 3126 5464 3126 5464 3118 5435 3125 5436 3126 5464 3125 5436 3133 5465 3133 5465 3125 5436 3132 5437 3133 5465 3132 5437 3140 5466 3140 5466 3132 5437 3139 5438 3140 5466 3139 5438 3147 5467 3147 5467 3139 5438 3146 5439 3147 5467 3146 5439 3154 4837 3154 4837 3146 5439 3153 4835 2546 5440 2547 5054 3008 5441 3008 5441 2547 5054 3009 5056 3008 5441 3009 5056 3001 5442 3001 5442 3009 5056 3002 5058 3001 5442 3002 5058 2994 5443 2994 5443 3002 5058 2995 5060 2994 5443 2995 5060 2987 5444 2987 5444 2995 5060 2988 5062 2987 5444 2988 5062 2980 5445 2980 5445 2988 5062 2981 5064 2980 5445 2981 5064 2973 5446 2973 5446 2981 5064 2974 5066 2973 5446 2974 5066 2966 5447 2966 5447 2974 5066 2967 5068 2966 5447 2967 5068 2960 5070 2546 5440 2545 5411 3015 5468 3015 5468 2545 5411 3014 5448 3015 5468 3014 5448 3022 5469 3022 5469 3014 5448 3021 5449 3022 5469 3021 5449 3029 5470 3029 5470 3021 5449 3028 5450 3029 5470 3028 5450 3036 5471 3036 5471 3028 5450 3035 5451 3036 5471 3035 5451 3043 5472 3043 5472 3035 5451 3042 5452 3043 5472 3042 5452 3050 5473 3050 5473 3042 5452 3049 5453 3050 5473 3049 5453 3057 5474 3057 5474 3049 5453 3056 5454 3057 5474 3056 5454 3064 5475 3064 5475 3056 5454 3063 5455 3064 5475 3063 5455 3071 5476 3071 5476 3063 5455 3070 5456 3071 5476 3070 5456 3078 5477 3078 5477 3070 5456 3077 5457 3078 5477 3077 5457 3085 5478 3085 5478 3077 5457 3084 5458 3085 5478 3084 5458 3092 5479 3092 5479 3084 5458 3091 5459 3092 5479 3091 5459 3099 5480 3099 5480 3091 5459 3098 5460 3099 5480 3098 5460 3106 5481 3106 5481 3098 5460 3105 5461 3106 5481 3105 5461 3113 5482 3113 5482 3105 5461 3112 5462 3113 5482 3112 5462 3120 5483 3120 5483 3112 5462 3119 5463 3120 5483 3119 5463 3127 5484 3127 5484 3119 5463 3126 5464 3127 5484 3126 5464 3134 5485 3134 5485 3126 5464 3133 5465 3134 5485 3133 5465 3141 5486 3141 5486 3133 5465 3140 5466 3141 5486 3140 5466 3148 5487 3148 5487 3140 5466 3147 5467 3148 5487 3147 5467 3155 4839 3155 4839 3147 5467 3154 4837 2547 5054 2546 5440 3016 5052 3016 5052 2546 5440 3015 5468 3016 5052 3015 5468 3023 5050 3023 5050 3015 5468 3022 5469 3023 5050 3022 5469 3030 5048 3030 5048 3022 5469 3029 5470 3030 5048 3029 5470 3037 5046 3037 5046 3029 5470 3036 5471 3037 5046 3036 5471 3044 5044 3044 5044 3036 5471 3043 5472 3044 5044 3043 5472 3051 5042 3051 5042 3043 5472 3050 5473 3051 5042 3050 5473 3058 5040 3058 5040 3050 5473 3057 5474 3058 5040 3057 5474 3065 5038 3065 5038 3057 5474 3064 5475 3065 5038 3064 5475 3072 5036 3072 5036 3064 5475 3071 5476 3072 5036 3071 5476 3079 5034 3079 5034 3071 5476 3078 5477 3079 5034 3078 5477 3086 5032 3086 5032 3078 5477 3085 5478 3086 5032 3085 5478 3093 5030 3093 5030 3085 5478 3092 5479 3093 5030 3092 5479 3100 5028 3100 5028 3092 5479 3099 5480 3100 5028 3099 5480 3107 5026 3107 5026 3099 5480 3106 5481 3107 5026 3106 5481 3114 5024 3114 5024 3106 5481 3113 5482 3114 5024 3113 5482 3121 5022 3121 5022 3113 5482 3120 5483 3121 5022 3120 5483 3128 5020 3128 5020 3120 5483 3127 5484 3128 5020 3127 5484 3135 5018 3135 5018 3127 5484 3134 5485 3135 5018 3134 5485 3142 5016 3142 5016 3134 5485 3141 5486 3142 5016 3141 5486 3149 5014 3149 5014 3141 5486 3148 5487 3149 5014 3148 5487 3156 4841 3156 4841 3148 5487 3155 4839 2562 4830 2563 4828 2551 5488 2551 5488 2563 4828 2550 4826 2551 5488 2550 4826 2565 5489 2565 5489 2550 4826 2564 4844 2565 5489 2564 4844 2572 5490 2572 5490 2564 4844 2571 4846 2572 5490 2571 4846 2579 5491 2579 5491 2571 4846 2578 4848 2579 5491 2578 4848 2586 5492 2586 5492 2578 4848 2585 4850 2586 5492 2585 4850 2593 5493 2593 5493 2585 4850 2592 4852 2593 5493 2592 4852 2600 5494 2600 5494 2592 4852 2599 4854 2600 5494 2599 4854 2607 5495 2607 5495 2599 4854 2606 4856 2607 5495 2606 4856 2614 5496 2614 5496 2606 4856 2613 4858 2614 5496 2613 4858 2621 5497 2621 5497 2613 4858 2620 4860 2621 5497 2620 4860 2628 5498 2628 5498 2620 4860 2627 4862 2628 5498 2627 4862 2635 5499 2635 5499 2627 4862 2634 4864 2635 5499 2634 4864 2642 5500 2642 5500 2634 4864 2641 4866 2642 5500 2641 4866 2649 5501 2649 5501 2641 4866 2648 4868 2649 5501 2648 4868 2656 5502 2656 5502 2648 4868 2655 4870 2656 5502 2655 4870 2663 5503 2663 5503 2655 4870 2662 4872 2663 5503 2662 4872 2670 5504 2670 5504 2662 4872 2669 4874 2670 5504 2669 4874 2677 5505 2677 5505 2669 4874 2676 4876 2677 5505 2676 4876 2684 5506 2684 5506 2676 4876 2683 4878 2684 5506 2683 4878 2691 5507 2691 5507 2683 4878 2690 4880 2691 5507 2690 4880 2698 5508 2698 5508 2690 4880 2697 4882 2698 5508 2697 4882 2705 5509 2705 5509 2697 4882 2704 4884 2705 5509 2704 4884 2712 5510 2712 5510 2704 4884 2711 4886 2712 5510 2711 4886 2719 5282 2561 4832 2562 4830 2552 5511 2552 5511 2562 4830 2551 5488 2552 5511 2551 5488 2566 5512 2566 5512 2551 5488 2565 5489 2566 5512 2565 5489 2573 5513 2573 5513 2565 5489 2572 5490 2573 5513 2572 5490 2580 5514 2580 5514 2572 5490 2579 5491 2580 5514 2579 5491 2587 5515 2587 5515 2579 5491 2586 5492 2587 5515 2586 5492 2594 5516 2594 5516 2586 5492 2593 5493 2594 5516 2593 5493 2601 5517 2601 5517 2593 5493 2600 5494 2601 5517 2600 5494 2608 5518 2608 5518 2600 5494 2607 5495 2608 5518 2607 5495 2615 5519 2615 5519 2607 5495 2614 5496 2615 5519 2614 5496 2622 5520 2622 5520 2614 5496 2621 5497 2622 5520 2621 5497 2629 5521 2629 5521 2621 5497 2628 5498 2629 5521 2628 5498 2636 5522 2636 5522 2628 5498 2635 5499 2636 5522 2635 5499 2643 5523 2643 5523 2635 5499 2642 5500 2643 5523 2642 5500 2650 5524 2650 5524 2642 5500 2649 5501 2650 5524 2649 5501 2657 5525 2657 5525 2649 5501 2656 5502 2657 5525 2656 5502 2664 5526 2664 5526 2656 5502 2663 5503 2664 5526 2663 5503 2671 5527 2671 5527 2663 5503 2670 5504 2671 5527 2670 5504 2678 5528 2678 5528 2670 5504 2677 5505 2678 5528 2677 5505 2685 5529 2685 5529 2677 5505 2684 5506 2685 5529 2684 5506 2692 5530 2692 5530 2684 5506 2691 5507 2692 5530 2691 5507 2699 5531 2699 5531 2691 5507 2698 5508 2699 5531 2698 5508 2706 5532 2706 5532 2698 5508 2705 5509 2706 5532 2705 5509 2713 5533 2713 5533 2705 5509 2712 5510 2713 5533 2712 5510 2720 5534 2720 5534 2712 5510 2719 5282 2720 5534 2719 5282 2727 5281 2560 4834 2561 4832 2553 5535 2553 5535 2561 4832 2552 5511 2553 5535 2552 5511 2567 5536 2567 5536 2552 5511 2566 5512 2567 5536 2566 5512 2574 5537 2574 5537 2566 5512 2573 5513 2574 5537 2573 5513 2581 5538 2581 5538 2573 5513 2580 5514 2581 5538 2580 5514 2588 5539 2588 5539 2580 5514 2587 5515 2588 5539 2587 5515 2595 5540 2595 5540 2587 5515 2594 5516 2595 5540 2594 5516 2602 5541 2602 5541 2594 5516 2601 5517 2602 5541 2601 5517 2609 5542 2609 5542 2601 5517 2608 5518 2609 5542 2608 5518 2616 5543 2616 5543 2608 5518 2615 5519 2616 5543 2615 5519 2623 5544 2623 5544 2615 5519 2622 5520 2623 5544 2622 5520 2630 5545 2630 5545 2622 5520 2629 5521 2630 5545 2629 5521 2637 5546 2637 5546 2629 5521 2636 5522 2637 5546 2636 5522 2644 5547 2644 5547 2636 5522 2643 5523 2644 5547 2643 5523 2651 5548 2651 5548 2643 5523 2650 5524 2651 5548 2650 5524 2658 5549 2658 5549 2650 5524 2657 5525 2658 5549 2657 5525 2665 5550 2665 5550 2657 5525 2664 5526 2665 5550 2664 5526 2672 5551 2672 5551 2664 5526 2671 5527 2672 5551 2671 5527 2679 5552 2679 5552 2671 5527 2678 5528 2679 5552 2678 5528 2686 5553 2686 5553 2678 5528 2685 5529 2686 5553 2685 5529 2693 5554 2693 5554 2685 5529 2692 5530 2693 5554 2692 5530 2700 5555 2700 5555 2692 5530 2699 5531 2700 5555 2699 5531 2707 5556 2707 5556 2699 5531 2706 5532 2707 5556 2706 5532 2714 5557 2714 5557 2706 5532 2713 5533 2714 5557 2713 5533 2721 5558 2721 5558 2713 5533 2720 5534 2721 5558 2720 5534 2728 5559 2728 5559 2720 5534 2727 5281 2728 5559 2727 5281 2735 5280 2559 4836 2560 4834 2554 5560 2554 5560 2560 4834 2553 5535 2554 5560 2553 5535 2568 5561 2568 5561 2553 5535 2567 5536 2568 5561 2567 5536 2575 5562 2575 5562 2567 5536 2574 5537 2575 5562 2574 5537 2582 5563 2582 5563 2574 5537 2581 5538 2582 5563 2581 5538 2589 5564 2589 5564 2581 5538 2588 5539 2589 5564 2588 5539 2596 5565 2596 5565 2588 5539 2595 5540 2596 5565 2595 5540 2603 5566 2603 5566 2595 5540 2602 5541 2603 5566 2602 5541 2610 5567 2610 5567 2602 5541 2609 5542 2610 5567 2609 5542 2617 5568 2617 5568 2609 5542 2616 5543 2617 5568 2616 5543 2624 5569 2624 5569 2616 5543 2623 5544 2624 5569 2623 5544 2631 5570 2631 5570 2623 5544 2630 5545 2631 5570 2630 5545 2638 5571 2638 5571 2630 5545 2637 5546 2638 5571 2637 5546 2645 5572 2645 5572 2637 5546 2644 5547 2645 5572 2644 5547 2652 5573 2652 5573 2644 5547 2651 5548 2652 5573 2651 5548 2659 5574 2659 5574 2651 5548 2658 5549 2659 5574 2658 5549 2666 5575 2666 5575 2658 5549 2665 5550 2666 5575 2665 5550 2673 5576 2673 5576 2665 5550 2672 5551 2673 5576 2672 5551 2680 5577 2680 5577 2672 5551 2679 5552 2680 5577 2679 5552 2687 5578 2687 5578 2679 5552 2686 5553 2687 5578 2686 5553 2694 5579 2694 5579 2686 5553 2693 5554 2694 5579 2693 5554 2701 5580 2701 5580 2693 5554 2700 5555 2701 5580 2700 5555 2708 5581 2708 5581 2700 5555 2707 5556 2708 5581 2707 5556 2715 5582 2715 5582 2707 5556 2714 5557 2715 5582 2714 5557 2722 5583 2722 5583 2714 5557 2721 5558 2722 5583 2721 5558 2729 5584 2729 5584 2721 5558 2728 5559 2729 5584 2728 5559 2736 5585 2736 5585 2728 5559 2735 5280 2736 5585 2735 5280 2743 5279 2558 4838 2559 4836 2555 5586 2555 5586 2559 4836 2554 5560 2555 5586 2554 5560 2569 5587 2569 5587 2554 5560 2568 5561 2569 5587 2568 5561 2576 5588 2576 5588 2568 5561 2575 5562 2576 5588 2575 5562 2583 5589 2583 5589 2575 5562 2582 5563 2583 5589 2582 5563 2590 5590 2590 5590 2582 5563 2589 5564 2590 5590 2589 5564 2597 5591 2597 5591 2589 5564 2596 5565 2597 5591 2596 5565 2604 5592 2604 5592 2596 5565 2603 5566 2604 5592 2603 5566 2611 5593 2611 5593 2603 5566 2610 5567 2611 5593 2610 5567 2618 5594 2618 5594 2610 5567 2617 5568 2618 5594 2617 5568 2625 5595 2625 5595 2617 5568 2624 5569 2625 5595 2624 5569 2632 5596 2632 5596 2624 5569 2631 5570 2632 5596 2631 5570 2639 5597 2639 5597 2631 5570 2638 5571 2639 5597 2638 5571 2646 5598 2646 5598 2638 5571 2645 5572 2646 5598 2645 5572 2653 5599 2653 5599 2645 5572 2652 5573 2653 5599 2652 5573 2660 5600 2660 5600 2652 5573 2659 5574 2660 5600 2659 5574 2667 5601 2667 5601 2659 5574 2666 5575 2667 5601 2666 5575 2674 5602 2674 5602 2666 5575 2673 5576 2674 5602 2673 5576 2681 5603 2681 5603 2673 5576 2680 5577 2681 5603 2680 5577 2688 5604 2688 5604 2680 5577 2687 5578 2688 5604 2687 5578 2695 5605 2695 5605 2687 5578 2694 5579 2695 5605 2694 5579 2702 5606 2702 5606 2694 5579 2701 5580 2702 5606 2701 5580 2709 5607 2709 5607 2701 5580 2708 5581 2709 5607 2708 5581 2716 5608 2716 5608 2708 5581 2715 5582 2716 5608 2715 5582 2723 5609 2723 5609 2715 5582 2722 5583 2723 5609 2722 5583 2730 5610 2730 5610 2722 5583 2729 5584 2730 5610 2729 5584 2737 5611 2737 5611 2729 5584 2736 5585 2737 5611 2736 5585 2744 5612 2744 5612 2736 5585 2743 5279 2744 5612 2743 5279 2751 5278 2557 4840 2558 4838 2556 5337 2556 5337 2558 4838 2555 5586 2556 5337 2555 5586 2570 5335 2570 5335 2555 5586 2569 5587 2570 5335 2569 5587 2577 5333 2577 5333 2569 5587 2576 5588 2577 5333 2576 5588 2584 5331 2584 5331 2576 5588 2583 5589 2584 5331 2583 5589 2591 5329 2591 5329 2583 5589 2590 5590 2591 5329 2590 5590 2598 5327 2598 5327 2590 5590 2597 5591 2598 5327 2597 5591 2605 5325 2605 5325 2597 5591 2604 5592 2605 5325 2604 5592 2612 5323 2612 5323 2604 5592 2611 5593 2612 5323 2611 5593 2619 5321 2619 5321 2611 5593 2618 5594 2619 5321 2618 5594 2626 5319 2626 5319 2618 5594 2625 5595 2626 5319 2625 5595 2633 5317 2633 5317 2625 5595 2632 5596 2633 5317 2632 5596 2640 5315 2640 5315 2632 5596 2639 5597 2640 5315 2639 5597 2647 5313 2647 5313 2639 5597 2646 5598 2647 5313 2646 5598 2654 5311 2654 5311 2646 5598 2653 5599 2654 5311 2653 5599 2661 5309 2661 5309 2653 5599 2660 5600 2661 5309 2660 5600 2668 5307 2668 5307 2660 5600 2667 5601 2668 5307 2667 5601 2675 5305 2675 5305 2667 5601 2674 5602 2675 5305 2674 5602 2682 5303 2682 5303 2674 5602 2681 5603 2682 5303 2681 5603 2689 5301 2689 5301 2681 5603 2688 5604 2689 5301 2688 5604 2696 5299 2696 5299 2688 5604 2695 5605 2696 5299 2695 5605 2703 5297 2703 5297 2695 5605 2702 5606 2703 5297 2702 5606 2710 5295 2710 5295 2702 5606 2709 5607 2710 5295 2709 5607 2717 5293 2717 5293 2709 5607 2716 5608 2717 5293 2716 5608 2724 5291 2724 5291 2716 5608 2723 5609 2724 5291 2723 5609 2731 5289 2731 5289 2723 5609 2730 5610 2731 5289 2730 5610 2738 5287 2738 5287 2730 5610 2737 5611 2738 5287 2737 5611 2745 5285 2745 5285 2737 5611 2744 5612 2745 5285 2744 5612 2752 5283 2752 5283 2744 5612 2751 5278 2752 5283 2751 5278 2759 5277 2453 5613 3241 5614 2369 5615 2369 5615 3241 5614 3157 5616 2369 5615 3157 5616 2370 5617 2370 5617 3157 5616 3158 5618 2370 5617 3158 5618 2371 5619 2371 5619 3158 5618 3159 5620 2371 5619 3159 5620 2372 5621 2372 5621 3159 5620 3160 5622 2372 5621 3160 5622 2373 5623 2373 5623 3160 5622 3161 5624 2373 5623 3161 5624 2374 5625 2374 5625 3161 5624 3162 5626 2374 5625 3162 5626 2375 5627 2375 5627 3162 5626 3163 5628 2375 5627 3163 5628 2376 5629 2376 5629 3163 5628 3164 5630 2376 5629 3164 5630 2377 5631 2377 5631 3164 5630 3165 5632 2377 5631 3165 5632 2378 5633 2378 5633 3165 5632 3166 5634 2378 5633 3166 5634 2379 5635 2379 5635 3166 5634 3167 5636 2379 5635 3167 5636 2380 5637 2380 5637 3167 5636 3168 5638 2380 5637 3168 5638 2381 5639 2381 5639 3168 5638 3169 5640 2381 5639 3169 5640 2382 5641 2382 5641 3169 5640 3170 5642 2382 5641 3170 5642 2383 5643 2383 5643 3170 5642 3171 5644 2383 5643 3171 5644 2384 5645 2384 5645 3171 5644 3172 5646 2384 5645 3172 5646 2385 5647 2385 5647 3172 5646 3173 5648 2385 5647 3173 5648 2386 5649 2386 5649 3173 5648 3174 5650 2386 5649 3174 5650 2387 5651 2387 5651 3174 5650 3175 5652 2387 5651 3175 5652 2388 5653 2388 5653 3175 5652 3176 5654 2388 5653 3176 5654 2389 5655 2389 5655 3176 5654 3177 5656 2389 5655 3177 5656 2390 5657 2390 5657 3177 5656 3178 5658 2390 5657 3178 5658 2391 5659 2391 5659 3178 5658 3179 5660 2391 5659 3179 5660 2392 5661 2392 5661 3179 5660 3180 5662 2392 5661 3180 5662 2393 5663 2393 5663 3180 5662 3181 5664 2393 5663 3181 5664 2394 5665 2394 5665 3181 5664 3182 5666 2394 5665 3182 5666 2395 5667 2395 5667 3182 5666 3183 5668 2395 5667 3183 5668 2396 5669 2396 5669 3183 5668 3184 5670 2396 5669 3184 5670 2397 5671 2397 5671 3184 5670 3185 5672 2397 5671 3185 5672 2398 5673 2398 5673 3185 5672 3186 5674 2398 5673 3186 5674 2399 5675 2399 5675 3186 5674 3187 5676 2399 5675 3187 5676 2400 5677 2400 5677 3187 5676 3188 5678 2400 5677 3188 5678 2401 5679 2401 5679 3188 5678 3189 5680 2401 5679 3189 5680 2402 5681 2402 5681 3189 5680 3190 5682 2402 5681 3190 5682 2403 5683 2403 5683 3190 5682 3191 5684 2403 5683 3191 5684 2404 5685 2404 5685 3191 5684 3192 5686 2404 5685 3192 5686 2405 5687 2405 5687 3192 5686 3193 5688 2405 5687 3193 5688 2406 5689 2406 5689 3193 5688 3194 5690 2406 5689 3194 5690 2407 5691 2407 5691 3194 5690 3195 5692 2407 5691 3195 5692 2408 5693 2408 5693 3195 5692 3196 5694 2408 5693 3196 5694 2409 5695 2409 5695 3196 5694 3197 5696 2409 5695 3197 5696 2410 5697 2410 5697 3197 5696 3198 5698 2410 5697 3198 5698 2411 5699 2411 5699 3198 5698 3199 5700 2411 5699 3199 5700 2412 5701 2412 5701 3199 5700 3200 5702 2412 5701 3200 5702 2413 5703 2413 5703 3200 5702 3201 5704 2413 5703 3201 5704 2414 5705 2414 5705 3201 5704 3202 5706 2414 5705 3202 5706 2415 5707 2415 5707 3202 5706 3203 5708 2415 5707 3203 5708 2416 5709 2416 5709 3203 5708 3204 5710 2416 5709 3204 5710 2417 5711 2417 5711 3204 5710 3205 5712 2417 5711 3205 5712 2418 5713 2418 5713 3205 5712 3206 5714 2418 5713 3206 5714 2419 5715 2419 5715 3206 5714 3207 5716 2419 5715 3207 5716 2420 5717 2420 5717 3207 5716 3208 5718 2420 5717 3208 5718 2421 5719 2421 5719 3208 5718 3209 5720 2421 5719 3209 5720 2422 5721 2422 5721 3209 5720 3210 5722 2422 5721 3210 5722 2423 5723 2423 5723 3210 5722 3211 5724 2423 5723 3211 5724 2424 5725 2424 5725 3211 5724 3212 5726 2424 5725 3212 5726 2425 5727 2425 5727 3212 5726 3213 5728 2425 5727 3213 5728 2426 5729 2426 5729 3213 5728 3214 5730 2426 5729 3214 5730 2427 5731 2427 5731 3214 5730 3215 5732 2427 5731 3215 5732 2428 5733 2428 5733 3215 5732 3216 5734 2428 5733 3216 5734 2429 5735 2429 5735 3216 5734 3217 5736 2429 5735 3217 5736 2430 5737 2430 5737 3217 5736 3218 5738 2430 5737 3218 5738 2431 5739 2431 5739 3218 5738 3219 5740 2431 5739 3219 5740 2432 5741 2432 5741 3219 5740 3220 5742 2432 5741 3220 5742 2433 5743 2433 5743 3220 5742 3221 5744 2433 5743 3221 5744 2434 5745 2434 5745 3221 5744 3222 5746 2434 5745 3222 5746 2435 5747 2435 5747 3222 5746 3223 5748 2435 5747 3223 5748 2436 5749 2436 5749 3223 5748 3224 5750 2436 5749 3224 5750 2437 5751 2437 5751 3224 5750 3225 5752 2437 5751 3225 5752 2438 5753 2438 5753 3225 5752 3226 5754 2438 5753 3226 5754 2439 5755 2439 5755 3226 5754 3227 5756 2439 5755 3227 5756 2440 5757 2440 5757 3227 5756 3228 5758 2440 5757 3228 5758 2441 5759 2441 5759 3228 5758 3229 5760 2441 5759 3229 5760 2442 5761 2442 5761 3229 5760 3230 5762 2442 5761 3230 5762 2443 5763 2443 5763 3230 5762 3231 5764 2443 5763 3231 5764 2444 5765 2444 5765 3231 5764 3232 5766 2444 5765 3232 5766 2445 5767 2445 5767 3232 5766 3233 5768 2445 5767 3233 5768 2446 5769 2446 5769 3233 5768 3234 5770 2446 5769 3234 5770 2447 5771 2447 5771 3234 5770 3235 5772 2447 5771 3235 5772 2448 5773 2448 5773 3235 5772 3236 5774 2448 5773 3236 5774 2449 5775 2449 5775 3236 5774 3237 5776 2449 5775 3237 5776 2450 5777 2450 5777 3237 5776 3238 5778 2450 5777 3238 5778 2451 5779 2451 5779 3238 5778 3239 5780 2451 5779 3239 5780 2452 5781 2452 5781 3239 5780 3240 5782 2452 5781 3240 5782 2453 5613 2453 5613 3240 5782 3241 5614 3241 5783 3328 5784 3157 5785 3157 5785 3328 5784 3242 5786 3157 5785 3242 5786 3243 5787 3328 5784 3241 5783 3327 5788 3327 5788 3241 5783 3240 5789 3327 5788 3240 5789 3326 5790 3326 5790 3240 5789 3239 5791 3326 5790 3239 5791 3325 5792 3325 5792 3239 5791 3238 5793 3325 5792 3238 5793 3324 5794 3324 5794 3238 5793 3237 5795 3324 5794 3237 5795 3323 5796 3323 5796 3237 5795 3236 5797 3323 5796 3236 5797 3322 5798 3322 5798 3236 5797 3235 5799 3322 5798 3235 5799 3321 5800 3321 5800 3235 5799 3234 5801 3321 5800 3234 5801 3320 5802 3320 5802 3234 5801 3233 5803 3320 5802 3233 5803 3319 5804 3319 5804 3233 5803 3232 5805 3319 5804 3232 5805 3318 5806 3318 5806 3232 5805 3231 5807 3318 5806 3231 5807 3317 5808 3317 5808 3231 5807 3230 5809 3317 5808 3230 5809 3316 5810 3316 5810 3230 5809 3229 5811 3316 5810 3229 5811 3315 5812 3315 5812 3229 5811 3228 5813 3315 5812 3228 5813 3314 5814 3314 5814 3228 5813 3227 5815 3314 5814 3227 5815 3313 5816 3313 5816 3227 5815 3226 5817 3313 5816 3226 5817 3312 5818 3312 5818 3226 5817 3225 5819 3312 5818 3225 5819 3311 5820 3311 5820 3225 5819 3224 5821 3311 5820 3224 5821 3310 5822 3310 5822 3224 5821 3223 5823 3310 5822 3223 5823 3309 5824 3309 5824 3223 5823 3222 5825 3309 5824 3222 5825 3308 5826 3308 5826 3222 5825 3221 5827 3308 5826 3221 5827 3307 5828 3307 5828 3221 5827 3220 5829 3307 5828 3220 5829 3306 5830 3306 5830 3220 5829 3219 5831 3306 5830 3219 5831 3305 5832 3305 5832 3219 5831 3218 5833 3305 5832 3218 5833 3304 5834 3304 5834 3218 5833 3217 5835 3304 5834 3217 5835 3303 5836 3303 5836 3217 5835 3216 5837 3303 5836 3216 5837 3302 5838 3302 5838 3216 5837 3215 5839 3302 5838 3215 5839 3301 5840 3301 5840 3215 5839 3214 5841 3301 5840 3214 5841 3300 5842 3300 5842 3214 5841 3213 5843 3300 5842 3213 5843 3299 5844 3299 5844 3213 5843 3212 5845 3299 5844 3212 5845 3298 5846 3298 5846 3212 5845 3211 5847 3298 5846 3211 5847 3297 5848 3297 5848 3211 5847 3210 5849 3297 5848 3210 5849 3296 5850 3296 5850 3210 5849 3209 5851 3296 5850 3209 5851 3295 5852 3295 5852 3209 5851 3208 5853 3295 5852 3208 5853 3294 5854 3294 5854 3208 5853 3207 5855 3294 5854 3207 5855 3293 5856 3293 5856 3207 5855 3206 5857 3293 5856 3206 5857 3292 5858 3292 5858 3206 5857 3205 5859 3292 5858 3205 5859 3291 5860 3291 5860 3205 5859 3204 5861 3291 5860 3204 5861 3290 5862 3290 5862 3204 5861 3203 5863 3290 5862 3203 5863 3289 5864 3289 5864 3203 5863 3202 5865 3289 5864 3202 5865 3288 5866 3288 5866 3202 5865 3201 5867 3288 5866 3201 5867 3287 5868 3287 5868 3201 5867 3200 5869 3287 5868 3200 5869 3286 5870 3286 5870 3200 5869 3199 5871 3286 5870 3199 5871 3285 5872 3285 5872 3199 5871 3284 5873 3284 5873 3199 5871 3198 5874 3284 5873 3198 5874 3283 5875 3283 5875 3198 5874 3197 5876 3283 5875 3197 5876 3282 5877 3282 5877 3197 5876 3196 5878 3282 5877 3196 5878 3281 5879 3281 5879 3196 5878 3195 5880 3281 5879 3195 5880 3280 5881 3280 5881 3195 5880 3194 5882 3280 5881 3194 5882 3279 5883 3279 5883 3194 5882 3193 5884 3279 5883 3193 5884 3278 5885 3278 5885 3193 5884 3192 5886 3278 5885 3192 5886 3277 5887 3277 5887 3192 5886 3191 5888 3277 5887 3191 5888 3276 5889 3276 5889 3191 5888 3190 5890 3276 5889 3190 5890 3275 5891 3275 5891 3190 5890 3189 5892 3275 5891 3189 5892 3274 5893 3274 5893 3189 5892 3188 5894 3274 5893 3188 5894 3273 5895 3273 5895 3188 5894 3187 5896 3273 5895 3187 5896 3272 5897 3272 5897 3187 5896 3186 5898 3272 5897 3186 5898 3271 5899 3271 5899 3186 5898 3185 5900 3271 5899 3185 5900 3270 5901 3270 5901 3185 5900 3184 5902 3270 5901 3184 5902 3269 5903 3269 5903 3184 5902 3183 5904 3269 5903 3183 5904 3268 5905 3268 5905 3183 5904 3182 5906 3268 5905 3182 5906 3267 5907 3267 5907 3182 5906 3181 5908 3267 5907 3181 5908 3266 5909 3266 5909 3181 5908 3180 5910 3266 5909 3180 5910 3265 5911 3265 5911 3180 5910 3179 5912 3265 5911 3179 5912 3264 5913 3264 5913 3179 5912 3178 5914 3264 5913 3178 5914 3263 5915 3263 5915 3178 5914 3177 5916 3263 5915 3177 5916 3262 5917 3262 5917 3177 5916 3176 5918 3262 5917 3176 5918 3261 5919 3261 5919 3176 5918 3175 5920 3261 5919 3175 5920 3260 5921 3260 5921 3175 5920 3174 5922 3260 5921 3174 5922 3259 5923 3259 5923 3174 5922 3173 5924 3259 5923 3173 5924 3258 5925 3258 5925 3173 5924 3172 5926 3258 5925 3172 5926 3257 5927 3257 5927 3172 5926 3171 5928 3257 5927 3171 5928 3256 5929 3256 5929 3171 5928 3170 5930 3256 5929 3170 5930 3255 5931 3255 5931 3170 5930 3169 5932 3255 5931 3169 5932 3254 5933 3254 5933 3169 5932 3168 5934 3254 5933 3168 5934 3253 5935 3253 5935 3168 5934 3167 5936 3253 5935 3167 5936 3252 5937 3252 5937 3167 5936 3166 5938 3252 5937 3166 5938 3251 5939 3251 5939 3166 5938 3165 5940 3251 5939 3165 5940 3250 5941 3250 5941 3165 5940 3164 5942 3250 5941 3164 5942 3249 5943 3249 5943 3164 5942 3163 5944 3249 5943 3163 5944 3248 5945 3248 5945 3163 5944 3162 5946 3248 5945 3162 5946 3247 5947 3247 5947 3162 5946 3161 5948 3247 5947 3161 5948 3246 5949 3246 5949 3161 5948 3160 5950 3246 5949 3160 5950 3245 5951 3245 5951 3160 5950 3159 5952 3245 5951 3159 5952 3244 5953 3244 5953 3159 5952 3158 5954 3244 5953 3158 5954 3243 5787 3243 5787 3158 5954 3157 5785 3328 5955 3418 5956 3242 5957 3242 5957 3418 5956 3435 5958 3242 5957 3435 5958 4192 5959 4192 5959 3435 5958 3434 5960 4192 5959 3434 5960 4193 5961 4193 5961 3434 5960 3433 5962 4193 5961 3433 5962 4194 5963 4194 5963 3433 5962 3432 5964 4194 5963 3432 5964 4195 5965 4195 5965 3432 5964 3431 5966 4195 5965 3431 5966 4196 5967 4196 5967 3431 5966 3430 5968 4196 5967 3430 5968 4197 5969 4197 5969 3430 5968 3429 5970 4197 5969 3429 5970 4198 5971 4198 5971 3429 5970 3428 5972 4198 5971 3428 5972 4199 5973 4199 5973 3428 5972 3427 5974 4199 5973 3427 5974 4200 5975 4200 5975 3427 5974 3329 5976 4200 5975 3329 5976 3330 5977 3418 5956 3328 5955 3436 5978 3436 5978 3328 5955 3327 5979 3436 5978 3327 5979 3445 5980 3445 5980 3327 5979 3326 5981 3445 5980 3326 5981 3454 5982 3454 5982 3326 5981 3325 5983 3454 5982 3325 5983 3463 5984 3463 5984 3325 5983 3324 5985 3463 5984 3324 5985 3472 5986 3472 5986 3324 5985 3323 5987 3472 5986 3323 5987 3481 5988 3481 5988 3323 5987 3322 5989 3481 5988 3322 5989 3490 5990 3490 5990 3322 5989 3321 5991 3490 5990 3321 5991 3499 5992 3499 5992 3321 5991 3320 5993 3499 5992 3320 5993 3508 5994 3508 5994 3320 5993 3319 5995 3508 5994 3319 5995 3517 5996 3517 5996 3319 5995 3318 5997 3517 5996 3318 5997 3526 5998 3526 5998 3318 5997 3317 5999 3526 5998 3317 5999 3535 6000 3535 6000 3317 5999 3316 6001 3535 6000 3316 6001 3544 6002 3544 6002 3316 6001 3315 6003 3544 6002 3315 6003 3553 6004 3553 6004 3315 6003 3314 6005 3553 6004 3314 6005 3562 6006 3562 6006 3314 6005 3313 6007 3562 6006 3313 6007 3571 6008 3571 6008 3313 6007 3312 6009 3571 6008 3312 6009 3580 6010 3580 6010 3312 6009 3311 6011 3580 6010 3311 6011 3589 6012 3589 6012 3311 6011 3310 6013 3589 6012 3310 6013 3598 6014 3598 6014 3310 6013 3309 6015 3598 6014 3309 6015 3607 6016 3607 6016 3309 6015 3308 6017 3607 6016 3308 6017 3616 6018 3616 6018 3308 6017 3307 6019 3616 6018 3307 6019 3625 6020 3625 6020 3307 6019 3306 6021 3625 6020 3306 6021 3634 6022 3634 6022 3306 6021 3305 6023 3634 6022 3305 6023 3643 6024 3643 6024 3305 6023 3304 6025 3643 6024 3304 6025 3652 6026 3652 6026 3304 6025 3303 6027 3652 6026 3303 6027 3661 6028 3661 6028 3303 6027 3302 6029 3661 6028 3302 6029 3670 6030 3670 6030 3302 6029 3301 6031 3670 6030 3301 6031 3679 6032 3679 6032 3301 6031 3300 6033 3679 6032 3300 6033 3688 6034 3688 6034 3300 6033 3299 6035 3688 6034 3299 6035 3697 6036 3697 6036 3299 6035 3298 6037 3697 6036 3298 6037 3706 6038 3706 6038 3298 6037 3297 6039 3706 6038 3297 6039 3715 6040 3715 6040 3297 6039 3296 6041 3715 6040 3296 6041 3724 6042 3724 6042 3296 6041 3295 6043 3724 6042 3295 6043 3733 6044 3733 6044 3295 6043 3294 6045 3733 6044 3294 6045 3742 6046 3742 6046 3294 6045 3293 6047 3742 6046 3293 6047 3751 6048 3751 6048 3293 6047 3292 6049 3751 6048 3292 6049 3760 6050 3760 6050 3292 6049 3291 6051 3760 6050 3291 6051 3769 6052 3769 6052 3291 6051 3290 6053 3769 6052 3290 6053 3778 6054 3778 6054 3290 6053 3289 6055 3778 6054 3289 6055 3787 6056 3787 6056 3289 6055 3288 6057 3787 6056 3288 6057 3796 6058 3796 6058 3288 6057 3287 6059 3796 6058 3287 6059 3805 6060 3805 6060 3287 6059 3286 6061 3805 6060 3286 6061 3814 6062 3814 6062 3286 6061 3285 6063 3814 6062 3285 6063 3823 6064 3823 6064 3285 6063 3284 6065 3823 6064 3284 6065 3832 6066 3832 6066 3284 6065 3283 6067 3832 6066 3283 6067 3841 6068 3841 6068 3283 6067 3282 6069 3841 6068 3282 6069 3850 6070 3850 6070 3282 6069 3281 6071 3850 6070 3281 6071 3859 6072 3859 6072 3281 6071 3280 6073 3859 6072 3280 6073 3868 6074 3868 6074 3280 6073 3279 6075 3868 6074 3279 6075 3877 6076 3877 6076 3279 6075 3278 6077 3877 6076 3278 6077 3886 6078 3886 6078 3278 6077 3277 6079 3886 6078 3277 6079 3895 6080 3895 6080 3277 6079 3276 6081 3895 6080 3276 6081 3904 6082 3904 6082 3276 6081 3275 6083 3904 6082 3275 6083 3913 6084 3913 6084 3275 6083 3274 6085 3913 6084 3274 6085 3922 6086 3922 6086 3274 6085 3273 6087 3922 6086 3273 6087 3931 6088 3931 6088 3273 6087 3272 6089 3931 6088 3272 6089 3940 6090 3940 6090 3272 6089 3271 6091 3940 6090 3271 6091 3949 6092 3949 6092 3271 6091 3270 6093 3949 6092 3270 6093 3958 6094 3958 6094 3270 6093 3269 6095 3958 6094 3269 6095 3967 6096 3967 6096 3269 6095 3268 6097 3967 6096 3268 6097 3976 6098 3976 6098 3268 6097 3267 6099 3976 6098 3267 6099 3985 6100 3985 6100 3267 6099 3266 6101 3985 6100 3266 6101 3994 6102 3994 6102 3266 6101 3265 6103 3994 6102 3265 6103 4003 6104 4003 6104 3265 6103 3264 6105 4003 6104 3264 6105 3409 6106 3409 6106 3264 6105 3263 6107 3409 6106 3263 6107 4012 6108 4012 6108 3263 6107 3262 6109 4012 6108 3262 6109 4021 6110 4021 6110 3262 6109 3261 6111 4021 6110 3261 6111 4030 6112 4030 6112 3261 6111 3260 6113 4030 6112 3260 6113 4039 6114 4039 6114 3260 6113 3259 6115 4039 6114 3259 6115 4048 6116 4048 6116 3259 6115 3258 6117 4048 6116 3258 6117 4057 6118 4057 6118 3258 6117 3257 6119 4057 6118 3257 6119 4066 6120 4066 6120 3257 6119 3256 6121 4066 6120 3256 6121 4075 6122 4075 6122 3256 6121 3255 6123 4075 6122 3255 6123 4084 6124 4084 6124 3255 6123 3254 6125 4084 6124 3254 6125 4093 6126 4093 6126 3254 6125 3253 6127 4093 6126 3253 6127 4102 6128 4102 6128 3253 6127 3252 6129 4102 6128 3252 6129 4111 6130 4111 6130 3252 6129 3251 6131 4111 6130 3251 6131 4120 6132 4120 6132 3251 6131 3250 6133 4120 6132 3250 6133 4129 6134 4129 6134 3250 6133 3249 6135 4129 6134 3249 6135 4138 6136 4138 6136 3249 6135 3248 6137 4138 6136 3248 6137 4147 6138 4147 6138 3248 6137 3247 6139 4147 6138 3247 6139 4156 6140 4156 6140 3247 6139 3246 6141 4156 6140 3246 6141 4165 6142 4165 6142 3246 6141 3245 6143 4165 6142 3245 6143 4174 6144 4174 6144 3245 6143 3244 6145 4174 6144 3244 6145 4183 6146 4183 6146 3244 6145 3243 6147 4183 6146 3243 6147 4192 5959 4192 5959 3243 6147 3242 5957 4200 5975 3330 5977 4191 6148 4191 6148 3330 5977 3331 6149 4191 6148 3331 6149 4182 6150 4182 6150 3331 6149 3332 6151 4182 6150 3332 6151 4173 6152 4173 6152 3332 6151 3333 6153 4173 6152 3333 6153 4164 6154 4164 6154 3333 6153 3334 6155 4164 6154 3334 6155 4155 6156 4155 6156 3334 6155 3335 6157 4155 6156 3335 6157 4146 6158 4146 6158 3335 6157 3336 6159 4146 6158 3336 6159 4137 6160 4137 6160 3336 6159 3337 6161 4137 6160 3337 6161 4128 6162 4128 6162 3337 6161 3338 6163 4128 6162 3338 6163 4119 6164 4119 6164 3338 6163 3339 6165 4119 6164 3339 6165 4110 6166 4110 6166 3339 6165 4101 6167 4110 6166 4101 6167 4100 6168 4100 6168 4101 6167 4091 6169 4100 6168 4091 6169 4090 6170 4090 6170 4091 6169 4081 6171 4090 6170 4081 6171 4080 6172 4080 6172 4081 6171 4071 6173 4080 6172 4071 6173 4070 6174 4070 6174 4071 6173 4061 6175 4070 6174 4061 6175 4060 6176 4060 6176 4061 6175 4051 6177 4060 6176 4051 6177 4050 6178 4050 6178 4051 6177 4041 6179 4050 6178 4041 6179 4040 6180 4040 6180 4041 6179 4031 6181 4040 6180 4031 6181 4030 6112 4030 6112 4031 6181 4021 6110 3339 6165 3340 6182 4101 6167 4101 6167 3340 6182 4092 6183 4101 6167 4092 6183 4091 6169 4091 6169 4092 6183 4082 6184 4091 6169 4082 6184 4081 6171 4081 6171 4082 6184 4072 6185 4081 6171 4072 6185 4071 6173 4071 6173 4072 6185 4062 6186 4071 6173 4062 6186 4061 6175 4061 6175 4062 6186 4052 6187 4061 6175 4052 6187 4051 6177 4051 6177 4052 6187 4042 6188 4051 6177 4042 6188 4041 6179 4041 6179 4042 6188 4032 6189 4041 6179 4032 6189 4031 6181 4031 6181 4032 6189 4022 6190 4031 6181 4022 6190 4021 6110 4021 6110 4022 6190 4012 6108 3340 6182 3341 6191 4092 6183 4092 6183 3341 6191 4083 6192 4092 6183 4083 6192 4082 6184 4082 6184 4083 6192 4073 6193 4082 6184 4073 6193 4072 6185 4072 6185 4073 6193 4063 6194 4072 6185 4063 6194 4062 6186 4062 6186 4063 6194 4053 6195 4062 6186 4053 6195 4052 6187 4052 6187 4053 6195 4043 6196 4052 6187 4043 6196 4042 6188 4042 6188 4043 6196 4033 6197 4042 6188 4033 6197 4032 6189 4032 6189 4033 6197 4023 6198 4032 6189 4023 6198 4022 6190 4022 6190 4023 6198 4013 6199 4022 6190 4013 6199 4012 6108 4012 6108 4013 6199 3409 6106 3341 6191 3342 6200 4083 6192 4083 6192 3342 6200 4074 6201 4083 6192 4074 6201 4073 6193 4073 6193 4074 6201 4064 6202 4073 6193 4064 6202 4063 6194 4063 6194 4064 6202 4054 6203 4063 6194 4054 6203 4053 6195 4053 6195 4054 6203 4044 6204 4053 6195 4044 6204 4043 6196 4043 6196 4044 6204 4034 6205 4043 6196 4034 6205 4033 6197 4033 6197 4034 6205 4024 6206 4033 6197 4024 6206 4023 6198 4023 6198 4024 6206 4014 6207 4023 6198 4014 6207 4013 6199 4013 6199 4014 6207 3410 6208 4013 6199 3410 6208 3409 6106 3409 6106 3410 6208 4003 6104 3342 6200 3343 6209 4074 6201 4074 6201 3343 6209 4065 6210 4074 6201 4065 6210 4064 6202 4064 6202 4065 6210 4055 6211 4064 6202 4055 6211 4054 6203 4054 6203 4055 6211 4045 6212 4054 6203 4045 6212 4044 6204 4044 6204 4045 6212 4035 6213 4044 6204 4035 6213 4034 6205 4034 6205 4035 6213 4025 6214 4034 6205 4025 6214 4024 6206 4024 6206 4025 6214 4015 6215 4024 6206 4015 6215 4014 6207 4014 6207 4015 6215 3411 6216 4014 6207 3411 6216 3410 6208 3410 6208 3411 6216 4004 6217 3410 6208 4004 6217 4003 6104 4003 6104 4004 6217 3994 6102 3343 6209 3344 6218 4065 6210 4065 6210 3344 6218 4056 6219 4065 6210 4056 6219 4055 6211 4055 6211 4056 6219 4046 6220 4055 6211 4046 6220 4045 6212 4045 6212 4046 6220 4036 6221 4045 6212 4036 6221 4035 6213 4035 6213 4036 6221 4026 6222 4035 6213 4026 6222 4025 6214 4025 6214 4026 6222 4016 6223 4025 6214 4016 6223 4015 6215 4015 6215 4016 6223 3412 6224 4015 6215 3412 6224 3411 6216 3411 6216 3412 6224 4005 6225 3411 6216 4005 6225 4004 6217 4004 6217 4005 6225 3995 6226 4004 6217 3995 6226 3994 6102 3994 6102 3995 6226 3985 6100 3344 6218 3345 6227 4056 6219 4056 6219 3345 6227 4047 6228 4056 6219 4047 6228 4046 6220 4046 6220 4047 6228 4037 6229 4046 6220 4037 6229 4036 6221 4036 6221 4037 6229 4027 6230 4036 6221 4027 6230 4026 6222 4026 6222 4027 6230 4017 6231 4026 6222 4017 6231 4016 6223 4016 6223 4017 6231 3413 6232 4016 6223 3413 6232 3412 6224 3412 6224 3413 6232 4006 6233 3412 6224 4006 6233 4005 6225 4005 6225 4006 6233 3996 6234 4005 6225 3996 6234 3995 6226 3995 6226 3996 6234 3986 6235 3995 6226 3986 6235 3985 6100 3985 6100 3986 6235 3976 6098 3345 6227 3346 6236 4047 6228 4047 6228 3346 6236 4038 6237 4047 6228 4038 6237 4037 6229 4037 6229 4038 6237 4028 6238 4037 6229 4028 6238 4027 6230 4027 6230 4028 6238 4018 6239 4027 6230 4018 6239 4017 6231 4017 6231 4018 6239 3414 6240 4017 6231 3414 6240 3413 6232 3413 6232 3414 6240 4007 6241 3413 6232 4007 6241 4006 6233 4006 6233 4007 6241 3997 6242 4006 6233 3997 6242 3996 6234 3996 6234 3997 6242 3987 6243 3996 6234 3987 6243 3986 6235 3986 6235 3987 6243 3977 6244 3986 6235 3977 6244 3976 6098 3976 6098 3977 6244 3967 6096 3346 6236 3347 6245 4038 6237 4038 6237 3347 6245 4029 6246 4038 6237 4029 6246 4028 6238 4028 6238 4029 6246 4019 6247 4028 6238 4019 6247 4018 6239 4018 6239 4019 6247 3415 6248 4018 6239 3415 6248 3414 6240 3414 6240 3415 6248 4008 6249 3414 6240 4008 6249 4007 6241 4007 6241 4008 6249 3998 6250 4007 6241 3998 6250 3997 6242 3997 6242 3998 6250 3988 6251 3997 6242 3988 6251 3987 6243 3987 6243 3988 6251 3978 6252 3987 6243 3978 6252 3977 6244 3977 6244 3978 6252 3968 6253 3977 6244 3968 6253 3967 6096 3967 6096 3968 6253 3958 6094 3347 6245 3348 6254 4029 6246 4029 6246 3348 6254 4020 6255 4029 6246 4020 6255 4019 6247 4019 6247 4020 6255 3416 6256 4019 6247 3416 6256 3415 6248 3415 6248 3416 6256 4009 6257 3415 6248 4009 6257 4008 6249 4008 6249 4009 6257 3999 6258 4008 6249 3999 6258 3998 6250 3998 6250 3999 6258 3989 6259 3998 6250 3989 6259 3988 6251 3988 6251 3989 6259 3979 6260 3988 6251 3979 6260 3978 6252 3978 6252 3979 6260 3969 6261 3978 6252 3969 6261 3968 6253 3968 6253 3969 6261 3959 6262 3968 6253 3959 6262 3958 6094 3958 6094 3959 6262 3949 6092 3348 6254 3349 6263 4020 6255 4020 6255 3349 6263 3417 6264 4020 6255 3417 6264 3416 6256 3416 6256 3417 6264 4010 6265 3416 6256 4010 6265 4009 6257 4009 6257 4010 6265 4000 6266 4009 6257 4000 6266 3999 6258 3999 6258 4000 6266 3990 6267 3999 6258 3990 6267 3989 6259 3989 6259 3990 6267 3980 6268 3989 6259 3980 6268 3979 6260 3979 6260 3980 6268 3970 6269 3979 6260 3970 6269 3969 6261 3969 6261 3970 6269 3960 6270 3969 6261 3960 6270 3959 6262 3959 6262 3960 6270 3950 6271 3959 6262 3950 6271 3949 6092 3949 6092 3950 6271 3940 6090 3417 6264 3349 6263 4011 6272 4011 6272 3349 6263 3350 6273 4011 6272 3350 6273 4002 6274 4002 6274 3350 6273 3351 6275 4002 6274 3351 6275 3993 6276 3993 6276 3351 6275 3352 6277 3993 6276 3352 6277 3984 6278 3984 6278 3352 6277 3353 6279 3984 6278 3353 6279 3975 6280 3975 6280 3353 6279 3354 6281 3975 6280 3354 6281 3966 6282 3966 6282 3354 6281 3355 6283 3966 6282 3355 6283 3957 6284 3957 6284 3355 6283 3356 6285 3957 6284 3356 6285 3948 6286 3948 6286 3356 6285 3357 6287 3948 6286 3357 6287 3939 6288 3939 6288 3357 6287 3358 6289 3939 6288 3358 6289 3930 6290 3930 6290 3358 6289 3359 6291 3930 6290 3359 6291 3921 6292 3921 6292 3359 6291 3912 6293 3921 6292 3912 6293 3911 6294 3911 6294 3912 6293 3902 6295 3911 6294 3902 6295 3901 6296 3901 6296 3902 6295 3892 6297 3901 6296 3892 6297 3891 6298 3891 6298 3892 6297 3882 6299 3891 6298 3882 6299 3881 6300 3881 6300 3882 6299 3872 6301 3881 6300 3872 6301 3871 6302 3871 6302 3872 6301 3862 6303 3871 6302 3862 6303 3861 6304 3861 6304 3862 6303 3852 6305 3861 6304 3852 6305 3851 6306 3851 6306 3852 6305 3842 6307 3851 6306 3842 6307 3841 6068 3841 6068 3842 6307 3832 6066 3359 6291 3360 6308 3912 6293 3912 6293 3360 6308 3903 6309 3912 6293 3903 6309 3902 6295 3902 6295 3903 6309 3893 6310 3902 6295 3893 6310 3892 6297 3892 6297 3893 6310 3883 6311 3892 6297 3883 6311 3882 6299 3882 6299 3883 6311 3873 6312 3882 6299 3873 6312 3872 6301 3872 6301 3873 6312 3863 6313 3872 6301 3863 6313 3862 6303 3862 6303 3863 6313 3853 6314 3862 6303 3853 6314 3852 6305 3852 6305 3853 6314 3843 6315 3852 6305 3843 6315 3842 6307 3842 6307 3843 6315 3833 6316 3842 6307 3833 6316 3832 6066 3832 6066 3833 6316 3823 6064 3360 6308 3361 6317 3903 6309 3903 6309 3361 6317 3894 6318 3903 6309 3894 6318 3893 6310 3893 6310 3894 6318 3884 6319 3893 6310 3884 6319 3883 6311 3883 6311 3884 6319 3874 6320 3883 6311 3874 6320 3873 6312 3873 6312 3874 6320 3864 6321 3873 6312 3864 6321 3863 6313 3863 6313 3864 6321 3854 6322 3863 6313 3854 6322 3853 6314 3853 6314 3854 6322 3844 6323 3853 6314 3844 6323 3843 6315 3843 6315 3844 6323 3834 6324 3843 6315 3834 6324 3833 6316 3833 6316 3834 6324 3824 6325 3833 6316 3824 6325 3823 6064 3823 6064 3824 6325 3814 6062 3361 6317 3362 6326 3894 6318 3894 6318 3362 6326 3885 6327 3894 6318 3885 6327 3884 6319 3884 6319 3885 6327 3875 6328 3884 6319 3875 6328 3874 6320 3874 6320 3875 6328 3865 6329 3874 6320 3865 6329 3864 6321 3864 6321 3865 6329 3855 6330 3864 6321 3855 6330 3854 6322 3854 6322 3855 6330 3845 6331 3854 6322 3845 6331 3844 6323 3844 6323 3845 6331 3835 6332 3844 6323 3835 6332 3834 6324 3834 6324 3835 6332 3825 6333 3834 6324 3825 6333 3824 6325 3824 6325 3825 6333 3815 6334 3824 6325 3815 6334 3814 6062 3814 6062 3815 6334 3805 6060 3362 6326 3363 6335 3885 6327 3885 6327 3363 6335 3876 6336 3885 6327 3876 6336 3875 6328 3875 6328 3876 6336 3866 6337 3875 6328 3866 6337 3865 6329 3865 6329 3866 6337 3856 6338 3865 6329 3856 6338 3855 6330 3855 6330 3856 6338 3846 6339 3855 6330 3846 6339 3845 6331 3845 6331 3846 6339 3836 6340 3845 6331 3836 6340 3835 6332 3835 6332 3836 6340 3826 6341 3835 6332 3826 6341 3825 6333 3825 6333 3826 6341 3816 6342 3825 6333 3816 6342 3815 6334 3815 6334 3816 6342 3806 6343 3815 6334 3806 6343 3805 6060 3805 6060 3806 6343 3796 6058 3363 6335 3364 6344 3876 6336 3876 6336 3364 6344 3867 6345 3876 6336 3867 6345 3866 6337 3866 6337 3867 6345 3857 6346 3866 6337 3857 6346 3856 6338 3856 6338 3857 6346 3847 6347 3856 6338 3847 6347 3846 6339 3846 6339 3847 6347 3837 6348 3846 6339 3837 6348 3836 6340 3836 6340 3837 6348 3827 6349 3836 6340 3827 6349 3826 6341 3826 6341 3827 6349 3817 6350 3826 6341 3817 6350 3816 6342 3816 6342 3817 6350 3807 6351 3816 6342 3807 6351 3806 6343 3806 6343 3807 6351 3797 6352 3806 6343 3797 6352 3796 6058 3796 6058 3797 6352 3787 6056 3364 6344 3365 6353 3867 6345 3867 6345 3365 6353 3858 6354 3867 6345 3858 6354 3857 6346 3857 6346 3858 6354 3848 6355 3857 6346 3848 6355 3847 6347 3847 6347 3848 6355 3838 6356 3847 6347 3838 6356 3837 6348 3837 6348 3838 6356 3828 6357 3837 6348 3828 6357 3827 6349 3827 6349 3828 6357 3818 6358 3827 6349 3818 6358 3817 6350 3817 6350 3818 6358 3808 6359 3817 6350 3808 6359 3807 6351 3807 6351 3808 6359 3798 6360 3807 6351 3798 6360 3797 6352 3797 6352 3798 6360 3788 6361 3797 6352 3788 6361 3787 6056 3787 6056 3788 6361 3778 6054 3365 6353 3366 6362 3858 6354 3858 6354 3366 6362 3849 6363 3858 6354 3849 6363 3848 6355 3848 6355 3849 6363 3839 6364 3848 6355 3839 6364 3838 6356 3838 6356 3839 6364 3829 6365 3838 6356 3829 6365 3828 6357 3828 6357 3829 6365 3819 6366 3828 6357 3819 6366 3818 6358 3818 6358 3819 6366 3809 6367 3818 6358 3809 6367 3808 6359 3808 6359 3809 6367 3799 6368 3808 6359 3799 6368 3798 6360 3798 6360 3799 6368 3789 6369 3798 6360 3789 6369 3788 6361 3788 6361 3789 6369 3779 6370 3788 6361 3779 6370 3778 6054 3778 6054 3779 6370 3769 6052 3366 6362 3367 6371 3849 6363 3849 6363 3367 6371 3840 6372 3849 6363 3840 6372 3839 6364 3839 6364 3840 6372 3830 6373 3839 6364 3830 6373 3829 6365 3829 6365 3830 6373 3820 6374 3829 6365 3820 6374 3819 6366 3819 6366 3820 6374 3810 6375 3819 6366 3810 6375 3809 6367 3809 6367 3810 6375 3800 6376 3809 6367 3800 6376 3799 6368 3799 6368 3800 6376 3790 6377 3799 6368 3790 6377 3789 6369 3789 6369 3790 6377 3780 6378 3789 6369 3780 6378 3779 6370 3779 6370 3780 6378 3770 6379 3779 6370 3770 6379 3769 6052 3769 6052 3770 6379 3760 6050 3367 6371 3368 6380 3840 6372 3840 6372 3368 6380 3831 6381 3840 6372 3831 6381 3830 6373 3830 6373 3831 6381 3821 6382 3830 6373 3821 6382 3820 6374 3820 6374 3821 6382 3811 6383 3820 6374 3811 6383 3810 6375 3810 6375 3811 6383 3801 6384 3810 6375 3801 6384 3800 6376 3800 6376 3801 6384 3791 6385 3800 6376 3791 6385 3790 6377 3790 6377 3791 6385 3781 6386 3790 6377 3781 6386 3780 6378 3780 6378 3781 6386 3771 6387 3780 6378 3771 6387 3770 6379 3770 6379 3771 6387 3761 6388 3770 6379 3761 6388 3760 6050 3760 6050 3761 6388 3751 6048 3368 6380 3369 6389 3831 6381 3831 6381 3369 6389 3822 6390 3831 6381 3822 6390 3821 6382 3821 6382 3822 6390 3812 6391 3821 6382 3812 6391 3811 6383 3811 6383 3812 6391 3802 6392 3811 6383 3802 6392 3801 6384 3801 6384 3802 6392 3792 6393 3801 6384 3792 6393 3791 6385 3791 6385 3792 6393 3782 6394 3791 6385 3782 6394 3781 6386 3781 6386 3782 6394 3772 6395 3781 6386 3772 6395 3771 6387 3771 6387 3772 6395 3762 6396 3771 6387 3762 6396 3761 6388 3761 6388 3762 6396 3752 6397 3761 6388 3752 6397 3751 6048 3751 6048 3752 6397 3742 6046 3822 6390 3369 6389 3813 6398 3813 6398 3369 6389 3370 6399 3813 6398 3370 6399 3804 6400 3804 6400 3370 6399 3371 6401 3804 6400 3371 6401 3795 6402 3795 6402 3371 6401 3372 6403 3795 6402 3372 6403 3786 6404 3786 6404 3372 6403 3373 6405 3786 6404 3373 6405 3777 6406 3777 6406 3373 6405 3374 6407 3777 6406 3374 6407 3768 6408 3768 6408 3374 6407 3375 6409 3768 6408 3375 6409 3759 6410 3759 6410 3375 6409 3376 6411 3759 6410 3376 6411 3750 6412 3750 6412 3376 6411 3377 6413 3750 6412 3377 6413 3741 6414 3741 6414 3377 6413 3378 6415 3741 6414 3378 6415 3732 6416 3732 6416 3378 6415 3379 6417 3732 6416 3379 6417 3723 6418 3723 6418 3379 6417 3714 6419 3723 6418 3714 6419 3713 6420 3713 6420 3714 6419 3704 6421 3713 6420 3704 6421 3703 6422 3703 6422 3704 6421 3694 6423 3703 6422 3694 6423 3693 6424 3693 6424 3694 6423 3684 6425 3693 6424 3684 6425 3683 6426 3683 6426 3684 6425 3674 6427 3683 6426 3674 6427 3673 6428 3673 6428 3674 6427 3664 6429 3673 6428 3664 6429 3663 6430 3663 6430 3664 6429 3654 6431 3663 6430 3654 6431 3653 6432 3653 6432 3654 6431 3644 6433 3653 6432 3644 6433 3643 6024 3643 6024 3644 6433 3634 6022 3379 6417 3380 6434 3714 6419 3714 6419 3380 6434 3705 6435 3714 6419 3705 6435 3704 6421 3704 6421 3705 6435 3695 6436 3704 6421 3695 6436 3694 6423 3694 6423 3695 6436 3685 6437 3694 6423 3685 6437 3684 6425 3684 6425 3685 6437 3675 6438 3684 6425 3675 6438 3674 6427 3674 6427 3675 6438 3665 6439 3674 6427 3665 6439 3664 6429 3664 6429 3665 6439 3655 6440 3664 6429 3655 6440 3654 6431 3654 6431 3655 6440 3645 6441 3654 6431 3645 6441 3644 6433 3644 6433 3645 6441 3635 6442 3644 6433 3635 6442 3634 6022 3634 6022 3635 6442 3625 6020 3380 6434 3381 6443 3705 6435 3705 6435 3381 6443 3696 6444 3705 6435 3696 6444 3695 6436 3695 6436 3696 6444 3686 6445 3695 6436 3686 6445 3685 6437 3685 6437 3686 6445 3676 6446 3685 6437 3676 6446 3675 6438 3675 6438 3676 6446 3666 6447 3675 6438 3666 6447 3665 6439 3665 6439 3666 6447 3656 6448 3665 6439 3656 6448 3655 6440 3655 6440 3656 6448 3646 6449 3655 6440 3646 6449 3645 6441 3645 6441 3646 6449 3636 6450 3645 6441 3636 6450 3635 6442 3635 6442 3636 6450 3626 6451 3635 6442 3626 6451 3625 6020 3625 6020 3626 6451 3616 6018 3381 6443 3382 6452 3696 6444 3696 6444 3382 6452 3687 6453 3696 6444 3687 6453 3686 6445 3686 6445 3687 6453 3677 6454 3686 6445 3677 6454 3676 6446 3676 6446 3677 6454 3667 6455 3676 6446 3667 6455 3666 6447 3666 6447 3667 6455 3657 6456 3666 6447 3657 6456 3656 6448 3656 6448 3657 6456 3647 6457 3656 6448 3647 6457 3646 6449 3646 6449 3647 6457 3637 6458 3646 6449 3637 6458 3636 6450 3636 6450 3637 6458 3627 6459 3636 6450 3627 6459 3626 6451 3626 6451 3627 6459 3617 6460 3626 6451 3617 6460 3616 6018 3616 6018 3617 6460 3607 6016 3382 6452 3383 6461 3687 6453 3687 6453 3383 6461 3678 6462 3687 6453 3678 6462 3677 6454 3677 6454 3678 6462 3668 6463 3677 6454 3668 6463 3667 6455 3667 6455 3668 6463 3658 6464 3667 6455 3658 6464 3657 6456 3657 6456 3658 6464 3648 6465 3657 6456 3648 6465 3647 6457 3647 6457 3648 6465 3638 6466 3647 6457 3638 6466 3637 6458 3637 6458 3638 6466 3628 6467 3637 6458 3628 6467 3627 6459 3627 6459 3628 6467 3618 6468 3627 6459 3618 6468 3617 6460 3617 6460 3618 6468 3608 6469 3617 6460 3608 6469 3607 6016 3607 6016 3608 6469 3598 6014 3383 6461 3384 6470 3678 6462 3678 6462 3384 6470 3669 6471 3678 6462 3669 6471 3668 6463 3668 6463 3669 6471 3659 6472 3668 6463 3659 6472 3658 6464 3658 6464 3659 6472 3649 6473 3658 6464 3649 6473 3648 6465 3648 6465 3649 6473 3639 6474 3648 6465 3639 6474 3638 6466 3638 6466 3639 6474 3629 6475 3638 6466 3629 6475 3628 6467 3628 6467 3629 6475 3619 6476 3628 6467 3619 6476 3618 6468 3618 6468 3619 6476 3609 6477 3618 6468 3609 6477 3608 6469 3608 6469 3609 6477 3599 6478 3608 6469 3599 6478 3598 6014 3598 6014 3599 6478 3589 6012 3384 6470 3385 6479 3669 6471 3669 6471 3385 6479 3660 6480 3669 6471 3660 6480 3659 6472 3659 6472 3660 6480 3650 6481 3659 6472 3650 6481 3649 6473 3649 6473 3650 6481 3640 6482 3649 6473 3640 6482 3639 6474 3639 6474 3640 6482 3630 6483 3639 6474 3630 6483 3629 6475 3629 6475 3630 6483 3620 6484 3629 6475 3620 6484 3619 6476 3619 6476 3620 6484 3610 6485 3619 6476 3610 6485 3609 6477 3609 6477 3610 6485 3600 6486 3609 6477 3600 6486 3599 6478 3599 6478 3600 6486 3590 6487 3599 6478 3590 6487 3589 6012 3589 6012 3590 6487 3580 6010 3385 6479 3386 6488 3660 6480 3660 6480 3386 6488 3651 6489 3660 6480 3651 6489 3650 6481 3650 6481 3651 6489 3641 6490 3650 6481 3641 6490 3640 6482 3640 6482 3641 6490 3631 6491 3640 6482 3631 6491 3630 6483 3630 6483 3631 6491 3621 6492 3630 6483 3621 6492 3620 6484 3620 6484 3621 6492 3611 6493 3620 6484 3611 6493 3610 6485 3610 6485 3611 6493 3601 6494 3610 6485 3601 6494 3600 6486 3600 6486 3601 6494 3591 6495 3600 6486 3591 6495 3590 6487 3590 6487 3591 6495 3581 6496 3590 6487 3581 6496 3580 6010 3580 6010 3581 6496 3571 6008 3386 6488 3387 6497 3651 6489 3651 6489 3387 6497 3642 6498 3651 6489 3642 6498 3641 6490 3641 6490 3642 6498 3632 6499 3641 6490 3632 6499 3631 6491 3631 6491 3632 6499 3622 6500 3631 6491 3622 6500 3621 6492 3621 6492 3622 6500 3612 6501 3621 6492 3612 6501 3611 6493 3611 6493 3612 6501 3602 6502 3611 6493 3602 6502 3601 6494 3601 6494 3602 6502 3592 6503 3601 6494 3592 6503 3591 6495 3591 6495 3592 6503 3582 6504 3591 6495 3582 6504 3581 6496 3581 6496 3582 6504 3572 6505 3581 6496 3572 6505 3571 6008 3571 6008 3572 6505 3562 6006 3387 6497 3388 6506 3642 6498 3642 6498 3388 6506 3633 6507 3642 6498 3633 6507 3632 6499 3632 6499 3633 6507 3623 6508 3632 6499 3623 6508 3622 6500 3622 6500 3623 6508 3613 6509 3622 6500 3613 6509 3612 6501 3612 6501 3613 6509 3603 6510 3612 6501 3603 6510 3602 6502 3602 6502 3603 6510 3593 6511 3602 6502 3593 6511 3592 6503 3592 6503 3593 6511 3583 6512 3592 6503 3583 6512 3582 6504 3582 6504 3583 6512 3573 6513 3582 6504 3573 6513 3572 6505 3572 6505 3573 6513 3563 6514 3572 6505 3563 6514 3562 6006 3562 6006 3563 6514 3553 6004 3388 6506 3389 6515 3633 6507 3633 6507 3389 6515 3624 6516 3633 6507 3624 6516 3623 6508 3623 6508 3624 6516 3614 6517 3623 6508 3614 6517 3613 6509 3613 6509 3614 6517 3604 6518 3613 6509 3604 6518 3603 6510 3603 6510 3604 6518 3594 6519 3603 6510 3594 6519 3593 6511 3593 6511 3594 6519 3584 6520 3593 6511 3584 6520 3583 6512 3583 6512 3584 6520 3574 6521 3583 6512 3574 6521 3573 6513 3573 6513 3574 6521 3564 6522 3573 6513 3564 6522 3563 6514 3563 6514 3564 6522 3554 6523 3563 6514 3554 6523 3553 6004 3553 6004 3554 6523 3544 6002 3624 6516 3389 6515 3615 6524 3615 6524 3389 6515 3390 6525 3615 6524 3390 6525 3606 6526 3606 6526 3390 6525 3391 6527 3606 6526 3391 6527 3597 6528 3597 6528 3391 6527 3392 6529 3597 6528 3392 6529 3588 6530 3588 6530 3392 6529 3393 6531 3588 6530 3393 6531 3579 6532 3579 6532 3393 6531 3394 6533 3579 6532 3394 6533 3570 6534 3570 6534 3394 6533 3395 6535 3570 6534 3395 6535 3561 6536 3561 6536 3395 6535 3396 6537 3561 6536 3396 6537 3552 6538 3552 6538 3396 6537 3397 6539 3552 6538 3397 6539 3543 6540 3543 6540 3397 6539 3398 6541 3543 6540 3398 6541 3534 6542 3534 6542 3398 6541 3399 6543 3534 6542 3399 6543 3525 6544 3525 6544 3399 6543 3516 6545 3525 6544 3516 6545 3515 6546 3515 6546 3516 6545 3506 6547 3515 6546 3506 6547 3505 6548 3505 6548 3506 6547 3496 6549 3505 6548 3496 6549 3495 6550 3495 6550 3496 6549 3486 6551 3495 6550 3486 6551 3485 6552 3485 6552 3486 6551 3476 6553 3485 6552 3476 6553 3475 6554 3475 6554 3476 6553 3466 6555 3475 6554 3466 6555 3465 6556 3465 6556 3466 6555 3456 6557 3465 6556 3456 6557 3455 6558 3455 6558 3456 6557 3446 6559 3455 6558 3446 6559 3445 5980 3445 5980 3446 6559 3436 5978 3399 6543 3400 6560 3516 6545 3516 6545 3400 6560 3507 6561 3516 6545 3507 6561 3506 6547 3506 6547 3507 6561 3497 6562 3506 6547 3497 6562 3496 6549 3496 6549 3497 6562 3487 6563 3496 6549 3487 6563 3486 6551 3486 6551 3487 6563 3477 6564 3486 6551 3477 6564 3476 6553 3476 6553 3477 6564 3467 6565 3476 6553 3467 6565 3466 6555 3466 6555 3467 6565 3457 6566 3466 6555 3457 6566 3456 6557 3456 6557 3457 6566 3447 6567 3456 6557 3447 6567 3446 6559 3446 6559 3447 6567 3437 6568 3446 6559 3437 6568 3436 5978 3436 5978 3437 6568 3418 5956 3400 6560 3401 6569 3507 6561 3507 6561 3401 6569 3498 6570 3507 6561 3498 6570 3497 6562 3497 6562 3498 6570 3488 6571 3497 6562 3488 6571 3487 6563 3487 6563 3488 6571 3478 6572 3487 6563 3478 6572 3477 6564 3477 6564 3478 6572 3468 6573 3477 6564 3468 6573 3467 6565 3467 6565 3468 6573 3458 6574 3467 6565 3458 6574 3457 6566 3457 6566 3458 6574 3448 6575 3457 6566 3448 6575 3447 6567 3447 6567 3448 6575 3438 6576 3447 6567 3438 6576 3437 6568 3437 6568 3438 6576 3419 6577 3437 6568 3419 6577 3418 5956 3418 5956 3419 6577 3435 5958 3401 6569 3402 6578 3498 6570 3498 6570 3402 6578 3489 6579 3498 6570 3489 6579 3488 6571 3488 6571 3489 6579 3479 6580 3488 6571 3479 6580 3478 6572 3478 6572 3479 6580 3469 6581 3478 6572 3469 6581 3468 6573 3468 6573 3469 6581 3459 6582 3468 6573 3459 6582 3458 6574 3458 6574 3459 6582 3449 6583 3458 6574 3449 6583 3448 6575 3448 6575 3449 6583 3439 6584 3448 6575 3439 6584 3438 6576 3438 6576 3439 6584 3420 6585 3438 6576 3420 6585 3419 6577 3419 6577 3420 6585 3434 5960 3419 6577 3434 5960 3435 5958 3402 6578 3403 6586 3489 6579 3489 6579 3403 6586 3480 6587 3489 6579 3480 6587 3479 6580 3479 6580 3480 6587 3470 6588 3479 6580 3470 6588 3469 6581 3469 6581 3470 6588 3460 6589 3469 6581 3460 6589 3459 6582 3459 6582 3460 6589 3450 6590 3459 6582 3450 6590 3449 6583 3449 6583 3450 6590 3440 6591 3449 6583 3440 6591 3439 6584 3439 6584 3440 6591 3421 6592 3439 6584 3421 6592 3420 6585 3420 6585 3421 6592 3433 5962 3420 6585 3433 5962 3434 5960 3403 6586 3404 6593 3480 6587 3480 6587 3404 6593 3471 6594 3480 6587 3471 6594 3470 6588 3470 6588 3471 6594 3461 6595 3470 6588 3461 6595 3460 6589 3460 6589 3461 6595 3451 6596 3460 6589 3451 6596 3450 6590 3450 6590 3451 6596 3441 6597 3450 6590 3441 6597 3440 6591 3440 6591 3441 6597 3422 6598 3440 6591 3422 6598 3421 6592 3421 6592 3422 6598 3432 5964 3421 6592 3432 5964 3433 5962 3404 6593 3405 6599 3471 6594 3471 6594 3405 6599 3462 6600 3471 6594 3462 6600 3461 6595 3461 6595 3462 6600 3452 6601 3461 6595 3452 6601 3451 6596 3451 6596 3452 6601 3442 6602 3451 6596 3442 6602 3441 6597 3441 6597 3442 6602 3423 6603 3441 6597 3423 6603 3422 6598 3422 6598 3423 6603 3431 5966 3422 6598 3431 5966 3432 5964 3405 6599 3406 6604 3462 6600 3462 6600 3406 6604 3453 6605 3462 6600 3453 6605 3452 6601 3452 6601 3453 6605 3443 6606 3452 6601 3443 6606 3442 6602 3442 6602 3443 6606 3424 6607 3442 6602 3424 6607 3423 6603 3423 6603 3424 6607 3430 5968 3423 6603 3430 5968 3431 5966 3406 6604 3407 6608 3453 6605 3453 6605 3407 6608 3444 6609 3453 6605 3444 6609 3443 6606 3443 6606 3444 6609 3425 6610 3443 6606 3425 6610 3424 6607 3424 6607 3425 6610 3429 5970 3424 6607 3429 5970 3430 5968 3407 6608 3408 6611 3444 6609 3444 6609 3408 6611 3426 6612 3444 6609 3426 6612 3425 6610 3425 6610 3426 6612 3428 5972 3425 6610 3428 5972 3429 5970 3408 6611 3329 5976 3426 6612 3426 6612 3329 5976 3427 5974 3426 6612 3427 5974 3428 5972 4010 6265 3417 6264 4011 6272 3445 5980 3454 5982 3455 6558 3455 6558 3454 5982 3464 6613 3455 6558 3464 6613 3465 6556 3465 6556 3464 6613 3474 6614 3465 6556 3474 6614 3475 6554 3475 6554 3474 6614 3484 6615 3475 6554 3484 6615 3485 6552 3485 6552 3484 6615 3494 6616 3485 6552 3494 6616 3495 6550 3495 6550 3494 6616 3504 6617 3495 6550 3504 6617 3505 6548 3505 6548 3504 6617 3514 6618 3505 6548 3514 6618 3515 6546 3515 6546 3514 6618 3524 6619 3515 6546 3524 6619 3525 6544 3525 6544 3524 6619 3534 6542 3454 5982 3463 5984 3464 6613 3464 6613 3463 5984 3473 6620 3464 6613 3473 6620 3474 6614 3474 6614 3473 6620 3483 6621 3474 6614 3483 6621 3484 6615 3484 6615 3483 6621 3493 6622 3484 6615 3493 6622 3494 6616 3494 6616 3493 6622 3503 6623 3494 6616 3503 6623 3504 6617 3504 6617 3503 6623 3513 6624 3504 6617 3513 6624 3514 6618 3514 6618 3513 6624 3523 6625 3514 6618 3523 6625 3524 6619 3524 6619 3523 6625 3533 6626 3524 6619 3533 6626 3534 6542 3534 6542 3533 6626 3543 6540 3463 5984 3472 5986 3473 6620 3473 6620 3472 5986 3482 6627 3473 6620 3482 6627 3483 6621 3483 6621 3482 6627 3492 6628 3483 6621 3492 6628 3493 6622 3493 6622 3492 6628 3502 6629 3493 6622 3502 6629 3503 6623 3503 6623 3502 6629 3512 6630 3503 6623 3512 6630 3513 6624 3513 6624 3512 6630 3522 6631 3513 6624 3522 6631 3523 6625 3523 6625 3522 6631 3532 6632 3523 6625 3532 6632 3533 6626 3533 6626 3532 6632 3542 6633 3533 6626 3542 6633 3543 6540 3543 6540 3542 6633 3552 6538 3472 5986 3481 5988 3482 6627 3482 6627 3481 5988 3491 6634 3482 6627 3491 6634 3492 6628 3492 6628 3491 6634 3501 6635 3492 6628 3501 6635 3502 6629 3502 6629 3501 6635 3511 6636 3502 6629 3511 6636 3512 6630 3512 6630 3511 6636 3521 6637 3512 6630 3521 6637 3522 6631 3522 6631 3521 6637 3531 6638 3522 6631 3531 6638 3532 6632 3532 6632 3531 6638 3541 6639 3532 6632 3541 6639 3542 6633 3542 6633 3541 6639 3551 6640 3542 6633 3551 6640 3552 6538 3552 6538 3551 6640 3561 6536 3481 5988 3490 5990 3491 6634 3491 6634 3490 5990 3500 6641 3491 6634 3500 6641 3501 6635 3501 6635 3500 6641 3510 6642 3501 6635 3510 6642 3511 6636 3511 6636 3510 6642 3520 6643 3511 6636 3520 6643 3521 6637 3521 6637 3520 6643 3530 6644 3521 6637 3530 6644 3531 6638 3531 6638 3530 6644 3540 6645 3531 6638 3540 6645 3541 6639 3541 6639 3540 6645 3550 6646 3541 6639 3550 6646 3551 6640 3551 6640 3550 6646 3560 6647 3551 6640 3560 6647 3561 6536 3561 6536 3560 6647 3570 6534 3490 5990 3499 5992 3500 6641 3500 6641 3499 5992 3509 6648 3500 6641 3509 6648 3510 6642 3510 6642 3509 6648 3519 6649 3510 6642 3519 6649 3520 6643 3520 6643 3519 6649 3529 6650 3520 6643 3529 6650 3530 6644 3530 6644 3529 6650 3539 6651 3530 6644 3539 6651 3540 6645 3540 6645 3539 6651 3549 6652 3540 6645 3549 6652 3550 6646 3550 6646 3549 6652 3559 6653 3550 6646 3559 6653 3560 6647 3560 6647 3559 6653 3569 6654 3560 6647 3569 6654 3570 6534 3570 6534 3569 6654 3579 6532 3499 5992 3508 5994 3509 6648 3509 6648 3508 5994 3518 6655 3509 6648 3518 6655 3519 6649 3519 6649 3518 6655 3528 6656 3519 6649 3528 6656 3529 6650 3529 6650 3528 6656 3538 6657 3529 6650 3538 6657 3539 6651 3539 6651 3538 6657 3548 6658 3539 6651 3548 6658 3549 6652 3549 6652 3548 6658 3558 6659 3549 6652 3558 6659 3559 6653 3559 6653 3558 6659 3568 6660 3559 6653 3568 6660 3569 6654 3569 6654 3568 6660 3578 6661 3569 6654 3578 6661 3579 6532 3579 6532 3578 6661 3588 6530 3508 5994 3517 5996 3518 6655 3518 6655 3517 5996 3527 6662 3518 6655 3527 6662 3528 6656 3528 6656 3527 6662 3537 6663 3528 6656 3537 6663 3538 6657 3538 6657 3537 6663 3547 6664 3538 6657 3547 6664 3548 6658 3548 6658 3547 6664 3557 6665 3548 6658 3557 6665 3558 6659 3558 6659 3557 6665 3567 6666 3558 6659 3567 6666 3568 6660 3568 6660 3567 6666 3577 6667 3568 6660 3577 6667 3578 6661 3578 6661 3577 6667 3587 6668 3578 6661 3587 6668 3588 6530 3588 6530 3587 6668 3597 6528 3517 5996 3526 5998 3527 6662 3527 6662 3526 5998 3536 6669 3527 6662 3536 6669 3537 6663 3537 6663 3536 6669 3546 6670 3537 6663 3546 6670 3547 6664 3547 6664 3546 6670 3556 6671 3547 6664 3556 6671 3557 6665 3557 6665 3556 6671 3566 6672 3557 6665 3566 6672 3567 6666 3567 6666 3566 6672 3576 6673 3567 6666 3576 6673 3577 6667 3577 6667 3576 6673 3586 6674 3577 6667 3586 6674 3587 6668 3587 6668 3586 6674 3596 6675 3587 6668 3596 6675 3597 6528 3597 6528 3596 6675 3606 6526 3526 5998 3535 6000 3536 6669 3536 6669 3535 6000 3545 6676 3536 6669 3545 6676 3546 6670 3546 6670 3545 6676 3555 6677 3546 6670 3555 6677 3556 6671 3556 6671 3555 6677 3565 6678 3556 6671 3565 6678 3566 6672 3566 6672 3565 6678 3575 6679 3566 6672 3575 6679 3576 6673 3576 6673 3575 6679 3585 6680 3576 6673 3585 6680 3586 6674 3586 6674 3585 6680 3595 6681 3586 6674 3595 6681 3596 6675 3596 6675 3595 6681 3605 6682 3596 6675 3605 6682 3606 6526 3606 6526 3605 6682 3615 6524 3535 6000 3544 6002 3545 6676 3545 6676 3544 6002 3554 6523 3545 6676 3554 6523 3555 6677 3555 6677 3554 6523 3564 6522 3555 6677 3564 6522 3565 6678 3565 6678 3564 6522 3574 6521 3565 6678 3574 6521 3575 6679 3575 6679 3574 6521 3584 6520 3575 6679 3584 6520 3585 6680 3585 6680 3584 6520 3594 6519 3585 6680 3594 6519 3595 6681 3595 6681 3594 6519 3604 6518 3595 6681 3604 6518 3605 6682 3605 6682 3604 6518 3614 6517 3605 6682 3614 6517 3615 6524 3615 6524 3614 6517 3624 6516 3643 6024 3652 6026 3653 6432 3653 6432 3652 6026 3662 6683 3653 6432 3662 6683 3663 6430 3663 6430 3662 6683 3672 6684 3663 6430 3672 6684 3673 6428 3673 6428 3672 6684 3682 6685 3673 6428 3682 6685 3683 6426 3683 6426 3682 6685 3692 6686 3683 6426 3692 6686 3693 6424 3693 6424 3692 6686 3702 6687 3693 6424 3702 6687 3703 6422 3703 6422 3702 6687 3712 6688 3703 6422 3712 6688 3713 6420 3713 6420 3712 6688 3722 6689 3713 6420 3722 6689 3723 6418 3723 6418 3722 6689 3732 6416 3652 6026 3661 6028 3662 6683 3662 6683 3661 6028 3671 6690 3662 6683 3671 6690 3672 6684 3672 6684 3671 6690 3681 6691 3672 6684 3681 6691 3682 6685 3682 6685 3681 6691 3691 6692 3682 6685 3691 6692 3692 6686 3692 6686 3691 6692 3701 6693 3692 6686 3701 6693 3702 6687 3702 6687 3701 6693 3711 6694 3702 6687 3711 6694 3712 6688 3712 6688 3711 6694 3721 6695 3712 6688 3721 6695 3722 6689 3722 6689 3721 6695 3731 6696 3722 6689 3731 6696 3732 6416 3732 6416 3731 6696 3741 6414 3661 6028 3670 6030 3671 6690 3671 6690 3670 6030 3680 6697 3671 6690 3680 6697 3681 6691 3681 6691 3680 6697 3690 6698 3681 6691 3690 6698 3691 6692 3691 6692 3690 6698 3700 6699 3691 6692 3700 6699 3701 6693 3701 6693 3700 6699 3710 6700 3701 6693 3710 6700 3711 6694 3711 6694 3710 6700 3720 6701 3711 6694 3720 6701 3721 6695 3721 6695 3720 6701 3730 6702 3721 6695 3730 6702 3731 6696 3731 6696 3730 6702 3740 6703 3731 6696 3740 6703 3741 6414 3741 6414 3740 6703 3750 6412 3670 6030 3679 6032 3680 6697 3680 6697 3679 6032 3689 6704 3680 6697 3689 6704 3690 6698 3690 6698 3689 6704 3699 6705 3690 6698 3699 6705 3700 6699 3700 6699 3699 6705 3709 6706 3700 6699 3709 6706 3710 6700 3710 6700 3709 6706 3719 6707 3710 6700 3719 6707 3720 6701 3720 6701 3719 6707 3729 6708 3720 6701 3729 6708 3730 6702 3730 6702 3729 6708 3739 6709 3730 6702 3739 6709 3740 6703 3740 6703 3739 6709 3749 6710 3740 6703 3749 6710 3750 6412 3750 6412 3749 6710 3759 6410 3679 6032 3688 6034 3689 6704 3689 6704 3688 6034 3698 6711 3689 6704 3698 6711 3699 6705 3699 6705 3698 6711 3708 6712 3699 6705 3708 6712 3709 6706 3709 6706 3708 6712 3718 6713 3709 6706 3718 6713 3719 6707 3719 6707 3718 6713 3728 6714 3719 6707 3728 6714 3729 6708 3729 6708 3728 6714 3738 6715 3729 6708 3738 6715 3739 6709 3739 6709 3738 6715 3748 6716 3739 6709 3748 6716 3749 6710 3749 6710 3748 6716 3758 6717 3749 6710 3758 6717 3759 6410 3759 6410 3758 6717 3768 6408 3688 6034 3697 6036 3698 6711 3698 6711 3697 6036 3707 6718 3698 6711 3707 6718 3708 6712 3708 6712 3707 6718 3717 6719 3708 6712 3717 6719 3718 6713 3718 6713 3717 6719 3727 6720 3718 6713 3727 6720 3728 6714 3728 6714 3727 6720 3737 6721 3728 6714 3737 6721 3738 6715 3738 6715 3737 6721 3747 6722 3738 6715 3747 6722 3748 6716 3748 6716 3747 6722 3757 6723 3748 6716 3757 6723 3758 6717 3758 6717 3757 6723 3767 6724 3758 6717 3767 6724 3768 6408 3768 6408 3767 6724 3777 6406 3697 6036 3706 6038 3707 6718 3707 6718 3706 6038 3716 6725 3707 6718 3716 6725 3717 6719 3717 6719 3716 6725 3726 6726 3717 6719 3726 6726 3727 6720 3727 6720 3726 6726 3736 6727 3727 6720 3736 6727 3737 6721 3737 6721 3736 6727 3746 6728 3737 6721 3746 6728 3747 6722 3747 6722 3746 6728 3756 6729 3747 6722 3756 6729 3757 6723 3757 6723 3756 6729 3766 6730 3757 6723 3766 6730 3767 6724 3767 6724 3766 6730 3776 6731 3767 6724 3776 6731 3777 6406 3777 6406 3776 6731 3786 6404 3706 6038 3715 6040 3716 6725 3716 6725 3715 6040 3725 6732 3716 6725 3725 6732 3726 6726 3726 6726 3725 6732 3735 6733 3726 6726 3735 6733 3736 6727 3736 6727 3735 6733 3745 6734 3736 6727 3745 6734 3746 6728 3746 6728 3745 6734 3755 6735 3746 6728 3755 6735 3756 6729 3756 6729 3755 6735 3765 6736 3756 6729 3765 6736 3766 6730 3766 6730 3765 6736 3775 6737 3766 6730 3775 6737 3776 6731 3776 6731 3775 6737 3785 6738 3776 6731 3785 6738 3786 6404 3786 6404 3785 6738 3795 6402 3715 6040 3724 6042 3725 6732 3725 6732 3724 6042 3734 6739 3725 6732 3734 6739 3735 6733 3735 6733 3734 6739 3744 6740 3735 6733 3744 6740 3745 6734 3745 6734 3744 6740 3754 6741 3745 6734 3754 6741 3755 6735 3755 6735 3754 6741 3764 6742 3755 6735 3764 6742 3765 6736 3765 6736 3764 6742 3774 6743 3765 6736 3774 6743 3775 6737 3775 6737 3774 6743 3784 6744 3775 6737 3784 6744 3785 6738 3785 6738 3784 6744 3794 6745 3785 6738 3794 6745 3795 6402 3795 6402 3794 6745 3804 6400 3724 6042 3733 6044 3734 6739 3734 6739 3733 6044 3743 6746 3734 6739 3743 6746 3744 6740 3744 6740 3743 6746 3753 6747 3744 6740 3753 6747 3754 6741 3754 6741 3753 6747 3763 6748 3754 6741 3763 6748 3764 6742 3764 6742 3763 6748 3773 6749 3764 6742 3773 6749 3774 6743 3774 6743 3773 6749 3783 6750 3774 6743 3783 6750 3784 6744 3784 6744 3783 6750 3793 6751 3784 6744 3793 6751 3794 6745 3794 6745 3793 6751 3803 6752 3794 6745 3803 6752 3804 6400 3804 6400 3803 6752 3813 6398 3733 6044 3742 6046 3743 6746 3743 6746 3742 6046 3752 6397 3743 6746 3752 6397 3753 6747 3753 6747 3752 6397 3762 6396 3753 6747 3762 6396 3763 6748 3763 6748 3762 6396 3772 6395 3763 6748 3772 6395 3773 6749 3773 6749 3772 6395 3782 6394 3773 6749 3782 6394 3783 6750 3783 6750 3782 6394 3792 6393 3783 6750 3792 6393 3793 6751 3793 6751 3792 6393 3802 6392 3793 6751 3802 6392 3803 6752 3803 6752 3802 6392 3812 6391 3803 6752 3812 6391 3813 6398 3813 6398 3812 6391 3822 6390 3841 6068 3850 6070 3851 6306 3851 6306 3850 6070 3860 6753 3851 6306 3860 6753 3861 6304 3861 6304 3860 6753 3870 6754 3861 6304 3870 6754 3871 6302 3871 6302 3870 6754 3880 6755 3871 6302 3880 6755 3881 6300 3881 6300 3880 6755 3890 6756 3881 6300 3890 6756 3891 6298 3891 6298 3890 6756 3900 6757 3891 6298 3900 6757 3901 6296 3901 6296 3900 6757 3910 6758 3901 6296 3910 6758 3911 6294 3911 6294 3910 6758 3920 6759 3911 6294 3920 6759 3921 6292 3921 6292 3920 6759 3930 6290 3850 6070 3859 6072 3860 6753 3860 6753 3859 6072 3869 6760 3860 6753 3869 6760 3870 6754 3870 6754 3869 6760 3879 6761 3870 6754 3879 6761 3880 6755 3880 6755 3879 6761 3889 6762 3880 6755 3889 6762 3890 6756 3890 6756 3889 6762 3899 6763 3890 6756 3899 6763 3900 6757 3900 6757 3899 6763 3909 6764 3900 6757 3909 6764 3910 6758 3910 6758 3909 6764 3919 6765 3910 6758 3919 6765 3920 6759 3920 6759 3919 6765 3929 6766 3920 6759 3929 6766 3930 6290 3930 6290 3929 6766 3939 6288 3859 6072 3868 6074 3869 6760 3869 6760 3868 6074 3878 6767 3869 6760 3878 6767 3879 6761 3879 6761 3878 6767 3888 6768 3879 6761 3888 6768 3889 6762 3889 6762 3888 6768 3898 6769 3889 6762 3898 6769 3899 6763 3899 6763 3898 6769 3908 6770 3899 6763 3908 6770 3909 6764 3909 6764 3908 6770 3918 6771 3909 6764 3918 6771 3919 6765 3919 6765 3918 6771 3928 6772 3919 6765 3928 6772 3929 6766 3929 6766 3928 6772 3938 6773 3929 6766 3938 6773 3939 6288 3939 6288 3938 6773 3948 6286 3868 6074 3877 6076 3878 6767 3878 6767 3877 6076 3887 6774 3878 6767 3887 6774 3888 6768 3888 6768 3887 6774 3897 6775 3888 6768 3897 6775 3898 6769 3898 6769 3897 6775 3907 6776 3898 6769 3907 6776 3908 6770 3908 6770 3907 6776 3917 6777 3908 6770 3917 6777 3918 6771 3918 6771 3917 6777 3927 6778 3918 6771 3927 6778 3928 6772 3928 6772 3927 6778 3937 6779 3928 6772 3937 6779 3938 6773 3938 6773 3937 6779 3947 6780 3938 6773 3947 6780 3948 6286 3948 6286 3947 6780 3957 6284 3877 6076 3886 6078 3887 6774 3887 6774 3886 6078 3896 6781 3887 6774 3896 6781 3897 6775 3897 6775 3896 6781 3906 6782 3897 6775 3906 6782 3907 6776 3907 6776 3906 6782 3916 6783 3907 6776 3916 6783 3917 6777 3917 6777 3916 6783 3926 6784 3917 6777 3926 6784 3927 6778 3927 6778 3926 6784 3936 6785 3927 6778 3936 6785 3937 6779 3937 6779 3936 6785 3946 6786 3937 6779 3946 6786 3947 6780 3947 6780 3946 6786 3956 6787 3947 6780 3956 6787 3957 6284 3957 6284 3956 6787 3966 6282 3886 6078 3895 6080 3896 6781 3896 6781 3895 6080 3905 6788 3896 6781 3905 6788 3906 6782 3906 6782 3905 6788 3915 6789 3906 6782 3915 6789 3916 6783 3916 6783 3915 6789 3925 6790 3916 6783 3925 6790 3926 6784 3926 6784 3925 6790 3935 6791 3926 6784 3935 6791 3936 6785 3936 6785 3935 6791 3945 6792 3936 6785 3945 6792 3946 6786 3946 6786 3945 6792 3955 6793 3946 6786 3955 6793 3956 6787 3956 6787 3955 6793 3965 6794 3956 6787 3965 6794 3966 6282 3966 6282 3965 6794 3975 6280 3895 6080 3904 6082 3905 6788 3905 6788 3904 6082 3914 6795 3905 6788 3914 6795 3915 6789 3915 6789 3914 6795 3924 6796 3915 6789 3924 6796 3925 6790 3925 6790 3924 6796 3934 6797 3925 6790 3934 6797 3935 6791 3935 6791 3934 6797 3944 6798 3935 6791 3944 6798 3945 6792 3945 6792 3944 6798 3954 6799 3945 6792 3954 6799 3955 6793 3955 6793 3954 6799 3964 6800 3955 6793 3964 6800 3965 6794 3965 6794 3964 6800 3974 6801 3965 6794 3974 6801 3975 6280 3975 6280 3974 6801 3984 6278 3904 6082 3913 6084 3914 6795 3914 6795 3913 6084 3923 6802 3914 6795 3923 6802 3924 6796 3924 6796 3923 6802 3933 6803 3924 6796 3933 6803 3934 6797 3934 6797 3933 6803 3943 6804 3934 6797 3943 6804 3944 6798 3944 6798 3943 6804 3953 6805 3944 6798 3953 6805 3954 6799 3954 6799 3953 6805 3963 6806 3954 6799 3963 6806 3964 6800 3964 6800 3963 6806 3973 6807 3964 6800 3973 6807 3974 6801 3974 6801 3973 6807 3983 6808 3974 6801 3983 6808 3984 6278 3984 6278 3983 6808 3993 6276 3913 6084 3922 6086 3923 6802 3923 6802 3922 6086 3932 6809 3923 6802 3932 6809 3933 6803 3933 6803 3932 6809 3942 6810 3933 6803 3942 6810 3943 6804 3943 6804 3942 6810 3952 6811 3943 6804 3952 6811 3953 6805 3953 6805 3952 6811 3962 6812 3953 6805 3962 6812 3963 6806 3963 6806 3962 6812 3972 6813 3963 6806 3972 6813 3973 6807 3973 6807 3972 6813 3982 6814 3973 6807 3982 6814 3983 6808 3983 6808 3982 6814 3992 6815 3983 6808 3992 6815 3993 6276 3993 6276 3992 6815 4002 6274 3922 6086 3931 6088 3932 6809 3932 6809 3931 6088 3941 6816 3932 6809 3941 6816 3942 6810 3942 6810 3941 6816 3951 6817 3942 6810 3951 6817 3952 6811 3952 6811 3951 6817 3961 6818 3952 6811 3961 6818 3962 6812 3962 6812 3961 6818 3971 6819 3962 6812 3971 6819 3972 6813 3972 6813 3971 6819 3981 6820 3972 6813 3981 6820 3982 6814 3982 6814 3981 6820 3991 6821 3982 6814 3991 6821 3992 6815 3992 6815 3991 6821 4001 6822 3992 6815 4001 6822 4002 6274 4002 6274 4001 6822 4011 6272 3931 6088 3940 6090 3941 6816 3941 6816 3940 6090 3950 6271 3941 6816 3950 6271 3951 6817 3951 6817 3950 6271 3960 6270 3951 6817 3960 6270 3961 6818 3961 6818 3960 6270 3970 6269 3961 6818 3970 6269 3971 6819 3971 6819 3970 6269 3980 6268 3971 6819 3980 6268 3981 6820 3981 6820 3980 6268 3990 6267 3981 6820 3990 6267 3991 6821 3991 6821 3990 6267 4000 6266 3991 6821 4000 6266 4001 6822 4001 6822 4000 6266 4010 6265 4001 6822 4010 6265 4011 6272 4030 6112 4039 6114 4040 6180 4040 6180 4039 6114 4049 6823 4040 6180 4049 6823 4050 6178 4050 6178 4049 6823 4059 6824 4050 6178 4059 6824 4060 6176 4060 6176 4059 6824 4069 6825 4060 6176 4069 6825 4070 6174 4070 6174 4069 6825 4079 6826 4070 6174 4079 6826 4080 6172 4080 6172 4079 6826 4089 6827 4080 6172 4089 6827 4090 6170 4090 6170 4089 6827 4099 6828 4090 6170 4099 6828 4100 6168 4100 6168 4099 6828 4109 6829 4100 6168 4109 6829 4110 6166 4110 6166 4109 6829 4119 6164 4039 6114 4048 6116 4049 6823 4049 6823 4048 6116 4058 6830 4049 6823 4058 6830 4059 6824 4059 6824 4058 6830 4068 6831 4059 6824 4068 6831 4069 6825 4069 6825 4068 6831 4078 6832 4069 6825 4078 6832 4079 6826 4079 6826 4078 6832 4088 6833 4079 6826 4088 6833 4089 6827 4089 6827 4088 6833 4098 6834 4089 6827 4098 6834 4099 6828 4099 6828 4098 6834 4108 6835 4099 6828 4108 6835 4109 6829 4109 6829 4108 6835 4118 6836 4109 6829 4118 6836 4119 6164 4119 6164 4118 6836 4128 6162 4048 6116 4057 6118 4058 6830 4058 6830 4057 6118 4067 6837 4058 6830 4067 6837 4068 6831 4068 6831 4067 6837 4077 6838 4068 6831 4077 6838 4078 6832 4078 6832 4077 6838 4087 6839 4078 6832 4087 6839 4088 6833 4088 6833 4087 6839 4097 6840 4088 6833 4097 6840 4098 6834 4098 6834 4097 6840 4107 6841 4098 6834 4107 6841 4108 6835 4108 6835 4107 6841 4117 6842 4108 6835 4117 6842 4118 6836 4118 6836 4117 6842 4127 6843 4118 6836 4127 6843 4128 6162 4128 6162 4127 6843 4137 6160 4057 6118 4066 6120 4067 6837 4067 6837 4066 6120 4076 6844 4067 6837 4076 6844 4077 6838 4077 6838 4076 6844 4086 6845 4077 6838 4086 6845 4087 6839 4087 6839 4086 6845 4096 6846 4087 6839 4096 6846 4097 6840 4097 6840 4096 6846 4106 6847 4097 6840 4106 6847 4107 6841 4107 6841 4106 6847 4116 6848 4107 6841 4116 6848 4117 6842 4117 6842 4116 6848 4126 6849 4117 6842 4126 6849 4127 6843 4127 6843 4126 6849 4136 6850 4127 6843 4136 6850 4137 6160 4137 6160 4136 6850 4146 6158 4066 6120 4075 6122 4076 6844 4076 6844 4075 6122 4085 6851 4076 6844 4085 6851 4086 6845 4086 6845 4085 6851 4095 6852 4086 6845 4095 6852 4096 6846 4096 6846 4095 6852 4105 6853 4096 6846 4105 6853 4106 6847 4106 6847 4105 6853 4115 6854 4106 6847 4115 6854 4116 6848 4116 6848 4115 6854 4125 6855 4116 6848 4125 6855 4126 6849 4126 6849 4125 6855 4135 6856 4126 6849 4135 6856 4136 6850 4136 6850 4135 6856 4145 6857 4136 6850 4145 6857 4146 6158 4146 6158 4145 6857 4155 6156 4075 6122 4084 6124 4085 6851 4085 6851 4084 6124 4094 6858 4085 6851 4094 6858 4095 6852 4095 6852 4094 6858 4104 6859 4095 6852 4104 6859 4105 6853 4105 6853 4104 6859 4114 6860 4105 6853 4114 6860 4115 6854 4115 6854 4114 6860 4124 6861 4115 6854 4124 6861 4125 6855 4125 6855 4124 6861 4134 6862 4125 6855 4134 6862 4135 6856 4135 6856 4134 6862 4144 6863 4135 6856 4144 6863 4145 6857 4145 6857 4144 6863 4154 6864 4145 6857 4154 6864 4155 6156 4155 6156 4154 6864 4164 6154 4084 6124 4093 6126 4094 6858 4094 6858 4093 6126 4103 6865 4094 6858 4103 6865 4104 6859 4104 6859 4103 6865 4113 6866 4104 6859 4113 6866 4114 6860 4114 6860 4113 6866 4123 6867 4114 6860 4123 6867 4124 6861 4124 6861 4123 6867 4133 6868 4124 6861 4133 6868 4134 6862 4134 6862 4133 6868 4143 6869 4134 6862 4143 6869 4144 6863 4144 6863 4143 6869 4153 6870 4144 6863 4153 6870 4154 6864 4154 6864 4153 6870 4163 6871 4154 6864 4163 6871 4164 6154 4164 6154 4163 6871 4173 6152 4093 6126 4102 6128 4103 6865 4103 6865 4102 6128 4112 6872 4103 6865 4112 6872 4113 6866 4113 6866 4112 6872 4122 6873 4113 6866 4122 6873 4123 6867 4123 6867 4122 6873 4132 6874 4123 6867 4132 6874 4133 6868 4133 6868 4132 6874 4142 6875 4133 6868 4142 6875 4143 6869 4143 6869 4142 6875 4152 6876 4143 6869 4152 6876 4153 6870 4153 6870 4152 6876 4162 6877 4153 6870 4162 6877 4163 6871 4163 6871 4162 6877 4172 6878 4163 6871 4172 6878 4173 6152 4173 6152 4172 6878 4182 6150 4102 6128 4111 6130 4112 6872 4112 6872 4111 6130 4121 6879 4112 6872 4121 6879 4122 6873 4122 6873 4121 6879 4131 6880 4122 6873 4131 6880 4132 6874 4132 6874 4131 6880 4141 6881 4132 6874 4141 6881 4142 6875 4142 6875 4141 6881 4151 6882 4142 6875 4151 6882 4152 6876 4152 6876 4151 6882 4161 6883 4152 6876 4161 6883 4162 6877 4162 6877 4161 6883 4171 6884 4162 6877 4171 6884 4172 6878 4172 6878 4171 6884 4181 6885 4172 6878 4181 6885 4182 6150 4182 6150 4181 6885 4191 6148 4111 6130 4120 6132 4121 6879 4121 6879 4120 6132 4130 6886 4121 6879 4130 6886 4131 6880 4131 6880 4130 6886 4140 6887 4131 6880 4140 6887 4141 6881 4141 6881 4140 6887 4150 6888 4141 6881 4150 6888 4151 6882 4151 6882 4150 6888 4160 6889 4151 6882 4160 6889 4161 6883 4161 6883 4160 6889 4170 6890 4161 6883 4170 6890 4171 6884 4171 6884 4170 6890 4180 6891 4171 6884 4180 6891 4181 6885 4181 6885 4180 6891 4190 6892 4181 6885 4190 6892 4191 6148 4191 6148 4190 6892 4200 5975 4120 6132 4129 6134 4130 6886 4130 6886 4129 6134 4139 6893 4130 6886 4139 6893 4140 6887 4140 6887 4139 6893 4149 6894 4140 6887 4149 6894 4150 6888 4150 6888 4149 6894 4159 6895 4150 6888 4159 6895 4160 6889 4160 6889 4159 6895 4169 6896 4160 6889 4169 6896 4170 6890 4170 6890 4169 6896 4179 6897 4170 6890 4179 6897 4180 6891 4180 6891 4179 6897 4189 6898 4180 6891 4189 6898 4190 6892 4190 6892 4189 6898 4199 5973 4190 6892 4199 5973 4200 5975 4129 6134 4138 6136 4139 6893 4139 6893 4138 6136 4148 6899 4139 6893 4148 6899 4149 6894 4149 6894 4148 6899 4158 6900 4149 6894 4158 6900 4159 6895 4159 6895 4158 6900 4168 6901 4159 6895 4168 6901 4169 6896 4169 6896 4168 6901 4178 6902 4169 6896 4178 6902 4179 6897 4179 6897 4178 6902 4188 6903 4179 6897 4188 6903 4189 6898 4189 6898 4188 6903 4198 5971 4189 6898 4198 5971 4199 5973 4138 6136 4147 6138 4148 6899 4148 6899 4147 6138 4157 6904 4148 6899 4157 6904 4158 6900 4158 6900 4157 6904 4167 6905 4158 6900 4167 6905 4168 6901 4168 6901 4167 6905 4177 6906 4168 6901 4177 6906 4178 6902 4178 6902 4177 6906 4187 6907 4178 6902 4187 6907 4188 6903 4188 6903 4187 6907 4197 5969 4188 6903 4197 5969 4198 5971 4147 6138 4156 6140 4157 6904 4157 6904 4156 6140 4166 6908 4157 6904 4166 6908 4167 6905 4167 6905 4166 6908 4176 6909 4167 6905 4176 6909 4177 6906 4177 6906 4176 6909 4186 6910 4177 6906 4186 6910 4187 6907 4187 6907 4186 6910 4196 5967 4187 6907 4196 5967 4197 5969 4156 6140 4165 6142 4166 6908 4166 6908 4165 6142 4175 6911 4166 6908 4175 6911 4176 6909 4176 6909 4175 6911 4185 6912 4176 6909 4185 6912 4186 6910 4186 6910 4185 6912 4195 5965 4186 6910 4195 5965 4196 5967 4165 6142 4174 6144 4175 6911 4175 6911 4174 6144 4184 6913 4175 6911 4184 6913 4185 6912 4185 6912 4184 6913 4194 5963 4185 6912 4194 5963 4195 5965 4174 6144 4183 6146 4184 6913 4184 6913 4183 6146 4193 5961 4184 6913 4193 5961 4194 5963 4192 5959 4193 5961 4183 6146 236 6914 3349 6915 237 6916 237 6916 3349 6915 3348 6917 237 6916 3348 6917 3347 6918 238 6919 3369 6920 236 6914 236 6914 3369 6920 3368 6921 236 6914 3368 6921 3367 6922 239 6923 3389 6924 238 6919 238 6919 3389 6924 3388 6925 238 6919 3388 6925 3387 6926 237 6916 3329 6927 239 6923 239 6923 3329 6927 3408 6928 239 6923 3408 6928 3407 6929 3407 6929 3406 6930 239 6923 239 6923 3406 6930 3405 6931 239 6923 3405 6931 3404 6932 3404 6932 3403 6933 239 6923 239 6923 3403 6933 3402 6934 239 6923 3402 6934 3401 6935 3401 6935 3400 6936 239 6923 239 6923 3400 6936 3399 6937 239 6923 3399 6937 3398 6938 3398 6938 3397 6939 239 6923 239 6923 3397 6939 3396 6940 239 6923 3396 6940 3395 6941 3395 6941 3394 6942 239 6923 239 6923 3394 6942 3393 6943 239 6923 3393 6943 3392 6944 3392 6944 3391 6945 239 6923 239 6923 3391 6945 3390 6946 239 6923 3390 6946 3389 6924 3387 6926 3386 6947 238 6919 238 6919 3386 6947 3385 6948 238 6919 3385 6948 3384 6949 3384 6949 3383 6950 238 6919 238 6919 3383 6950 3382 6951 238 6919 3382 6951 3381 6952 3381 6952 3380 6953 238 6919 238 6919 3380 6953 3379 6954 238 6919 3379 6954 3378 6955 3378 6955 3377 6956 238 6919 238 6919 3377 6956 3376 6957 238 6919 3376 6957 3375 6958 3375 6958 3374 6959 238 6919 238 6919 3374 6959 3373 6960 238 6919 3373 6960 3372 6961 3372 6961 3371 6962 238 6919 238 6919 3371 6962 3370 6963 238 6919 3370 6963 3369 6920 3367 6922 3366 6964 236 6914 236 6914 3366 6964 3365 6965 236 6914 3365 6965 3364 6966 3364 6966 3363 6967 236 6914 236 6914 3363 6967 3362 6968 236 6914 3362 6968 3361 6969 3361 6969 3360 6970 236 6914 236 6914 3360 6970 3359 6971 236 6914 3359 6971 3358 6972 3358 6972 3357 6973 236 6914 236 6914 3357 6973 3356 6974 236 6914 3356 6974 3355 6975 3355 6975 3354 6976 236 6914 236 6914 3354 6976 3353 6977 236 6914 3353 6977 3352 6978 3352 6978 3351 6979 236 6914 236 6914 3351 6979 3350 6980 236 6914 3350 6980 3349 6915 3347 6918 3346 6981 237 6916 237 6916 3346 6981 3345 6982 237 6916 3345 6982 3344 6983 3344 6983 3343 6984 237 6916 237 6916 3343 6984 3342 6985 237 6916 3342 6985 3341 6986 3341 6986 3340 6987 237 6916 237 6916 3340 6987 3339 6988 237 6916 3339 6988 3338 6989 3338 6989 3337 6990 237 6916 237 6916 3337 6990 3336 6991 237 6916 3336 6991 3335 6992 3335 6992 3334 6993 237 6916 237 6916 3334 6993 3333 6994 237 6916 3333 6994 3332 6995 3332 6995 3331 6996 237 6916 237 6916 3331 6996 3330 6997 237 6916 3330 6997 3329 6927</p>
        </triangles>
      </mesh>
    </geometry>
  </library_geometries>
  <library_visual_scenes>
    <visual_scene id="Scene" name="Scene">
      <node id="JAW_5-node" name="JAW_5" type="NODE">
        <instance_geometry url="#JAW_5-mesh">
          <bind_material>
            <technique_common>
              <instance_material symbol="ABS__White_" target="#ABS__White_"/>
            </technique_common>
          </bind_material>
        </instance_geometry>
      </node>
    </visual_scene>
  </library_visual_scenes>
  <scene>
    <instance_visual_scene url="#Scene"/>
  </scene>
</COLLADA>
