<?xml version="1.0" encoding="utf-8"?>
<COLLADA xmlns="http://www.collada.org/2005/11/COLLADASchema" version="1.4.1">
  <asset>
    <contributor>
      <authoring_tool>Fusion URDF/XACRO Exporter</authoring_tool>
    </contributor>
    <created>2026-07-28T12:55:13Z</created>
    <modified>2026-07-28T12:55:13Z</modified>
    <unit name="meter" meter="1.0"/>
    <up_axis>Z_UP</up_axis>
  </asset>
  <library_effects>
    <effect id="ABS__White_-effect">
      <profile_COMMON>
        <technique sid="common">
          <lambert>
            <emission><color>0 0 0 1</color></emission>
            <ambient><color>0.0000 0.0000 0.0000 1</color></ambient>
            <diffuse><color>0.9647 0.9647 0.9529 1</color></diffuse>
            <reflective><color>0 0 0 1</color></reflective>
            <transparent opaque="A_ONE"><color>1 1 1 1</color></transparent>
            <transparency><float>1</float></transparency>
          </lambert>
        </technique>
      </profile_COMMON>
    </effect>
  </library_effects>
  <library_materials>
    <material id="ABS__White_" name="ABS_(White)">
      <instance_effect url="#ABS__White_-effect"/>
    </material>
  </library_materials>
  <library_geometries>
    <geometry id="JAW_6-mesh" name="JAW_6">
      <mesh>
        <source id="JAW_6-mesh-positions">
          <float_array id="JAW_6-mesh-positions-array" count="2223">-0.010000 0.010000 -0.000000 -0.009921 0.010000 0.001253 -0.009686 0.010000 0.002487 -0.009298 0.010000 0.003681 -0.008763 0.010000 0.004818 -0.008090 0.010000 0.005878 -0.007290 0.010000 0.006845 -0.006374 0.010000 0.007705 -0.005358 0.010000 0.008443 -0.004258 0.010000 0.009048 -0.003090 0.010000 0.009511 -0.001874 0.010000 0.009823 -0.000628 0.010000 0.009980 0.000628 0.010000 0.009980 0.001874 0.010000 0.009823 0.003090 0.010000 0.009511 0.004258 0.010000 0.009048 0.005358 0.010000 0.008443 0.006374 0.010000 0.007705 0.007290 0.010000 0.006845 0.008090 0.010000 0.005878 0.008763 0.010000 0.004818 0.009298 0.010000 0.003681 0.009686 0.010000 0.002487 0.009921 0.010000 0.001253 0.010000 0.010000 -0.000000 0.009921 0.010000 -0.001253 0.009686 0.010000 -0.002487 0.009298 0.010000 -0.003681 0.008763 0.010000 -0.004818 0.008090 0.010000 -0.005878 0.007290 0.010000 -0.006845 0.006374 0.010000 -0.007705 0.005358 0.010000 -0.008443 0.004258 0.010000 -0.009048 0.003090 0.010000 -0.009511 0.001874 0.010000 -0.009823 0.000628 0.010000 -0.009980 -0.000628 0.010000 -0.009980 -0.001874 0.010000 -0.009823 -0.003090 0.010000 -0.009511 -0.004258 0.010000 -0.009048 -0.005358 0.010000 -0.008443 -0.006374 0.010000 -0.007705 -0.007290 0.010000 -0.006845 -0.008090 0.010000 -0.005878 -0.008763 0.010000 -0.004818 -0.009298 0.010000 -0.003681 -0.009686 0.010000 -0.002487 -0.009921 0.010000 -0.001253 -0.010000 0.000000 -0.000000 -0.009921 0.000000 -0.001253 -0.009686 0.000000 -0.002487 -0.009298 0.000000 -0.003681 -0.008763 0.000000 -0.004818 -0.008090 0.000000 -0.005878 -0.007290 0.000000 -0.006845 -0.006374 0.000000 -0.007705 -0.005358 0.000000 -0.008443 -0.004258 0.000000 -0.009048 -0.003090 0.000000 -0.009511 -0.001874 0.000000 -0.009823 -0.000628 0.000000 -0.009980 0.000628 0.000000 -0.009980 0.001874 0.000000 -0.009823 0.003090 0.000000 -0.009511 0.004258 0.000000 -0.009048 0.005358 0.000000 -0.008443 0.006374 0.000000 -0.007705 0.007290 0.000000 -0.006845 0.008090 0.000000 -0.005878 0.008763 0.000000 -0.004818 0.009298 0.000000 -0.003681 0.009686 0.000000 -0.002487 0.009921 0.000000 -0.001253 0.010000 0.000000 -0.000000 0.009921 0.000000 0.001253 0.009686 0.000000 0.002487 0.009298 0.000000 0.003681 0.008763 0.000000 0.004818 0.008090 0.000000 0.005878 0.007290 0.000000 0.006845 0.006374 0.000000 0.007705 0.005358 0.000000 0.008443 0.004258 0.000000 0.009048 0.003090 0.000000 0.009511 0.001874 0.000000 0.009823 0.000628 0.000000 0.009980 -0.000628 0.000000 0.009980 -0.001874 0.000000 0.009823 -0.003090 0.000000 0.009511 -0.004258 0.000000 0.009048 -0.005358 0.000000 0.008443 -0.006374 0.000000 0.007705 -0.007290 0.000000 0.006845 -0.008090 0.000000 0.005878 -0.008763 0.000000 0.004818 -0.009298 0.000000 0.003681 -0.009686 0.000000 0.002487 -0.009921 0.000000 0.001253 0.008000 0.052434 0.013000 0.008000 0.052434 0.009000 0.008000 0.052434 -0.009000 0.008000 0.052434 -0.013000 0.008000 0.055434 -0.013000 0.008000 0.055434 0.013000 -0.008000 0.052434 -0.013000 -0.008000 0.052434 -0.009000 -0.008000 0.052434 0.009000 -0.008000 0.052434 0.013000 -0.008000 0.055434 0.013000 -0.008000 0.055434 -0.013000 -0.023500 0.052434 -0.013000 -0.023500 0.052434 -0.009000 0.023500 0.052434 0.013000 0.023500 0.052434 0.009000 -0.023500 0.052434 0.009000 -0.023500 0.052434 0.013000 -0.000000 0.026000 -0.022000 0.000259 0.026000 -0.021966 0.000500 0.026000 -0.021866 0.000707 0.026000 -0.021707 0.000866 0.026000 -0.021500 0.000966 0.026000 -0.021259 0.001000 0.026000 -0.021000 0.001000 0.023000 -0.021000 0.000966 0.023000 -0.021259 0.000866 0.023000 -0.021500 0.000707 0.023000 -0.021707 0.000500 0.023000 -0.021866 0.000259 0.023000 -0.021966 -0.000000 0.023000 -0.022000 -0.001000 0.026000 -0.021000 -0.000966 0.026000 -0.021259 -0.000866 0.026000 -0.021500 -0.000707 0.026000 -0.021707 -0.000500 0.026000 -0.021866 -0.000259 0.026000 -0.021966 -0.000259 0.023000 -0.021966 -0.000500 0.023000 -0.021866 -0.000707 0.023000 -0.021707 -0.000866 0.023000 -0.021500 -0.000966 0.023000 -0.021259 -0.001000 0.023000 -0.021000 -0.001000 0.023000 -0.013000 -0.001000 0.026000 -0.013000 0.001000 0.026000 -0.013000 0.001000 0.023000 -0.013000 0.019577 0.023000 -0.013000 0.018445 0.023000 -0.014561 0.017190 0.023000 -0.016024 0.015819 0.023000 -0.017378 0.014341 0.023000 -0.018617 0.012767 0.023000 -0.019729 0.011107 0.023000 -0.020709 0.009373 0.023000 -0.021550 0.007575 0.023000 -0.022246 0.005726 0.023000 -0.022792 0.003839 0.023000 -0.023184 0.001926 0.023000 -0.023421 -0.000000 0.023000 -0.023500 -0.001926 0.023000 -0.023421 -0.003839 0.023000 -0.023184 -0.005726 0.023000 -0.022792 -0.007575 0.023000 -0.022246 -0.009373 0.023000 -0.021550 -0.011107 0.023000 -0.020709 -0.012767 0.023000 -0.019729 -0.014341 0.023000 -0.018617 -0.015819 0.023000 -0.017378 -0.017190 0.023000 -0.016024 -0.018445 0.023000 -0.014561 -0.019577 0.023000 -0.013000 0.001000 0.026000 0.021000 0.000966 0.026000 0.021259 0.000866 0.026000 0.021500 0.000707 0.026000 0.021707 0.000500 0.026000 0.021866 0.000259 0.026000 0.021966 -0.000000 0.026000 0.022000 -0.000000 0.023000 0.022000 0.000259 0.023000 0.021966 0.000500 0.023000 0.021866 0.000707 0.023000 0.021707 0.000866 0.023000 0.021500 0.000966 0.023000 0.021259 0.001000 0.023000 0.021000 0.001000 0.023000 0.013000 0.001000 0.026000 0.013000 -0.000259 0.026000 0.021966 -0.000500 0.026000 0.021866 -0.000707 0.026000 0.021707 -0.000866 0.026000 0.021500 -0.000966 0.026000 0.021259 -0.001000 0.026000 0.021000 -0.001000 0.023000 0.021000 -0.000966 0.023000 0.021259 -0.000866 0.023000 0.021500 -0.000707 0.023000 0.021707 -0.000500 0.023000 0.021866 -0.000259 0.023000 0.021966 -0.001000 0.026000 0.013000 -0.001000 0.023000 0.013000 -0.019577 0.023000 0.013000 -0.018445 0.023000 0.014561 -0.017190 0.023000 0.016024 -0.015819 0.023000 0.017378 -0.014341 0.023000 0.018617 -0.012767 0.023000 0.019729 -0.011107 0.023000 0.020709 -0.009373 0.023000 0.021550 -0.007575 0.023000 0.022246 -0.005726 0.023000 0.022792 -0.003839 0.023000 0.023184 -0.001926 0.023000 0.023421 -0.000000 0.023000 0.023500 0.001926 0.023000 0.023421 0.003839 0.023000 0.023184 0.005726 0.023000 0.022792 0.007575 0.023000 0.022246 0.009373 0.023000 0.021550 0.011107 0.023000 0.020709 0.012767 0.023000 0.019729 0.014341 0.023000 0.018617 0.015819 0.023000 0.017378 0.017190 0.023000 0.016024 0.018445 0.023000 0.014561 0.019577 0.023000 0.013000 -0.042310 0.032892 -0.009000 -0.042258 0.032504 -0.009000 -0.042109 0.032142 -0.009000 -0.041870 0.031831 -0.009000 -0.041560 0.031593 -0.009000 -0.041198 0.031443 -0.009000 -0.040810 0.031392 -0.009000 -0.040421 0.031443 -0.009000 -0.040060 0.031593 -0.009000 -0.039749 0.031831 -0.009000 -0.039510 0.032142 -0.009000 -0.039361 0.032504 -0.009000 -0.039310 0.032892 -0.009000 -0.039361 0.033280 -0.009000 -0.039510 0.033642 -0.009000 -0.039749 0.033953 -0.009000 -0.040060 0.034191 -0.009000 -0.040421 0.034341 -0.009000 -0.040810 0.034392 -0.009000 -0.041198 0.034341 -0.009000 -0.041560 0.034191 -0.009000 -0.041870 0.033953 -0.009000 -0.042109 0.033642 -0.009000 -0.042258 0.033280 -0.009000 -0.042310 0.032892 -0.013000 -0.042258 0.033280 -0.013000 -0.042109 0.033642 -0.013000 -0.041870 0.033953 -0.013000 -0.041560 0.034191 -0.013000 -0.041198 0.034341 -0.013000 -0.040810 0.034392 -0.013000 -0.040421 0.034341 -0.013000 -0.040060 0.034191 -0.013000 -0.039749 0.033953 -0.013000 -0.039510 0.033642 -0.013000 -0.039361 0.033280 -0.013000 -0.039310 0.032892 -0.013000 -0.039361 0.032504 -0.013000 -0.039510 0.032142 -0.013000 -0.039749 0.031831 -0.013000 -0.040060 0.031593 -0.013000 -0.040421 0.031443 -0.013000 -0.040810 0.031392 -0.013000 -0.041198 0.031443 -0.013000 -0.041560 0.031593 -0.013000 -0.041870 0.031831 -0.013000 -0.042109 0.032142 -0.013000 -0.042258 0.032504 -0.013000 0.042310 0.032892 -0.009000 0.042258 0.033280 -0.009000 0.042109 0.033642 -0.009000 0.041870 0.033953 -0.009000 0.041560 0.034191 -0.009000 0.041198 0.034341 -0.009000 0.040810 0.034392 -0.009000 0.040421 0.034341 -0.009000 0.040060 0.034191 -0.009000 0.039749 0.033953 -0.009000 0.039510 0.033642 -0.009000 0.039361 0.033280 -0.009000 0.039310 0.032892 -0.009000 0.039361 0.032504 -0.009000 0.039510 0.032142 -0.009000 0.039749 0.031831 -0.009000 0.040060 0.031593 -0.009000 0.040421 0.031443 -0.009000 0.040810 0.031392 -0.009000 0.041198 0.031443 -0.009000 0.041560 0.031593 -0.009000 0.041870 0.031831 -0.009000 0.042109 0.032142 -0.009000 0.042258 0.032504 -0.009000 0.042310 0.032892 -0.013000 0.042258 0.032504 -0.013000 0.042109 0.032142 -0.013000 0.041870 0.031831 -0.013000 0.041560 0.031593 -0.013000 0.041198 0.031443 -0.013000 0.040810 0.031392 -0.013000 0.040421 0.031443 -0.013000 0.040060 0.031593 -0.013000 0.039749 0.031831 -0.013000 0.039510 0.032142 -0.013000 0.039361 0.032504 -0.013000 0.039310 0.032892 -0.013000 0.039361 0.033280 -0.013000 0.039510 0.033642 -0.013000 0.039749 0.033953 -0.013000 0.040060 0.034191 -0.013000 0.040421 0.034341 -0.013000 0.040810 0.034392 -0.013000 0.041198 0.034341 -0.013000 0.041560 0.034191 -0.013000 0.041870 0.033953 -0.013000 0.042109 0.033642 -0.013000 0.042258 0.033280 -0.013000 0.021708 0.023000 -0.009000 0.021084 0.023000 -0.010378 0.020373 0.023000 -0.011713 0.035000 0.023000 -0.013000 0.035000 0.023000 -0.009000 0.043810 0.030392 -0.013000 0.043810 0.035392 -0.013000 0.043810 0.035392 -0.009000 0.043810 0.030392 -0.009000 0.023500 0.052434 -0.013000 0.023500 0.052434 -0.009000 -0.043810 0.035392 -0.013000 -0.043810 0.035392 -0.009000 -0.043810 0.030392 -0.013000 -0.043810 0.030392 -0.009000 -0.035000 0.023000 -0.013000 -0.035000 0.023000 -0.009000 -0.020373 0.023000 -0.011713 -0.021084 0.023000 -0.010378 -0.021708 0.023000 -0.009000 -0.042310 0.032892 0.009000 -0.042258 0.033280 0.009000 -0.042109 0.033642 0.009000 -0.041870 0.033953 0.009000 -0.041560 0.034191 0.009000 -0.041198 0.034341 0.009000 -0.040810 0.034392 0.009000 -0.040421 0.034341 0.009000 -0.040060 0.034191 0.009000 -0.039749 0.033953 0.009000 -0.039510 0.033642 0.009000 -0.039361 0.033280 0.009000 -0.039310 0.032892 0.009000 -0.039361 0.032504 0.009000 -0.039510 0.032142 0.009000 -0.039749 0.031831 0.009000 -0.040060 0.031593 0.009000 -0.040421 0.031443 0.009000 -0.040810 0.031392 0.009000 -0.041198 0.031443 0.009000 -0.041560 0.031593 0.009000 -0.041870 0.031831 0.009000 -0.042109 0.032142 0.009000 -0.042258 0.032504 0.009000 -0.042310 0.032892 0.013000 -0.042258 0.032504 0.013000 -0.042109 0.032142 0.013000 -0.041870 0.031831 0.013000 -0.041560 0.031593 0.013000 -0.041198 0.031443 0.013000 -0.040810 0.031392 0.013000 -0.040421 0.031443 0.013000 -0.040060 0.031593 0.013000 -0.039749 0.031831 0.013000 -0.039510 0.032142 0.013000 -0.039361 0.032504 0.013000 -0.039310 0.032892 0.013000 -0.039361 0.033280 0.013000 -0.039510 0.033642 0.013000 -0.039749 0.033953 0.013000 -0.040060 0.034191 0.013000 -0.040421 0.034341 0.013000 -0.040810 0.034392 0.013000 -0.041198 0.034341 0.013000 -0.041560 0.034191 0.013000 -0.041870 0.033953 0.013000 -0.042109 0.033642 0.013000 -0.042258 0.033280 0.013000 0.042310 0.032892 0.009000 0.042258 0.032504 0.009000 0.042109 0.032142 0.009000 0.041870 0.031831 0.009000 0.041560 0.031593 0.009000 0.041198 0.031443 0.009000 0.040810 0.031392 0.009000 0.040421 0.031443 0.009000 0.040060 0.031593 0.009000 0.039749 0.031831 0.009000 0.039510 0.032142 0.009000 0.039361 0.032504 0.009000 0.039310 0.032892 0.009000 0.039361 0.033280 0.009000 0.039510 0.033642 0.009000 0.039749 0.033953 0.009000 0.040060 0.034191 0.009000 0.040421 0.034341 0.009000 0.040810 0.034392 0.009000 0.041198 0.034341 0.009000 0.041560 0.034191 0.009000 0.041870 0.033953 0.009000 0.042109 0.033642 0.009000 0.042258 0.033280 0.009000 0.042310 0.032892 0.013000 0.042258 0.033280 0.013000 0.042109 0.033642 0.013000 0.041870 0.033953 0.013000 0.041560 0.034191 0.013000 0.041198 0.034341 0.013000 0.040810 0.034392 0.013000 0.040421 0.034341 0.013000 0.040060 0.034191 0.013000 0.039749 0.033953 0.013000 0.039510 0.033642 0.013000 0.039361 0.033280 0.013000 0.039310 0.032892 0.013000 0.039361 0.032504 0.013000 0.039510 0.032142 0.013000 0.039749 0.031831 0.013000 0.040060 0.031593 0.013000 0.040421 0.031443 0.013000 0.040810 0.031392 0.013000 0.041198 0.031443 0.013000 0.041560 0.031593 0.013000 0.041870 0.031831 0.013000 0.042109 0.032142 0.013000 0.042258 0.032504 0.013000 0.020373 0.023000 0.011713 0.021084 0.023000 0.010378 0.021708 0.023000 0.009000 0.035000 0.023000 0.009000 0.035000 0.023000 0.013000 0.043810 0.035392 0.013000 0.043810 0.030392 0.013000 0.043810 0.030392 0.009000 0.043810 0.035392 0.009000 -0.043810 0.035392 0.013000 -0.043810 0.035392 0.009000 -0.043810 0.030392 0.013000 -0.043810 0.030392 0.009000 -0.035000 0.023000 0.013000 -0.035000 0.023000 0.009000 -0.021708 0.023000 0.009000 -0.021084 0.023000 0.010378 -0.020373 0.023000 0.011713 -0.022348 0.023000 -0.007268 -0.022850 0.023000 -0.005490 -0.023210 0.023000 -0.003679 -0.023427 0.023000 -0.001845 -0.023500 0.023000 0.000000 -0.023427 0.023000 0.001845 -0.023210 0.023000 0.003679 -0.022850 0.023000 0.005490 -0.022348 0.023000 0.007268 0.022348 0.023000 0.007268 0.022850 0.023000 0.005490 0.023210 0.023000 0.003679 0.023427 0.023000 0.001845 0.023500 0.023000 -0.000000 0.023427 0.023000 -0.001845 0.023210 0.023000 -0.003679 0.022850 0.023000 -0.005490 0.022348 0.023000 -0.007268 0.023500 0.010000 -0.000000 0.023422 0.010000 -0.001915 0.023188 0.010000 -0.003818 0.022799 0.010000 -0.005696 0.022259 0.010000 -0.007535 0.021571 0.010000 -0.009324 0.020739 0.010000 -0.011051 0.019769 0.010000 -0.012705 0.018668 0.010000 -0.014274 0.017442 0.010000 -0.015748 0.016101 0.010000 -0.017118 0.014652 0.010000 -0.018373 0.013106 0.010000 -0.019506 0.011472 0.010000 -0.020510 0.009762 0.010000 -0.021376 0.007987 0.010000 -0.022101 0.006159 0.010000 -0.022678 0.004290 0.010000 -0.023105 0.002393 0.010000 -0.023378 0.000479 0.010000 -0.023495 -0.001437 0.010000 -0.023456 -0.003344 0.010000 -0.023261 -0.005229 0.010000 -0.022911 -0.007079 0.010000 -0.022408 -0.008882 0.010000 -0.021757 -0.010626 0.010000 -0.020960 -0.012299 0.010000 -0.020025 -0.013890 0.010000 -0.018955 -0.015389 0.010000 -0.017760 -0.016786 0.010000 -0.016447 -0.018070 0.010000 -0.015024 -0.019235 0.010000 -0.013501 -0.020271 0.010000 -0.011888 -0.021173 0.010000 -0.010196 -0.021933 0.010000 -0.008437 -0.022548 0.010000 -0.006621 -0.023013 0.010000 -0.004761 -0.023324 0.010000 -0.002869 -0.023480 0.010000 -0.000959 -0.023480 0.010000 0.000959 -0.023324 0.010000 0.002869 -0.023013 0.010000 0.004761 -0.022548 0.010000 0.006621 -0.021933 0.010000 0.008437 -0.021173 0.010000 0.010196 -0.020271 0.010000 0.011888 -0.019235 0.010000 0.013501 -0.018070 0.010000 0.015024 -0.016786 0.010000 0.016447 -0.015389 0.010000 0.017760 -0.013890 0.010000 0.018955 -0.012299 0.010000 0.020025 -0.010626 0.010000 0.020960 -0.008882 0.010000 0.021757 -0.007079 0.010000 0.022408 -0.005229 0.010000 0.022911 -0.003344 0.010000 0.023261 -0.001437 0.010000 0.023456 0.000479 0.010000 0.023495 0.002393 0.010000 0.023378 0.004290 0.010000 0.023105 0.006159 0.010000 0.022678 0.007987 0.010000 0.022101 0.009762 0.010000 0.021376 0.011472 0.010000 0.020510 0.013106 0.010000 0.019506 0.014652 0.010000 0.018373 0.016101 0.010000 0.017118 0.017442 0.010000 0.015748 0.018668 0.010000 0.014274 0.019769 0.010000 0.012705 0.020739 0.010000 0.011051 0.021571 0.010000 0.009324 0.022259 0.010000 0.007535 0.022799 0.010000 0.005696 0.023188 0.010000 0.003818 0.023422 0.010000 0.001915 -0.035000 0.010000 0.000000 -0.034922 0.010000 -0.002338 -0.034688 0.010000 -0.004665 -0.034299 0.010000 -0.006972 -0.033756 0.010000 -0.009247 -0.033063 0.010000 -0.011481 -0.032223 0.010000 -0.013664 -0.031238 0.010000 -0.015785 -0.030114 0.010000 -0.017837 -0.028855 0.010000 -0.019808 -0.027468 0.010000 -0.021691 -0.025958 0.010000 -0.023477 -0.024332 0.010000 -0.025159 -0.022597 0.010000 -0.026728 -0.020761 0.010000 -0.028177 -0.018833 0.010000 -0.029501 -0.016820 0.010000 -0.030693 -0.014733 0.010000 -0.031748 -0.012579 0.010000 -0.032661 -0.010370 0.010000 -0.033429 -0.008114 0.010000 -0.034047 -0.005822 0.010000 -0.034512 -0.003503 0.010000 -0.034824 -0.001170 0.010000 -0.034980 0.001170 0.010000 -0.034980 0.003503 0.010000 -0.034824 0.005822 0.010000 -0.034512 0.008114 0.010000 -0.034047 0.010370 0.010000 -0.033429 0.012579 0.010000 -0.032661 0.014733 0.010000 -0.031748 0.016820 0.010000 -0.030693 0.018833 0.010000 -0.029501 0.020761 0.010000 -0.028177 0.022597 0.010000 -0.026728 0.024332 0.010000 -0.025159 0.025958 0.010000 -0.023477 0.027468 0.010000 -0.021691 0.028855 0.010000 -0.019808 0.030114 0.010000 -0.017837 0.031238 0.010000 -0.015785 0.032223 0.010000 -0.013664 0.033063 0.010000 -0.011481 0.033756 0.010000 -0.009247 0.034299 0.010000 -0.006972 0.034688 0.010000 -0.004665 0.034922 0.010000 -0.002338 0.035000 0.010000 0.000000 0.034922 0.010000 0.002338 0.034688 0.010000 0.004665 0.034299 0.010000 0.006972 0.033756 0.010000 0.009247 0.033063 0.010000 0.011481 0.032223 0.010000 0.013664 0.031238 0.010000 0.015785 0.030114 0.010000 0.017837 0.028855 0.010000 0.019808 0.027468 0.010000 0.021691 0.025958 0.010000 0.023477 0.024332 0.010000 0.025159 0.022597 0.010000 0.026728 0.020761 0.010000 0.028177 0.018833 0.010000 0.029501 0.016820 0.010000 0.030693 0.014733 0.010000 0.031748 0.012579 0.010000 0.032661 0.010370 0.010000 0.033429 0.008114 0.010000 0.034047 0.005822 0.010000 0.034512 0.003503 0.010000 0.034824 0.001170 0.010000 0.034980 -0.001170 0.010000 0.034980 -0.003503 0.010000 0.034824 -0.005822 0.010000 0.034512 -0.008114 0.010000 0.034047 -0.010370 0.010000 0.033429 -0.012579 0.010000 0.032661 -0.014733 0.010000 0.031748 -0.016820 0.010000 0.030693 -0.018833 0.010000 0.029501 -0.020761 0.010000 0.028177 -0.022597 0.010000 0.026728 -0.024332 0.010000 0.025159 -0.025958 0.010000 0.023477 -0.027468 0.010000 0.021691 -0.028855 0.010000 0.019808 -0.030114 0.010000 0.017837 -0.031238 0.010000 0.015785 -0.032223 0.010000 0.013664 -0.033063 0.010000 0.011481 -0.033756 0.010000 0.009247 -0.034299 0.010000 0.006972 -0.034688 0.010000 0.004665 -0.034922 0.010000 0.002338 -0.035000 0.000000 0.000000 -0.034922 0.000000 0.002338 -0.034688 0.000000 0.004665 -0.034299 0.000000 0.006972 -0.033756 0.000000 0.009247 -0.033063 0.000000 0.011481 -0.032223 0.000000 0.013664 -0.031238 0.000000 0.015785 -0.030114 0.000000 0.017837 -0.028855 0.000000 0.019808 -0.027468 0.000000 0.021691 -0.025958 0.000000 0.023477 -0.024332 0.000000 0.025159 -0.022597 0.000000 0.026728 -0.020761 0.000000 0.028177 -0.018833 0.000000 0.029501 -0.016820 0.000000 0.030693 -0.014733 0.000000 0.031748 -0.012579 0.000000 0.032661 -0.010370 0.000000 0.033429 -0.008114 0.000000 0.034047 -0.005822 0.000000 0.034512 -0.003503 0.000000 0.034824 -0.001170 0.000000 0.034980 0.001170 0.000000 0.034980 0.003503 0.000000 0.034824 0.005822 0.000000 0.034512 0.008114 0.000000 0.034047 0.010370 0.000000 0.033429 0.012579 0.000000 0.032661 0.014733 0.000000 0.031748 0.016820 0.000000 0.030693 0.018833 0.000000 0.029501 0.020761 0.000000 0.028177 0.022597 0.000000 0.026728 0.024332 0.000000 0.025159 0.025958 0.000000 0.023477 0.027468 0.000000 0.021691 0.028855 0.000000 0.019808 0.030114 0.000000 0.017837 0.031238 0.000000 0.015785 0.032223 0.000000 0.013664 0.033063 0.000000 0.011481 0.033756 0.000000 0.009247 0.034299 0.000000 0.006972 0.034688 0.000000 0.004665 0.034922 0.000000 0.002338 0.035000 0.000000 0.000000 0.034922 0.000000 -0.002338 0.034688 0.000000 -0.004665 0.034299 0.000000 -0.006972 0.033756 0.000000 -0.009247 0.033063 0.000000 -0.011481 0.032223 0.000000 -0.013664 0.031238 0.000000 -0.015785 0.030114 0.000000 -0.017837 0.028855 0.000000 -0.019808 0.027468 0.000000 -0.021691 0.025958 0.000000 -0.023477 0.024332 0.000000 -0.025159 0.022597 0.000000 -0.026728 0.020761 0.000000 -0.028177 0.018833 0.000000 -0.029501 0.016820 0.000000 -0.030693 0.014733 0.000000 -0.031748 0.012579 0.000000 -0.032661 0.010370 0.000000 -0.033429 0.008114 0.000000 -0.034047 0.005822 0.000000 -0.034512 0.003503 0.000000 -0.034824 0.001170 0.000000 -0.034980 -0.001170 0.000000 -0.034980 -0.003503 0.000000 -0.034824 -0.005822 0.000000 -0.034512 -0.008114 0.000000 -0.034047 -0.010370 0.000000 -0.033429 -0.012579 0.000000 -0.032661 -0.014733 0.000000 -0.031748 -0.016820 0.000000 -0.030693 -0.018833 0.000000 -0.029501 -0.020761 0.000000 -0.028177 -0.022597 0.000000 -0.026728 -0.024332 0.000000 -0.025159 -0.025958 0.000000 -0.023477 -0.027468 0.000000 -0.021691 -0.028855 0.000000 -0.019808 -0.030114 0.000000 -0.017837 -0.031238 0.000000 -0.015785 -0.032223 0.000000 -0.013664 -0.033063 0.000000 -0.011481 -0.033756 0.000000 -0.009247 -0.034299 0.000000 -0.006972 -0.034688 0.000000 -0.004665 -0.034922 0.000000 -0.002338</float_array>
          <technique_common>
            <accessor source="#JAW_6-mesh-positions-array" count="741" stride="3">
              <param name="X" type="float"/>
              <param name="Y" type="float"/>
              <param name="Z" type="float"/>
            </accessor>
          </technique_common>
        </source>
        <source id="JAW_6-mesh-normals">
          <float_array id="JAW_6-mesh-normals-array" count="4674">0.992115 0.000000 -0.125333 0.992115 0.000000 -0.125333 1.000000 0.000000 -0.000000 1.000000 0.000000 -0.000000 0.992115 -0.000000 0.125333 0.992115 -0.000000 0.125333 0.968583 -0.000000 0.248690 0.968583 -0.000000 0.248690 0.929776 -0.000000 0.368125 0.929776 -0.000000 0.368125 0.876307 -0.000000 0.481754 0.876307 -0.000000 0.481754 0.809017 -0.000000 0.587785 0.809017 -0.000000 0.587785 0.728969 -0.000000 0.684547 0.728969 -0.000000 0.684547 0.637424 -0.000000 0.770513 0.637424 -0.000000 0.770513 0.535827 -0.000000 0.844328 0.535827 -0.000000 0.844328 0.425779 -0.000000 0.904827 0.425779 -0.000000 0.904827 0.309017 -0.000000 0.951057 0.309017 -0.000000 0.951057 0.187381 -0.000000 0.982287 0.187381 -0.000000 0.982287 0.062791 -0.000000 0.998027 0.062791 -0.000000 0.998027 -0.062791 0.000000 0.998027 -0.062791 0.000000 0.998027 -0.187381 0.000000 0.982287 -0.187381 0.000000 0.982287 -0.309017 0.000000 0.951057 -0.309017 0.000000 0.951057 -0.425779 0.000000 0.904827 -0.425779 0.000000 0.904827 -0.535827 0.000000 0.844328 -0.535827 0.000000 0.844328 -0.637424 0.000000 0.770513 -0.637424 0.000000 0.770513 -0.728969 0.000000 0.684547 -0.728969 0.000000 0.684547 -0.809017 0.000000 0.587785 -0.809017 0.000000 0.587785 -0.876307 0.000000 0.481754 -0.876307 0.000000 0.481754 -0.929776 0.000000 0.368125 -0.929776 0.000000 0.368125 -0.968583 0.000000 0.248690 -0.968583 0.000000 0.248690 -0.992115 0.000000 0.125333 -0.992115 0.000000 0.125333 -1.000000 0.000000 0.000000 -1.000000 0.000000 0.000000 -0.992115 0.000000 -0.125333 -0.992115 0.000000 -0.125333 -0.968583 0.000000 -0.248690 -0.968583 0.000000 -0.248690 -0.929776 0.000000 -0.368125 -0.929776 0.000000 -0.368125 -0.876307 0.000000 -0.481754 -0.876307 0.000000 -0.481754 -0.809017 0.000000 -0.587785 -0.809017 0.000000 -0.587785 -0.728969 0.000000 -0.684547 -0.728969 0.000000 -0.684547 -0.637424 0.000000 -0.770513 -0.637424 0.000000 -0.770513 -0.535827 0.000000 -0.844328 -0.535827 0.000000 -0.844328 -0.425779 0.000000 -0.904827 -0.425779 0.000000 -0.904827 -0.309017 0.000000 -0.951057 -0.309017 0.000000 -0.951057 -0.187381 0.000000 -0.982287 -0.187381 0.000000 -0.982287 -0.062791 0.000000 -0.998027 -0.062791 0.000000 -0.998027 0.062791 0.000000 -0.998027 0.062791 0.000000 -0.998027 0.187381 0.000000 -0.982287 0.187381 0.000000 -0.982287 0.309017 0.000000 -0.951057 0.309017 0.000000 -0.951057 0.425779 0.000000 -0.904827 0.425779 0.000000 -0.904827 0.535827 0.000000 -0.844328 0.535827 0.000000 -0.844328 0.637424 0.000000 -0.770513 0.637424 0.000000 -0.770513 0.728969 0.000000 -0.684547 0.728969 0.000000 -0.684547 0.809017 0.000000 -0.587785 0.809017 0.000000 -0.587785 0.876307 0.000000 -0.481754 0.876307 0.000000 -0.481754 0.929776 0.000000 -0.368125 0.929776 0.000000 -0.368125 0.968583 0.000000 -0.248690 0.968583 0.000000 -0.248690 0.000000 -1.000000 0.000000 0.000000 -1.000000 0.000000 0.000000 -1.000000 0.000000 0.000000 -1.000000 0.000000 0.000000 -1.000000 0.000000 0.000000 -1.000000 0.000000 0.000000 -1.000000 0.000000 0.000000 -1.000000 0.000000 0.000000 -1.000000 0.000000 0.000000 -1.000000 0.000000 0.000000 -1.000000 0.000000 0.000000 -1.000000 0.000000 0.000000 -1.000000 0.000000 0.000000 -1.000000 0.000000 0.000000 -1.000000 0.000000 0.000000 -1.000000 0.000000 0.000000 -1.000000 0.000000 0.000000 -1.000000 0.000000 0.000000 -1.000000 0.000000 0.000000 -1.000000 0.000000 0.000000 -1.000000 0.000000 0.000000 -1.000000 0.000000 0.000000 -1.000000 0.000000 0.000000 -1.000000 0.000000 0.000000 -1.000000 0.000000 0.000000 -1.000000 0.000000 0.000000 -1.000000 0.000000 0.000000 -1.000000 0.000000 0.000000 -1.000000 0.000000 0.000000 -1.000000 0.000000 0.000000 -1.000000 0.000000 0.000000 -1.000000 0.000000 0.000000 -1.000000 0.000000 0.000000 -1.000000 0.000000 0.000000 -1.000000 0.000000 0.000000 -1.000000 0.000000 0.000000 -1.000000 0.000000 0.000000 -1.000000 0.000000 0.000000 -1.000000 0.000000 0.000000 -1.000000 0.000000 0.000000 -1.000000 0.000000 0.000000 -1.000000 0.000000 0.000000 -1.000000 0.000000 0.000000 -1.000000 0.000000 0.000000 -1.000000 0.000000 0.000000 -1.000000 0.000000 0.000000 -1.000000 0.000000 0.000000 -1.000000 0.000000 0.000000 -1.000000 0.000000 0.000000 -1.000000 0.000000 1.000000 -0.000000 0.000000 1.000000 -0.000000 0.000000 1.000000 -0.000000 0.000000 1.000000 -0.000000 0.000000 1.000000 -0.000000 0.000000 1.000000 -0.000000 0.000000 -1.000000 0.000000 0.000000 -1.000000 0.000000 0.000000 -1.000000 0.000000 0.000000 -1.000000 0.000000 0.000000 -1.000000 0.000000 0.000000 -1.000000 0.000000 0.000000 0.000000 1.000000 0.000000 0.000000 1.000000 0.000000 0.000000 1.000000 0.000000 0.000000 1.000000 0.000000 -0.000000 -1.000000 -0.000000 -0.000000 -1.000000 -0.000000 -0.000000 -1.000000 -0.000000 -0.000000 -1.000000 -0.000000 0.000000 1.000000 -0.000000 0.000000 1.000000 -0.000000 0.000000 1.000000 -0.000000 0.000000 1.000000 -0.000000 0.000000 1.000000 0.000000 0.000000 1.000000 0.000000 0.000000 1.000000 0.000000 0.000000 1.000000 0.000000 0.000000 1.000000 0.000000 0.000000 1.000000 0.000000 0.000000 1.000000 0.000000 0.000000 1.000000 0.000000 -0.000000 -0.000000 -1.000000 -0.000000 -0.000000 -1.000000 0.258819 -0.000000 -0.965926 0.258819 -0.000000 -0.965926 0.500000 -0.000000 -0.866025 0.500000 -0.000000 -0.866025 0.707107 -0.000000 -0.707107 0.707107 -0.000000 -0.707107 0.866025 -0.000000 -0.500000 0.866025 -0.000000 -0.500000 0.965926 -0.000000 -0.258819 0.965926 -0.000000 -0.258819 1.000000 -0.000000 -0.000000 1.000000 -0.000000 -0.000000 -1.000000 0.000000 -0.000000 -1.000000 0.000000 -0.000000 -0.965926 0.000000 -0.258819 -0.965926 0.000000 -0.258819 -0.866025 0.000000 -0.500000 -0.866025 0.000000 -0.500000 -0.707107 0.000000 -0.707107 -0.707107 0.000000 -0.707107 -0.500000 0.000000 -0.866025 -0.500000 0.000000 -0.866025 -0.258819 0.000000 -0.965926 -0.258819 0.000000 -0.965926 -0.000000 0.000000 -1.000000 -0.000000 0.000000 -1.000000 -1.000000 0.000000 0.000000 -1.000000 0.000000 0.000000 1.000000 0.000000 -0.000000 1.000000 0.000000 -0.000000 0.000000 1.000000 -0.000000 0.000000 1.000000 -0.000000 0.000000 1.000000 -0.000000 0.000000 1.000000 -0.000000 0.000000 1.000000 -0.000000 0.000000 1.000000 -0.000000 0.000000 1.000000 -0.000000 0.000000 1.000000 -0.000000 0.000000 1.000000 -0.000000 0.000000 1.000000 -0.000000 0.000000 1.000000 -0.000000 0.000000 1.000000 -0.000000 0.000000 1.000000 -0.000000 0.000000 1.000000 -0.000000 0.000000 1.000000 -0.000000 0.000000 1.000000 0.000000 0.000000 1.000000 0.000000 0.000000 1.000000 0.000000 0.000000 1.000000 0.000000 0.000000 1.000000 0.000000 0.000000 1.000000 0.000000 0.000000 1.000000 0.000000 0.000000 1.000000 0.000000 0.000000 1.000000 0.000000 0.000000 1.000000 0.000000 0.000000 1.000000 0.000000 0.000000 1.000000 0.000000 0.000000 1.000000 0.000000 0.000000 1.000000 0.000000 0.000000 1.000000 0.000000 0.000000 1.000000 0.000000 0.000000 1.000000 0.000000 0.000000 1.000000 0.000000 0.000000 1.000000 0.000000 0.000000 1.000000 0.000000 0.000000 1.000000 0.000000 0.000000 1.000000 0.000000 0.000000 1.000000 0.000000 0.000000 1.000000 0.000000 0.000000 1.000000 0.000000 0.000000 1.000000 0.000000 0.000000 1.000000 0.000000 0.000000 1.000000 0.000000 0.000000 1.000000 0.000000 0.000000 1.000000 0.000000 0.000000 1.000000 0.000000 0.000000 1.000000 0.000000 0.000000 1.000000 0.000000 0.000000 1.000000 0.000000 0.000000 1.000000 0.000000 0.000000 1.000000 0.000000 0.000000 1.000000 0.000000 0.000000 1.000000 0.000000 0.000000 1.000000 0.000000 0.000000 1.000000 0.000000 1.000000 -0.000000 -0.000000 1.000000 -0.000000 -0.000000 0.965926 -0.000000 0.258819 0.965926 -0.000000 0.258819 0.866025 -0.000000 0.500000 0.866025 -0.000000 0.500000 0.707107 -0.000000 0.707107 0.707107 -0.000000 0.707107 0.500000 -0.000000 0.866025 0.500000 -0.000000 0.866025 0.258819 -0.000000 0.965926 0.258819 -0.000000 0.965926 -0.000000 -0.000000 1.000000 -0.000000 -0.000000 1.000000 1.000000 0.000000 0.000000 1.000000 0.000000 0.000000 -0.000000 -0.000000 1.000000 -0.000000 -0.000000 1.000000 -0.258819 -0.000000 0.965926 -0.258819 -0.000000 0.965926 -0.500000 -0.000000 0.866025 -0.500000 -0.000000 0.866025 -0.707107 -0.000000 0.707107 -0.707107 -0.000000 0.707107 -0.866025 -0.000000 0.500000 -0.866025 -0.000000 0.500000 -0.965926 -0.000000 0.258819 -0.965926 -0.000000 0.258819 -1.000000 -0.000000 0.000000 -1.000000 -0.000000 0.000000 0.000000 1.000000 0.000000 0.000000 1.000000 0.000000 0.000000 1.000000 0.000000 0.000000 1.000000 0.000000 0.000000 1.000000 0.000000 0.000000 1.000000 0.000000 0.000000 1.000000 0.000000 0.000000 1.000000 0.000000 0.000000 1.000000 0.000000 0.000000 1.000000 0.000000 0.000000 1.000000 0.000000 0.000000 1.000000 0.000000 0.000000 1.000000 0.000000 0.000000 1.000000 0.000000 0.000000 1.000000 0.000000 -1.000000 0.000000 0.000000 -1.000000 0.000000 0.000000 0.000000 1.000000 0.000000 0.000000 1.000000 0.000000 0.000000 1.000000 0.000000 0.000000 1.000000 0.000000 0.000000 1.000000 0.000000 0.000000 1.000000 0.000000 0.000000 1.000000 0.000000 0.000000 1.000000 0.000000 0.000000 1.000000 0.000000 0.000000 1.000000 0.000000 0.000000 1.000000 0.000000 0.000000 1.000000 0.000000 0.000000 1.000000 0.000000 0.000000 1.000000 0.000000 0.000000 1.000000 0.000000 0.000000 1.000000 0.000000 0.000000 1.000000 0.000000 0.000000 1.000000 0.000000 0.000000 1.000000 0.000000 0.000000 1.000000 0.000000 0.000000 1.000000 0.000000 0.000000 1.000000 0.000000 0.000000 1.000000 0.000000 0.000000 1.000000 0.000000 0.000000 1.000000 0.000000 0.000000 1.000000 0.000000 0.000000 1.000000 0.000000 0.000000 1.000000 0.000000 0.000000 1.000000 0.000000 0.000000 1.000000 0.000000 0.000000 1.000000 0.000000 0.000000 1.000000 0.000000 0.000000 1.000000 0.000000 0.000000 1.000000 0.000000 0.000000 1.000000 0.000000 0.000000 1.000000 0.000000 0.000000 1.000000 0.000000 0.000000 1.000000 0.000000 0.000000 1.000000 0.000000 0.000000 1.000000 0.000000 0.965926 0.258819 -0.000000 0.965926 0.258819 -0.000000 1.000000 0.000000 -0.000000 1.000000 0.000000 -0.000000 0.965926 -0.258819 0.000000 0.965926 -0.258819 0.000000 0.866025 -0.500000 0.000000 0.866025 -0.500000 0.000000 0.707107 -0.707107 0.000000 0.707107 -0.707107 0.000000 0.500000 -0.866025 0.000000 0.500000 -0.866025 0.000000 0.258819 -0.965926 0.000000 0.258819 -0.965926 0.000000 -0.000000 -1.000000 0.000000 -0.000000 -1.000000 0.000000 -0.258819 -0.965926 0.000000 -0.258819 -0.965926 0.000000 -0.500000 -0.866025 0.000000 -0.500000 -0.866025 0.000000 -0.707107 -0.707107 0.000000 -0.707107 -0.707107 0.000000 -0.866025 -0.500000 0.000000 -0.866025 -0.500000 0.000000 -0.965926 -0.258819 0.000000 -0.965926 -0.258819 0.000000 -1.000000 0.000000 0.000000 -1.000000 0.000000 0.000000 -0.965926 0.258819 0.000000 -0.965926 0.258819 0.000000 -0.866025 0.500000 0.000000 -0.866025 0.500000 0.000000 -0.707107 0.707107 0.000000 -0.707107 0.707107 0.000000 -0.500000 0.866025 0.000000 -0.500000 0.866025 0.000000 -0.258819 0.965926 0.000000 -0.258819 0.965926 0.000000 -0.000000 1.000000 0.000000 -0.000000 1.000000 0.000000 0.258819 0.965926 -0.000000 0.258819 0.965926 -0.000000 0.500000 0.866025 -0.000000 0.500000 0.866025 -0.000000 0.707107 0.707107 -0.000000 0.707107 0.707107 -0.000000 0.866025 0.500000 -0.000000 0.866025 0.500000 -0.000000 -0.965926 -0.258819 0.000000 -0.965926 -0.258819 0.000000 -1.000000 -0.000000 0.000000 -1.000000 -0.000000 0.000000 -0.965926 0.258819 -0.000000 -0.965926 0.258819 -0.000000 -0.866025 0.500000 -0.000000 -0.866025 0.500000 -0.000000 -0.707107 0.707107 -0.000000 -0.707107 0.707107 -0.000000 -0.500000 0.866025 -0.000000 -0.500000 0.866025 -0.000000 -0.258819 0.965926 -0.000000 -0.258819 0.965926 -0.000000 0.000000 1.000000 -0.000000 0.000000 1.000000 -0.000000 0.258819 0.965926 -0.000000 0.258819 0.965926 -0.000000 0.500000 0.866025 -0.000000 0.500000 0.866025 -0.000000 0.707107 0.707107 -0.000000 0.707107 0.707107 -0.000000 0.866025 0.500000 -0.000000 0.866025 0.500000 -0.000000 0.965926 0.258819 -0.000000 0.965926 0.258819 -0.000000 1.000000 -0.000000 -0.000000 1.000000 -0.000000 -0.000000 0.965926 -0.258819 -0.000000 0.965926 -0.258819 -0.000000 0.866025 -0.500000 -0.000000 0.866025 -0.500000 -0.000000 0.707107 -0.707107 -0.000000 0.707107 -0.707107 -0.000000 0.500000 -0.866025 -0.000000 0.500000 -0.866025 -0.000000 0.258819 -0.965926 -0.000000 0.258819 -0.965926 -0.000000 0.000000 -1.000000 -0.000000 0.000000 -1.000000 -0.000000 -0.258819 -0.965926 0.000000 -0.258819 -0.965926 0.000000 -0.500000 -0.866025 0.000000 -0.500000 -0.866025 0.000000 -0.707107 -0.707107 0.000000 -0.707107 -0.707107 0.000000 -0.866025 -0.500000 0.000000 -0.866025 -0.500000 0.000000 0.000000 -1.000000 0.000000 0.000000 -1.000000 0.000000 0.000000 -1.000000 0.000000 0.000000 -1.000000 0.000000 0.000000 -1.000000 0.000000 0.000000 -1.000000 0.000000 1.000000 -0.000000 0.000000 1.000000 -0.000000 0.000000 1.000000 -0.000000 0.000000 1.000000 -0.000000 0.000000 0.642788 0.766044 -0.000000 0.642788 0.766044 -0.000000 0.642788 0.766044 -0.000000 0.642788 0.766044 -0.000000 0.000000 1.000000 -0.000000 0.000000 1.000000 -0.000000 0.000000 1.000000 -0.000000 0.000000 1.000000 -0.000000 -0.642788 0.766044 0.000000 -0.642788 0.766044 0.000000 -0.642788 0.766044 0.000000 -0.642788 0.766044 0.000000 -1.000000 0.000000 0.000000 -1.000000 0.000000 0.000000 -1.000000 0.000000 0.000000 -1.000000 0.000000 0.000000 -0.642788 -0.766044 0.000000 -0.642788 -0.766044 0.000000 -0.642788 -0.766044 0.000000 -0.642788 -0.766044 0.000000 0.000000 -1.000000 0.000000 0.000000 -1.000000 0.000000 0.000000 -1.000000 0.000000 0.000000 -1.000000 0.000000 0.000000 -1.000000 0.000000 0.000000 -1.000000 0.000000 0.642788 -0.766044 0.000000 0.642788 -0.766044 0.000000 0.642788 -0.766044 0.000000 0.642788 -0.766044 0.000000 0.000000 0.000000 -1.000000 0.000000 0.000000 -1.000000 0.000000 0.000000 -1.000000 0.000000 0.000000 -1.000000 0.000000 0.000000 -1.000000 0.000000 0.000000 -1.000000 0.000000 0.000000 -1.000000 0.000000 0.000000 -1.000000 0.000000 0.000000 -1.000000 0.000000 0.000000 -1.000000 0.000000 0.000000 -1.000000 0.000000 0.000000 -1.000000 0.000000 0.000000 -1.000000 0.000000 0.000000 -1.000000 0.000000 0.000000 -1.000000 0.000000 0.000000 -1.000000 0.000000 0.000000 -1.000000 0.000000 0.000000 -1.000000 0.000000 0.000000 -1.000000 0.000000 0.000000 -1.000000 0.000000 0.000000 -1.000000 0.000000 0.000000 -1.000000 0.000000 0.000000 -1.000000 0.000000 0.000000 -1.000000 0.000000 0.000000 -1.000000 0.000000 0.000000 -1.000000 0.000000 0.000000 -1.000000 0.000000 0.000000 -1.000000 0.000000 0.000000 -1.000000 0.000000 0.000000 -1.000000 0.000000 0.000000 -1.000000 0.000000 0.000000 -1.000000 0.000000 0.000000 -1.000000 0.000000 0.000000 -1.000000 0.000000 0.000000 -1.000000 0.000000 0.000000 -1.000000 0.000000 0.000000 -1.000000 0.000000 0.000000 -1.000000 0.000000 0.000000 -1.000000 0.000000 0.000000 -1.000000 0.000000 0.000000 -1.000000 0.000000 0.000000 -1.000000 0.000000 0.000000 -1.000000 0.000000 0.000000 -1.000000 0.000000 0.000000 -1.000000 0.000000 0.000000 -1.000000 0.000000 0.000000 -1.000000 0.000000 0.000000 -1.000000 0.000000 0.000000 -1.000000 0.000000 0.000000 -1.000000 0.000000 0.000000 -1.000000 0.000000 0.000000 -1.000000 0.000000 0.000000 -1.000000 0.000000 0.000000 -1.000000 0.000000 0.000000 -1.000000 0.000000 0.000000 -1.000000 0.000000 0.000000 -1.000000 0.000000 0.000000 -1.000000 0.000000 0.000000 -1.000000 0.000000 0.000000 -1.000000 0.000000 0.000000 -1.000000 0.000000 0.000000 -1.000000 0.000000 0.000000 -1.000000 0.000000 0.000000 -1.000000 0.000000 0.000000 -1.000000 0.000000 0.000000 -1.000000 0.000000 0.000000 1.000000 0.000000 0.000000 1.000000 0.000000 0.000000 1.000000 0.000000 0.000000 1.000000 0.000000 0.000000 1.000000 0.000000 0.000000 1.000000 0.000000 0.000000 1.000000 0.000000 0.000000 1.000000 0.000000 0.000000 1.000000 0.000000 0.000000 1.000000 0.000000 0.000000 1.000000 0.000000 0.000000 1.000000 0.000000 0.000000 1.000000 0.000000 0.000000 1.000000 0.000000 0.000000 1.000000 0.000000 0.000000 1.000000 0.000000 0.000000 1.000000 0.000000 0.000000 1.000000 0.000000 0.000000 1.000000 0.000000 0.000000 1.000000 0.000000 0.000000 1.000000 0.000000 0.000000 1.000000 0.000000 0.000000 1.000000 0.000000 0.000000 1.000000 0.000000 0.000000 1.000000 0.000000 0.000000 1.000000 0.000000 0.000000 1.000000 0.000000 0.000000 1.000000 0.000000 0.000000 1.000000 0.000000 0.000000 1.000000 0.000000 0.000000 1.000000 0.000000 0.000000 1.000000 0.000000 0.000000 1.000000 0.000000 0.000000 1.000000 0.000000 0.000000 1.000000 0.000000 0.000000 1.000000 0.000000 0.000000 1.000000 0.000000 0.000000 1.000000 0.000000 0.000000 1.000000 0.000000 0.000000 1.000000 0.000000 0.000000 1.000000 0.000000 0.000000 1.000000 0.000000 0.000000 1.000000 0.000000 0.000000 1.000000 0.000000 0.000000 1.000000 0.000000 0.000000 1.000000 0.000000 0.000000 1.000000 0.000000 0.000000 1.000000 0.000000 0.000000 1.000000 0.000000 0.000000 1.000000 0.000000 0.000000 1.000000 0.000000 0.000000 1.000000 0.000000 0.000000 1.000000 0.000000 0.000000 1.000000 0.000000 0.000000 1.000000 0.000000 0.000000 1.000000 0.000000 0.000000 1.000000 0.000000 0.000000 1.000000 0.000000 0.000000 1.000000 0.000000 0.000000 1.000000 0.965926 -0.258819 -0.000000 0.965926 -0.258819 -0.000000 1.000000 -0.000000 -0.000000 1.000000 -0.000000 -0.000000 0.965926 0.258819 0.000000 0.965926 0.258819 0.000000 0.866025 0.500000 0.000000 0.866025 0.500000 0.000000 0.707107 0.707107 0.000000 0.707107 0.707107 0.000000 0.500000 0.866025 0.000000 0.500000 0.866025 0.000000 0.258819 0.965926 0.000000 0.258819 0.965926 0.000000 -0.000000 1.000000 -0.000000 -0.000000 1.000000 -0.000000 -0.258819 0.965926 -0.000000 -0.258819 0.965926 -0.000000 -0.500000 0.866025 -0.000000 -0.500000 0.866025 -0.000000 -0.707107 0.707107 -0.000000 -0.707107 0.707107 -0.000000 -0.866025 0.500000 -0.000000 -0.866025 0.500000 -0.000000 -0.965926 0.258819 -0.000000 -0.965926 0.258819 -0.000000 -1.000000 -0.000000 -0.000000 -1.000000 -0.000000 -0.000000 -0.965926 -0.258819 -0.000000 -0.965926 -0.258819 -0.000000 -0.866025 -0.500000 -0.000000 -0.866025 -0.500000 -0.000000 -0.707107 -0.707107 -0.000000 -0.707107 -0.707107 -0.000000 -0.500000 -0.866025 -0.000000 -0.500000 -0.866025 -0.000000 -0.258819 -0.965926 -0.000000 -0.258819 -0.965926 -0.000000 -0.000000 -1.000000 -0.000000 -0.000000 -1.000000 -0.000000 0.258819 -0.965926 -0.000000 0.258819 -0.965926 -0.000000 0.500000 -0.866025 -0.000000 0.500000 -0.866025 -0.000000 0.707107 -0.707107 -0.000000 0.707107 -0.707107 -0.000000 0.866025 -0.500000 -0.000000 0.866025 -0.500000 -0.000000 -0.965926 0.258819 0.000000 -0.965926 0.258819 0.000000 -1.000000 0.000000 0.000000 -1.000000 0.000000 0.000000 -0.965926 -0.258819 -0.000000 -0.965926 -0.258819 -0.000000 -0.866025 -0.500000 -0.000000 -0.866025 -0.500000 -0.000000 -0.707107 -0.707107 -0.000000 -0.707107 -0.707107 -0.000000 -0.500000 -0.866025 -0.000000 -0.500000 -0.866025 -0.000000 -0.258819 -0.965926 -0.000000 -0.258819 -0.965926 -0.000000 0.000000 -1.000000 0.000000 0.000000 -1.000000 0.000000 0.258819 -0.965926 0.000000 0.258819 -0.965926 0.000000 0.500000 -0.866025 0.000000 0.500000 -0.866025 0.000000 0.707107 -0.707107 0.000000 0.707107 -0.707107 0.000000 0.866025 -0.500000 0.000000 0.866025 -0.500000 0.000000 0.965926 -0.258819 0.000000 0.965926 -0.258819 0.000000 1.000000 -0.000000 0.000000 1.000000 -0.000000 0.000000 0.965926 0.258819 0.000000 0.965926 0.258819 0.000000 0.866025 0.500000 0.000000 0.866025 0.500000 0.000000 0.707107 0.707107 0.000000 0.707107 0.707107 0.000000 0.500000 0.866025 0.000000 0.500000 0.866025 0.000000 0.258819 0.965926 0.000000 0.258819 0.965926 0.000000 0.000000 1.000000 0.000000 0.000000 1.000000 0.000000 -0.258819 0.965926 0.000000 -0.258819 0.965926 0.000000 -0.500000 0.866025 0.000000 -0.500000 0.866025 0.000000 -0.707107 0.707107 0.000000 -0.707107 0.707107 0.000000 -0.866025 0.500000 0.000000 -0.866025 0.500000 0.000000 -0.000000 -1.000000 -0.000000 -0.000000 -1.000000 -0.000000 -0.000000 -1.000000 -0.000000 -0.000000 -1.000000 -0.000000 -0.000000 -1.000000 -0.000000 -0.000000 -1.000000 -0.000000 1.000000 -0.000000 0.000000 1.000000 -0.000000 0.000000 1.000000 -0.000000 0.000000 1.000000 -0.000000 0.000000 0.642788 0.766044 0.000000 0.642788 0.766044 0.000000 0.642788 0.766044 0.000000 0.642788 0.766044 0.000000 -0.642788 0.766044 0.000000 -0.642788 0.766044 0.000000 -0.642788 0.766044 0.000000 -0.642788 0.766044 0.000000 -1.000000 0.000000 0.000000 -1.000000 0.000000 0.000000 -1.000000 0.000000 0.000000 -1.000000 0.000000 0.000000 -0.642788 -0.766044 -0.000000 -0.642788 -0.766044 -0.000000 -0.642788 -0.766044 -0.000000 -0.642788 -0.766044 -0.000000 -0.000000 -1.000000 -0.000000 -0.000000 -1.000000 -0.000000 -0.000000 -1.000000 -0.000000 -0.000000 -1.000000 -0.000000 -0.000000 -1.000000 -0.000000 -0.000000 -1.000000 -0.000000 0.642788 -0.766044 0.000000 0.642788 -0.766044 0.000000 0.642788 -0.766044 0.000000 0.642788 -0.766044 0.000000 0.000000 0.000000 1.000000 0.000000 0.000000 1.000000 0.000000 0.000000 1.000000 0.000000 0.000000 1.000000 0.000000 0.000000 1.000000 0.000000 0.000000 1.000000 0.000000 0.000000 1.000000 0.000000 0.000000 1.000000 0.000000 0.000000 1.000000 0.000000 0.000000 1.000000 0.000000 0.000000 1.000000 0.000000 0.000000 1.000000 0.000000 0.000000 1.000000 0.000000 0.000000 1.000000 0.000000 0.000000 1.000000 0.000000 0.000000 1.000000 0.000000 0.000000 1.000000 0.000000 0.000000 1.000000 0.000000 0.000000 1.000000 0.000000 0.000000 1.000000 0.000000 0.000000 1.000000 0.000000 0.000000 1.000000 0.000000 0.000000 1.000000 0.000000 0.000000 1.000000 0.000000 0.000000 1.000000 0.000000 0.000000 1.000000 0.000000 0.000000 1.000000 0.000000 0.000000 1.000000 0.000000 0.000000 1.000000 0.000000 0.000000 1.000000 0.000000 0.000000 1.000000 0.000000 0.000000 1.000000 0.000000 0.000000 1.000000 0.000000 0.000000 1.000000 0.000000 0.000000 1.000000 0.000000 0.000000 1.000000 0.000000 0.000000 1.000000 0.000000 0.000000 1.000000 0.000000 0.000000 1.000000 0.000000 0.000000 1.000000 0.000000 0.000000 1.000000 0.000000 0.000000 1.000000 0.000000 0.000000 1.000000 0.000000 0.000000 1.000000 0.000000 0.000000 1.000000 0.000000 0.000000 1.000000 0.000000 0.000000 1.000000 0.000000 0.000000 1.000000 0.000000 0.000000 1.000000 0.000000 0.000000 1.000000 0.000000 0.000000 1.000000 0.000000 0.000000 1.000000 0.000000 0.000000 1.000000 0.000000 0.000000 1.000000 0.000000 0.000000 1.000000 0.000000 0.000000 1.000000 0.000000 0.000000 1.000000 0.000000 0.000000 1.000000 0.000000 0.000000 1.000000 0.000000 0.000000 1.000000 0.000000 0.000000 1.000000 0.000000 0.000000 1.000000 0.000000 0.000000 1.000000 0.000000 0.000000 1.000000 0.000000 0.000000 1.000000 0.000000 0.000000 1.000000 0.000000 0.000000 -1.000000 0.000000 0.000000 -1.000000 0.000000 0.000000 -1.000000 0.000000 0.000000 -1.000000 0.000000 0.000000 -1.000000 0.000000 0.000000 -1.000000 0.000000 0.000000 -1.000000 0.000000 0.000000 -1.000000 0.000000 0.000000 -1.000000 0.000000 0.000000 -1.000000 0.000000 0.000000 -1.000000 0.000000 0.000000 -1.000000 0.000000 0.000000 -1.000000 0.000000 0.000000 -1.000000 0.000000 0.000000 -1.000000 0.000000 0.000000 -1.000000 0.000000 0.000000 -1.000000 0.000000 0.000000 -1.000000 0.000000 0.000000 -1.000000 0.000000 0.000000 -1.000000 0.000000 0.000000 -1.000000 0.000000 0.000000 -1.000000 0.000000 0.000000 -1.000000 0.000000 0.000000 -1.000000 0.000000 0.000000 -1.000000 0.000000 0.000000 -1.000000 0.000000 0.000000 -1.000000 0.000000 0.000000 -1.000000 0.000000 0.000000 -1.000000 0.000000 0.000000 -1.000000 0.000000 0.000000 -1.000000 0.000000 0.000000 -1.000000 0.000000 0.000000 -1.000000 0.000000 0.000000 -1.000000 0.000000 0.000000 -1.000000 0.000000 0.000000 -1.000000 0.000000 0.000000 -1.000000 0.000000 0.000000 -1.000000 0.000000 0.000000 -1.000000 0.000000 0.000000 -1.000000 0.000000 0.000000 -1.000000 0.000000 0.000000 -1.000000 0.000000 0.000000 -1.000000 0.000000 0.000000 -1.000000 0.000000 0.000000 -1.000000 0.000000 0.000000 -1.000000 0.000000 0.000000 -1.000000 0.000000 0.000000 -1.000000 0.000000 0.000000 -1.000000 0.000000 0.000000 -1.000000 0.000000 0.000000 -1.000000 0.000000 0.000000 -1.000000 0.000000 0.000000 -1.000000 0.000000 0.000000 -1.000000 0.000000 0.000000 -1.000000 0.000000 0.000000 -1.000000 0.000000 0.000000 -1.000000 0.000000 0.000000 -1.000000 0.000000 0.000000 -1.000000 0.000000 0.000000 -1.000000 0.000000 1.000000 0.000000 0.000000 1.000000 0.000000 0.000000 1.000000 0.000000 0.000000 1.000000 0.000000 0.000000 1.000000 0.000000 0.000000 1.000000 0.000000 0.000000 1.000000 0.000000 0.000000 1.000000 0.000000 0.000000 1.000000 0.000000 0.000000 1.000000 0.000000 0.000000 1.000000 0.000000 0.000000 1.000000 0.000000 0.000000 1.000000 0.000000 0.000000 1.000000 0.000000 0.000000 1.000000 0.000000 0.000000 1.000000 0.000000 0.000000 1.000000 0.000000 0.000000 1.000000 0.000000 0.000000 1.000000 0.000000 0.000000 1.000000 0.000000 0.000000 1.000000 0.000000 0.000000 1.000000 0.000000 0.950977 -0.000000 -0.309260 0.947203 -0.000000 -0.320634 0.923757 -0.000000 -0.382979 0.917917 -0.000000 -0.396773 0.897200 -0.000000 -0.441625 0.882522 -0.000000 -0.470272 0.866923 -0.000000 -0.498441 0.841254 -0.000000 -0.540641 0.833054 -0.000000 -0.553191 0.794387 -0.000000 -0.607412 0.784913 -0.000000 -0.619606 0.742234 -0.000000 -0.670141 0.731490 -0.000000 -0.681852 0.685142 -0.000000 -0.728410 0.673146 -0.000000 -0.739510 0.623490 -0.000000 -0.781831 0.610272 -0.000000 -0.792192 0.557689 -0.000000 -0.830050 0.543292 -0.000000 -0.839544 0.488176 -0.000000 -0.872745 0.472657 -0.000000 -0.881247 0.415415 -0.000000 -0.909632 0.398841 -0.000000 -0.917020 0.339889 -0.000000 -0.940465 0.322341 -0.000000 -0.946623 0.262102 -0.000000 -0.965040 0.243673 -0.000000 -0.969857 0.182570 -0.000000 -0.983193 0.163365 -0.000000 -0.986566 0.101823 -0.000000 -0.994803 0.081958 -0.000000 -0.996636 0.020399 -0.000000 -0.999792 -0.000000 0.000000 -1.000000 -0.061162 0.000000 -0.998128 -0.081958 0.000000 -0.996636 -0.142315 0.000000 -0.989821 -0.163365 0.000000 -0.986566 -0.222521 0.000000 -0.974928 -0.243673 0.000000 -0.969857 -0.301246 0.000000 -0.953546 -0.322341 0.000000 -0.946623 -0.377967 0.000000 -0.925819 -0.398841 0.000000 -0.917020 -0.452172 0.000000 -0.891931 -0.472657 0.000000 -0.881247 -0.523368 0.000000 -0.852107 -0.543292 0.000000 -0.839544 -0.591081 0.000000 -0.806612 -0.610272 0.000000 -0.792192 -0.654861 0.000000 -0.755750 -0.673146 0.000000 -0.739510 -0.714282 0.000000 -0.699858 -0.731490 0.000000 -0.681852 -0.768951 0.000000 -0.639308 -0.784913 0.000000 -0.619606 -0.818501 0.000000 -0.574504 -0.833054 0.000000 -0.553191 -0.862605 0.000000 -0.505877 -0.866923 0.000000 -0.498441 -0.897200 0.000000 -0.441625 -0.900969 0.000000 -0.433884 -0.923757 0.000000 -0.382979 -0.933337 0.000000 -0.359003 -0.950977 0.000000 -0.309260 -0.959493 0.000000 -0.281733 -0.972325 0.000000 -0.233632 -0.979264 0.000000 -0.202588 -0.987668 0.000000 -0.156561 -0.992519 0.000000 -0.122094 -0.996912 0.000000 -0.078523 -0.999168 0.000000 -0.040789 -1.000000 -0.000000 0.000000 -0.999168 -0.000000 0.040789 -0.996912 -0.000000 0.078523 -0.992519 -0.000000 0.122094 -0.987668 -0.000000 0.156561 -0.979264 -0.000000 0.202588 -0.972325 -0.000000 0.233632 -0.959493 -0.000000 0.281733 -0.950977 -0.000000 0.309260 -0.933337 -0.000000 0.359003 -0.923757 -0.000000 0.382979 -0.900969 -0.000000 0.433884 -0.897200 -0.000000 0.441625 -0.862605 -0.000000 0.505877 -0.866923 -0.000000 0.498441 -0.833054 -0.000000 0.553191 -0.818501 -0.000000 0.574504 -0.784913 -0.000000 0.619606 -0.768951 -0.000000 0.639308 -0.731490 -0.000000 0.681852 -0.714282 -0.000000 0.699858 -0.673146 -0.000000 0.739510 -0.654861 -0.000000 0.755750 -0.610272 -0.000000 0.792192 -0.591081 -0.000000 0.806612 -0.543292 -0.000000 0.839544 -0.523368 -0.000000 0.852107 -0.472657 -0.000000 0.881247 -0.452172 -0.000000 0.891931 -0.398841 -0.000000 0.917020 -0.377967 -0.000000 0.925819 -0.322341 -0.000000 0.946623 -0.301246 -0.000000 0.953546 -0.243673 -0.000000 0.969857 -0.222521 -0.000000 0.974928 -0.163365 -0.000000 0.986566 -0.142315 -0.000000 0.989821 -0.081958 -0.000000 0.996636 -0.061162 -0.000000 0.998128 -0.000000 -0.000000 1.000000 0.020399 -0.000000 0.999792 0.081958 -0.000000 0.996636 0.101823 -0.000000 0.994803 0.163365 -0.000000 0.986566 0.182570 -0.000000 0.983193 0.243673 -0.000000 0.969857 0.262102 -0.000000 0.965040 0.322341 -0.000000 0.946623 0.339889 -0.000000 0.940465 0.398841 -0.000000 0.917020 0.415415 -0.000000 0.909632 0.472657 -0.000000 0.881247 0.488176 -0.000000 0.872745 0.543292 -0.000000 0.839544 0.557689 -0.000000 0.830050 0.610272 -0.000000 0.792192 0.623490 -0.000000 0.781831 0.673146 -0.000000 0.739510 0.685142 -0.000000 0.728410 0.731490 -0.000000 0.681852 0.742234 -0.000000 0.670141 0.784913 -0.000000 0.619606 0.794387 -0.000000 0.607412 0.833054 -0.000000 0.553191 0.841254 -0.000000 0.540641 0.866923 -0.000000 0.498441 0.882522 -0.000000 0.470272 0.897200 -0.000000 0.441625 0.917917 -0.000000 0.396773 0.923757 -0.000000 0.382979 0.947203 -0.000000 0.320634 0.950977 -0.000000 0.309260 0.970186 -0.000000 0.242362 0.972325 -0.000000 0.233632 0.986712 -0.000000 0.162476 0.987668 -0.000000 0.156561 0.996673 -0.000000 0.081509 0.996912 -0.000000 0.078523 1.000000 -0.000000 0.000000 1.000000 -0.000000 0.000000 0.996912 -0.000000 -0.078523 0.996673 -0.000000 -0.081509 0.987668 -0.000000 -0.156561 0.986712 -0.000000 -0.162476 0.972325 -0.000000 -0.233632 0.970186 -0.000000 -0.242362 -0.997767 0.000000 -0.066793 -0.997767 0.000000 -0.066793 -1.000000 0.000000 -0.000000 -1.000000 0.000000 -0.000000 -0.997767 -0.000000 0.066793 -0.997767 -0.000000 0.066793 -0.991077 -0.000000 0.133287 -0.991077 -0.000000 0.133287 -0.979962 -0.000000 0.199186 -0.979962 -0.000000 0.199186 -0.964469 -0.000000 0.264195 -0.964469 -0.000000 0.264195 -0.944669 -0.000000 0.328025 -0.944669 -0.000000 0.328025 -0.920650 -0.000000 0.390389 -0.920650 -0.000000 0.390389 -0.892519 -0.000000 0.451010 -0.892519 -0.000000 0.451010 -0.860402 -0.000000 0.509617 -0.860402 -0.000000 0.509617 -0.824442 -0.000000 0.565947 -0.824442 -0.000000 0.565947 -0.784799 -0.000000 0.619750 -0.784799 -0.000000 0.619750 -0.741652 -0.000000 0.670785 -0.741652 -0.000000 0.670785 -0.695192 -0.000000 0.718824 -0.695192 -0.000000 0.718824 -0.645628 -0.000000 0.763652 -0.645628 -0.000000 0.763652 -0.593180 -0.000000 0.805070 -0.593180 -0.000000 0.805070 -0.538082 -0.000000 0.842892 -0.538082 -0.000000 0.842892 -0.480582 -0.000000 0.876950 -0.480582 -0.000000 0.876950 -0.420935 -0.000000 0.907091 -0.420935 -0.000000 0.907091 -0.359408 -0.000000 0.933181 -0.359408 -0.000000 0.933181 -0.296276 -0.000000 0.955102 -0.296276 -0.000000 0.955102 -0.231820 -0.000000 0.972759 -0.231820 -0.000000 0.972759 -0.166329 -0.000000 0.986070 -0.166329 -0.000000 0.986070 -0.100096 -0.000000 0.994978 -0.100096 -0.000000 0.994978 -0.033415 -0.000000 0.999442 -0.033415 -0.000000 0.999442 0.033415 -0.000000 0.999442 0.033415 -0.000000 0.999442 0.100096 -0.000000 0.994978 0.100096 -0.000000 0.994978 0.166329 -0.000000 0.986070 0.166329 -0.000000 0.986070 0.231820 -0.000000 0.972759 0.231820 -0.000000 0.972759 0.296276 -0.000000 0.955102 0.296276 -0.000000 0.955102 0.359408 -0.000000 0.933181 0.359408 -0.000000 0.933181 0.420935 -0.000000 0.907091 0.420935 -0.000000 0.907091 0.480582 -0.000000 0.876950 0.480582 -0.000000 0.876950 0.538082 -0.000000 0.842892 0.538082 -0.000000 0.842892 0.593180 -0.000000 0.805070 0.593180 -0.000000 0.805070 0.645628 -0.000000 0.763652 0.645628 -0.000000 0.763652 0.695192 -0.000000 0.718824 0.695192 -0.000000 0.718824 0.741652 -0.000000 0.670785 0.741652 -0.000000 0.670785 0.784799 -0.000000 0.619750 0.784799 -0.000000 0.619750 0.824442 -0.000000 0.565947 0.824442 -0.000000 0.565947 0.860402 -0.000000 0.509617 0.860402 -0.000000 0.509617 0.892519 -0.000000 0.451010 0.892519 -0.000000 0.451010 0.920650 -0.000000 0.390389 0.920650 -0.000000 0.390389 0.944669 -0.000000 0.328025 0.944669 -0.000000 0.328025 0.964469 -0.000000 0.264195 0.964469 -0.000000 0.264195 0.979962 -0.000000 0.199186 0.979962 -0.000000 0.199186 0.991077 -0.000000 0.133287 0.991077 -0.000000 0.133287 0.997767 -0.000000 0.066793 0.997767 -0.000000 0.066793 1.000000 -0.000000 -0.000000 1.000000 -0.000000 -0.000000 0.997767 -0.000000 -0.066793 0.997767 -0.000000 -0.066793 0.991077 -0.000000 -0.133287 0.991077 -0.000000 -0.133287 0.979962 -0.000000 -0.199186 0.979962 -0.000000 -0.199186 0.964469 -0.000000 -0.264195 0.964469 -0.000000 -0.264195 0.944669 -0.000000 -0.328025 0.944669 -0.000000 -0.328025 0.920650 -0.000000 -0.390389 0.920650 -0.000000 -0.390389 0.892519 -0.000000 -0.451010 0.892519 -0.000000 -0.451010 0.860402 -0.000000 -0.509617 0.860402 -0.000000 -0.509617 0.824442 -0.000000 -0.565947 0.824442 -0.000000 -0.565947 0.784799 -0.000000 -0.619750 0.784799 -0.000000 -0.619750 0.741652 -0.000000 -0.670785 0.741652 -0.000000 -0.670785 0.695192 -0.000000 -0.718824 0.695192 -0.000000 -0.718824 0.645628 -0.000000 -0.763652 0.645628 -0.000000 -0.763652 0.593180 -0.000000 -0.805070 0.593180 -0.000000 -0.805070 0.538082 -0.000000 -0.842892 0.538082 -0.000000 -0.842892 0.480582 -0.000000 -0.876950 0.480582 -0.000000 -0.876950 0.420935 -0.000000 -0.907091 0.420935 -0.000000 -0.907091 0.359408 -0.000000 -0.933181 0.359408 -0.000000 -0.933181 0.296276 -0.000000 -0.955102 0.296276 -0.000000 -0.955102 0.231820 -0.000000 -0.972759 0.231820 -0.000000 -0.972759 0.166329 -0.000000 -0.986070 0.166329 -0.000000 -0.986070 0.100096 -0.000000 -0.994978 0.100096 -0.000000 -0.994978 0.033415 -0.000000 -0.999442 0.033415 -0.000000 -0.999442 -0.033415 0.000000 -0.999442 -0.033415 0.000000 -0.999442 -0.100096 0.000000 -0.994978 -0.100096 0.000000 -0.994978 -0.166329 0.000000 -0.986070 -0.166329 0.000000 -0.986070 -0.231820 0.000000 -0.972759 -0.231820 0.000000 -0.972759 -0.296276 0.000000 -0.955102 -0.296276 0.000000 -0.955102 -0.359408 0.000000 -0.933181 -0.359408 0.000000 -0.933181 -0.420935 0.000000 -0.907091 -0.420935 0.000000 -0.907091 -0.480582 0.000000 -0.876950 -0.480582 0.000000 -0.876950 -0.538082 0.000000 -0.842892 -0.538082 0.000000 -0.842892 -0.593180 0.000000 -0.805070 -0.593180 0.000000 -0.805070 -0.645628 0.000000 -0.763652 -0.645628 0.000000 -0.763652 -0.695192 0.000000 -0.718824 -0.695192 0.000000 -0.718824 -0.741652 0.000000 -0.670785 -0.741652 0.000000 -0.670785 -0.784799 0.000000 -0.619750 -0.784799 0.000000 -0.619750 -0.824442 0.000000 -0.565947 -0.824442 0.000000 -0.565947 -0.860402 0.000000 -0.509617 -0.860402 0.000000 -0.509617 -0.892519 0.000000 -0.451010 -0.892519 0.000000 -0.451010 -0.920650 0.000000 -0.390389 -0.920650 0.000000 -0.390389 -0.944669 0.000000 -0.328025 -0.944669 0.000000 -0.328025 -0.964469 0.000000 -0.264195 -0.964469 0.000000 -0.264195 -0.979962 0.000000 -0.199186 -0.979962 0.000000 -0.199186 -0.991077 0.000000 -0.133287 -0.991077 0.000000 -0.133287 0.000000 1.000000 0.000000 0.000000 1.000000 0.000000 0.000000 1.000000 0.000000 0.000000 1.000000 0.000000 0.000000 1.000000 0.000000 0.000000 1.000000 0.000000 0.000000 1.000000 0.000000 0.000000 1.000000 0.000000 0.000000 1.000000 0.000000 0.000000 1.000000 0.000000 0.000000 1.000000 0.000000 0.000000 1.000000 0.000000 0.000000 1.000000 0.000000 0.000000 1.000000 0.000000 0.000000 1.000000 0.000000 0.000000 1.000000 0.000000 0.000000 1.000000 0.000000 0.000000 1.000000 0.000000 0.000000 1.000000 0.000000 0.000000 1.000000 0.000000 0.000000 1.000000 0.000000 0.000000 1.000000 0.000000 0.000000 1.000000 0.000000 0.000000 1.000000 0.000000 0.000000 1.000000 0.000000 0.000000 1.000000 0.000000 0.000000 1.000000 0.000000 0.000000 1.000000 0.000000 0.000000 1.000000 0.000000 0.000000 1.000000 0.000000 0.000000 1.000000 0.000000 0.000000 1.000000 0.000000 0.000000 1.000000 0.000000 0.000000 1.000000 0.000000 0.000000 1.000000 0.000000 0.000000 1.000000 0.000000 0.000000 1.000000 0.000000 0.000000 1.000000 0.000000 0.000000 1.000000 0.000000 0.000000 1.000000 0.000000 0.000000 1.000000 0.000000 0.000000 1.000000 0.000000 0.000000 1.000000 0.000000 0.000000 1.000000 0.000000 0.000000 1.000000 0.000000 0.000000 1.000000 0.000000 0.000000 1.000000 0.000000 0.000000 1.000000 0.000000 0.000000 1.000000 0.000000 0.000000 1.000000 0.000000 0.000000 1.000000 0.000000 0.000000 1.000000 0.000000 0.000000 1.000000 0.000000 0.000000 1.000000 0.000000 0.000000 1.000000 0.000000 0.000000 1.000000 0.000000 0.000000 1.000000 0.000000 0.000000 1.000000 0.000000 0.000000 1.000000 0.000000 0.000000 1.000000 0.000000 0.000000 1.000000 0.000000 0.000000 1.000000 0.000000 0.000000 1.000000 0.000000 0.000000 1.000000 0.000000 0.000000 1.000000 0.000000 0.000000 1.000000 0.000000 0.000000 1.000000 0.000000 0.000000 1.000000 0.000000 0.000000 1.000000 0.000000 0.000000 1.000000 0.000000 0.000000 1.000000 0.000000 0.000000 1.000000 0.000000 0.000000 1.000000 0.000000 0.000000 1.000000 0.000000 0.000000 1.000000 0.000000 0.000000 1.000000 0.000000 0.000000 1.000000 0.000000 0.000000 1.000000 0.000000 0.000000 1.000000 0.000000 0.000000 1.000000 0.000000 0.000000 1.000000 0.000000 0.000000 1.000000 0.000000 0.000000 1.000000 0.000000 0.000000 1.000000 0.000000 0.000000 1.000000 0.000000 0.000000 1.000000 0.000000 0.000000 1.000000 0.000000 0.000000 1.000000 0.000000 0.000000 1.000000 0.000000 0.000000 1.000000 0.000000 0.000000 1.000000 0.000000 0.000000 1.000000 0.000000 0.000000 1.000000 0.000000 0.000000 1.000000 0.000000 0.000000 1.000000 0.000000 0.000000 1.000000 0.000000 0.000000 1.000000 0.000000 0.000000 1.000000 0.000000 0.000000 1.000000 0.000000 0.000000 1.000000 0.000000 0.000000 1.000000 0.000000 0.000000 1.000000 0.000000 0.000000 1.000000 0.000000 0.000000 1.000000 0.000000 0.000000 1.000000 0.000000 0.000000 1.000000 0.000000 0.000000 1.000000 0.000000 0.000000 1.000000 0.000000 0.000000 1.000000 0.000000 0.000000 1.000000 0.000000 0.000000 1.000000 0.000000 0.000000 1.000000 0.000000 0.000000 1.000000 0.000000 0.000000 1.000000 0.000000 0.000000 1.000000 0.000000 0.000000 1.000000 0.000000 0.000000 1.000000 0.000000 0.000000 1.000000 0.000000 0.000000 1.000000 0.000000 0.000000 1.000000 0.000000 0.000000 1.000000 0.000000 0.000000 1.000000 0.000000 0.000000 1.000000 0.000000 0.000000 1.000000 0.000000 0.000000 1.000000 0.000000 0.000000 1.000000 0.000000 0.000000 1.000000 0.000000 0.000000 1.000000 0.000000 0.000000 1.000000 0.000000 0.000000 1.000000 0.000000 0.000000 1.000000 0.000000 0.000000 1.000000 0.000000 0.000000 1.000000 0.000000 0.000000 1.000000 0.000000 0.000000 1.000000 0.000000 0.000000 1.000000 0.000000 0.000000 1.000000 0.000000 0.000000 1.000000 0.000000 0.000000 1.000000 0.000000 0.000000 1.000000 0.000000 0.000000 1.000000 0.000000 0.000000 1.000000 0.000000 0.000000 1.000000 0.000000 0.000000 1.000000 0.000000 0.000000 1.000000 0.000000 0.000000 1.000000 0.000000 0.000000 1.000000 0.000000 0.000000 1.000000 0.000000 0.000000 1.000000 0.000000 0.000000 1.000000 0.000000 0.000000 1.000000 0.000000 0.000000 1.000000 0.000000 0.000000 1.000000 0.000000 0.000000 1.000000 0.000000 0.000000 1.000000 0.000000 0.000000 1.000000 0.000000 0.000000 1.000000 0.000000 0.000000 1.000000 0.000000 0.000000 1.000000 0.000000 0.000000 1.000000 0.000000 0.000000 1.000000 0.000000 0.000000 1.000000 0.000000 0.000000 1.000000 0.000000 0.000000 1.000000 0.000000 0.000000 1.000000 0.000000 0.000000 1.000000 0.000000 0.000000 1.000000 0.000000 0.000000 1.000000 0.000000 0.000000 1.000000 0.000000 0.000000 1.000000 0.000000 0.000000 1.000000 0.000000 -0.000000 -1.000000 -0.000000 -0.000000 -1.000000 -0.000000 -0.000000 -1.000000 -0.000000 -0.000000 -1.000000 -0.000000 -0.000000 -1.000000 -0.000000 -0.000000 -1.000000 -0.000000 -0.000000 -1.000000 -0.000000 -0.000000 -1.000000 -0.000000 -0.000000 -1.000000 -0.000000 -0.000000 -1.000000 -0.000000 -0.000000 -1.000000 -0.000000 -0.000000 -1.000000 -0.000000 -0.000000 -1.000000 -0.000000 -0.000000 -1.000000 -0.000000 -0.000000 -1.000000 -0.000000 -0.000000 -1.000000 -0.000000 -0.000000 -1.000000 -0.000000 -0.000000 -1.000000 -0.000000 -0.000000 -1.000000 -0.000000 -0.000000 -1.000000 -0.000000 -0.000000 -1.000000 -0.000000 -0.000000 -1.000000 -0.000000 -0.000000 -1.000000 -0.000000 -0.000000 -1.000000 -0.000000 -0.000000 -1.000000 -0.000000 -0.000000 -1.000000 -0.000000 -0.000000 -1.000000 -0.000000 -0.000000 -1.000000 -0.000000 -0.000000 -1.000000 -0.000000 -0.000000 -1.000000 -0.000000 -0.000000 -1.000000 -0.000000 -0.000000 -1.000000 -0.000000 -0.000000 -1.000000 -0.000000 -0.000000 -1.000000 -0.000000 -0.000000 -1.000000 -0.000000 -0.000000 -1.000000 -0.000000 -0.000000 -1.000000 -0.000000 -0.000000 -1.000000 -0.000000 -0.000000 -1.000000 -0.000000 -0.000000 -1.000000 -0.000000 -0.000000 -1.000000 -0.000000 -0.000000 -1.000000 -0.000000 -0.000000 -1.000000 -0.000000 -0.000000 -1.000000 -0.000000 -0.000000 -1.000000 -0.000000 -0.000000 -1.000000 -0.000000 -0.000000 -1.000000 -0.000000 -0.000000 -1.000000 -0.000000 -0.000000 -1.000000 -0.000000 -0.000000 -1.000000 -0.000000 -0.000000 -1.000000 -0.000000 -0.000000 -1.000000 -0.000000 -0.000000 -1.000000 -0.000000 -0.000000 -1.000000 -0.000000 -0.000000 -1.000000 -0.000000 -0.000000 -1.000000 -0.000000 -0.000000 -1.000000 -0.000000 -0.000000 -1.000000 -0.000000 -0.000000 -1.000000 -0.000000 -0.000000 -1.000000 -0.000000 -0.000000 -1.000000 -0.000000 -0.000000 -1.000000 -0.000000 -0.000000 -1.000000 -0.000000 -0.000000 -1.000000 -0.000000 -0.000000 -1.000000 -0.000000 -0.000000 -1.000000 -0.000000 -0.000000 -1.000000 -0.000000 -0.000000 -1.000000 -0.000000 -0.000000 -1.000000 -0.000000 -0.000000 -1.000000 -0.000000 -0.000000 -1.000000 -0.000000 -0.000000 -1.000000 -0.000000 -0.000000 -1.000000 -0.000000 -0.000000 -1.000000 -0.000000 -0.000000 -1.000000 -0.000000 -0.000000 -1.000000 -0.000000 -0.000000 -1.000000 -0.000000 -0.000000 -1.000000 -0.000000 -0.000000 -1.000000 -0.000000 -0.000000 -1.000000 -0.000000 -0.000000 -1.000000 -0.000000 -0.000000 -1.000000 -0.000000 -0.000000 -1.000000 -0.000000 -0.000000 -1.000000 -0.000000 -0.000000 -1.000000 -0.000000 -0.000000 -1.000000 -0.000000 -0.000000 -1.000000 -0.000000 -0.000000 -1.000000 -0.000000 -0.000000 -1.000000 -0.000000 -0.000000 -1.000000 -0.000000 -0.000000 -1.000000 -0.000000 -0.000000 -1.000000 -0.000000 -0.000000 -1.000000 -0.000000 -0.000000 -1.000000 -0.000000 -0.000000 -1.000000 -0.000000 -0.000000 -1.000000 -0.000000 -0.000000 -1.000000 -0.000000 -0.000000 -1.000000 -0.000000 -0.000000 -1.000000 -0.000000 -0.000000 -1.000000 -0.000000 -0.000000 -1.000000 -0.000000 -0.000000 -1.000000 -0.000000 -0.000000 -1.000000 -0.000000 -0.000000 -1.000000 -0.000000 -0.000000 -1.000000 -0.000000 -0.000000 -1.000000 -0.000000 -0.000000 -1.000000 -0.000000 -0.000000 -1.000000 -0.000000 -0.000000 -1.000000 -0.000000 -0.000000 -1.000000 -0.000000 -0.000000 -1.000000 -0.000000 -0.000000 -1.000000 -0.000000 -0.000000 -1.000000 -0.000000 -0.000000 -1.000000 -0.000000 -0.000000 -1.000000 -0.000000 -0.000000 -1.000000 -0.000000 -0.000000 -1.000000 -0.000000 -0.000000 -1.000000 -0.000000 -0.000000 -1.000000 -0.000000 -0.000000 -1.000000 -0.000000 -0.000000 -1.000000 -0.000000 -0.000000 -1.000000 -0.000000 -0.000000 -1.000000 -0.000000 -0.000000 -1.000000 -0.000000 -0.000000 -1.000000 -0.000000 -0.000000 -1.000000 -0.000000 -0.000000 -1.000000 -0.000000 -0.000000 -1.000000 -0.000000 -0.000000 -1.000000 -0.000000 -0.000000 -1.000000 -0.000000 -0.000000 -1.000000 -0.000000 -0.000000 -1.000000 -0.000000 -0.000000 -1.000000 -0.000000 -0.000000 -1.000000 -0.000000 -0.000000 -1.000000 -0.000000 -0.000000 -1.000000 -0.000000 -0.000000 -1.000000 -0.000000 -0.000000 -1.000000 -0.000000 -0.000000 -1.000000 -0.000000 -0.000000 -1.000000 -0.000000 -0.000000 -1.000000 -0.000000 -0.000000 -1.000000 -0.000000 -0.000000 -1.000000 -0.000000 -0.000000 -1.000000 -0.000000</float_array>
          <technique_common>
            <accessor source="#JAW_6-mesh-normals-array" count="1558" stride="3">
              <param name="X" type="float"/>
              <param name="Y" type="float"/>
              <param name="Z" type="float"/>
            </accessor>
          </technique_common>
        </source>
        <vertices id="JAW_6-mesh-vertices">
          <input semantic="POSITION" source="#JAW_6-mesh-positions"/>
        </vertices>
        <triangles material="ABS__White_" count="1498">
          <input semantic="VERTEX" source="#JAW_6-mesh-vertices" offset="0"/>
          <input semantic="NORMAL" source="#JAW_6-mesh-normals" offset="1"/>
          <p>1 0 99 1 0 2 0 2 99 1 50 3 0 2 50 3 49 4 49 4 50 3 51 5 49 4 51 5 48 6 48 6 51 5 52 7 48 6 52 7 47 8 47 8 52 7 53 9 47 8 53 9 46 10 46 10 53 9 54 11 46 10 54 11 45 12 45 12 54 11 55 13 45 12 55 13 44 14 44 14 55 13 56 15 44 14 56 15 43 16 43 16 56 15 57 17 43 16 57 17 42 18 42 18 57 17 58 19 42 18 58 19 41 20 41 20 58 19 59 21 41 20 59 21 40 22 40 22 59 21 60 23 40 22 60 23 39 24 39 24 60 23 61 25 39 24 61 25 38 26 38 26 61 25 62 27 38 26 62 27 37 28 37 28 62 27 63 29 37 28 63 29 36 30 36 30 63 29 64 31 36 30 64 31 35 32 35 32 64 31 65 33 35 32 65 33 34 34 34 34 65 33 66 35 34 34 66 35 33 36 33 36 66 35 67 37 33 36 67 37 32 38 32 38 67 37 68 39 32 38 68 39 31 40 31 40 68 39 69 41 31 40 69 41 30 42 30 42 69 41 70 43 30 42 70 43 29 44 29 44 70 43 71 45 29 44 71 45 28 46 28 46 71 45 72 47 28 46 72 47 27 48 27 48 72 47 73 49 27 48 73 49 26 50 26 50 73 49 74 51 26 50 74 51 25 52 25 52 74 51 75 53 25 52 75 53 24 54 24 54 75 53 76 55 24 54 76 55 23 56 23 56 76 55 77 57 23 56 77 57 22 58 22 58 77 57 78 59 22 58 78 59 21 60 21 60 78 59 79 61 21 60 79 61 20 62 20 62 79 61 80 63 20 62 80 63 19 64 19 64 80 63 81 65 19 64 81 65 18 66 18 66 81 65 82 67 18 66 82 67 17 68 17 68 82 67 83 69 17 68 83 69 16 70 16 70 83 69 84 71 16 70 84 71 15 72 15 72 84 71 85 73 15 72 85 73 14 74 14 74 85 73 86 75 14 74 86 75 13 76 13 76 86 75 87 77 13 76 87 77 12 78 12 78 87 77 88 79 12 78 88 79 11 80 11 80 88 79 89 81 11 80 89 81 10 82 10 82 89 81 90 83 10 82 90 83 9 84 9 84 90 83 91 85 9 84 91 85 8 86 8 86 91 85 92 87 8 86 92 87 7 88 7 88 92 87 93 89 7 88 93 89 6 90 6 90 93 89 94 91 6 90 94 91 5 92 5 92 94 91 95 93 5 92 95 93 4 94 4 94 95 93 96 95 4 94 96 95 3 96 3 96 96 95 97 97 3 96 97 97 2 98 2 98 97 97 98 99 2 98 98 99 1 0 1 0 98 99 99 1 49 100 26 101 0 102 0 102 26 101 25 103 0 102 25 103 1 104 1 104 25 103 24 105 1 104 24 105 2 106 2 106 24 105 23 107 2 106 23 107 3 108 3 108 23 107 22 109 3 108 22 109 4 110 4 110 22 109 21 111 4 110 21 111 5 112 5 112 21 111 20 113 5 112 20 113 6 114 6 114 20 113 19 115 6 114 19 115 7 116 7 116 19 115 18 117 7 116 18 117 8 118 8 118 18 117 17 119 8 118 17 119 9 120 9 120 17 119 16 121 9 120 16 121 10 122 10 122 16 121 15 123 10 122 15 123 11 124 11 124 15 123 14 125 11 124 14 125 12 126 12 126 14 125 13 127 26 101 49 100 27 128 27 128 49 100 48 129 27 128 48 129 28 130 28 130 48 129 47 131 28 130 47 131 29 132 29 132 47 131 46 133 29 132 46 133 30 134 30 134 46 133 45 135 30 134 45 135 31 136 31 136 45 135 44 137 31 136 44 137 32 138 32 138 44 137 43 139 32 138 43 139 33 140 33 140 43 139 42 141 33 140 42 141 34 142 34 142 42 141 41 143 34 142 41 143 35 144 35 144 41 143 40 145 35 144 40 145 36 146 36 146 40 145 39 147 36 146 39 147 37 148 37 148 39 147 38 149 100 150 101 151 105 152 105 152 101 151 102 153 105 152 102 153 104 154 104 154 102 153 103 155 106 156 107 157 111 158 111 158 107 157 108 159 111 158 108 159 110 160 110 160 108 159 109 161 111 162 110 163 104 164 104 164 110 163 105 165 107 166 102 167 108 168 108 168 102 167 101 169 106 170 112 171 107 172 107 172 112 171 113 173 100 174 114 175 101 176 101 176 114 175 115 177 108 178 116 179 109 180 109 180 116 179 117 181 131 182 118 183 130 184 130 184 118 183 119 185 130 184 119 185 129 186 129 186 119 185 120 187 129 186 120 187 128 188 128 188 120 187 121 189 128 188 121 189 127 190 127 190 121 189 122 191 127 190 122 191 126 192 126 192 122 191 123 193 126 192 123 193 125 194 125 194 123 193 124 195 143 196 132 197 142 198 142 198 132 197 133 199 142 198 133 199 141 200 141 200 133 199 134 201 141 200 134 201 140 202 140 202 134 201 135 203 140 202 135 203 139 204 139 204 135 203 136 205 139 204 136 205 138 206 138 206 136 205 137 207 138 206 137 207 131 208 131 208 137 207 118 209 143 196 144 210 132 197 132 197 144 210 145 211 124 195 146 212 125 194 125 194 146 212 147 213 123 214 122 215 124 216 124 216 122 215 121 217 124 216 121 217 120 218 124 216 120 218 146 219 146 219 120 218 119 220 146 219 119 220 118 221 146 219 118 221 145 222 145 222 118 221 137 223 145 222 137 223 136 224 145 222 136 224 132 225 132 225 136 224 135 226 132 225 135 226 134 227 134 227 133 228 132 225 143 229 168 230 144 231 144 231 168 230 169 232 144 231 169 232 170 233 142 234 165 235 143 229 143 229 165 235 166 236 143 229 166 236 167 237 165 235 142 234 164 238 164 238 142 234 141 239 164 238 141 239 140 240 164 238 140 240 163 241 163 241 140 240 139 242 163 241 139 242 138 243 131 244 161 245 138 243 138 243 161 245 162 246 138 243 162 246 163 241 130 247 159 248 131 244 131 244 159 248 160 249 131 244 160 249 161 245 129 250 157 251 130 247 130 247 157 251 158 252 130 247 158 252 159 248 129 250 128 253 157 251 157 251 128 253 156 254 156 254 128 253 127 255 156 254 127 255 126 256 156 254 126 256 155 257 155 257 126 256 125 258 155 257 125 258 154 259 154 259 125 258 153 260 153 260 125 258 152 261 152 261 125 258 147 262 152 261 147 262 151 263 151 263 147 262 150 264 150 264 147 262 149 265 149 265 147 262 148 266 167 237 168 230 143 229 170 233 171 267 144 231 144 231 171 267 172 268 186 269 173 270 185 271 185 271 173 270 174 272 185 271 174 272 184 273 184 273 174 272 175 274 184 273 175 274 183 275 183 275 175 274 176 276 183 275 176 276 182 277 182 277 176 276 177 278 182 277 177 278 181 279 181 279 177 278 178 280 181 279 178 280 180 281 180 281 178 280 179 282 186 269 187 283 173 270 173 270 187 283 188 284 180 285 179 286 200 287 200 287 179 286 189 288 200 287 189 288 199 289 199 289 189 288 190 290 199 289 190 290 198 291 198 291 190 290 191 292 198 291 191 292 197 293 197 293 191 292 192 294 197 293 192 294 196 295 196 295 192 294 193 296 196 295 193 296 195 297 195 297 193 296 194 298 178 299 188 300 179 301 179 301 188 300 201 302 179 301 201 302 189 303 189 303 201 302 190 304 190 304 201 302 194 305 190 304 194 305 191 306 191 306 194 305 192 307 192 307 194 305 193 308 178 299 177 309 188 300 188 300 177 309 173 310 173 310 177 309 176 311 173 310 176 311 175 312 175 312 174 313 173 310 194 298 201 314 195 297 195 297 201 314 202 315 186 316 223 317 187 318 187 318 223 317 224 319 187 318 224 319 225 320 185 321 220 322 186 316 186 316 220 322 221 323 186 316 221 323 222 324 220 322 185 321 219 325 219 325 185 321 184 326 219 325 184 326 183 327 219 325 183 327 218 328 218 328 183 327 182 329 218 328 182 329 181 330 180 331 216 332 181 330 181 330 216 332 217 333 181 330 217 333 218 328 200 334 214 335 180 331 180 331 214 335 215 336 180 331 215 336 216 332 199 337 212 338 200 334 200 334 212 338 213 339 200 334 213 339 214 335 199 337 198 340 212 338 212 338 198 340 211 341 211 341 198 340 197 342 211 341 197 342 196 343 211 341 196 343 210 344 210 344 196 343 195 345 210 344 195 345 209 346 209 346 195 345 208 347 208 347 195 345 207 348 207 348 195 345 202 349 207 348 202 349 206 350 206 350 202 349 205 351 205 351 202 349 204 352 204 352 202 349 203 353 222 324 223 317 186 316 225 320 226 354 187 318 187 318 226 354 227 355 229 356 275 357 228 358 228 358 275 357 252 359 228 358 252 359 251 360 251 360 252 359 253 361 251 360 253 361 250 362 250 362 253 361 254 363 250 362 254 363 249 364 249 364 254 363 255 365 249 364 255 365 248 366 248 366 255 365 256 367 248 366 256 367 247 368 247 368 256 367 257 369 247 368 257 369 246 370 246 370 257 369 258 371 246 370 258 371 245 372 245 372 258 371 259 373 245 372 259 373 244 374 244 374 259 373 260 375 244 374 260 375 243 376 243 376 260 375 261 377 243 376 261 377 242 378 242 378 261 377 262 379 242 378 262 379 241 380 241 380 262 379 263 381 241 380 263 381 240 382 240 382 263 381 264 383 240 382 264 383 239 384 239 384 264 383 265 385 239 384 265 385 238 386 238 386 265 385 266 387 238 386 266 387 237 388 237 388 266 387 267 389 237 388 267 389 236 390 236 390 267 389 268 391 236 390 268 391 235 392 235 392 268 391 269 393 235 392 269 393 234 394 234 394 269 393 270 395 234 394 270 395 233 396 233 396 270 395 271 397 233 396 271 397 232 398 232 398 271 397 272 399 232 398 272 399 231 400 231 400 272 399 273 401 231 400 273 401 230 402 230 402 273 401 274 403 230 402 274 403 229 356 229 356 274 403 275 357 277 404 323 405 276 406 276 406 323 405 300 407 276 406 300 407 299 408 299 408 300 407 301 409 299 408 301 409 298 410 298 410 301 409 302 411 298 410 302 411 297 412 297 412 302 411 303 413 297 412 303 413 296 414 296 414 303 413 304 415 296 414 304 415 295 416 295 416 304 415 305 417 295 416 305 417 294 418 294 418 305 417 306 419 294 418 306 419 293 420 293 420 306 419 307 421 293 420 307 421 292 422 292 422 307 421 308 423 292 422 308 423 291 424 291 424 308 423 309 425 291 424 309 425 290 426 290 426 309 425 310 427 290 426 310 427 289 428 289 428 310 427 311 429 289 428 311 429 288 430 288 430 311 429 312 431 288 430 312 431 287 432 287 432 312 431 313 433 287 432 313 433 286 434 286 434 313 433 314 435 286 434 314 435 285 436 285 436 314 435 315 437 285 436 315 437 284 438 284 438 315 437 316 439 284 438 316 439 283 440 283 440 316 439 317 441 283 440 317 441 282 442 282 442 317 441 318 443 282 442 318 443 281 444 281 444 318 443 319 445 281 444 319 445 280 446 280 446 319 445 320 447 280 446 320 447 279 448 279 448 320 447 321 449 279 448 321 449 278 450 278 450 321 449 322 451 278 450 322 451 277 404 277 404 322 451 323 405 324 452 325 453 328 454 328 454 325 453 327 455 327 455 325 453 326 456 327 455 326 456 148 457 329 458 330 459 332 460 332 460 330 459 331 461 330 462 333 463 331 464 331 464 333 463 334 465 102 466 334 467 103 468 103 468 334 467 333 469 112 470 335 471 113 472 113 472 335 471 336 473 335 474 337 475 336 476 336 476 337 475 338 477 337 478 339 479 338 480 338 480 339 479 340 481 172 482 341 483 339 484 339 484 341 483 342 485 339 484 342 485 340 486 340 486 342 485 343 487 327 488 329 489 328 490 328 490 329 489 332 491 144 492 172 493 145 494 145 494 172 493 266 495 145 494 266 495 265 496 339 497 268 498 172 493 172 493 268 498 267 499 172 493 267 499 266 495 268 498 339 497 269 500 269 500 339 497 337 501 269 500 337 501 270 502 270 502 337 501 271 503 271 503 337 501 272 504 272 504 337 501 273 505 273 505 337 501 274 506 274 506 337 501 275 507 275 507 337 501 252 508 252 508 337 501 335 509 252 508 335 509 253 510 253 510 335 509 254 511 254 511 335 509 255 512 255 512 335 509 256 513 256 513 335 509 257 514 257 514 335 509 258 515 258 515 335 509 259 516 259 516 335 509 112 517 259 516 112 517 260 518 260 518 112 517 106 519 260 518 106 519 261 520 261 520 106 519 145 494 261 520 145 494 262 521 262 521 145 494 263 522 263 522 145 494 264 523 264 523 145 494 265 496 111 524 104 525 106 519 106 519 104 525 103 526 106 519 103 526 145 494 145 494 103 526 146 527 146 527 103 526 315 528 146 527 315 528 314 529 315 528 103 526 316 530 316 530 103 526 333 531 316 530 333 531 317 532 317 532 333 531 330 533 317 532 330 533 318 534 318 534 330 533 319 535 319 535 330 533 320 536 320 536 330 533 321 537 321 537 330 533 322 538 322 538 330 533 323 539 323 539 330 533 300 540 300 540 330 533 329 541 300 540 329 541 301 542 301 542 329 541 302 543 302 543 329 541 303 544 303 544 329 541 304 545 304 545 329 541 305 546 305 546 329 541 306 547 306 547 329 541 307 548 307 548 329 541 327 549 307 548 327 549 308 550 308 550 327 549 148 551 308 550 148 551 309 552 309 552 148 551 310 553 310 553 148 551 146 527 310 553 146 527 311 554 311 554 146 527 312 555 312 555 146 527 313 556 313 556 146 527 314 529 148 551 147 557 146 527 251 558 336 559 228 560 228 560 336 559 338 561 228 560 338 561 229 562 229 562 338 561 230 563 230 563 338 561 231 564 231 564 338 561 232 565 232 565 338 561 233 566 233 566 338 561 234 567 234 567 338 561 235 568 235 568 338 561 340 569 235 568 340 569 343 570 251 558 250 571 336 559 336 559 250 571 249 572 336 559 249 572 248 573 248 573 247 574 336 559 336 559 247 574 246 575 336 559 246 575 245 576 244 577 107 578 245 576 245 576 107 578 113 579 245 576 113 579 336 559 244 577 243 580 107 578 107 578 243 580 285 581 107 578 285 581 102 582 102 582 285 581 284 583 102 582 284 583 283 584 285 581 243 580 286 585 286 585 243 580 242 586 286 585 242 586 287 587 287 587 242 586 241 588 287 587 241 588 324 589 324 589 241 588 343 570 343 570 241 588 240 590 343 570 240 590 239 591 239 591 238 592 343 570 343 570 238 592 237 593 343 570 237 593 236 594 236 594 235 568 343 570 299 595 332 596 276 597 276 597 332 596 331 598 276 597 331 598 277 599 277 599 331 598 278 600 278 600 331 598 279 601 279 601 331 598 280 602 280 602 331 598 281 603 281 603 331 598 282 604 282 604 331 598 283 584 283 584 331 598 334 605 283 584 334 605 102 582 299 595 298 606 332 596 332 596 298 606 297 607 332 596 297 607 296 608 296 608 295 609 332 596 332 596 295 609 294 610 332 596 294 610 293 611 292 612 324 589 293 611 293 611 324 589 328 613 293 611 328 613 332 596 292 612 291 614 324 589 324 589 291 614 290 615 324 589 290 615 289 616 289 616 288 617 324 589 324 589 288 617 287 587 345 618 391 619 344 620 344 620 391 619 368 621 344 620 368 621 367 622 367 622 368 621 369 623 367 622 369 623 366 624 366 624 369 623 370 625 366 624 370 625 365 626 365 626 370 625 371 627 365 626 371 627 364 628 364 628 371 627 372 629 364 628 372 629 363 630 363 630 372 629 373 631 363 630 373 631 362 632 362 632 373 631 374 633 362 632 374 633 361 634 361 634 374 633 375 635 361 634 375 635 360 636 360 636 375 635 376 637 360 636 376 637 359 638 359 638 376 637 377 639 359 638 377 639 358 640 358 640 377 639 378 641 358 640 378 641 357 642 357 642 378 641 379 643 357 642 379 643 356 644 356 644 379 643 380 645 356 644 380 645 355 646 355 646 380 645 381 647 355 646 381 647 354 648 354 648 381 647 382 649 354 648 382 649 353 650 353 650 382 649 383 651 353 650 383 651 352 652 352 652 383 651 384 653 352 652 384 653 351 654 351 654 384 653 385 655 351 654 385 655 350 656 350 656 385 655 386 657 350 656 386 657 349 658 349 658 386 657 387 659 349 658 387 659 348 660 348 660 387 659 388 661 348 660 388 661 347 662 347 662 388 661 389 663 347 662 389 663 346 664 346 664 389 663 390 665 346 664 390 665 345 618 345 618 390 665 391 619 393 666 439 667 392 668 392 668 439 667 416 669 392 668 416 669 415 670 415 670 416 669 417 671 415 670 417 671 414 672 414 672 417 671 418 673 414 672 418 673 413 674 413 674 418 673 419 675 413 674 419 675 412 676 412 676 419 675 420 677 412 676 420 677 411 678 411 678 420 677 421 679 411 678 421 679 410 680 410 680 421 679 422 681 410 680 422 681 409 682 409 682 422 681 423 683 409 682 423 683 408 684 408 684 423 683 424 685 408 684 424 685 407 686 407 686 424 685 425 687 407 686 425 687 406 688 406 688 425 687 426 689 406 688 426 689 405 690 405 690 426 689 427 691 405 690 427 691 404 692 404 692 427 691 428 693 404 692 428 693 403 694 403 694 428 693 429 695 403 694 429 695 402 696 402 696 429 695 430 697 402 696 430 697 401 698 401 698 430 697 431 699 401 698 431 699 400 700 400 700 431 699 432 701 400 700 432 701 399 702 399 702 432 701 433 703 399 702 433 703 398 704 398 704 433 703 434 705 398 704 434 705 397 706 397 706 434 705 435 707 397 706 435 707 396 708 396 708 435 707 436 709 396 708 436 709 395 710 395 710 436 709 437 711 395 710 437 711 394 712 394 712 437 711 438 713 394 712 438 713 393 666 393 666 438 713 439 667 227 714 440 715 444 716 444 716 440 715 441 717 444 716 441 717 443 718 443 718 441 717 442 719 445 720 446 721 448 722 448 722 446 721 447 723 114 724 445 725 115 726 115 726 445 725 448 727 449 728 117 729 450 730 450 730 117 729 116 731 451 732 449 733 452 734 452 734 449 733 450 735 453 736 451 737 454 738 454 738 451 737 452 739 455 740 456 741 454 742 454 742 456 741 453 743 453 743 456 741 457 744 453 743 457 744 203 745 446 746 444 747 447 748 447 748 444 747 443 749 187 750 227 751 188 752 188 752 227 751 430 753 188 752 430 753 429 754 444 755 432 756 227 751 227 751 432 756 431 757 227 751 431 757 430 753 432 756 444 755 433 758 433 758 444 755 446 759 433 758 446 759 434 760 434 760 446 759 435 761 435 761 446 759 436 762 436 762 446 759 437 763 437 763 446 759 438 764 438 764 446 759 439 765 439 765 446 759 416 766 416 766 446 759 445 767 416 766 445 767 417 768 417 768 445 767 418 769 418 769 445 767 419 770 419 770 445 767 420 771 420 771 445 767 421 772 421 772 445 767 422 773 422 773 445 767 423 774 423 774 445 767 114 775 423 774 114 775 424 776 424 776 114 775 100 777 424 776 100 777 425 778 425 778 100 777 188 752 425 778 188 752 426 779 426 779 188 752 427 780 427 780 188 752 428 781 428 781 188 752 429 754 105 782 110 783 100 777 100 777 110 783 109 784 100 777 109 784 188 752 188 752 109 784 201 785 201 785 109 784 383 786 201 785 383 786 382 787 383 786 109 784 384 788 384 788 109 784 117 789 384 788 117 789 385 790 385 790 117 789 449 791 385 790 449 791 386 792 386 792 449 791 387 793 387 793 449 791 388 794 388 794 449 791 389 795 389 795 449 791 390 796 390 796 449 791 391 797 391 797 449 791 368 798 368 798 449 791 451 799 368 798 451 799 369 800 369 800 451 799 370 801 370 801 451 799 371 802 371 802 451 799 372 803 372 803 451 799 373 804 373 804 451 799 374 805 374 805 451 799 375 806 375 806 451 799 453 807 375 806 453 807 376 808 376 808 453 807 203 809 376 808 203 809 377 810 377 810 203 809 378 811 378 811 203 809 201 785 378 811 201 785 379 812 379 812 201 785 380 813 380 813 201 785 381 814 381 814 201 785 382 787 203 809 202 815 201 785 367 816 452 817 344 818 344 818 452 817 450 819 344 818 450 819 345 820 345 820 450 819 346 821 346 821 450 819 347 822 347 822 450 819 348 823 348 823 450 819 349 824 349 824 450 819 350 825 350 825 450 819 351 826 351 826 450 819 116 827 351 826 116 827 108 828 367 816 366 829 452 817 452 817 366 829 365 830 452 817 365 830 364 831 364 831 363 832 452 817 452 817 363 832 362 833 452 817 362 833 361 834 360 835 455 836 361 834 361 834 455 836 454 837 361 834 454 837 452 817 360 835 359 838 455 836 455 836 359 838 358 839 455 836 358 839 357 840 357 840 356 841 455 836 455 836 356 841 355 842 455 836 355 842 405 843 405 843 355 842 406 844 406 844 355 842 354 845 406 844 354 845 407 846 407 846 354 845 353 847 407 846 353 847 101 848 101 848 353 847 108 828 108 828 353 847 352 849 108 828 352 849 351 826 415 850 448 851 392 852 392 852 448 851 447 853 392 852 447 853 393 854 393 854 447 853 394 855 394 855 447 853 395 856 395 856 447 853 396 857 396 857 447 853 397 858 397 858 447 853 398 859 398 859 447 853 399 860 399 860 447 853 443 861 399 860 443 861 442 862 415 850 414 863 448 851 448 851 414 863 413 864 448 851 413 864 412 865 412 865 411 866 448 851 448 851 411 866 410 867 448 851 410 867 409 868 408 869 101 848 409 868 409 868 101 848 115 870 409 868 115 870 448 851 408 869 407 846 101 848 455 836 405 843 442 862 442 862 405 843 404 871 442 862 404 871 403 872 403 872 402 873 442 862 442 862 402 873 401 874 442 862 401 874 400 875 400 875 399 860 442 862 324 876 343 877 475 878 475 878 343 877 458 879 475 878 458 879 474 880 474 880 458 879 459 881 474 880 459 881 473 882 473 882 459 881 460 883 473 882 460 883 472 884 472 884 460 883 461 885 472 884 461 885 471 886 471 886 461 885 462 887 471 886 462 887 470 888 470 888 462 887 463 889 470 888 463 889 469 890 469 890 463 889 464 891 469 890 464 891 468 892 468 892 464 891 465 893 468 892 465 893 467 894 467 894 465 893 466 895 467 894 466 895 442 896 442 896 466 895 455 897 475 898 480 899 324 900 324 900 480 899 481 901 324 900 481 901 325 902 325 902 481 901 482 903 325 902 482 903 326 904 326 904 482 903 483 905 326 904 483 905 148 906 148 906 483 905 484 907 148 906 484 907 149 908 149 908 484 907 485 909 149 908 485 909 150 910 150 910 485 909 486 911 150 910 486 911 151 912 151 912 486 911 487 913 151 912 487 913 152 914 152 914 487 913 488 915 152 914 488 915 153 916 153 916 488 915 489 917 153 916 489 917 154 918 154 918 489 917 490 919 154 918 490 919 155 920 155 920 490 919 491 921 155 920 491 921 156 922 156 922 491 921 492 923 156 922 492 923 157 924 157 924 492 923 493 925 157 924 493 925 158 926 158 926 493 925 494 927 158 926 494 927 159 928 159 928 494 927 495 929 159 928 495 929 160 930 160 930 495 929 496 931 160 930 496 931 161 932 161 932 496 931 497 933 161 932 497 933 162 934 162 934 497 933 498 935 162 934 498 935 163 936 163 936 498 935 499 937 163 936 499 937 164 938 164 938 499 937 500 939 164 938 500 939 165 940 165 940 500 939 501 941 165 940 501 941 166 942 166 942 501 941 502 943 166 942 502 943 167 944 167 944 502 943 503 945 167 944 503 945 168 946 168 946 503 945 504 947 168 946 504 947 169 948 169 948 504 947 505 949 169 948 505 949 170 950 170 950 505 949 506 951 170 950 506 951 171 952 171 952 506 951 507 953 171 952 507 953 172 954 172 954 507 953 508 955 172 954 508 955 341 956 341 956 508 955 342 957 342 957 508 955 509 958 342 957 509 958 343 959 343 959 509 958 510 960 343 959 510 960 458 961 458 961 510 960 511 962 458 961 511 962 459 963 459 963 511 962 512 964 459 963 512 964 460 965 460 965 512 964 513 966 460 965 513 966 461 967 461 967 513 966 514 968 461 967 514 968 462 969 462 969 514 968 515 970 462 969 515 970 463 971 463 971 515 970 516 972 463 971 516 972 464 973 464 973 516 972 517 974 464 973 517 974 465 975 465 975 517 974 518 976 465 975 518 976 466 977 466 977 518 976 519 978 466 977 519 978 455 979 455 979 519 978 520 980 455 979 520 980 456 981 456 981 520 980 521 982 456 981 521 982 457 983 457 983 521 982 203 984 203 984 521 982 522 985 203 984 522 985 204 986 204 986 522 985 523 987 204 986 523 987 205 988 205 988 523 987 524 989 205 988 524 989 206 990 206 990 524 989 525 991 206 990 525 991 207 992 207 992 525 991 526 993 207 992 526 993 208 994 208 994 526 993 527 995 208 994 527 995 209 996 209 996 527 995 528 997 209 996 528 997 210 998 210 998 528 997 529 999 210 998 529 999 211 1000 211 1000 529 999 530 1001 211 1000 530 1001 212 1002 212 1002 530 1001 531 1003 212 1002 531 1003 213 1004 213 1004 531 1003 532 1005 213 1004 532 1005 214 1006 214 1006 532 1005 533 1007 214 1006 533 1007 215 1008 215 1008 533 1007 534 1009 215 1008 534 1009 216 1010 216 1010 534 1009 535 1011 216 1010 535 1011 217 1012 217 1012 535 1011 536 1013 217 1012 536 1013 218 1014 218 1014 536 1013 537 1015 218 1014 537 1015 219 1016 219 1016 537 1015 538 1017 219 1016 538 1017 220 1018 220 1018 538 1017 539 1019 220 1018 539 1019 221 1020 221 1020 539 1019 540 1021 221 1020 540 1021 222 1022 222 1022 540 1021 541 1023 222 1022 541 1023 223 1024 223 1024 541 1023 542 1025 223 1024 542 1025 224 1026 224 1026 542 1025 543 1027 224 1026 543 1027 225 1028 225 1028 543 1027 544 1029 225 1028 544 1029 226 1030 226 1030 544 1029 545 1031 226 1030 545 1031 227 1032 227 1032 545 1031 546 1033 227 1032 546 1033 440 1034 440 1034 546 1033 547 1035 440 1034 547 1035 441 1036 441 1036 547 1035 548 1037 441 1036 548 1037 442 1038 442 1038 548 1037 549 1039 442 1038 549 1039 467 1040 467 1040 549 1039 550 1041 467 1040 550 1041 468 1042 468 1042 550 1041 551 1043 468 1042 551 1043 469 1044 469 1044 551 1043 552 1045 469 1044 552 1045 470 1046 470 1046 552 1045 476 1047 470 1046 476 1047 471 1048 471 1048 476 1047 472 1049 472 1049 476 1047 477 1050 472 1049 477 1050 473 1051 473 1051 477 1050 478 1052 473 1051 478 1052 474 1053 474 1053 478 1052 479 1054 474 1053 479 1054 475 898 475 898 479 1054 480 899 554 1055 740 1056 553 1057 553 1057 740 1056 647 1058 553 1057 647 1058 646 1059 646 1059 647 1058 648 1060 646 1059 648 1060 645 1061 645 1061 648 1060 649 1062 645 1061 649 1062 644 1063 644 1063 649 1062 650 1064 644 1063 650 1064 643 1065 643 1065 650 1064 651 1066 643 1065 651 1066 642 1067 642 1067 651 1066 652 1068 642 1067 652 1068 641 1069 641 1069 652 1068 653 1070 641 1069 653 1070 640 1071 640 1071 653 1070 654 1072 640 1071 654 1072 639 1073 639 1073 654 1072 655 1074 639 1073 655 1074 638 1075 638 1075 655 1074 656 1076 638 1075 656 1076 637 1077 637 1077 656 1076 657 1078 637 1077 657 1078 636 1079 636 1079 657 1078 658 1080 636 1079 658 1080 635 1081 635 1081 658 1080 659 1082 635 1081 659 1082 634 1083 634 1083 659 1082 660 1084 634 1083 660 1084 633 1085 633 1085 660 1084 661 1086 633 1085 661 1086 632 1087 632 1087 661 1086 662 1088 632 1087 662 1088 631 1089 631 1089 662 1088 663 1090 631 1089 663 1090 630 1091 630 1091 663 1090 664 1092 630 1091 664 1092 629 1093 629 1093 664 1092 665 1094 629 1093 665 1094 628 1095 628 1095 665 1094 666 1096 628 1095 666 1096 627 1097 627 1097 666 1096 667 1098 627 1097 667 1098 626 1099 626 1099 667 1098 668 1100 626 1099 668 1100 625 1101 625 1101 668 1100 669 1102 625 1101 669 1102 624 1103 624 1103 669 1102 670 1104 624 1103 670 1104 623 1105 623 1105 670 1104 671 1106 623 1105 671 1106 622 1107 622 1107 671 1106 672 1108 622 1107 672 1108 621 1109 621 1109 672 1108 673 1110 621 1109 673 1110 620 1111 620 1111 673 1110 674 1112 620 1111 674 1112 619 1113 619 1113 674 1112 675 1114 619 1113 675 1114 618 1115 618 1115 675 1114 676 1116 618 1115 676 1116 617 1117 617 1117 676 1116 677 1118 617 1117 677 1118 616 1119 616 1119 677 1118 678 1120 616 1119 678 1120 615 1121 615 1121 678 1120 679 1122 615 1121 679 1122 614 1123 614 1123 679 1122 680 1124 614 1123 680 1124 613 1125 613 1125 680 1124 681 1126 613 1125 681 1126 612 1127 612 1127 681 1126 682 1128 612 1127 682 1128 611 1129 611 1129 682 1128 683 1130 611 1129 683 1130 610 1131 610 1131 683 1130 684 1132 610 1131 684 1132 609 1133 609 1133 684 1132 685 1134 609 1133 685 1134 608 1135 608 1135 685 1134 686 1136 608 1135 686 1136 607 1137 607 1137 686 1136 687 1138 607 1137 687 1138 606 1139 606 1139 687 1138 688 1140 606 1139 688 1140 605 1141 605 1141 688 1140 689 1142 605 1141 689 1142 604 1143 604 1143 689 1142 690 1144 604 1143 690 1144 603 1145 603 1145 690 1144 691 1146 603 1145 691 1146 602 1147 602 1147 691 1146 692 1148 602 1147 692 1148 601 1149 601 1149 692 1148 693 1150 601 1149 693 1150 600 1151 600 1151 693 1150 694 1152 600 1151 694 1152 599 1153 599 1153 694 1152 695 1154 599 1153 695 1154 598 1155 598 1155 695 1154 696 1156 598 1155 696 1156 597 1157 597 1157 696 1156 697 1158 597 1157 697 1158 596 1159 596 1159 697 1158 698 1160 596 1159 698 1160 595 1161 595 1161 698 1160 699 1162 595 1161 699 1162 594 1163 594 1163 699 1162 700 1164 594 1163 700 1164 593 1165 593 1165 700 1164 701 1166 593 1165 701 1166 592 1167 592 1167 701 1166 702 1168 592 1167 702 1168 591 1169 591 1169 702 1168 703 1170 591 1169 703 1170 590 1171 590 1171 703 1170 704 1172 590 1171 704 1172 589 1173 589 1173 704 1172 705 1174 589 1173 705 1174 588 1175 588 1175 705 1174 706 1176 588 1175 706 1176 587 1177 587 1177 706 1176 707 1178 587 1177 707 1178 586 1179 586 1179 707 1178 708 1180 586 1179 708 1180 585 1181 585 1181 708 1180 709 1182 585 1181 709 1182 584 1183 584 1183 709 1182 710 1184 584 1183 710 1184 583 1185 583 1185 710 1184 711 1186 583 1185 711 1186 582 1187 582 1187 711 1186 712 1188 582 1187 712 1188 581 1189 581 1189 712 1188 713 1190 581 1189 713 1190 580 1191 580 1191 713 1190 714 1192 580 1191 714 1192 579 1193 579 1193 714 1192 715 1194 579 1193 715 1194 578 1195 578 1195 715 1194 716 1196 578 1195 716 1196 577 1197 577 1197 716 1196 717 1198 577 1197 717 1198 576 1199 576 1199 717 1198 718 1200 576 1199 718 1200 575 1201 575 1201 718 1200 719 1202 575 1201 719 1202 574 1203 574 1203 719 1202 720 1204 574 1203 720 1204 573 1205 573 1205 720 1204 721 1206 573 1205 721 1206 572 1207 572 1207 721 1206 722 1208 572 1207 722 1208 571 1209 571 1209 722 1208 723 1210 571 1209 723 1210 570 1211 570 1211 723 1210 724 1212 570 1211 724 1212 569 1213 569 1213 724 1212 725 1214 569 1213 725 1214 568 1215 568 1215 725 1214 726 1216 568 1215 726 1216 567 1217 567 1217 726 1216 727 1218 567 1217 727 1218 566 1219 566 1219 727 1218 728 1220 566 1219 728 1220 565 1221 565 1221 728 1220 729 1222 565 1221 729 1222 564 1223 564 1223 729 1222 730 1224 564 1223 730 1224 563 1225 563 1225 730 1224 731 1226 563 1225 731 1226 562 1227 562 1227 731 1226 732 1228 562 1227 732 1228 561 1229 561 1229 732 1228 733 1230 561 1229 733 1230 560 1231 560 1231 733 1230 734 1232 560 1231 734 1232 559 1233 559 1233 734 1232 735 1234 559 1233 735 1234 558 1235 558 1235 735 1234 736 1236 558 1235 736 1236 557 1237 557 1237 736 1236 737 1238 557 1237 737 1238 556 1239 556 1239 737 1238 738 1240 556 1239 738 1240 555 1241 555 1241 738 1240 739 1242 555 1241 739 1242 554 1055 554 1055 739 1242 740 1056 552 1243 601 1244 476 1245 476 1245 601 1244 600 1246 476 1245 600 1246 599 1247 601 1244 552 1243 602 1248 602 1248 552 1243 551 1249 602 1248 551 1249 603 1250 603 1250 551 1249 550 1251 603 1250 550 1251 604 1252 604 1252 550 1251 549 1253 604 1252 549 1253 605 1254 605 1254 549 1253 548 1255 605 1254 548 1255 606 1256 606 1256 548 1255 607 1257 607 1257 548 1255 547 1258 607 1257 547 1258 608 1259 608 1259 547 1258 546 1260 608 1259 546 1260 609 1261 609 1261 546 1260 545 1262 609 1261 545 1262 610 1263 610 1263 545 1262 544 1264 610 1263 544 1264 611 1265 611 1265 544 1264 612 1266 612 1266 544 1264 543 1267 612 1266 543 1267 613 1268 613 1268 543 1267 542 1269 613 1268 542 1269 614 1270 614 1270 542 1269 541 1271 614 1270 541 1271 615 1272 615 1272 541 1271 540 1273 615 1272 540 1273 616 1274 616 1274 540 1273 539 1275 616 1274 539 1275 617 1276 617 1276 539 1275 618 1277 618 1277 539 1275 538 1278 618 1277 538 1278 619 1279 619 1279 538 1278 537 1280 619 1279 537 1280 620 1281 620 1281 537 1280 536 1282 620 1281 536 1282 621 1283 621 1283 536 1282 535 1284 621 1283 535 1284 622 1285 622 1285 535 1284 623 1286 623 1286 535 1284 534 1287 623 1286 534 1287 624 1288 624 1288 534 1287 533 1289 624 1288 533 1289 625 1290 625 1290 533 1289 532 1291 625 1290 532 1291 626 1292 626 1292 532 1291 531 1293 626 1292 531 1293 627 1294 627 1294 531 1293 530 1295 627 1294 530 1295 628 1296 628 1296 530 1295 629 1297 629 1297 530 1295 529 1298 629 1297 529 1298 630 1299 630 1299 529 1298 528 1300 630 1299 528 1300 631 1301 631 1301 528 1300 527 1302 631 1301 527 1302 632 1303 632 1303 527 1302 526 1304 632 1303 526 1304 633 1305 633 1305 526 1304 634 1306 634 1306 526 1304 525 1307 634 1306 525 1307 635 1308 635 1308 525 1307 524 1309 635 1308 524 1309 636 1310 636 1310 524 1309 523 1311 636 1310 523 1311 637 1312 637 1312 523 1311 522 1313 637 1312 522 1313 638 1314 638 1314 522 1313 521 1315 638 1314 521 1315 639 1316 639 1316 521 1315 640 1317 640 1317 521 1315 520 1318 640 1317 520 1318 641 1319 641 1319 520 1318 519 1320 641 1319 519 1320 642 1321 642 1321 519 1320 518 1322 642 1321 518 1322 643 1323 643 1323 518 1322 517 1324 643 1323 517 1324 644 1325 644 1325 517 1324 645 1326 645 1326 517 1324 516 1327 645 1326 516 1327 646 1328 646 1328 516 1327 515 1329 646 1328 515 1329 553 1330 553 1330 515 1329 514 1331 553 1330 514 1331 554 1332 554 1332 514 1331 513 1333 554 1332 513 1333 555 1334 555 1334 513 1333 512 1335 555 1334 512 1335 556 1336 556 1336 512 1335 557 1337 557 1337 512 1335 511 1338 557 1337 511 1338 558 1339 558 1339 511 1338 510 1340 558 1339 510 1340 559 1341 559 1341 510 1340 509 1342 559 1341 509 1342 560 1343 560 1343 509 1342 508 1344 560 1343 508 1344 561 1345 561 1345 508 1344 562 1346 562 1346 508 1344 507 1347 562 1346 507 1347 563 1348 563 1348 507 1347 506 1349 563 1348 506 1349 564 1350 564 1350 506 1349 505 1351 564 1350 505 1351 565 1352 565 1352 505 1351 504 1353 565 1352 504 1353 566 1354 566 1354 504 1353 503 1355 566 1354 503 1355 567 1356 567 1356 503 1355 568 1357 568 1357 503 1355 502 1358 568 1357 502 1358 569 1359 569 1359 502 1358 501 1360 569 1359 501 1360 570 1361 570 1361 501 1360 500 1362 570 1361 500 1362 571 1363 571 1363 500 1362 499 1364 571 1363 499 1364 572 1365 572 1365 499 1364 573 1366 573 1366 499 1364 498 1367 573 1366 498 1367 574 1368 574 1368 498 1367 497 1369 574 1368 497 1369 575 1370 575 1370 497 1369 496 1371 575 1370 496 1371 576 1372 576 1372 496 1371 495 1373 576 1372 495 1373 577 1374 577 1374 495 1373 494 1375 577 1374 494 1375 578 1376 578 1376 494 1375 579 1377 579 1377 494 1375 493 1378 579 1377 493 1378 580 1379 580 1379 493 1378 492 1380 580 1379 492 1380 581 1381 581 1381 492 1380 491 1382 581 1381 491 1382 582 1383 582 1383 491 1382 490 1384 582 1383 490 1384 583 1385 583 1385 490 1384 584 1386 584 1386 490 1384 489 1387 584 1386 489 1387 585 1388 585 1388 489 1387 488 1389 585 1388 488 1389 586 1390 586 1390 488 1389 487 1391 586 1390 487 1391 587 1392 587 1392 487 1391 486 1393 587 1392 486 1393 588 1394 588 1394 486 1393 485 1395 588 1394 485 1395 589 1396 589 1396 485 1395 590 1397 590 1397 485 1395 484 1398 590 1397 484 1398 591 1399 591 1399 484 1398 483 1400 591 1399 483 1400 592 1401 592 1401 483 1400 482 1402 592 1401 482 1402 593 1403 593 1403 482 1402 481 1404 593 1403 481 1404 594 1405 594 1405 481 1404 595 1406 595 1406 481 1404 480 1407 595 1406 480 1407 596 1408 596 1408 480 1407 479 1409 596 1408 479 1409 597 1410 597 1410 479 1409 478 1411 597 1410 478 1411 598 1412 598 1412 478 1411 477 1413 598 1412 477 1413 599 1247 599 1247 477 1413 476 1245 99 1414 648 1415 50 1416 50 1416 648 1415 647 1417 50 1416 647 1417 740 1418 98 1419 650 1420 99 1414 99 1414 650 1420 649 1421 99 1414 649 1421 648 1415 97 1422 652 1423 98 1419 98 1419 652 1423 651 1424 98 1419 651 1424 650 1420 96 1425 654 1426 97 1422 97 1422 654 1426 653 1427 97 1422 653 1427 652 1423 654 1426 96 1425 655 1428 655 1428 96 1425 95 1429 655 1428 95 1429 656 1430 656 1430 95 1429 657 1431 657 1431 95 1429 94 1432 657 1431 94 1432 658 1433 658 1433 94 1432 659 1434 659 1434 94 1432 93 1435 659 1434 93 1435 660 1436 660 1436 93 1435 661 1437 661 1437 93 1435 92 1438 661 1437 92 1438 662 1439 662 1439 92 1438 663 1440 663 1440 92 1438 91 1441 663 1440 91 1441 664 1442 664 1442 91 1441 665 1443 665 1443 91 1441 90 1444 665 1443 90 1444 666 1445 666 1445 90 1444 667 1446 667 1446 90 1444 89 1447 667 1446 89 1447 668 1448 668 1448 89 1447 669 1449 669 1449 89 1447 88 1450 669 1449 88 1450 670 1451 670 1451 88 1450 87 1452 670 1451 87 1452 671 1453 671 1453 87 1452 672 1454 672 1454 87 1452 86 1455 672 1454 86 1455 673 1456 673 1456 86 1455 674 1457 674 1457 86 1455 675 1458 675 1458 86 1455 676 1459 676 1459 86 1455 677 1460 677 1460 86 1455 678 1461 678 1461 86 1455 679 1462 679 1462 86 1455 680 1463 680 1463 86 1455 681 1464 681 1464 86 1455 682 1465 682 1465 86 1455 683 1466 683 1466 86 1455 684 1467 684 1467 86 1455 685 1468 685 1468 86 1455 686 1469 686 1469 86 1455 687 1470 687 1470 86 1455 688 1471 688 1471 86 1455 85 1472 688 1471 85 1472 84 1473 84 1473 83 1474 688 1471 688 1471 83 1474 82 1475 688 1471 82 1475 81 1476 81 1476 80 1477 688 1471 688 1471 80 1477 79 1478 688 1471 79 1478 78 1479 688 1471 78 1479 689 1480 689 1480 78 1479 77 1481 689 1480 77 1481 690 1482 690 1482 77 1481 691 1483 691 1483 77 1481 76 1484 691 1483 76 1484 692 1485 692 1485 76 1484 693 1486 693 1486 76 1484 75 1487 693 1486 75 1487 694 1488 694 1488 75 1487 695 1489 695 1489 75 1487 74 1490 695 1489 74 1490 696 1491 696 1491 74 1490 697 1492 697 1492 74 1490 73 1493 697 1492 73 1493 698 1494 698 1494 73 1493 699 1495 699 1495 73 1493 72 1496 699 1495 72 1496 700 1497 700 1497 72 1496 701 1498 701 1498 72 1496 71 1499 701 1498 71 1499 702 1500 702 1500 71 1499 70 1501 702 1500 70 1501 703 1502 703 1502 70 1501 704 1503 704 1503 70 1501 69 1504 704 1503 69 1504 705 1505 705 1505 69 1504 706 1506 706 1506 69 1504 68 1507 706 1506 68 1507 707 1508 707 1508 68 1507 708 1509 708 1509 68 1507 67 1510 708 1509 67 1510 709 1511 709 1511 67 1510 710 1512 710 1512 67 1510 66 1513 710 1512 66 1513 711 1514 711 1514 66 1513 712 1515 712 1515 66 1513 65 1516 712 1515 65 1516 713 1517 713 1517 65 1516 714 1518 714 1518 65 1516 64 1519 714 1518 64 1519 715 1520 715 1520 64 1519 716 1521 716 1521 64 1519 63 1522 716 1521 63 1522 717 1523 717 1523 63 1522 62 1524 717 1523 62 1524 718 1525 718 1525 62 1524 719 1526 719 1526 62 1524 61 1527 719 1526 61 1527 720 1528 720 1528 61 1527 721 1529 721 1529 61 1527 60 1530 721 1529 60 1530 722 1531 722 1531 60 1530 723 1532 723 1532 60 1530 59 1533 723 1532 59 1533 724 1534 724 1534 59 1533 725 1535 725 1535 59 1533 58 1536 725 1535 58 1536 726 1537 726 1537 58 1536 727 1538 727 1538 58 1536 57 1539 727 1538 57 1539 728 1540 728 1540 57 1539 729 1541 729 1541 57 1539 56 1542 729 1541 56 1542 730 1543 730 1543 56 1542 731 1544 731 1544 56 1542 55 1545 731 1544 55 1545 732 1546 732 1546 55 1545 733 1547 733 1547 55 1545 54 1548 733 1547 54 1548 734 1549 734 1549 54 1548 53 1550 734 1549 53 1550 735 1551 735 1551 53 1550 736 1552 736 1552 53 1550 52 1553 736 1552 52 1553 737 1554 737 1554 52 1553 738 1555 738 1555 52 1553 51 1556 738 1555 51 1556 739 1557 739 1557 51 1556 740 1418 740 1418 51 1556 50 1416</p>
        </triangles>
      </mesh>
    </geometry>
  </library_geometries>
  <library_visual_scenes>
    <visual_scene id="Scene" name="Scene">
      <node id="JAW_6-node" name="JAW_6" type="NODE">
        <instance_geometry url="#JAW_6-mesh">
          <bind_material>
            <technique_common>
              <instance_material symbol="ABS__White_" target="#ABS__White_"/>
            </technique_common>
          </bind_material>
        </instance_geometry>
      </node>
    </visual_scene>
  </library_visual_scenes>
  <scene>
    <instance_visual_scene url="#Scene"/>
  </scene>
</COLLADA>
